{
  "log_loss": 0.676256905275491,
  "roc_auc": 0.598015873015873,
  "brier": 0.24302372726568588,
  "n_test": 101
}