match_id,event_name,event_stage,match_date,team1,team2,score_overall,player_name,player_id,player_team,stat_type,agent,rating,acs,k,d,a,kd_diff,kast,adr,hs_percent,fk,fd,fk_fd_diff,map_name,map_winner
314622,Champions Tour 2024: Americas Stage 1,"Regular Season: 
						Week 1",2024-04-06 17:00:00,Cloud9,LEVIATÁN,2 - 1,runi,16003,Cloud9,overall,"Sova, Viper",1.10,192,49,46,20,+3,68%,146,38%,3,4,-1,,
314622,Champions Tour 2024: Americas Stage 1,"Regular Season: 
						Week 1",2024-04-06 17:00:00,Cloud9,LEVIATÁN,2 - 1,Xeppaa,7871,Cloud9,overall,"Sage, Skye, Kayo",1.09,226,55,51,34,+4,77%,144,32%,7,7,0,,
314622,Champions Tour 2024: Americas Stage 1,"Regular Season: 
						Week 1",2024-04-06 17:00:00,Cloud9,LEVIATÁN,2 - 1,OXY,18796,Cloud9,overall,"Jett, Raze",1.09,241,64,59,11,+5,70%,157,27%,15,16,-1,,
314622,Champions Tour 2024: Americas Stage 1,"Regular Season: 
						Week 1",2024-04-06 17:00:00,Cloud9,LEVIATÁN,2 - 1,moose,7458,Cloud9,overall,"Killjoy, Cypher",0.89,164,40,48,18,-8,72%,121,26%,4,5,-1,,
314622,Champions Tour 2024: Americas Stage 1,"Regular Season: 
						Week 1",2024-04-06 17:00:00,Cloud9,LEVIATÁN,2 - 1,vanity,7870,Cloud9,overall,"Viper, Omen",0.78,151,38,51,27,-13,76%,100,26%,4,9,-5,,
314622,Champions Tour 2024: Americas Stage 1,"Regular Season: 
						Week 1",2024-04-06 17:00:00,Cloud9,LEVIATÁN,2 - 1,aspas,8480,LEVIATÁN,overall,"Jett, Phoenix, Raze",1.43,306,78,46,15,+32,74%,200,29%,9,6,+3,,
314622,Champions Tour 2024: Americas Stage 1,"Regular Season: 
						Week 1",2024-04-06 17:00:00,Cloud9,LEVIATÁN,2 - 1,kiNgg,8549,LEVIATÁN,overall,"Viper, Omen",1.18,204,56,45,30,+11,78%,140,27%,8,8,0,,
314622,Champions Tour 2024: Americas Stage 1,"Regular Season: 
						Week 1",2024-04-06 17:00:00,Cloud9,LEVIATÁN,2 - 1,tex,1818,LEVIATÁN,overall,"Killjoy, Cypher, Sage",0.83,175,44,51,21,-7,74%,116,33%,12,8,+4,,
314622,Champions Tour 2024: Americas Stage 1,"Regular Season: 
						Week 1",2024-04-06 17:00:00,Cloud9,LEVIATÁN,2 - 1,Mazino,7603,LEVIATÁN,overall,"Harbor, Breach, Kayo",0.82,164,44,53,16,-9,68%,103,34%,3,5,-2,,
314622,Champions Tour 2024: Americas Stage 1,"Regular Season: 
						Week 1",2024-04-06 17:00:00,Cloud9,LEVIATÁN,2 - 1,C0M,619,LEVIATÁN,overall,"Sova, Viper",0.66,147,32,51,16,-19,73%,96,11%,9,6,+3,,
314622,Champions Tour 2024: Americas Stage 1,"Regular Season: 
						Week 1",2024-04-06 17:00:00,Cloud9,LEVIATÁN,2 - 1,moose,7458,Cloud9,map,Killjoy,0.98,209,14,15,6,-1,75%,152,30%,0,2,-2,Icebox,LEVIATÁN
314622,Champions Tour 2024: Americas Stage 1,"Regular Season: 
						Week 1",2024-04-06 17:00:00,Cloud9,LEVIATÁN,2 - 1,Xeppaa,7871,Cloud9,map,Sage,0.80,216,13,17,6,-4,75%,141,45%,2,1,+1,Icebox,LEVIATÁN
314622,Champions Tour 2024: Americas Stage 1,"Regular Season: 
						Week 1",2024-04-06 17:00:00,Cloud9,LEVIATÁN,2 - 1,runi,16003,Cloud9,map,Sova,0.72,104,8,14,3,-6,45%,100,35%,0,0,0,Icebox,LEVIATÁN
314622,Champions Tour 2024: Americas Stage 1,"Regular Season: 
						Week 1",2024-04-06 17:00:00,Cloud9,LEVIATÁN,2 - 1,OXY,18796,Cloud9,map,Jett,0.70,227,16,19,2,-3,65%,130,28%,5,7,-2,Icebox,LEVIATÁN
314622,Champions Tour 2024: Americas Stage 1,"Regular Season: 
						Week 1",2024-04-06 17:00:00,Cloud9,LEVIATÁN,2 - 1,vanity,7870,Cloud9,map,Viper,0.59,138,10,17,8,-7,75%,98,56%,1,2,-1,Icebox,LEVIATÁN
314622,Champions Tour 2024: Americas Stage 1,"Regular Season: 
						Week 1",2024-04-06 17:00:00,Cloud9,LEVIATÁN,2 - 1,aspas,8480,LEVIATÁN,map,Jett,2.12,420,31,9,2,+22,85%,281,30%,4,1,+3,Icebox,LEVIATÁN
314622,Champions Tour 2024: Americas Stage 1,"Regular Season: 
						Week 1",2024-04-06 17:00:00,Cloud9,LEVIATÁN,2 - 1,Mazino,7603,LEVIATÁN,map,Harbor,1.36,224,17,12,7,+5,80%,143,50%,1,0,+1,Icebox,LEVIATÁN
314622,Champions Tour 2024: Americas Stage 1,"Regular Season: 
						Week 1",2024-04-06 17:00:00,Cloud9,LEVIATÁN,2 - 1,kiNgg,8549,LEVIATÁN,map,Viper,0.97,155,12,12,4,0,80%,105,28%,1,3,-2,Icebox,LEVIATÁN
314622,Champions Tour 2024: Americas Stage 1,"Regular Season: 
						Week 1",2024-04-06 17:00:00,Cloud9,LEVIATÁN,2 - 1,tex,1818,LEVIATÁN,map,Killjoy,0.79,191,13,15,4,-2,80%,112,30%,5,2,+3,Icebox,LEVIATÁN
314622,Champions Tour 2024: Americas Stage 1,"Regular Season: 
						Week 1",2024-04-06 17:00:00,Cloud9,LEVIATÁN,2 - 1,C0M,619,LEVIATÁN,map,Sova,0.76,145,9,13,9,-4,85%,104,18%,1,2,-1,Icebox,LEVIATÁN
314622,Champions Tour 2024: Americas Stage 1,"Regular Season: 
						Week 1",2024-04-06 17:00:00,Cloud9,LEVIATÁN,2 - 1,runi,16003,Cloud9,map,Viper,1.53,285,20,11,4,+9,85%,192,48%,2,2,0,Sunset,Cloud9
314622,Champions Tour 2024: Americas Stage 1,"Regular Season: 
						Week 1",2024-04-06 17:00:00,Cloud9,LEVIATÁN,2 - 1,Xeppaa,7871,Cloud9,map,Skye,1.36,229,16,10,12,+6,85%,133,18%,1,2,-1,Sunset,Cloud9
314622,Champions Tour 2024: Americas Stage 1,"Regular Season: 
						Week 1",2024-04-06 17:00:00,Cloud9,LEVIATÁN,2 - 1,vanity,7870,Cloud9,map,Omen,1.18,188,13,9,10,+4,80%,127,30%,1,2,-1,Sunset,Cloud9
314622,Champions Tour 2024: Americas Stage 1,"Regular Season: 
						Week 1",2024-04-06 17:00:00,Cloud9,LEVIATÁN,2 - 1,OXY,18796,Cloud9,map,Raze,0.93,198,13,15,5,-2,65%,127,28%,3,4,-1,Sunset,Cloud9
314622,Champions Tour 2024: Americas Stage 1,"Regular Season: 
						Week 1",2024-04-06 17:00:00,Cloud9,LEVIATÁN,2 - 1,moose,7458,Cloud9,map,Cypher,0.81,105,7,9,3,-2,70%,66,36%,1,2,-1,Sunset,Cloud9
314622,Champions Tour 2024: Americas Stage 1,"Regular Season: 
						Week 1",2024-04-06 17:00:00,Cloud9,LEVIATÁN,2 - 1,kiNgg,8549,LEVIATÁN,map,Omen,1.01,189,14,12,4,+2,65%,118,39%,3,4,-1,Sunset,Cloud9
314622,Champions Tour 2024: Americas Stage 1,"Regular Season: 
						Week 1",2024-04-06 17:00:00,Cloud9,LEVIATÁN,2 - 1,aspas,8480,LEVIATÁN,map,Phoenix,0.79,194,12,14,5,-2,75%,127,48%,0,1,-1,Sunset,Cloud9
314622,Champions Tour 2024: Americas Stage 1,"Regular Season: 
						Week 1",2024-04-06 17:00:00,Cloud9,LEVIATÁN,2 - 1,tex,1818,LEVIATÁN,map,Cypher,0.73,155,9,14,4,-5,65%,107,39%,3,1,+2,Sunset,Cloud9
314622,Champions Tour 2024: Americas Stage 1,"Regular Season: 
						Week 1",2024-04-06 17:00:00,Cloud9,LEVIATÁN,2 - 1,C0M,619,LEVIATÁN,map,Sova,0.64,178,10,14,1,-4,60%,117,11%,5,1,+4,Sunset,Cloud9
314622,Champions Tour 2024: Americas Stage 1,"Regular Season: 
						Week 1",2024-04-06 17:00:00,Cloud9,LEVIATÁN,2 - 1,Mazino,7603,LEVIATÁN,map,Breach,0.47,109,8,15,0,-7,65%,68,44%,1,1,0,Sunset,Cloud9
314622,Champions Tour 2024: Americas Stage 1,"Regular Season: 
						Week 1",2024-04-06 17:00:00,Cloud9,LEVIATÁN,2 - 1,OXY,18796,Cloud9,map,Jett,1.43,297,35,25,4,+10,76%,190,26%,7,5,+2,Ascent,Cloud9
314622,Champions Tour 2024: Americas Stage 1,"Regular Season: 
						Week 1",2024-04-06 17:00:00,Cloud9,LEVIATÁN,2 - 1,Xeppaa,7871,Cloud9,map,Kayo,1.11,234,26,24,16,+2,74%,152,34%,4,4,0,Ascent,Cloud9
314622,Champions Tour 2024: Americas Stage 1,"Regular Season: 
						Week 1",2024-04-06 17:00:00,Cloud9,LEVIATÁN,2 - 1,runi,16003,Cloud9,map,Sova,1.07,187,21,21,13,0,71%,147,32%,1,2,-1,Ascent,Cloud9
314622,Champions Tour 2024: Americas Stage 1,"Regular Season: 
						Week 1",2024-04-06 17:00:00,Cloud9,LEVIATÁN,2 - 1,moose,7458,Cloud9,map,Killjoy,0.89,179,19,24,9,-5,71%,136,21%,3,1,+2,Ascent,Cloud9
314622,Champions Tour 2024: Americas Stage 1,"Regular Season: 
						Week 1",2024-04-06 17:00:00,Cloud9,LEVIATÁN,2 - 1,vanity,7870,Cloud9,map,Omen,0.66,126,15,25,9,-10,74%,85,17%,2,5,-3,Ascent,Cloud9
314622,Champions Tour 2024: Americas Stage 1,"Regular Season: 
						Week 1",2024-04-06 17:00:00,Cloud9,LEVIATÁN,2 - 1,aspas,8480,LEVIATÁN,map,Raze,1.40,305,35,23,8,+12,68%,196,23%,5,4,+1,Ascent,Cloud9
314622,Champions Tour 2024: Americas Stage 1,"Regular Season: 
						Week 1",2024-04-06 17:00:00,Cloud9,LEVIATÁN,2 - 1,kiNgg,8549,LEVIATÁN,map,Omen,1.40,267,30,21,22,+9,85%,173,22%,4,1,+3,Ascent,Cloud9
314622,Champions Tour 2024: Americas Stage 1,"Regular Season: 
						Week 1",2024-04-06 17:00:00,Cloud9,LEVIATÁN,2 - 1,tex,1818,LEVIATÁN,map,Sage,0.90,180,22,22,13,0,76%,124,33%,4,5,-1,Ascent,Cloud9
314622,Champions Tour 2024: Americas Stage 1,"Regular Season: 
						Week 1",2024-04-06 17:00:00,Cloud9,LEVIATÁN,2 - 1,Mazino,7603,LEVIATÁN,map,Kayo,0.70,158,19,26,9,-7,62%,99,23%,1,4,-3,Ascent,Cloud9
314622,Champions Tour 2024: Americas Stage 1,"Regular Season: 
						Week 1",2024-04-06 17:00:00,Cloud9,LEVIATÁN,2 - 1,C0M,619,LEVIATÁN,map,Viper,0.62,117,13,24,6,-11,74%,80,7%,3,3,0,Ascent,Cloud9
314623,Champions Tour 2024: Americas Stage 1,"Regular Season: 
						Week 1",2024-04-06 21:00:00,NRG,LOUD,2 - 0,Demon1,26171,NRG,overall,"Jett, Raze",1.38,303,38,28,10,+10,87%,190,36%,12,2,+10,,
314623,Champions Tour 2024: Americas Stage 1,"Regular Season: 
						Week 1",2024-04-06 21:00:00,NRG,LOUD,2 - 0,Marved,263,NRG,overall,"Viper, Omen",1.34,228,33,23,7,+10,66%,158,34%,4,4,0,,
314623,Champions Tour 2024: Americas Stage 1,"Regular Season: 
						Week 1",2024-04-06 21:00:00,NRG,LOUD,2 - 0,crashies,4,NRG,overall,"Sova, Gekko",1.31,221,34,21,6,+13,87%,147,39%,2,0,+2,,
314623,Champions Tour 2024: Americas Stage 1,"Regular Season: 
						Week 1",2024-04-06 21:00:00,NRG,LOUD,2 - 0,Victor,261,NRG,overall,Cypher,0.95,191,27,26,7,+1,74%,124,26%,2,2,0,,
314623,Champions Tour 2024: Americas Stage 1,"Regular Season: 
						Week 1",2024-04-06 21:00:00,NRG,LOUD,2 - 0,Ethan,11225,NRG,overall,"Yoru, Kayo",0.78,170,19,28,15,-9,71%,118,13%,3,7,-4,,
314623,Champions Tour 2024: Americas Stage 1,"Regular Season: 
						Week 1",2024-04-06 21:00:00,NRG,LOUD,2 - 0,Less,8447,LOUD,overall,"Cypher, Viper",1.27,264,36,30,11,+6,71%,174,27%,3,2,+1,,
314623,Champions Tour 2024: Americas Stage 1,"Regular Season: 
						Week 1",2024-04-06 21:00:00,NRG,LOUD,2 - 0,tuyz,2408,LOUD,overall,"Viper, Omen",0.87,163,24,26,11,-2,68%,123,34%,1,4,-3,,
314623,Champions Tour 2024: Americas Stage 1,"Regular Season: 
						Week 1",2024-04-06 21:00:00,NRG,LOUD,2 - 0,saadhak,727,LOUD,overall,"Kayo, Sova",0.75,184,22,33,18,-11,71%,123,23%,4,4,0,,
314623,Champions Tour 2024: Americas Stage 1,"Regular Season: 
						Week 1",2024-04-06 21:00:00,NRG,LOUD,2 - 0,cauanzin,6193,LOUD,overall,"Sova, Breach",0.69,175,21,32,16,-11,74%,108,22%,1,2,-1,,
314623,Champions Tour 2024: Americas Stage 1,"Regular Season: 
						Week 1",2024-04-06 21:00:00,NRG,LOUD,2 - 0,Quick,1575,LOUD,overall,"Jett, Phoenix",0.66,163,23,30,1,-7,55%,98,36%,6,11,-5,,
314623,Champions Tour 2024: Americas Stage 1,"Regular Season: 
						Week 1",2024-04-06 21:00:00,NRG,LOUD,2 - 0,Marved,263,NRG,map,Viper,1.40,238,21,14,3,+7,65%,162,43%,3,2,+1,Breeze,NRG
314623,Champions Tour 2024: Americas Stage 1,"Regular Season: 
						Week 1",2024-04-06 21:00:00,NRG,LOUD,2 - 0,Demon1,26171,NRG,map,Jett,1.19,253,19,19,7,0,83%,171,36%,7,0,+7,Breeze,NRG
314623,Champions Tour 2024: Americas Stage 1,"Regular Season: 
						Week 1",2024-04-06 21:00:00,NRG,LOUD,2 - 0,crashies,4,NRG,map,Sova,1.18,198,18,14,3,+4,83%,128,35%,1,0,+1,Breeze,NRG
314623,Champions Tour 2024: Americas Stage 1,"Regular Season: 
						Week 1",2024-04-06 21:00:00,NRG,LOUD,2 - 0,Victor,261,NRG,map,Cypher,0.77,168,14,19,5,-5,70%,116,28%,1,1,0,Breeze,NRG
314623,Champions Tour 2024: Americas Stage 1,"Regular Season: 
						Week 1",2024-04-06 21:00:00,NRG,LOUD,2 - 0,Ethan,11225,NRG,map,Yoru,0.67,149,10,18,8,-8,61%,122,9%,2,6,-4,Breeze,NRG
314623,Champions Tour 2024: Americas Stage 1,"Regular Season: 
						Week 1",2024-04-06 21:00:00,NRG,LOUD,2 - 0,Less,8447,LOUD,map,Cypher,1.50,294,25,15,7,+10,70%,191,29%,2,1,+1,Breeze,NRG
314623,Champions Tour 2024: Americas Stage 1,"Regular Season: 
						Week 1",2024-04-06 21:00:00,NRG,LOUD,2 - 0,tuyz,2408,LOUD,map,Viper,1.06,199,16,14,10,+2,83%,146,33%,0,1,-1,Breeze,NRG
314623,Champions Tour 2024: Americas Stage 1,"Regular Season: 
						Week 1",2024-04-06 21:00:00,NRG,LOUD,2 - 0,saadhak,727,LOUD,map,Kayo,0.85,217,16,19,13,-3,83%,124,22%,3,4,-1,Breeze,NRG
314623,Champions Tour 2024: Americas Stage 1,"Regular Season: 
						Week 1",2024-04-06 21:00:00,NRG,LOUD,2 - 0,Quick,1575,LOUD,map,Jett,0.74,164,15,16,0,-1,61%,100,32%,3,6,-3,Breeze,NRG
314623,Champions Tour 2024: Americas Stage 1,"Regular Season: 
						Week 1",2024-04-06 21:00:00,NRG,LOUD,2 - 0,cauanzin,6193,LOUD,map,Sova,0.73,170,12,18,13,-6,78%,105,18%,1,2,-1,Breeze,NRG
314623,Champions Tour 2024: Americas Stage 1,"Regular Season: 
						Week 1",2024-04-06 21:00:00,NRG,LOUD,2 - 0,Demon1,26171,NRG,map,Raze,1.66,352,19,9,3,+10,93%,219,37%,5,2,+3,Sunset,NRG
314623,Champions Tour 2024: Americas Stage 1,"Regular Season: 
						Week 1",2024-04-06 21:00:00,NRG,LOUD,2 - 0,crashies,4,NRG,map,Gekko,1.50,244,16,7,3,+9,93%,178,42%,1,0,+1,Sunset,NRG
314623,Champions Tour 2024: Americas Stage 1,"Regular Season: 
						Week 1",2024-04-06 21:00:00,NRG,LOUD,2 - 0,Marved,263,NRG,map,Omen,1.25,217,12,9,4,+3,67%,153,24%,1,2,-1,Sunset,NRG
314623,Champions Tour 2024: Americas Stage 1,"Regular Season: 
						Week 1",2024-04-06 21:00:00,NRG,LOUD,2 - 0,Victor,261,NRG,map,Cypher,1.22,213,13,7,2,+6,80%,135,25%,1,1,0,Sunset,NRG
314623,Champions Tour 2024: Americas Stage 1,"Regular Season: 
						Week 1",2024-04-06 21:00:00,NRG,LOUD,2 - 0,Ethan,11225,NRG,map,Kayo,0.95,190,9,10,7,-1,87%,112,19%,1,1,0,Sunset,NRG
314623,Champions Tour 2024: Americas Stage 1,"Regular Season: 
						Week 1",2024-04-06 21:00:00,NRG,LOUD,2 - 0,Less,8447,LOUD,map,Viper,0.91,233,11,15,4,-4,73%,148,25%,1,1,0,Sunset,NRG
314623,Champions Tour 2024: Americas Stage 1,"Regular Season: 
						Week 1",2024-04-06 21:00:00,NRG,LOUD,2 - 0,cauanzin,6193,LOUD,map,Breach,0.62,180,9,14,3,-5,67%,112,27%,0,0,0,Sunset,NRG
314623,Champions Tour 2024: Americas Stage 1,"Regular Season: 
						Week 1",2024-04-06 21:00:00,NRG,LOUD,2 - 0,saadhak,727,LOUD,map,Sova,0.60,151,6,14,5,-8,53%,121,23%,1,0,+1,Sunset,NRG
314623,Champions Tour 2024: Americas Stage 1,"Regular Season: 
						Week 1",2024-04-06 21:00:00,NRG,LOUD,2 - 0,tuyz,2408,LOUD,map,Omen,0.56,126,8,12,1,-4,47%,88,38%,1,3,-2,Sunset,NRG
314623,Champions Tour 2024: Americas Stage 1,"Regular Season: 
						Week 1",2024-04-06 21:00:00,NRG,LOUD,2 - 0,Quick,1575,LOUD,map,Phoenix,0.54,161,8,14,1,-6,47%,95,42%,3,5,-2,Sunset,NRG
314624,Champions Tour 2024: Americas Stage 1,"Regular Season: 
						Week 1",2024-04-07 17:00:00,G2 Esports,Evil Geniuses,2 - 0,valyn,3885,G2 Esports,overall,Omen,1.60,274,39,19,17,+20,81%,166,32%,6,3,+3,,
314624,Champions Tour 2024: Americas Stage 1,"Regular Season: 
						Week 1",2024-04-07 17:00:00,G2 Esports,Evil Geniuses,2 - 0,trent,15500,G2 Esports,overall,"Fade, Sova",1.45,241,33,20,18,+13,89%,155,29%,4,1,+3,,
314624,Champions Tour 2024: Americas Stage 1,"Regular Season: 
						Week 1",2024-04-07 17:00:00,G2 Esports,Evil Geniuses,2 - 0,JonahP,4581,G2 Esports,overall,Viper,1.33,252,33,23,19,+10,73%,164,24%,4,4,0,,
314624,Champions Tour 2024: Americas Stage 1,"Regular Season: 
						Week 1",2024-04-07 17:00:00,G2 Esports,Evil Geniuses,2 - 0,leaf,7873,G2 Esports,overall,Killjoy,1.28,235,32,21,10,+11,81%,151,15%,4,1,+3,,
314624,Champions Tour 2024: Americas Stage 1,"Regular Season: 
						Week 1",2024-04-07 17:00:00,G2 Esports,Evil Geniuses,2 - 0,icy,8402,G2 Esports,overall,"Raze, Gekko",0.62,136,17,27,11,-10,70%,92,21%,6,4,+2,,
314624,Champions Tour 2024: Americas Stage 1,"Regular Season: 
						Week 1",2024-04-07 17:00:00,G2 Esports,Evil Geniuses,2 - 0,NaturE,4927,Evil Geniuses,overall,"Viper, Killjoy",1.39,303,38,28,14,+10,76%,203,34%,2,4,-2,,
314624,Champions Tour 2024: Americas Stage 1,"Regular Season: 
						Week 1",2024-04-07 17:00:00,G2 Esports,Evil Geniuses,2 - 0,Derrek,1533,Evil Geniuses,overall,"Fade, Sova",0.72,152,20,32,11,-12,65%,111,32%,1,3,-2,,
314624,Champions Tour 2024: Americas Stage 1,"Regular Season: 
						Week 1",2024-04-07 17:00:00,G2 Esports,Evil Geniuses,2 - 0,jawgemo,3993,Evil Geniuses,overall,"Raze, Jett",0.65,155,17,31,7,-14,54%,114,19%,5,7,-2,,
314624,Champions Tour 2024: Americas Stage 1,"Regular Season: 
						Week 1",2024-04-07 17:00:00,G2 Esports,Evil Geniuses,2 - 0,supamen,826,Evil Geniuses,overall,"Omen, Viper",0.63,147,19,31,10,-12,62%,93,37%,3,5,-2,,
314624,Champions Tour 2024: Americas Stage 1,"Regular Season: 
						Week 1",2024-04-07 17:00:00,G2 Esports,Evil Geniuses,2 - 0,Apoth,5188,Evil Geniuses,overall,"Cypher, Harbor",0.52,125,16,32,9,-16,57%,93,29%,2,5,-3,,
314624,Champions Tour 2024: Americas Stage 1,"Regular Season: 
						Week 1",2024-04-07 17:00:00,G2 Esports,Evil Geniuses,2 - 0,valyn,3885,G2 Esports,map,Omen,1.34,237,21,13,8,+8,71%,145,30%,2,3,-1,Lotus,G2 Esports
314624,Champions Tour 2024: Americas Stage 1,"Regular Season: 
						Week 1",2024-04-07 17:00:00,G2 Esports,Evil Geniuses,2 - 0,trent,15500,G2 Esports,map,Fade,1.33,219,17,13,11,+4,90%,143,36%,3,1,+2,Lotus,G2 Esports
314624,Champions Tour 2024: Americas Stage 1,"Regular Season: 
						Week 1",2024-04-07 17:00:00,G2 Esports,Evil Geniuses,2 - 0,leaf,7873,G2 Esports,map,Killjoy,1.32,240,17,13,8,+4,81%,166,13%,3,0,+3,Lotus,G2 Esports
314624,Champions Tour 2024: Americas Stage 1,"Regular Season: 
						Week 1",2024-04-07 17:00:00,G2 Esports,Evil Geniuses,2 - 0,JonahP,4581,G2 Esports,map,Viper,1.29,235,17,13,12,+4,67%,160,25%,0,2,-2,Lotus,G2 Esports
314624,Champions Tour 2024: Americas Stage 1,"Regular Season: 
						Week 1",2024-04-07 17:00:00,G2 Esports,Evil Geniuses,2 - 0,icy,8402,G2 Esports,map,Raze,0.53,152,10,18,5,-8,62%,104,22%,5,2,+3,Lotus,G2 Esports
314624,Champions Tour 2024: Americas Stage 1,"Regular Season: 
						Week 1",2024-04-07 17:00:00,G2 Esports,Evil Geniuses,2 - 0,NaturE,4927,Evil Geniuses,map,Viper,1.56,326,24,14,9,+10,76%,208,35%,1,3,-2,Lotus,G2 Esports
314624,Champions Tour 2024: Americas Stage 1,"Regular Season: 
						Week 1",2024-04-07 17:00:00,G2 Esports,Evil Geniuses,2 - 0,Derrek,1533,Evil Geniuses,map,Fade,0.91,160,12,16,11,-4,76%,110,27%,0,1,-1,Lotus,G2 Esports
314624,Champions Tour 2024: Americas Stage 1,"Regular Season: 
						Week 1",2024-04-07 17:00:00,G2 Esports,Evil Geniuses,2 - 0,Apoth,5188,Evil Geniuses,map,Cypher,0.87,200,14,17,6,-3,71%,137,31%,2,3,-1,Lotus,G2 Esports
314624,Champions Tour 2024: Americas Stage 1,"Regular Season: 
						Week 1",2024-04-07 17:00:00,G2 Esports,Evil Geniuses,2 - 0,supamen,826,Evil Geniuses,map,Omen,0.69,174,12,18,7,-6,71%,110,33%,2,2,0,Lotus,G2 Esports
314624,Champions Tour 2024: Americas Stage 1,"Regular Season: 
						Week 1",2024-04-07 17:00:00,G2 Esports,Evil Geniuses,2 - 0,jawgemo,3993,Evil Geniuses,map,Raze,0.51,138,8,17,4,-9,52%,104,11%,3,4,-1,Lotus,G2 Esports
314624,Champions Tour 2024: Americas Stage 1,"Regular Season: 
						Week 1",2024-04-07 17:00:00,G2 Esports,Evil Geniuses,2 - 0,valyn,3885,G2 Esports,map,Omen,1.94,311,18,6,9,+12,94%,194,34%,4,0,+4,Icebox,G2 Esports
314624,Champions Tour 2024: Americas Stage 1,"Regular Season: 
						Week 1",2024-04-07 17:00:00,G2 Esports,Evil Geniuses,2 - 0,trent,15500,G2 Esports,map,Sova,1.62,262,16,7,7,+9,88%,170,21%,1,0,+1,Icebox,G2 Esports
314624,Champions Tour 2024: Americas Stage 1,"Regular Season: 
						Week 1",2024-04-07 17:00:00,G2 Esports,Evil Geniuses,2 - 0,JonahP,4581,G2 Esports,map,Viper,1.38,268,16,10,7,+6,81%,171,24%,4,2,+2,Icebox,G2 Esports
314624,Champions Tour 2024: Americas Stage 1,"Regular Season: 
						Week 1",2024-04-07 17:00:00,G2 Esports,Evil Geniuses,2 - 0,leaf,7873,G2 Esports,map,Killjoy,1.23,229,15,8,2,+7,81%,131,20%,1,1,0,Icebox,G2 Esports
314624,Champions Tour 2024: Americas Stage 1,"Regular Season: 
						Week 1",2024-04-07 17:00:00,G2 Esports,Evil Geniuses,2 - 0,icy,8402,G2 Esports,map,Gekko,0.74,119,7,9,6,-2,81%,76,20%,1,2,-1,Icebox,G2 Esports
314624,Champions Tour 2024: Americas Stage 1,"Regular Season: 
						Week 1",2024-04-07 17:00:00,G2 Esports,Evil Geniuses,2 - 0,NaturE,4927,Evil Geniuses,map,Killjoy,1.18,279,14,14,5,0,75%,196,34%,1,1,0,Icebox,G2 Esports
314624,Champions Tour 2024: Americas Stage 1,"Regular Season: 
						Week 1",2024-04-07 17:00:00,G2 Esports,Evil Geniuses,2 - 0,jawgemo,3993,Evil Geniuses,map,Jett,0.82,171,9,14,3,-5,56%,128,32%,2,3,-1,Icebox,G2 Esports
314624,Champions Tour 2024: Americas Stage 1,"Regular Season: 
						Week 1",2024-04-07 17:00:00,G2 Esports,Evil Geniuses,2 - 0,supamen,826,Evil Geniuses,map,Viper,0.56,120,7,13,3,-6,50%,70,46%,1,3,-2,Icebox,G2 Esports
314624,Champions Tour 2024: Americas Stage 1,"Regular Season: 
						Week 1",2024-04-07 17:00:00,G2 Esports,Evil Geniuses,2 - 0,Derrek,1533,Evil Geniuses,map,Sova,0.47,144,8,16,0,-8,50%,112,41%,1,2,-1,Icebox,G2 Esports
314624,Champions Tour 2024: Americas Stage 1,"Regular Season: 
						Week 1",2024-04-07 17:00:00,G2 Esports,Evil Geniuses,2 - 0,Apoth,5188,Evil Geniuses,map,Harbor,0.06,50,2,15,3,-13,38%,35,20%,0,2,-2,Icebox,G2 Esports
314625,Champions Tour 2024: Americas Stage 1,"Regular Season: 
						Week 1",2024-04-07 19:10:00,Sentinels,100 Thieves,2 - 0,Sacy,659,Sentinels,overall,"Gekko, Skye",1.40,233,36,25,17,+11,74%,158,34%,4,3,+1,,
314625,Champions Tour 2024: Americas Stage 1,"Regular Season: 
						Week 1",2024-04-07 19:10:00,Sentinels,100 Thieves,2 - 0,Zellsis,729,Sentinels,overall,"Killjoy, Viper",1.21,184,27,21,12,+6,86%,128,26%,2,2,0,,
314625,Champions Tour 2024: Americas Stage 1,"Regular Season: 
						Week 1",2024-04-07 19:10:00,Sentinels,100 Thieves,2 - 0,TenZ,9,Sentinels,overall,"Kayo, Omen",1.17,213,29,28,35,+1,76%,127,25%,4,4,0,,
314625,Champions Tour 2024: Americas Stage 1,"Regular Season: 
						Week 1",2024-04-07 19:10:00,Sentinels,100 Thieves,2 - 0,johnqt,1265,Sentinels,overall,"Viper, Cypher",1.16,198,30,21,7,+9,71%,135,36%,2,3,-1,,
314625,Champions Tour 2024: Americas Stage 1,"Regular Season: 
						Week 1",2024-04-07 19:10:00,Sentinels,100 Thieves,2 - 0,zekken,4004,Sentinels,overall,"Jett, Raze",0.94,239,34,32,8,+2,67%,150,25%,8,10,-2,,
314625,Champions Tour 2024: Americas Stage 1,"Regular Season: 
						Week 1",2024-04-07 19:10:00,Sentinels,100 Thieves,2 - 0,Cryocells,4147,100 Thieves,overall,"Jett, Astra",1.22,247,40,30,3,+10,74%,171,29%,9,3,+6,,
314625,Champions Tour 2024: Americas Stage 1,"Regular Season: 
						Week 1",2024-04-07 19:10:00,Sentinels,100 Thieves,2 - 0,bang,3880,100 Thieves,overall,Viper,1.04,215,29,33,16,-4,76%,147,32%,3,6,-3,,
314625,Champions Tour 2024: Americas Stage 1,"Regular Season: 
						Week 1",2024-04-07 19:10:00,Sentinels,100 Thieves,2 - 0,eeiu,796,100 Thieves,overall,"Sova, Fade",0.88,152,21,29,9,-8,74%,106,34%,3,2,+1,,
314625,Champions Tour 2024: Americas Stage 1,"Regular Season: 
						Week 1",2024-04-07 19:10:00,Sentinels,100 Thieves,2 - 0,Asuna,601,100 Thieves,overall,"Gekko, Raze",0.82,191,27,32,8,-5,60%,120,24%,4,4,0,,
314625,Champions Tour 2024: Americas Stage 1,"Regular Season: 
						Week 1",2024-04-07 19:10:00,Sentinels,100 Thieves,2 - 0,Boostio,604,100 Thieves,overall,"Killjoy, Gekko",0.33,82,10,32,12,-22,52%,58,14%,3,5,-2,,
314625,Champions Tour 2024: Americas Stage 1,"Regular Season: 
						Week 1",2024-04-07 19:10:00,Sentinels,100 Thieves,2 - 0,Sacy,659,Sentinels,map,Gekko,1.60,256,22,13,5,+9,70%,172,43%,2,1,+1,Icebox,Sentinels
314625,Champions Tour 2024: Americas Stage 1,"Regular Season: 
						Week 1",2024-04-07 19:10:00,Sentinels,100 Thieves,2 - 0,johnqt,1265,Sentinels,map,Viper,1.14,201,15,12,5,+3,74%,134,33%,1,2,-1,Icebox,Sentinels
314625,Champions Tour 2024: Americas Stage 1,"Regular Season: 
						Week 1",2024-04-07 19:10:00,Sentinels,100 Thieves,2 - 0,Zellsis,729,Sentinels,map,Killjoy,1.09,172,13,13,3,0,83%,117,21%,2,0,+2,Icebox,Sentinels
314625,Champions Tour 2024: Americas Stage 1,"Regular Season: 
						Week 1",2024-04-07 19:10:00,Sentinels,100 Thieves,2 - 0,TenZ,9,Sentinels,map,Kayo,1.07,207,15,16,21,-1,74%,114,27%,1,4,-3,Icebox,Sentinels
314625,Champions Tour 2024: Americas Stage 1,"Regular Season: 
						Week 1",2024-04-07 19:10:00,Sentinels,100 Thieves,2 - 0,zekken,4004,Sentinels,map,Jett,0.77,166,14,17,3,-3,61%,114,33%,3,7,-4,Icebox,Sentinels
314625,Champions Tour 2024: Americas Stage 1,"Regular Season: 
						Week 1",2024-04-07 19:10:00,Sentinels,100 Thieves,2 - 0,Cryocells,4147,100 Thieves,map,Jett,1.39,313,26,16,2,+10,70%,204,32%,7,3,+4,Icebox,Sentinels
314625,Champions Tour 2024: Americas Stage 1,"Regular Season: 
						Week 1",2024-04-07 19:10:00,Sentinels,100 Thieves,2 - 0,bang,3880,100 Thieves,map,Viper,1.18,232,17,16,11,+1,87%,157,28%,2,2,0,Icebox,Sentinels
314625,Champions Tour 2024: Americas Stage 1,"Regular Season: 
						Week 1",2024-04-07 19:10:00,Sentinels,100 Thieves,2 - 0,eeiu,796,100 Thieves,map,Sova,0.84,127,11,14,5,-3,74%,92,43%,1,1,0,Icebox,Sentinels
314625,Champions Tour 2024: Americas Stage 1,"Regular Season: 
						Week 1",2024-04-07 19:10:00,Sentinels,100 Thieves,2 - 0,Asuna,601,100 Thieves,map,Gekko,0.71,138,11,16,6,-5,61%,97,34%,2,1,+1,Icebox,Sentinels
314625,Champions Tour 2024: Americas Stage 1,"Regular Season: 
						Week 1",2024-04-07 19:10:00,Sentinels,100 Thieves,2 - 0,Boostio,604,100 Thieves,map,Killjoy,0.34,90,6,17,4,-11,48%,65,15%,2,2,0,Icebox,Sentinels
314625,Champions Tour 2024: Americas Stage 1,"Regular Season: 
						Week 1",2024-04-07 19:10:00,Sentinels,100 Thieves,2 - 0,Zellsis,729,Sentinels,map,Viper,1.37,196,14,8,9,+6,89%,141,32%,0,2,-2,Split,Sentinels
314625,Champions Tour 2024: Americas Stage 1,"Regular Season: 
						Week 1",2024-04-07 19:10:00,Sentinels,100 Thieves,2 - 0,TenZ,9,Sentinels,map,Omen,1.30,218,14,12,14,+2,79%,143,23%,3,0,+3,Split,Sentinels
314625,Champions Tour 2024: Americas Stage 1,"Regular Season: 
						Week 1",2024-04-07 19:10:00,Sentinels,100 Thieves,2 - 0,johnqt,1265,Sentinels,map,Cypher,1.18,194,15,9,2,+6,68%,136,38%,1,1,0,Split,Sentinels
314625,Champions Tour 2024: Americas Stage 1,"Regular Season: 
						Week 1",2024-04-07 19:10:00,Sentinels,100 Thieves,2 - 0,zekken,4004,Sentinels,map,Raze,1.16,311,20,15,5,+5,74%,194,21%,5,3,+2,Split,Sentinels
314625,Champions Tour 2024: Americas Stage 1,"Regular Season: 
						Week 1",2024-04-07 19:10:00,Sentinels,100 Thieves,2 - 0,Sacy,659,Sentinels,map,Skye,1.15,209,14,12,12,+2,79%,141,24%,2,2,0,Split,Sentinels
314625,Champions Tour 2024: Americas Stage 1,"Regular Season: 
						Week 1",2024-04-07 19:10:00,Sentinels,100 Thieves,2 - 0,Cryocells,4147,100 Thieves,map,Astra,1.02,181,14,14,1,0,79%,130,24%,2,0,+2,Split,Sentinels
314625,Champions Tour 2024: Americas Stage 1,"Regular Season: 
						Week 1",2024-04-07 19:10:00,Sentinels,100 Thieves,2 - 0,Asuna,601,100 Thieves,map,Raze,0.95,243,16,16,2,0,58%,147,18%,2,3,-1,Split,Sentinels
314625,Champions Tour 2024: Americas Stage 1,"Regular Season: 
						Week 1",2024-04-07 19:10:00,Sentinels,100 Thieves,2 - 0,eeiu,796,100 Thieves,map,Fade,0.94,177,10,15,4,-5,74%,124,27%,2,1,+1,Split,Sentinels
314625,Champions Tour 2024: Americas Stage 1,"Regular Season: 
						Week 1",2024-04-07 19:10:00,Sentinels,100 Thieves,2 - 0,bang,3880,100 Thieves,map,Viper,0.86,198,12,17,5,-5,63%,135,37%,1,4,-3,Split,Sentinels
314625,Champions Tour 2024: Americas Stage 1,"Regular Season: 
						Week 1",2024-04-07 19:10:00,Sentinels,100 Thieves,2 - 0,Boostio,604,100 Thieves,map,Gekko,0.32,74,4,15,8,-11,58%,49,13%,1,3,-2,Split,Sentinels
314626,Champions Tour 2024: Americas Stage 1,"Regular Season: 
						Week 1",2024-04-08 17:00:00,KRÜ Esports,FURIA,2 - 1,heat,8673,KRÜ Esports,overall,"Fade, Kayo",1.53,259,64,38,39,+26,83%,176,38%,5,4,+1,,
314626,Champions Tour 2024: Americas Stage 1,"Regular Season: 
						Week 1",2024-04-08 17:00:00,KRÜ Esports,FURIA,2 - 1,keznit,2462,KRÜ Esports,overall,"Raze, Reyna, Jett",1.31,283,66,44,11,+22,75%,181,32%,14,7,+7,,
314626,Champions Tour 2024: Americas Stage 1,"Regular Season: 
						Week 1",2024-04-08 17:00:00,KRÜ Esports,FURIA,2 - 1,Shyy,24007,KRÜ Esports,overall,"Killjoy, Cypher",1.06,158,38,32,14,+6,78%,115,25%,3,2,+1,,
314626,Champions Tour 2024: Americas Stage 1,"Regular Season: 
						Week 1",2024-04-08 17:00:00,KRÜ Esports,FURIA,2 - 1,Melser,1311,KRÜ Esports,overall,"Omen, Viper",0.98,183,40,41,22,-1,73%,131,33%,5,5,0,,
314626,Champions Tour 2024: Americas Stage 1,"Regular Season: 
						Week 1",2024-04-08 17:00:00,KRÜ Esports,FURIA,2 - 1,Klaus,2610,KRÜ Esports,overall,"Viper, Gekko, Sova",0.78,167,33,43,14,-10,73%,119,28%,11,8,+3,,
314626,Champions Tour 2024: Americas Stage 1,"Regular Season: 
						Week 1",2024-04-08 17:00:00,KRÜ Esports,FURIA,2 - 1,nzr,725,FURIA,overall,"Skye, Kayo, Sova",0.99,194,44,46,20,-2,66%,124,34%,3,1,+2,,
314626,Champions Tour 2024: Americas Stage 1,"Regular Season: 
						Week 1",2024-04-08 17:00:00,KRÜ Esports,FURIA,2 - 1,Khalil,1711,FURIA,overall,"Omen, Killjoy, Cypher",0.92,175,38,44,14,-6,70%,122,33%,3,5,-2,,
314626,Champions Tour 2024: Americas Stage 1,"Regular Season: 
						Week 1",2024-04-08 17:00:00,KRÜ Esports,FURIA,2 - 1,mwzera,939,FURIA,overall,"Raze, Omen, Jett",0.87,210,46,52,8,-6,59%,139,17%,9,14,-5,,
314626,Champions Tour 2024: Americas Stage 1,"Regular Season: 
						Week 1",2024-04-08 17:00:00,KRÜ Esports,FURIA,2 - 1,kon4n,1671,FURIA,overall,Viper,0.73,150,32,48,16,-16,67%,108,22%,5,8,-3,,
314626,Champions Tour 2024: Americas Stage 1,"Regular Season: 
						Week 1",2024-04-08 17:00:00,KRÜ Esports,FURIA,2 - 1,havoc,8706,FURIA,overall,"Killjoy, Gekko, Kayo",0.72,167,38,51,8,-13,61%,121,47%,6,10,-4,,
314626,Champions Tour 2024: Americas Stage 1,"Regular Season: 
						Week 1",2024-04-08 17:00:00,KRÜ Esports,FURIA,2 - 1,keznit,2462,KRÜ Esports,map,Raze,1.41,336,23,16,6,+7,80%,210,30%,7,2,+5,Lotus,KRÜ Esports
314626,Champions Tour 2024: Americas Stage 1,"Regular Season: 
						Week 1",2024-04-08 17:00:00,KRÜ Esports,FURIA,2 - 1,heat,8673,KRÜ Esports,map,Fade,1.35,230,16,13,11,+3,90%,149,38%,2,0,+2,Lotus,KRÜ Esports
314626,Champions Tour 2024: Americas Stage 1,"Regular Season: 
						Week 1",2024-04-08 17:00:00,KRÜ Esports,FURIA,2 - 1,Melser,1311,KRÜ Esports,map,Omen,1.12,205,15,13,5,+2,75%,143,43%,1,0,+1,Lotus,KRÜ Esports
314626,Champions Tour 2024: Americas Stage 1,"Regular Season: 
						Week 1",2024-04-08 17:00:00,KRÜ Esports,FURIA,2 - 1,Shyy,24007,KRÜ Esports,map,Killjoy,0.99,122,11,10,1,+1,70%,92,23%,0,0,0,Lotus,KRÜ Esports
314626,Champions Tour 2024: Americas Stage 1,"Regular Season: 
						Week 1",2024-04-08 17:00:00,KRÜ Esports,FURIA,2 - 1,Klaus,2610,KRÜ Esports,map,Viper,0.73,179,12,15,4,-3,70%,115,28%,6,2,+4,Lotus,KRÜ Esports
314626,Champions Tour 2024: Americas Stage 1,"Regular Season: 
						Week 1",2024-04-08 17:00:00,KRÜ Esports,FURIA,2 - 1,nzr,725,FURIA,map,Skye,1.58,314,23,14,9,+9,80%,199,47%,0,0,0,Lotus,KRÜ Esports
314626,Champions Tour 2024: Americas Stage 1,"Regular Season: 
						Week 1",2024-04-08 17:00:00,KRÜ Esports,FURIA,2 - 1,Khalil,1711,FURIA,map,Omen,0.74,189,14,15,6,-1,80%,116,36%,1,3,-2,Lotus,KRÜ Esports
314626,Champions Tour 2024: Americas Stage 1,"Regular Season: 
						Week 1",2024-04-08 17:00:00,KRÜ Esports,FURIA,2 - 1,kon4n,1671,FURIA,map,Viper,0.62,147,10,15,5,-5,75%,102,16%,2,4,-2,Lotus,KRÜ Esports
314626,Champions Tour 2024: Americas Stage 1,"Regular Season: 
						Week 1",2024-04-08 17:00:00,KRÜ Esports,FURIA,2 - 1,mwzera,939,FURIA,map,Raze,0.61,160,10,17,4,-7,55%,97,14%,0,5,-5,Lotus,KRÜ Esports
314626,Champions Tour 2024: Americas Stage 1,"Regular Season: 
						Week 1",2024-04-08 17:00:00,KRÜ Esports,FURIA,2 - 1,havoc,8706,FURIA,map,Killjoy,0.56,147,10,16,2,-6,55%,108,38%,1,4,-3,Lotus,KRÜ Esports
314626,Champions Tour 2024: Americas Stage 1,"Regular Season: 
						Week 1",2024-04-08 17:00:00,KRÜ Esports,FURIA,2 - 1,heat,8673,KRÜ Esports,map,Kayo,1.67,279,26,15,17,+11,75%,177,29%,1,3,-2,Icebox,FURIA
314626,Champions Tour 2024: Americas Stage 1,"Regular Season: 
						Week 1",2024-04-08 17:00:00,KRÜ Esports,FURIA,2 - 1,keznit,2462,KRÜ Esports,map,Reyna,1.26,281,24,17,5,+7,58%,189,36%,4,4,0,Icebox,FURIA
314626,Champions Tour 2024: Americas Stage 1,"Regular Season: 
						Week 1",2024-04-08 17:00:00,KRÜ Esports,FURIA,2 - 1,Melser,1311,KRÜ Esports,map,Viper,0.88,163,13,16,9,-3,71%,119,35%,2,2,0,Icebox,FURIA
314626,Champions Tour 2024: Americas Stage 1,"Regular Season: 
						Week 1",2024-04-08 17:00:00,KRÜ Esports,FURIA,2 - 1,Shyy,24007,KRÜ Esports,map,Killjoy,0.84,163,12,15,6,-3,75%,114,21%,2,1,+1,Icebox,FURIA
314626,Champions Tour 2024: Americas Stage 1,"Regular Season: 
						Week 1",2024-04-08 17:00:00,KRÜ Esports,FURIA,2 - 1,Klaus,2610,KRÜ Esports,map,Gekko,0.52,115,8,17,5,-9,71%,85,21%,1,4,-3,Icebox,FURIA
314626,Champions Tour 2024: Americas Stage 1,"Regular Season: 
						Week 1",2024-04-08 17:00:00,KRÜ Esports,FURIA,2 - 1,mwzera,939,FURIA,map,Omen,1.23,285,23,18,3,+5,71%,196,21%,6,3,+3,Icebox,FURIA
314626,Champions Tour 2024: Americas Stage 1,"Regular Season: 
						Week 1",2024-04-08 17:00:00,KRÜ Esports,FURIA,2 - 1,Khalil,1711,FURIA,map,Killjoy,1.12,170,14,14,4,0,71%,133,29%,0,2,-2,Icebox,FURIA
314626,Champions Tour 2024: Americas Stage 1,"Regular Season: 
						Week 1",2024-04-08 17:00:00,KRÜ Esports,FURIA,2 - 1,havoc,8706,FURIA,map,Gekko,0.94,215,18,18,2,0,67%,146,50%,3,3,0,Icebox,FURIA
314626,Champions Tour 2024: Americas Stage 1,"Regular Season: 
						Week 1",2024-04-08 17:00:00,KRÜ Esports,FURIA,2 - 1,kon4n,1671,FURIA,map,Viper,0.94,170,14,17,6,-3,71%,126,33%,3,1,+2,Icebox,FURIA
314626,Champions Tour 2024: Americas Stage 1,"Regular Season: 
						Week 1",2024-04-08 17:00:00,KRÜ Esports,FURIA,2 - 1,nzr,725,FURIA,map,Kayo,0.75,125,11,16,6,-5,63%,81,21%,2,1,+1,Icebox,FURIA
314626,Champions Tour 2024: Americas Stage 1,"Regular Season: 
						Week 1",2024-04-08 17:00:00,KRÜ Esports,FURIA,2 - 1,heat,8673,KRÜ Esports,map,Kayo,1.54,269,22,10,11,+12,85%,200,51%,2,1,+1,Breeze,KRÜ Esports
314626,Champions Tour 2024: Americas Stage 1,"Regular Season: 
						Week 1",2024-04-08 17:00:00,KRÜ Esports,FURIA,2 - 1,Shyy,24007,KRÜ Esports,map,Cypher,1.39,190,15,7,7,+8,90%,139,33%,1,1,0,Breeze,KRÜ Esports
314626,Champions Tour 2024: Americas Stage 1,"Regular Season: 
						Week 1",2024-04-08 17:00:00,KRÜ Esports,FURIA,2 - 1,keznit,2462,KRÜ Esports,map,Jett,1.27,232,19,11,0,+8,90%,141,31%,3,1,+2,Breeze,KRÜ Esports
314626,Champions Tour 2024: Americas Stage 1,"Regular Season: 
						Week 1",2024-04-08 17:00:00,KRÜ Esports,FURIA,2 - 1,Klaus,2610,KRÜ Esports,map,Sova,1.14,207,13,11,5,+2,80%,163,33%,4,2,+2,Breeze,KRÜ Esports
314626,Champions Tour 2024: Americas Stage 1,"Regular Season: 
						Week 1",2024-04-08 17:00:00,KRÜ Esports,FURIA,2 - 1,Melser,1311,KRÜ Esports,map,Viper,0.97,181,12,12,8,0,75%,131,22%,2,3,-1,Breeze,KRÜ Esports
314626,Champions Tour 2024: Americas Stage 1,"Regular Season: 
						Week 1",2024-04-08 17:00:00,KRÜ Esports,FURIA,2 - 1,Khalil,1711,FURIA,map,Cypher,0.88,165,10,15,4,-5,60%,116,34%,2,0,+2,Breeze,KRÜ Esports
314626,Champions Tour 2024: Americas Stage 1,"Regular Season: 
						Week 1",2024-04-08 17:00:00,KRÜ Esports,FURIA,2 - 1,nzr,725,FURIA,map,Sova,0.71,144,10,16,5,-6,55%,98,27%,1,0,+1,Breeze,KRÜ Esports
314626,Champions Tour 2024: Americas Stage 1,"Regular Season: 
						Week 1",2024-04-08 17:00:00,KRÜ Esports,FURIA,2 - 1,mwzera,939,FURIA,map,Jett,0.69,184,13,17,1,-4,50%,112,12%,3,6,-3,Breeze,KRÜ Esports
314626,Champions Tour 2024: Americas Stage 1,"Regular Season: 
						Week 1",2024-04-08 17:00:00,KRÜ Esports,FURIA,2 - 1,havoc,8706,FURIA,map,Kayo,0.61,138,10,17,4,-7,60%,103,55%,2,3,-1,Breeze,KRÜ Esports
314626,Champions Tour 2024: Americas Stage 1,"Regular Season: 
						Week 1",2024-04-08 17:00:00,KRÜ Esports,FURIA,2 - 1,kon4n,1671,FURIA,map,Viper,0.61,132,8,16,5,-8,55%,93,17%,0,3,-3,Breeze,KRÜ Esports
314628,Champions Tour 2024: Americas Stage 1,"Regular Season: 
						Week 2",2024-04-13 17:00:00,G2 Esports,100 Thieves,0 - 2,trent,15500,G2 Esports,overall,"Fade, Viper",1.14,246,35,33,23,+2,72%,162,35%,3,4,-1,,
314628,Champions Tour 2024: Americas Stage 1,"Regular Season: 
						Week 2",2024-04-13 17:00:00,G2 Esports,100 Thieves,0 - 2,leaf,7873,G2 Esports,overall,"Viper, Cypher",0.92,193,27,31,8,-4,65%,130,30%,3,3,0,,
314628,Champions Tour 2024: Americas Stage 1,"Regular Season: 
						Week 2",2024-04-13 17:00:00,G2 Esports,100 Thieves,0 - 2,JonahP,4581,G2 Esports,overall,"Kayo, Breach",0.90,153,20,27,25,-7,79%,103,16%,2,1,+1,,
314628,Champions Tour 2024: Americas Stage 1,"Regular Season: 
						Week 2",2024-04-13 17:00:00,G2 Esports,100 Thieves,0 - 2,valyn,3885,G2 Esports,overall,"Brimstone, Omen",0.88,165,29,30,8,-1,74%,98,26%,6,3,+3,,
314628,Champions Tour 2024: Americas Stage 1,"Regular Season: 
						Week 2",2024-04-13 17:00:00,G2 Esports,100 Thieves,0 - 2,icy,8402,G2 Esports,overall,"Yoru, Raze",0.75,179,24,32,11,-8,67%,117,19%,6,12,-6,,
314628,Champions Tour 2024: Americas Stage 1,"Regular Season: 
						Week 2",2024-04-13 17:00:00,G2 Esports,100 Thieves,0 - 2,eeiu,796,100 Thieves,overall,Fade,1.25,193,33,23,7,+10,70%,127,27%,3,1,+2,,
314628,Champions Tour 2024: Americas Stage 1,"Regular Season: 
						Week 2",2024-04-13 17:00:00,G2 Esports,100 Thieves,0 - 2,Cryocells,4147,100 Thieves,overall,"Brimstone, Astra",1.24,229,34,28,22,+6,77%,153,24%,2,0,+2,,
314628,Champions Tour 2024: Americas Stage 1,"Regular Season: 
						Week 2",2024-04-13 17:00:00,G2 Esports,100 Thieves,0 - 2,bang,3880,100 Thieves,overall,Viper,1.22,215,31,25,21,+6,79%,138,28%,5,3,+2,,
314628,Champions Tour 2024: Americas Stage 1,"Regular Season: 
						Week 2",2024-04-13 17:00:00,G2 Esports,100 Thieves,0 - 2,Asuna,601,100 Thieves,overall,Raze,0.99,224,31,30,11,+1,58%,154,20%,12,13,-1,,
314628,Champions Tour 2024: Americas Stage 1,"Regular Season: 
						Week 2",2024-04-13 17:00:00,G2 Esports,100 Thieves,0 - 2,Boostio,604,100 Thieves,overall,Gekko,0.88,147,23,29,7,-6,74%,98,25%,1,3,-2,,
314628,Champions Tour 2024: Americas Stage 1,"Regular Season: 
						Week 2",2024-04-13 17:00:00,G2 Esports,100 Thieves,0 - 2,JonahP,4581,G2 Esports,map,Kayo,1.07,171,11,13,16,-2,86%,118,18%,2,0,+2,Bind,100 Thieves
314628,Champions Tour 2024: Americas Stage 1,"Regular Season: 
						Week 2",2024-04-13 17:00:00,G2 Esports,100 Thieves,0 - 2,trent,15500,G2 Esports,map,Fade,1.06,233,16,17,18,-1,82%,151,37%,2,3,-1,Bind,100 Thieves
314628,Champions Tour 2024: Americas Stage 1,"Regular Season: 
						Week 2",2024-04-13 17:00:00,G2 Esports,100 Thieves,0 - 2,valyn,3885,G2 Esports,map,Brimstone,0.97,204,17,15,7,+2,82%,117,24%,3,2,+1,Bind,100 Thieves
314628,Champions Tour 2024: Americas Stage 1,"Regular Season: 
						Week 2",2024-04-13 17:00:00,G2 Esports,100 Thieves,0 - 2,icy,8402,G2 Esports,map,Yoru,0.95,225,17,17,4,0,68%,136,21%,4,5,-1,Bind,100 Thieves
314628,Champions Tour 2024: Americas Stage 1,"Regular Season: 
						Week 2",2024-04-13 17:00:00,G2 Esports,100 Thieves,0 - 2,leaf,7873,G2 Esports,map,Viper,0.93,186,13,15,6,-2,59%,129,37%,1,0,+1,Bind,100 Thieves
314628,Champions Tour 2024: Americas Stage 1,"Regular Season: 
						Week 2",2024-04-13 17:00:00,G2 Esports,100 Thieves,0 - 2,Cryocells,4147,100 Thieves,map,Brimstone,1.34,235,18,14,15,+4,77%,156,30%,0,0,0,Bind,100 Thieves
314628,Champions Tour 2024: Americas Stage 1,"Regular Season: 
						Week 2",2024-04-13 17:00:00,G2 Esports,100 Thieves,0 - 2,eeiu,796,100 Thieves,map,Fade,1.32,204,18,12,4,+6,68%,130,28%,2,1,+1,Bind,100 Thieves
314628,Champions Tour 2024: Americas Stage 1,"Regular Season: 
						Week 2",2024-04-13 17:00:00,G2 Esports,100 Thieves,0 - 2,bang,3880,100 Thieves,map,Viper,1.17,224,17,15,8,+2,77%,143,35%,2,2,0,Bind,100 Thieves
314628,Champions Tour 2024: Americas Stage 1,"Regular Season: 
						Week 2",2024-04-13 17:00:00,G2 Esports,100 Thieves,0 - 2,Boostio,604,100 Thieves,map,Gekko,1.04,174,14,16,5,-2,82%,116,30%,1,1,0,Bind,100 Thieves
314628,Champions Tour 2024: Americas Stage 1,"Regular Season: 
						Week 2",2024-04-13 17:00:00,G2 Esports,100 Thieves,0 - 2,Asuna,601,100 Thieves,map,Raze,0.54,147,10,17,5,-7,45%,105,16%,5,8,-3,Bind,100 Thieves
314628,Champions Tour 2024: Americas Stage 1,"Regular Season: 
						Week 2",2024-04-13 17:00:00,G2 Esports,100 Thieves,0 - 2,trent,15500,G2 Esports,map,Viper,1.21,258,19,16,5,+3,62%,173,34%,1,1,0,Split,100 Thieves
314628,Champions Tour 2024: Americas Stage 1,"Regular Season: 
						Week 2",2024-04-13 17:00:00,G2 Esports,100 Thieves,0 - 2,leaf,7873,G2 Esports,map,Cypher,0.90,199,14,16,2,-2,71%,130,25%,2,3,-1,Split,100 Thieves
314628,Champions Tour 2024: Americas Stage 1,"Regular Season: 
						Week 2",2024-04-13 17:00:00,G2 Esports,100 Thieves,0 - 2,valyn,3885,G2 Esports,map,Omen,0.78,126,12,15,1,-3,67%,78,30%,3,1,+2,Split,100 Thieves
314628,Champions Tour 2024: Americas Stage 1,"Regular Season: 
						Week 2",2024-04-13 17:00:00,G2 Esports,100 Thieves,0 - 2,JonahP,4581,G2 Esports,map,Breach,0.72,134,9,14,9,-5,71%,87,13%,0,1,-1,Split,100 Thieves
314628,Champions Tour 2024: Americas Stage 1,"Regular Season: 
						Week 2",2024-04-13 17:00:00,G2 Esports,100 Thieves,0 - 2,icy,8402,G2 Esports,map,Raze,0.55,133,7,15,7,-8,67%,97,17%,2,7,-5,Split,100 Thieves
314628,Champions Tour 2024: Americas Stage 1,"Regular Season: 
						Week 2",2024-04-13 17:00:00,G2 Esports,100 Thieves,0 - 2,Asuna,601,100 Thieves,map,Raze,1.46,301,21,13,6,+8,71%,205,23%,7,5,+2,Split,100 Thieves
314628,Champions Tour 2024: Americas Stage 1,"Regular Season: 
						Week 2",2024-04-13 17:00:00,G2 Esports,100 Thieves,0 - 2,bang,3880,100 Thieves,map,Viper,1.27,206,14,10,13,+4,81%,133,22%,3,1,+2,Split,100 Thieves
314628,Champions Tour 2024: Americas Stage 1,"Regular Season: 
						Week 2",2024-04-13 17:00:00,G2 Esports,100 Thieves,0 - 2,eeiu,796,100 Thieves,map,Fade,1.17,182,15,11,3,+4,71%,124,26%,1,0,+1,Split,100 Thieves
314628,Champions Tour 2024: Americas Stage 1,"Regular Season: 
						Week 2",2024-04-13 17:00:00,G2 Esports,100 Thieves,0 - 2,Cryocells,4147,100 Thieves,map,Astra,1.13,223,16,14,7,+2,76%,150,18%,2,0,+2,Split,100 Thieves
314628,Champions Tour 2024: Americas Stage 1,"Regular Season: 
						Week 2",2024-04-13 17:00:00,G2 Esports,100 Thieves,0 - 2,Boostio,604,100 Thieves,map,Gekko,0.71,119,9,13,2,-4,67%,80,20%,0,2,-2,Split,100 Thieves
314629,Champions Tour 2024: Americas Stage 1,"Regular Season: 
						Week 2",2024-04-13 19:25:00,Sentinels,LEVIATÁN,0 - 2,johnqt,1265,Sentinels,overall,Viper,0.98,162,35,36,16,-1,73%,126,32%,3,2,+1,,
314629,Champions Tour 2024: Americas Stage 1,"Regular Season: 
						Week 2",2024-04-13 19:25:00,Sentinels,LEVIATÁN,0 - 2,Zellsis,729,Sentinels,overall,Killjoy,0.94,203,39,40,3,-1,70%,134,16%,6,7,-1,,
314629,Champions Tour 2024: Americas Stage 1,"Regular Season: 
						Week 2",2024-04-13 19:25:00,Sentinels,LEVIATÁN,0 - 2,TenZ,9,Sentinels,overall,"Omen, Kayo",0.91,190,37,45,25,-8,72%,121,26%,7,8,-1,,
314629,Champions Tour 2024: Americas Stage 1,"Regular Season: 
						Week 2",2024-04-13 19:25:00,Sentinels,LEVIATÁN,0 - 2,zekken,4004,Sentinels,overall,"Raze, Jett",0.77,204,41,48,6,-7,65%,125,26%,7,8,-1,,
314629,Champions Tour 2024: Americas Stage 1,"Regular Season: 
						Week 2",2024-04-13 19:25:00,Sentinels,LEVIATÁN,0 - 2,Sacy,659,Sentinels,overall,"Fade, Gekko",0.76,134,28,43,16,-15,67%,107,30%,5,6,-1,,
314629,Champions Tour 2024: Americas Stage 1,"Regular Season: 
						Week 2",2024-04-13 19:25:00,Sentinels,LEVIATÁN,0 - 2,aspas,8480,LEVIATÁN,overall,"Raze, Jett",1.61,314,68,34,9,+34,78%,213,32%,13,7,+6,,
314629,Champions Tour 2024: Americas Stage 1,"Regular Season: 
						Week 2",2024-04-13 19:25:00,Sentinels,LEVIATÁN,0 - 2,kiNgg,8549,LEVIATÁN,overall,Viper,1.14,222,46,36,14,+10,78%,150,33%,6,4,+2,,
314629,Champions Tour 2024: Americas Stage 1,"Regular Season: 
						Week 2",2024-04-13 19:25:00,Sentinels,LEVIATÁN,0 - 2,Mazino,7603,LEVIATÁN,overall,"Omen, Harbor",0.89,161,36,36,21,0,75%,115,30%,5,3,+2,,
314629,Champions Tour 2024: Americas Stage 1,"Regular Season: 
						Week 2",2024-04-13 19:25:00,Sentinels,LEVIATÁN,0 - 2,C0M,619,LEVIATÁN,overall,"Fade, Sova",0.89,170,33,39,22,-6,75%,105,22%,4,10,-6,,
314629,Champions Tour 2024: Americas Stage 1,"Regular Season: 
						Week 2",2024-04-13 19:25:00,Sentinels,LEVIATÁN,0 - 2,tex,1818,LEVIATÁN,overall,Killjoy,0.79,133,29,35,6,-6,75%,92,26%,3,4,-1,,
314629,Champions Tour 2024: Americas Stage 1,"Regular Season: 
						Week 2",2024-04-13 19:25:00,Sentinels,LEVIATÁN,0 - 2,johnqt,1265,Sentinels,map,Viper,1.24,230,29,21,6,+8,69%,162,37%,2,2,0,Lotus,LEVIATÁN
314629,Champions Tour 2024: Americas Stage 1,"Regular Season: 
						Week 2",2024-04-13 19:25:00,Sentinels,LEVIATÁN,0 - 2,Sacy,659,Sentinels,map,Fade,0.86,161,20,27,11,-7,67%,129,33%,4,3,+1,Lotus,LEVIATÁN
314629,Champions Tour 2024: Americas Stage 1,"Regular Season: 
						Week 2",2024-04-13 19:25:00,Sentinels,LEVIATÁN,0 - 2,Zellsis,729,Sentinels,map,Killjoy,0.82,193,23,25,1,-2,72%,134,16%,2,4,-2,Lotus,LEVIATÁN
314629,Champions Tour 2024: Americas Stage 1,"Regular Season: 
						Week 2",2024-04-13 19:25:00,Sentinels,LEVIATÁN,0 - 2,TenZ,9,Sentinels,map,Omen,0.75,167,18,29,14,-11,64%,117,27%,5,6,-1,Lotus,LEVIATÁN
314629,Champions Tour 2024: Americas Stage 1,"Regular Season: 
						Week 2",2024-04-13 19:25:00,Sentinels,LEVIATÁN,0 - 2,zekken,4004,Sentinels,map,Raze,0.53,170,20,32,5,-12,64%,111,18%,2,6,-4,Lotus,LEVIATÁN
314629,Champions Tour 2024: Americas Stage 1,"Regular Season: 
						Week 2",2024-04-13 19:25:00,Sentinels,LEVIATÁN,0 - 2,aspas,8480,LEVIATÁN,map,Raze,1.92,372,47,19,6,+28,83%,239,40%,7,3,+4,Lotus,LEVIATÁN
314629,Champions Tour 2024: Americas Stage 1,"Regular Season: 
						Week 2",2024-04-13 19:25:00,Sentinels,LEVIATÁN,0 - 2,kiNgg,8549,LEVIATÁN,map,Viper,1.20,224,28,22,8,+6,86%,148,40%,4,2,+2,Lotus,LEVIATÁN
314629,Champions Tour 2024: Americas Stage 1,"Regular Season: 
						Week 2",2024-04-13 19:25:00,Sentinels,LEVIATÁN,0 - 2,Mazino,7603,LEVIATÁN,map,Omen,1.06,198,25,20,12,+5,86%,134,34%,4,1,+3,Lotus,LEVIATÁN
314629,Champions Tour 2024: Americas Stage 1,"Regular Season: 
						Week 2",2024-04-13 19:25:00,Sentinels,LEVIATÁN,0 - 2,C0M,619,LEVIATÁN,map,Fade,0.73,143,17,26,13,-9,78%,95,21%,3,7,-4,Lotus,LEVIATÁN
314629,Champions Tour 2024: Americas Stage 1,"Regular Season: 
						Week 2",2024-04-13 19:25:00,Sentinels,LEVIATÁN,0 - 2,tex,1818,LEVIATÁN,map,Killjoy,0.71,127,17,23,3,-6,72%,87,27%,3,2,+1,Lotus,LEVIATÁN
314629,Champions Tour 2024: Americas Stage 1,"Regular Season: 
						Week 2",2024-04-13 19:25:00,Sentinels,LEVIATÁN,0 - 2,TenZ,9,Sentinels,map,Kayo,1.15,212,19,16,11,+3,83%,126,24%,2,2,0,Icebox,LEVIATÁN
314629,Champions Tour 2024: Americas Stage 1,"Regular Season: 
						Week 2",2024-04-13 19:25:00,Sentinels,LEVIATÁN,0 - 2,zekken,4004,Sentinels,map,Jett,1.13,237,21,16,1,+5,67%,146,40%,5,2,+3,Icebox,LEVIATÁN
314629,Champions Tour 2024: Americas Stage 1,"Regular Season: 
						Week 2",2024-04-13 19:25:00,Sentinels,LEVIATÁN,0 - 2,Zellsis,729,Sentinels,map,Killjoy,1.12,212,16,15,2,+1,67%,134,17%,4,3,+1,Icebox,LEVIATÁN
314629,Champions Tour 2024: Americas Stage 1,"Regular Season: 
						Week 2",2024-04-13 19:25:00,Sentinels,LEVIATÁN,0 - 2,Sacy,659,Sentinels,map,Gekko,0.60,107,8,16,5,-8,67%,73,23%,1,3,-2,Icebox,LEVIATÁN
314629,Champions Tour 2024: Americas Stage 1,"Regular Season: 
						Week 2",2024-04-13 19:25:00,Sentinels,LEVIATÁN,0 - 2,johnqt,1265,Sentinels,map,Viper,0.59,94,6,15,10,-9,79%,72,20%,1,0,+1,Icebox,LEVIATÁN
314629,Champions Tour 2024: Americas Stage 1,"Regular Season: 
						Week 2",2024-04-13 19:25:00,Sentinels,LEVIATÁN,0 - 2,aspas,8480,LEVIATÁN,map,Jett,1.14,255,21,15,3,+6,71%,174,19%,6,4,+2,Icebox,LEVIATÁN
314629,Champions Tour 2024: Americas Stage 1,"Regular Season: 
						Week 2",2024-04-13 19:25:00,Sentinels,LEVIATÁN,0 - 2,C0M,619,LEVIATÁN,map,Sova,1.13,197,16,13,9,+3,71%,120,23%,1,3,-2,Icebox,LEVIATÁN
314629,Champions Tour 2024: Americas Stage 1,"Regular Season: 
						Week 2",2024-04-13 19:25:00,Sentinels,LEVIATÁN,0 - 2,kiNgg,8549,LEVIATÁN,map,Viper,1.05,219,18,14,6,+4,67%,154,26%,2,2,0,Icebox,LEVIATÁN
314629,Champions Tour 2024: Americas Stage 1,"Regular Season: 
						Week 2",2024-04-13 19:25:00,Sentinels,LEVIATÁN,0 - 2,tex,1818,LEVIATÁN,map,Killjoy,0.92,138,12,12,3,0,79%,98,26%,0,2,-2,Icebox,LEVIATÁN
314629,Champions Tour 2024: Americas Stage 1,"Regular Season: 
						Week 2",2024-04-13 19:25:00,Sentinels,LEVIATÁN,0 - 2,Mazino,7603,LEVIATÁN,map,Harbor,0.63,123,11,16,9,-5,58%,86,23%,1,2,-1,Icebox,LEVIATÁN
314630,Champions Tour 2024: Americas Stage 1,"Regular Season: 
						Week 2",2024-04-14 17:00:00,KRÜ Esports,MIBR,2 - 0,Klaus,2610,KRÜ Esports,overall,"Gekko, Breach",1.21,212,30,24,17,+6,85%,136,24%,2,1,+1,,
314630,Champions Tour 2024: Americas Stage 1,"Regular Season: 
						Week 2",2024-04-14 17:00:00,KRÜ Esports,MIBR,2 - 0,keznit,2462,KRÜ Esports,overall,"Reyna, Raze",1.18,268,38,27,6,+11,70%,184,26%,7,8,-1,,
314630,Champions Tour 2024: Americas Stage 1,"Regular Season: 
						Week 2",2024-04-14 17:00:00,KRÜ Esports,MIBR,2 - 0,heat,8673,KRÜ Esports,overall,"Kayo, Gekko",1.17,203,31,25,13,+6,75%,136,42%,3,4,-1,,
314630,Champions Tour 2024: Americas Stage 1,"Regular Season: 
						Week 2",2024-04-14 17:00:00,KRÜ Esports,MIBR,2 - 0,Melser,1311,KRÜ Esports,overall,"Viper, Omen",1.03,178,27,22,6,+5,73%,130,38%,7,5,+2,,
314630,Champions Tour 2024: Americas Stage 1,"Regular Season: 
						Week 2",2024-04-14 17:00:00,KRÜ Esports,MIBR,2 - 0,Shyy,24007,KRÜ Esports,overall,"Killjoy, Cypher",1.01,168,24,23,8,+1,78%,120,31%,1,2,-1,,
314630,Champions Tour 2024: Americas Stage 1,"Regular Season: 
						Week 2",2024-04-14 17:00:00,KRÜ Esports,MIBR,2 - 0,jzz,13093,MIBR,overall,"Sova, Skye",0.97,208,29,31,9,-2,70%,144,40%,7,3,+4,,
314630,Champions Tour 2024: Americas Stage 1,"Regular Season: 
						Week 2",2024-04-14 17:00:00,KRÜ Esports,MIBR,2 - 0,frz,651,MIBR,overall,"Killjoy, Cypher",0.93,203,27,28,6,-1,68%,134,20%,2,7,-5,,
314630,Champions Tour 2024: Americas Stage 1,"Regular Season: 
						Week 2",2024-04-14 17:00:00,KRÜ Esports,MIBR,2 - 0,artzin,5957,MIBR,overall,"Jett, Raze",0.91,212,28,35,4,-7,58%,141,26%,7,5,+2,,
314630,Champions Tour 2024: Americas Stage 1,"Regular Season: 
						Week 2",2024-04-14 17:00:00,KRÜ Esports,MIBR,2 - 0,RgLMeister,5351,MIBR,overall,"Harbor, Omen",0.76,147,20,30,12,-10,68%,89,21%,2,3,-1,,
314630,Champions Tour 2024: Americas Stage 1,"Regular Season: 
						Week 2",2024-04-14 17:00:00,KRÜ Esports,MIBR,2 - 0,mazin,8872,MIBR,overall,Viper,0.75,130,17,26,11,-9,73%,86,28%,2,2,0,,
314630,Champions Tour 2024: Americas Stage 1,"Regular Season: 
						Week 2",2024-04-14 17:00:00,KRÜ Esports,MIBR,2 - 0,Klaus,2610,KRÜ Esports,map,Gekko,1.31,243,16,11,8,+5,95%,156,19%,1,0,+1,Icebox,KRÜ Esports
314630,Champions Tour 2024: Americas Stage 1,"Regular Season: 
						Week 2",2024-04-14 17:00:00,KRÜ Esports,MIBR,2 - 0,keznit,2462,KRÜ Esports,map,Reyna,1.13,239,18,11,1,+7,74%,147,35%,4,6,-2,Icebox,KRÜ Esports
314630,Champions Tour 2024: Americas Stage 1,"Regular Season: 
						Week 2",2024-04-14 17:00:00,KRÜ Esports,MIBR,2 - 0,heat,8673,KRÜ Esports,map,Kayo,1.11,200,14,12,11,+2,84%,134,30%,1,1,0,Icebox,KRÜ Esports
314630,Champions Tour 2024: Americas Stage 1,"Regular Season: 
						Week 2",2024-04-14 17:00:00,KRÜ Esports,MIBR,2 - 0,Melser,1311,KRÜ Esports,map,Viper,1.06,179,12,9,4,+3,79%,136,39%,3,3,0,Icebox,KRÜ Esports
314630,Champions Tour 2024: Americas Stage 1,"Regular Season: 
						Week 2",2024-04-14 17:00:00,KRÜ Esports,MIBR,2 - 0,Shyy,24007,KRÜ Esports,map,Killjoy,1.05,147,11,9,2,+2,84%,115,28%,0,0,0,Icebox,KRÜ Esports
314630,Champions Tour 2024: Americas Stage 1,"Regular Season: 
						Week 2",2024-04-14 17:00:00,KRÜ Esports,MIBR,2 - 0,jzz,13093,MIBR,map,Sova,1.12,210,15,14,3,+1,74%,150,45%,2,1,+1,Icebox,KRÜ Esports
314630,Champions Tour 2024: Americas Stage 1,"Regular Season: 
						Week 2",2024-04-14 17:00:00,KRÜ Esports,MIBR,2 - 0,frz,651,MIBR,map,Killjoy,0.92,196,11,13,4,-2,68%,155,19%,0,3,-3,Icebox,KRÜ Esports
314630,Champions Tour 2024: Americas Stage 1,"Regular Season: 
						Week 2",2024-04-14 17:00:00,KRÜ Esports,MIBR,2 - 0,artzin,5957,MIBR,map,Jett,0.91,216,14,18,2,-4,53%,131,44%,6,3,+3,Icebox,KRÜ Esports
314630,Champions Tour 2024: Americas Stage 1,"Regular Season: 
						Week 2",2024-04-14 17:00:00,KRÜ Esports,MIBR,2 - 0,mazin,8872,MIBR,map,Viper,0.72,103,6,11,6,-5,74%,70,23%,0,1,-1,Icebox,KRÜ Esports
314630,Champions Tour 2024: Americas Stage 1,"Regular Season: 
						Week 2",2024-04-14 17:00:00,KRÜ Esports,MIBR,2 - 0,RgLMeister,5351,MIBR,map,Harbor,0.57,108,6,15,6,-9,63%,68,20%,2,1,+1,Icebox,KRÜ Esports
314630,Champions Tour 2024: Americas Stage 1,"Regular Season: 
						Week 2",2024-04-14 17:00:00,KRÜ Esports,MIBR,2 - 0,heat,8673,KRÜ Esports,map,Gekko,1.22,205,17,13,2,+4,67%,137,57%,2,3,-1,Sunset,KRÜ Esports
314630,Champions Tour 2024: Americas Stage 1,"Regular Season: 
						Week 2",2024-04-14 17:00:00,KRÜ Esports,MIBR,2 - 0,keznit,2462,KRÜ Esports,map,Raze,1.22,297,20,16,5,+4,67%,217,22%,3,2,+1,Sunset,KRÜ Esports
314630,Champions Tour 2024: Americas Stage 1,"Regular Season: 
						Week 2",2024-04-14 17:00:00,KRÜ Esports,MIBR,2 - 0,Klaus,2610,KRÜ Esports,map,Breach,1.12,181,14,13,9,+1,76%,117,30%,1,1,0,Sunset,KRÜ Esports
314630,Champions Tour 2024: Americas Stage 1,"Regular Season: 
						Week 2",2024-04-14 17:00:00,KRÜ Esports,MIBR,2 - 0,Melser,1311,KRÜ Esports,map,Omen,1.00,177,15,13,2,+2,67%,123,38%,4,2,+2,Sunset,KRÜ Esports
314630,Champions Tour 2024: Americas Stage 1,"Regular Season: 
						Week 2",2024-04-14 17:00:00,KRÜ Esports,MIBR,2 - 0,Shyy,24007,KRÜ Esports,map,Cypher,0.97,188,13,14,6,-1,71%,124,34%,1,2,-1,Sunset,KRÜ Esports
314630,Champions Tour 2024: Americas Stage 1,"Regular Season: 
						Week 2",2024-04-14 17:00:00,KRÜ Esports,MIBR,2 - 0,frz,651,MIBR,map,Cypher,0.94,210,16,15,2,+1,67%,115,22%,2,4,-2,Sunset,KRÜ Esports
314630,Champions Tour 2024: Americas Stage 1,"Regular Season: 
						Week 2",2024-04-14 17:00:00,KRÜ Esports,MIBR,2 - 0,RgLMeister,5351,MIBR,map,Omen,0.94,185,14,15,6,-1,71%,107,22%,0,2,-2,Sunset,KRÜ Esports
314630,Champions Tour 2024: Americas Stage 1,"Regular Season: 
						Week 2",2024-04-14 17:00:00,KRÜ Esports,MIBR,2 - 0,artzin,5957,MIBR,map,Raze,0.91,207,14,17,2,-3,62%,151,18%,1,2,-1,Sunset,KRÜ Esports
314630,Champions Tour 2024: Americas Stage 1,"Regular Season: 
						Week 2",2024-04-14 17:00:00,KRÜ Esports,MIBR,2 - 0,jzz,13093,MIBR,map,Skye,0.83,205,14,17,6,-3,67%,138,37%,5,2,+3,Sunset,KRÜ Esports
314630,Champions Tour 2024: Americas Stage 1,"Regular Season: 
						Week 2",2024-04-14 17:00:00,KRÜ Esports,MIBR,2 - 0,mazin,8872,MIBR,map,Viper,0.77,156,11,15,5,-4,71%,101,31%,2,1,+1,Sunset,KRÜ Esports
314631,Champions Tour 2024: Americas Stage 1,"Regular Season: 
						Week 2",2024-04-14 19:20:00,NRG,FURIA,2 - 0,Victor,261,NRG,overall,"Raze, Cypher",1.44,305,40,23,8,+17,78%,203,24%,7,3,+4,,
314631,Champions Tour 2024: Americas Stage 1,"Regular Season: 
						Week 2",2024-04-14 19:20:00,NRG,FURIA,2 - 0,Demon1,26171,NRG,overall,Jett,1.31,272,38,23,1,+15,81%,185,52%,9,3,+6,,
314631,Champions Tour 2024: Americas Stage 1,"Regular Season: 
						Week 2",2024-04-14 19:20:00,NRG,FURIA,2 - 0,Marved,263,NRG,overall,Viper,1.22,208,26,18,14,+8,78%,135,28%,2,3,-1,,
314631,Champions Tour 2024: Americas Stage 1,"Regular Season: 
						Week 2",2024-04-14 19:20:00,NRG,FURIA,2 - 0,crashies,4,NRG,overall,"Skye, Sova",0.98,185,24,22,15,+2,86%,114,50%,0,1,-1,,
314631,Champions Tour 2024: Americas Stage 1,"Regular Season: 
						Week 2",2024-04-14 19:20:00,NRG,FURIA,2 - 0,Ethan,11225,NRG,overall,"Omen, Yoru",0.94,158,20,20,16,0,78%,113,25%,3,5,-2,,
314631,Champions Tour 2024: Americas Stage 1,"Regular Season: 
						Week 2",2024-04-14 19:20:00,NRG,FURIA,2 - 0,nzr,725,FURIA,overall,"Skye, Sova",1.16,200,25,26,10,-1,67%,136,23%,1,1,0,,
314631,Champions Tour 2024: Americas Stage 1,"Regular Season: 
						Week 2",2024-04-14 19:20:00,NRG,FURIA,2 - 0,mwzera,939,FURIA,overall,Yoru,0.77,178,23,31,10,-8,64%,113,29%,2,6,-4,,
314631,Champions Tour 2024: Americas Stage 1,"Regular Season: 
						Week 2",2024-04-14 19:20:00,NRG,FURIA,2 - 0,Khalil,1711,FURIA,overall,"Omen, Cypher",0.75,147,18,30,8,-12,64%,98,19%,2,0,+2,,
314631,Champions Tour 2024: Americas Stage 1,"Regular Season: 
						Week 2",2024-04-14 19:20:00,NRG,FURIA,2 - 0,kon4n,1671,FURIA,overall,Viper,0.72,153,19,29,13,-10,61%,94,25%,4,3,+1,,
314631,Champions Tour 2024: Americas Stage 1,"Regular Season: 
						Week 2",2024-04-14 19:20:00,NRG,FURIA,2 - 0,havoc,8706,FURIA,overall,"Raze, Jett",0.67,184,21,32,6,-11,64%,120,33%,6,11,-5,,
314631,Champions Tour 2024: Americas Stage 1,"Regular Season: 
						Week 2",2024-04-14 19:20:00,NRG,FURIA,2 - 0,Demon1,26171,NRG,map,Jett,1.59,278,17,7,0,+10,87%,189,52%,3,0,+3,Split,NRG
314631,Champions Tour 2024: Americas Stage 1,"Regular Season: 
						Week 2",2024-04-14 19:20:00,NRG,FURIA,2 - 0,Marved,263,NRG,map,Viper,1.57,255,15,6,5,+9,87%,167,29%,2,1,+1,Split,NRG
314631,Champions Tour 2024: Americas Stage 1,"Regular Season: 
						Week 2",2024-04-14 19:20:00,NRG,FURIA,2 - 0,Victor,261,NRG,map,Raze,1.39,314,16,9,6,+7,87%,212,20%,4,2,+2,Split,NRG
314631,Champions Tour 2024: Americas Stage 1,"Regular Season: 
						Week 2",2024-04-14 19:20:00,NRG,FURIA,2 - 0,crashies,4,NRG,map,Skye,1.38,232,14,7,8,+7,100%,140,52%,0,0,0,Split,NRG
314631,Champions Tour 2024: Americas Stage 1,"Regular Season: 
						Week 2",2024-04-14 19:20:00,NRG,FURIA,2 - 0,Ethan,11225,NRG,map,Omen,0.82,144,7,9,10,-2,80%,103,35%,1,2,-1,Split,NRG
314631,Champions Tour 2024: Americas Stage 1,"Regular Season: 
						Week 2",2024-04-14 19:20:00,NRG,FURIA,2 - 0,nzr,725,FURIA,map,Skye,0.97,166,10,12,4,-2,67%,87,28%,1,1,0,Split,NRG
314631,Champions Tour 2024: Americas Stage 1,"Regular Season: 
						Week 2",2024-04-14 19:20:00,NRG,FURIA,2 - 0,havoc,8706,FURIA,map,Raze,0.94,219,10,14,5,-4,73%,162,23%,1,4,-3,Split,NRG
314631,Champions Tour 2024: Americas Stage 1,"Regular Season: 
						Week 2",2024-04-14 19:20:00,NRG,FURIA,2 - 0,Khalil,1711,FURIA,map,Omen,0.60,146,7,15,4,-8,67%,87,19%,1,0,+1,Split,NRG
314631,Champions Tour 2024: Americas Stage 1,"Regular Season: 
						Week 2",2024-04-14 19:20:00,NRG,FURIA,2 - 0,kon4n,1671,FURIA,map,Viper,0.42,130,5,14,5,-9,40%,83,19%,1,1,0,Split,NRG
314631,Champions Tour 2024: Americas Stage 1,"Regular Season: 
						Week 2",2024-04-14 19:20:00,NRG,FURIA,2 - 0,mwzera,939,FURIA,map,Yoru,0.41,136,6,14,3,-8,53%,84,14%,1,4,-3,Split,NRG
314631,Champions Tour 2024: Americas Stage 1,"Regular Season: 
						Week 2",2024-04-14 19:20:00,NRG,FURIA,2 - 0,Victor,261,NRG,map,Cypher,1.48,295,24,14,2,+10,71%,196,28%,3,1,+2,Breeze,NRG
314631,Champions Tour 2024: Americas Stage 1,"Regular Season: 
						Week 2",2024-04-14 19:20:00,NRG,FURIA,2 - 0,Demon1,26171,NRG,map,Jett,1.10,265,21,16,1,+5,76%,183,51%,6,3,+3,Breeze,NRG
314631,Champions Tour 2024: Americas Stage 1,"Regular Season: 
						Week 2",2024-04-14 19:20:00,NRG,FURIA,2 - 0,Ethan,11225,NRG,map,Yoru,1.03,172,13,11,6,+2,76%,120,20%,2,3,-1,Breeze,NRG
314631,Champions Tour 2024: Americas Stage 1,"Regular Season: 
						Week 2",2024-04-14 19:20:00,NRG,FURIA,2 - 0,Marved,263,NRG,map,Viper,0.97,161,11,12,9,-1,71%,113,28%,0,2,-2,Breeze,NRG
314631,Champions Tour 2024: Americas Stage 1,"Regular Season: 
						Week 2",2024-04-14 19:20:00,NRG,FURIA,2 - 0,crashies,4,NRG,map,Sova,0.69,137,10,15,7,-5,76%,95,47%,0,1,-1,Breeze,NRG
314631,Champions Tour 2024: Americas Stage 1,"Regular Season: 
						Week 2",2024-04-14 19:20:00,NRG,FURIA,2 - 0,nzr,725,FURIA,map,Sova,1.29,234,15,14,6,+1,67%,171,20%,0,0,0,Breeze,NRG
314631,Champions Tour 2024: Americas Stage 1,"Regular Season: 
						Week 2",2024-04-14 19:20:00,NRG,FURIA,2 - 0,mwzera,939,FURIA,map,Yoru,1.03,220,17,17,7,0,71%,133,39%,1,2,-1,Breeze,NRG
314631,Champions Tour 2024: Americas Stage 1,"Regular Season: 
						Week 2",2024-04-14 19:20:00,NRG,FURIA,2 - 0,kon4n,1671,FURIA,map,Viper,0.94,176,14,15,8,-1,76%,102,30%,3,2,+1,Breeze,NRG
314631,Champions Tour 2024: Americas Stage 1,"Regular Season: 
						Week 2",2024-04-14 19:20:00,NRG,FURIA,2 - 0,Khalil,1711,FURIA,map,Cypher,0.85,147,11,15,4,-4,62%,106,18%,1,0,+1,Breeze,NRG
314631,Champions Tour 2024: Americas Stage 1,"Regular Season: 
						Week 2",2024-04-14 19:20:00,NRG,FURIA,2 - 0,havoc,8706,FURIA,map,Jett,0.48,149,11,18,1,-7,57%,91,60%,5,7,-2,Breeze,NRG
314632,Champions Tour 2024: Americas Stage 1,"Regular Season: 
						Week 2",2024-04-15 17:00:00,Cloud9,Evil Geniuses,2 - 1,OXY,18796,Cloud9,overall,Raze,1.60,372,76,45,13,+31,83%,225,27%,15,10,+5,,
314632,Champions Tour 2024: Americas Stage 1,"Regular Season: 
						Week 2",2024-04-15 17:00:00,Cloud9,Evil Geniuses,2 - 1,runi,16003,Cloud9,overall,Viper,1.19,196,44,33,22,+11,75%,144,37%,5,4,+1,,
314632,Champions Tour 2024: Americas Stage 1,"Regular Season: 
						Week 2",2024-04-15 17:00:00,Cloud9,Evil Geniuses,2 - 1,Xeppaa,7871,Cloud9,overall,"Gekko, Skye",1.05,203,43,39,22,+4,77%,119,27%,5,6,-1,,
314632,Champions Tour 2024: Americas Stage 1,"Regular Season: 
						Week 2",2024-04-15 17:00:00,Cloud9,Evil Geniuses,2 - 1,moose,7458,Cloud9,overall,"Killjoy, Cypher",1.02,171,37,34,13,+3,70%,120,30%,1,5,-4,,
314632,Champions Tour 2024: Americas Stage 1,"Regular Season: 
						Week 2",2024-04-15 17:00:00,Cloud9,Evil Geniuses,2 - 1,vanity,7870,Cloud9,overall,Omen,0.78,141,29,40,21,-11,73%,83,18%,4,5,-1,,
314632,Champions Tour 2024: Americas Stage 1,"Regular Season: 
						Week 2",2024-04-15 17:00:00,Cloud9,Evil Geniuses,2 - 1,NaturE,4927,Evil Geniuses,overall,"Viper, Breach",0.94,166,35,42,20,-7,72%,117,38%,2,3,-1,,
314632,Champions Tour 2024: Americas Stage 1,"Regular Season: 
						Week 2",2024-04-15 17:00:00,Cloud9,Evil Geniuses,2 - 1,Apoth,5188,Evil Geniuses,overall,Cypher,0.94,195,40,44,12,-4,67%,135,39%,7,9,-2,,
314632,Champions Tour 2024: Americas Stage 1,"Regular Season: 
						Week 2",2024-04-15 17:00:00,Cloud9,Evil Geniuses,2 - 1,Derrek,1533,Evil Geniuses,overall,"Fade, Skye",0.91,185,35,44,23,-9,62%,124,34%,2,1,+1,,
314632,Champions Tour 2024: Americas Stage 1,"Regular Season: 
						Week 2",2024-04-15 17:00:00,Cloud9,Evil Geniuses,2 - 1,jawgemo,3993,Evil Geniuses,overall,Raze,0.80,206,43,52,3,-9,60%,136,28%,12,8,+4,,
314632,Champions Tour 2024: Americas Stage 1,"Regular Season: 
						Week 2",2024-04-15 17:00:00,Cloud9,Evil Geniuses,2 - 1,supamen,826,Evil Geniuses,overall,Omen,0.80,192,37,47,18,-10,70%,126,33%,7,9,-2,,
314632,Champions Tour 2024: Americas Stage 1,"Regular Season: 
						Week 2",2024-04-15 17:00:00,Cloud9,Evil Geniuses,2 - 1,runi,16003,Cloud9,map,Viper,1.37,216,17,14,8,+3,68%,162,33%,1,2,-1,Lotus,Evil Geniuses
314632,Champions Tour 2024: Americas Stage 1,"Regular Season: 
						Week 2",2024-04-15 17:00:00,Cloud9,Evil Geniuses,2 - 1,moose,7458,Cloud9,map,Killjoy,0.98,175,13,14,3,-1,68%,116,33%,1,2,-1,Lotus,Evil Geniuses
314632,Champions Tour 2024: Americas Stage 1,"Regular Season: 
						Week 2",2024-04-15 17:00:00,Cloud9,Evil Geniuses,2 - 1,OXY,18796,Cloud9,map,Raze,0.82,228,16,20,5,-4,73%,130,18%,5,4,+1,Lotus,Evil Geniuses
314632,Champions Tour 2024: Americas Stage 1,"Regular Season: 
						Week 2",2024-04-15 17:00:00,Cloud9,Evil Geniuses,2 - 1,Xeppaa,7871,Cloud9,map,Gekko,0.81,203,16,18,4,-2,64%,118,30%,1,2,-1,Lotus,Evil Geniuses
314632,Champions Tour 2024: Americas Stage 1,"Regular Season: 
						Week 2",2024-04-15 17:00:00,Cloud9,Evil Geniuses,2 - 1,vanity,7870,Cloud9,map,Omen,0.44,98,8,18,4,-10,59%,61,17%,1,3,-2,Lotus,Evil Geniuses
314632,Champions Tour 2024: Americas Stage 1,"Regular Season: 
						Week 2",2024-04-15 17:00:00,Cloud9,Evil Geniuses,2 - 1,supamen,826,Evil Geniuses,map,Omen,1.22,250,18,14,11,+4,82%,159,29%,3,2,+1,Lotus,Evil Geniuses
314632,Champions Tour 2024: Americas Stage 1,"Regular Season: 
						Week 2",2024-04-15 17:00:00,Cloud9,Evil Geniuses,2 - 1,NaturE,4927,Evil Geniuses,map,Viper,1.14,202,18,13,2,+5,73%,133,46%,2,2,0,Lotus,Evil Geniuses
314632,Champions Tour 2024: Americas Stage 1,"Regular Season: 
						Week 2",2024-04-15 17:00:00,Cloud9,Evil Geniuses,2 - 1,Derrek,1533,Evil Geniuses,map,Fade,1.11,196,15,13,9,+2,68%,131,31%,1,1,0,Lotus,Evil Geniuses
314632,Champions Tour 2024: Americas Stage 1,"Regular Season: 
						Week 2",2024-04-15 17:00:00,Cloud9,Evil Geniuses,2 - 1,jawgemo,3993,Evil Geniuses,map,Raze,1.09,253,21,17,1,+4,77%,151,22%,5,3,+2,Lotus,Evil Geniuses
314632,Champions Tour 2024: Americas Stage 1,"Regular Season: 
						Week 2",2024-04-15 17:00:00,Cloud9,Evil Geniuses,2 - 1,Apoth,5188,Evil Geniuses,map,Cypher,0.94,164,12,13,7,-1,86%,119,39%,2,1,+1,Lotus,Evil Geniuses
314632,Champions Tour 2024: Americas Stage 1,"Regular Season: 
						Week 2",2024-04-15 17:00:00,Cloud9,Evil Geniuses,2 - 1,OXY,18796,Cloud9,map,Raze,2.02,445,33,15,4,+18,86%,276,37%,5,3,+2,Sunset,Cloud9
314632,Champions Tour 2024: Americas Stage 1,"Regular Season: 
						Week 2",2024-04-15 17:00:00,Cloud9,Evil Geniuses,2 - 1,Xeppaa,7871,Cloud9,map,Skye,1.18,201,14,12,9,+2,86%,120,26%,1,4,-3,Sunset,Cloud9
314632,Champions Tour 2024: Americas Stage 1,"Regular Season: 
						Week 2",2024-04-15 17:00:00,Cloud9,Evil Geniuses,2 - 1,vanity,7870,Cloud9,map,Omen,1.03,161,12,12,7,0,86%,102,22%,1,0,+1,Sunset,Cloud9
314632,Champions Tour 2024: Americas Stage 1,"Regular Season: 
						Week 2",2024-04-15 17:00:00,Cloud9,Evil Geniuses,2 - 1,runi,16003,Cloud9,map,Viper,1.00,191,15,11,9,+4,81%,142,52%,2,2,0,Sunset,Cloud9
314632,Champions Tour 2024: Americas Stage 1,"Regular Season: 
						Week 2",2024-04-15 17:00:00,Cloud9,Evil Geniuses,2 - 1,moose,7458,Cloud9,map,Cypher,0.72,141,11,12,4,-1,57%,101,32%,0,3,-3,Sunset,Cloud9
314632,Champions Tour 2024: Americas Stage 1,"Regular Season: 
						Week 2",2024-04-15 17:00:00,Cloud9,Evil Geniuses,2 - 1,Apoth,5188,Evil Geniuses,map,Cypher,1.17,245,17,16,3,+1,62%,172,33%,5,2,+3,Sunset,Cloud9
314632,Champions Tour 2024: Americas Stage 1,"Regular Season: 
						Week 2",2024-04-15 17:00:00,Cloud9,Evil Geniuses,2 - 1,NaturE,4927,Evil Geniuses,map,Breach,0.95,128,8,14,14,-6,76%,98,24%,0,0,0,Sunset,Cloud9
314632,Champions Tour 2024: Americas Stage 1,"Regular Season: 
						Week 2",2024-04-15 17:00:00,Cloud9,Evil Geniuses,2 - 1,Derrek,1533,Evil Geniuses,map,Fade,0.87,199,12,16,7,-4,57%,140,37%,0,0,0,Sunset,Cloud9
314632,Champions Tour 2024: Americas Stage 1,"Regular Season: 
						Week 2",2024-04-15 17:00:00,Cloud9,Evil Geniuses,2 - 1,jawgemo,3993,Evil Geniuses,map,Raze,0.57,199,14,21,1,-7,52%,134,33%,5,2,+3,Sunset,Cloud9
314632,Champions Tour 2024: Americas Stage 1,"Regular Season: 
						Week 2",2024-04-15 17:00:00,Cloud9,Evil Geniuses,2 - 1,supamen,826,Evil Geniuses,map,Omen,0.52,137,10,18,3,-8,57%,89,47%,2,5,-3,Sunset,Cloud9
314632,Champions Tour 2024: Americas Stage 1,"Regular Season: 
						Week 2",2024-04-15 17:00:00,Cloud9,Evil Geniuses,2 - 1,OXY,18796,Cloud9,map,Raze,2.09,444,27,10,4,+17,94%,286,24%,5,3,+2,Split,Cloud9
314632,Champions Tour 2024: Americas Stage 1,"Regular Season: 
						Week 2",2024-04-15 17:00:00,Cloud9,Evil Geniuses,2 - 1,moose,7458,Cloud9,map,Cypher,1.44,196,13,8,6,+5,88%,149,25%,0,0,0,Split,Cloud9
314632,Champions Tour 2024: Americas Stage 1,"Regular Season: 
						Week 2",2024-04-15 17:00:00,Cloud9,Evil Geniuses,2 - 1,Xeppaa,7871,Cloud9,map,Skye,1.21,206,13,9,9,+4,82%,120,25%,3,0,+3,Split,Cloud9
314632,Champions Tour 2024: Americas Stage 1,"Regular Season: 
						Week 2",2024-04-15 17:00:00,Cloud9,Evil Geniuses,2 - 1,runi,16003,Cloud9,map,Viper,1.19,182,12,8,5,+4,76%,124,29%,2,0,+2,Split,Cloud9
314632,Champions Tour 2024: Americas Stage 1,"Regular Season: 
						Week 2",2024-04-15 17:00:00,Cloud9,Evil Geniuses,2 - 1,vanity,7870,Cloud9,map,Omen,0.92,163,9,10,10,-1,76%,87,12%,2,2,0,Split,Cloud9
314632,Champions Tour 2024: Americas Stage 1,"Regular Season: 
						Week 2",2024-04-15 17:00:00,Cloud9,Evil Geniuses,2 - 1,Derrek,1533,Evil Geniuses,map,Skye,0.71,159,8,15,7,-7,59%,97,36%,1,0,+1,Split,Cloud9
314632,Champions Tour 2024: Americas Stage 1,"Regular Season: 
						Week 2",2024-04-15 17:00:00,Cloud9,Evil Geniuses,2 - 1,jawgemo,3993,Evil Geniuses,map,Raze,0.70,165,8,14,1,-6,47%,121,32%,2,3,-1,Split,Cloud9
314632,Champions Tour 2024: Americas Stage 1,"Regular Season: 
						Week 2",2024-04-15 17:00:00,Cloud9,Evil Geniuses,2 - 1,NaturE,4927,Evil Geniuses,map,Viper,0.68,168,9,15,4,-6,65%,118,48%,0,1,-1,Split,Cloud9
314632,Champions Tour 2024: Americas Stage 1,"Regular Season: 
						Week 2",2024-04-15 17:00:00,Cloud9,Evil Geniuses,2 - 1,Apoth,5188,Evil Geniuses,map,Cypher,0.65,176,11,15,2,-4,47%,109,48%,0,6,-6,Split,Cloud9
314632,Champions Tour 2024: Americas Stage 1,"Regular Season: 
						Week 2",2024-04-15 17:00:00,Cloud9,Evil Geniuses,2 - 1,supamen,826,Evil Geniuses,map,Omen,0.59,190,9,15,4,-6,71%,130,29%,2,2,0,Split,Cloud9
314634,Champions Tour 2024: Americas Stage 1,"Regular Season: 
						Week 3",2024-04-20 17:00:00,Sentinels,MIBR,2 - 0,TenZ,9,Sentinels,overall,"Omen, Gekko",1.62,251,34,15,22,+19,86%,154,29%,4,0,+4,,
314634,Champions Tour 2024: Americas Stage 1,"Regular Season: 
						Week 3",2024-04-20 17:00:00,Sentinels,MIBR,2 - 0,zekken,4004,Sentinels,overall,Raze,1.42,325,40,24,10,+16,89%,203,25%,14,7,+7,,
314634,Champions Tour 2024: Americas Stage 1,"Regular Season: 
						Week 3",2024-04-20 17:00:00,Sentinels,MIBR,2 - 0,johnqt,1265,Sentinels,overall,Viper,1.33,224,29,17,16,+12,89%,141,32%,1,4,-3,,
314634,Champions Tour 2024: Americas Stage 1,"Regular Season: 
						Week 3",2024-04-20 17:00:00,Sentinels,MIBR,2 - 0,Zellsis,729,Sentinels,overall,"Killjoy, Brimstone",1.25,203,26,19,18,+7,83%,141,18%,0,2,-2,,
314634,Champions Tour 2024: Americas Stage 1,"Regular Season: 
						Week 3",2024-04-20 17:00:00,Sentinels,MIBR,2 - 0,Sacy,659,Sentinels,overall,"Fade, Skye",0.94,150,22,19,9,+3,81%,95,44%,3,1,+2,,
314634,Champions Tour 2024: Americas Stage 1,"Regular Season: 
						Week 3",2024-04-20 17:00:00,Sentinels,MIBR,2 - 0,mazin,8872,MIBR,overall,"Viper, Kayo",0.96,166,20,26,19,-6,61%,97,34%,1,3,-2,,
314634,Champions Tour 2024: Americas Stage 1,"Regular Season: 
						Week 3",2024-04-20 17:00:00,Sentinels,MIBR,2 - 0,RgLMeister,5351,MIBR,overall,"Omen, Brimstone",0.82,168,21,31,10,-10,50%,111,38%,3,0,+3,,
314634,Champions Tour 2024: Americas Stage 1,"Regular Season: 
						Week 3",2024-04-20 17:00:00,Sentinels,MIBR,2 - 0,frz,651,MIBR,overall,"Killjoy, Viper",0.67,141,17,30,6,-13,50%,100,23%,2,8,-6,,
314634,Champions Tour 2024: Americas Stage 1,"Regular Season: 
						Week 3",2024-04-20 17:00:00,Sentinels,MIBR,2 - 0,artzin,5957,MIBR,overall,Raze,0.63,180,21,32,7,-11,53%,125,25%,5,8,-3,,
314634,Champions Tour 2024: Americas Stage 1,"Regular Season: 
						Week 3",2024-04-20 17:00:00,Sentinels,MIBR,2 - 0,jzz,13093,MIBR,overall,Skye,0.52,134,15,32,6,-17,53%,92,39%,3,3,0,,
314634,Champions Tour 2024: Americas Stage 1,"Regular Season: 
						Week 3",2024-04-20 17:00:00,Sentinels,MIBR,2 - 0,TenZ,9,Sentinels,map,Omen,1.73,295,18,7,9,+11,94%,191,27%,2,0,+2,Lotus,Sentinels
314634,Champions Tour 2024: Americas Stage 1,"Regular Season: 
						Week 3",2024-04-20 17:00:00,Sentinels,MIBR,2 - 0,Zellsis,729,Sentinels,map,Killjoy,1.43,238,14,8,8,+6,88%,179,17%,0,1,-1,Lotus,Sentinels
314634,Champions Tour 2024: Americas Stage 1,"Regular Season: 
						Week 3",2024-04-20 17:00:00,Sentinels,MIBR,2 - 0,zekken,4004,Sentinels,map,Raze,1.41,319,18,10,4,+8,94%,205,22%,6,4,+2,Lotus,Sentinels
314634,Champions Tour 2024: Americas Stage 1,"Regular Season: 
						Week 3",2024-04-20 17:00:00,Sentinels,MIBR,2 - 0,johnqt,1265,Sentinels,map,Viper,1.37,246,14,8,10,+6,88%,147,30%,1,1,0,Lotus,Sentinels
314634,Champions Tour 2024: Americas Stage 1,"Regular Season: 
						Week 3",2024-04-20 17:00:00,Sentinels,MIBR,2 - 0,Sacy,659,Sentinels,map,Fade,1.05,150,10,8,6,+2,81%,101,38%,1,0,+1,Lotus,Sentinels
314634,Champions Tour 2024: Americas Stage 1,"Regular Season: 
						Week 3",2024-04-20 17:00:00,Sentinels,MIBR,2 - 0,mazin,8872,MIBR,map,Viper,0.93,166,11,12,4,-1,50%,90,23%,0,3,-3,Lotus,Sentinels
314634,Champions Tour 2024: Americas Stage 1,"Regular Season: 
						Week 3",2024-04-20 17:00:00,Sentinels,MIBR,2 - 0,frz,651,MIBR,map,Killjoy,0.64,137,7,15,1,-8,44%,103,33%,1,2,-1,Lotus,Sentinels
314634,Champions Tour 2024: Americas Stage 1,"Regular Season: 
						Week 3",2024-04-20 17:00:00,Sentinels,MIBR,2 - 0,jzz,13093,MIBR,map,Skye,0.60,162,9,16,3,-7,50%,120,45%,1,1,0,Lotus,Sentinels
314634,Champions Tour 2024: Americas Stage 1,"Regular Season: 
						Week 3",2024-04-20 17:00:00,Sentinels,MIBR,2 - 0,RgLMeister,5351,MIBR,map,Omen,0.59,134,7,15,6,-8,50%,83,32%,1,0,+1,Lotus,Sentinels
314634,Champions Tour 2024: Americas Stage 1,"Regular Season: 
						Week 3",2024-04-20 17:00:00,Sentinels,MIBR,2 - 0,artzin,5957,MIBR,map,Raze,0.46,166,7,16,4,-9,56%,110,25%,3,4,-1,Lotus,Sentinels
314634,Champions Tour 2024: Americas Stage 1,"Regular Season: 
						Week 3",2024-04-20 17:00:00,Sentinels,MIBR,2 - 0,TenZ,9,Sentinels,map,Gekko,1.53,207,16,8,13,+8,80%,124,31%,2,0,+2,Bind,Sentinels
314634,Champions Tour 2024: Americas Stage 1,"Regular Season: 
						Week 3",2024-04-20 17:00:00,Sentinels,MIBR,2 - 0,zekken,4004,Sentinels,map,Raze,1.43,330,22,14,6,+8,85%,201,28%,8,3,+5,Bind,Sentinels
314634,Champions Tour 2024: Americas Stage 1,"Regular Season: 
						Week 3",2024-04-20 17:00:00,Sentinels,MIBR,2 - 0,johnqt,1265,Sentinels,map,Viper,1.29,202,15,9,6,+6,90%,136,33%,0,3,-3,Bind,Sentinels
314634,Champions Tour 2024: Americas Stage 1,"Regular Season: 
						Week 3",2024-04-20 17:00:00,Sentinels,MIBR,2 - 0,Zellsis,729,Sentinels,map,Brimstone,1.11,167,12,11,10,+1,80%,111,20%,0,1,-1,Bind,Sentinels
314634,Champions Tour 2024: Americas Stage 1,"Regular Season: 
						Week 3",2024-04-20 17:00:00,Sentinels,MIBR,2 - 0,Sacy,659,Sentinels,map,Skye,0.86,150,12,11,3,+1,80%,90,50%,2,1,+1,Bind,Sentinels
314634,Champions Tour 2024: Americas Stage 1,"Regular Season: 
						Week 3",2024-04-20 17:00:00,Sentinels,MIBR,2 - 0,RgLMeister,5351,MIBR,map,Brimstone,1.00,201,14,16,4,-2,50%,133,43%,2,0,+2,Bind,Sentinels
314634,Champions Tour 2024: Americas Stage 1,"Regular Season: 
						Week 3",2024-04-20 17:00:00,Sentinels,MIBR,2 - 0,mazin,8872,MIBR,map,Kayo,0.99,166,9,14,15,-5,70%,103,44%,1,0,+1,Bind,Sentinels
314634,Champions Tour 2024: Americas Stage 1,"Regular Season: 
						Week 3",2024-04-20 17:00:00,Sentinels,MIBR,2 - 0,artzin,5957,MIBR,map,Raze,0.76,194,14,16,3,-2,50%,137,25%,2,4,-2,Bind,Sentinels
314634,Champions Tour 2024: Americas Stage 1,"Regular Season: 
						Week 3",2024-04-20 17:00:00,Sentinels,MIBR,2 - 0,frz,651,MIBR,map,Viper,0.70,144,10,15,5,-5,55%,98,15%,1,6,-5,Bind,Sentinels
314634,Champions Tour 2024: Americas Stage 1,"Regular Season: 
						Week 3",2024-04-20 17:00:00,Sentinels,MIBR,2 - 0,jzz,13093,MIBR,map,Skye,0.46,106,6,16,3,-10,55%,69,32%,2,2,0,Bind,Sentinels
314635,Champions Tour 2024: Americas Stage 1,"Regular Season: 
						Week 3",2024-04-20 19:30:00,Cloud9,LOUD,2 - 1,runi,16003,Cloud9,overall,"Viper, Sova",1.23,226,55,38,15,+17,87%,149,39%,7,4,+3,,
314635,Champions Tour 2024: Americas Stage 1,"Regular Season: 
						Week 3",2024-04-20 19:30:00,Cloud9,LOUD,2 - 1,OXY,18796,Cloud9,overall,"Raze, Jett",1.19,283,63,49,17,+14,76%,187,27%,17,13,+4,,
314635,Champions Tour 2024: Americas Stage 1,"Regular Season: 
						Week 3",2024-04-20 19:30:00,Cloud9,LOUD,2 - 1,Xeppaa,7871,Cloud9,overall,"Skye, Sage, Gekko",1.05,176,40,39,41,+1,84%,108,28%,5,4,+1,,
314635,Champions Tour 2024: Americas Stage 1,"Regular Season: 
						Week 3",2024-04-20 19:30:00,Cloud9,LOUD,2 - 1,moose,7458,Cloud9,overall,"Cypher, Killjoy",1.03,157,39,32,10,+7,79%,100,23%,2,0,+2,,
314635,Champions Tour 2024: Americas Stage 1,"Regular Season: 
						Week 3",2024-04-20 19:30:00,Cloud9,LOUD,2 - 1,vanity,7870,Cloud9,overall,"Brimstone, Viper, Omen",1.02,167,37,36,28,+1,79%,113,20%,7,4,+3,,
314635,Champions Tour 2024: Americas Stage 1,"Regular Season: 
						Week 3",2024-04-20 19:30:00,Cloud9,LOUD,2 - 1,saadhak,727,LOUD,overall,"Breach, Killjoy, Deadlock",1.06,231,46,46,18,0,67%,152,23%,4,10,-6,,
314635,Champions Tour 2024: Americas Stage 1,"Regular Season: 
						Week 3",2024-04-20 19:30:00,Cloud9,LOUD,2 - 1,Less,8447,LOUD,overall,Viper,0.98,197,45,44,11,+1,65%,136,32%,4,5,-1,,
314635,Champions Tour 2024: Americas Stage 1,"Regular Season: 
						Week 3",2024-04-20 19:30:00,Cloud9,LOUD,2 - 1,cauanzin,6193,LOUD,overall,"Kayo, Sova, Fade",0.94,191,39,49,18,-10,73%,129,24%,6,6,0,,
314635,Champions Tour 2024: Americas Stage 1,"Regular Season: 
						Week 3",2024-04-20 19:30:00,Cloud9,LOUD,2 - 1,tuyz,2408,LOUD,overall,"Brimstone, Harbor, Omen",0.86,153,33,46,19,-13,62%,100,27%,2,2,0,,
314635,Champions Tour 2024: Americas Stage 1,"Regular Season: 
						Week 3",2024-04-20 19:30:00,Cloud9,LOUD,2 - 1,Quick,1575,LOUD,overall,"Raze, Jett",0.73,159,31,49,15,-18,65%,115,15%,9,15,-6,,
314635,Champions Tour 2024: Americas Stage 1,"Regular Season: 
						Week 3",2024-04-20 19:30:00,Cloud9,LOUD,2 - 1,OXY,18796,Cloud9,map,Raze,1.11,255,21,19,8,+2,75%,170,26%,3,5,-2,Bind,LOUD
314635,Champions Tour 2024: Americas Stage 1,"Regular Season: 
						Week 3",2024-04-20 19:30:00,Cloud9,LOUD,2 - 1,moose,7458,Cloud9,map,Cypher,1.10,191,19,14,1,+5,75%,115,31%,1,0,+1,Bind,LOUD
314635,Champions Tour 2024: Americas Stage 1,"Regular Season: 
						Week 3",2024-04-20 19:30:00,Cloud9,LOUD,2 - 1,runi,16003,Cloud9,map,Viper,1.03,199,18,16,6,+2,88%,133,37%,2,1,+1,Bind,LOUD
314635,Champions Tour 2024: Americas Stage 1,"Regular Season: 
						Week 3",2024-04-20 19:30:00,Cloud9,LOUD,2 - 1,vanity,7870,Cloud9,map,Brimstone,1.02,196,17,16,10,+1,75%,126,21%,5,3,+2,Bind,LOUD
314635,Champions Tour 2024: Americas Stage 1,"Regular Season: 
						Week 3",2024-04-20 19:30:00,Cloud9,LOUD,2 - 1,Xeppaa,7871,Cloud9,map,Skye,0.70,132,11,17,12,-6,75%,84,29%,2,2,0,Bind,LOUD
314635,Champions Tour 2024: Americas Stage 1,"Regular Season: 
						Week 3",2024-04-20 19:30:00,Cloud9,LOUD,2 - 1,Less,8447,LOUD,map,Viper,1.33,278,25,16,1,+9,67%,196,46%,3,1,+2,Bind,LOUD
314635,Champions Tour 2024: Americas Stage 1,"Regular Season: 
						Week 3",2024-04-20 19:30:00,Cloud9,LOUD,2 - 1,tuyz,2408,LOUD,map,Brimstone,1.16,219,17,18,12,-1,71%,144,28%,1,0,+1,Bind,LOUD
314635,Champions Tour 2024: Americas Stage 1,"Regular Season: 
						Week 3",2024-04-20 19:30:00,Cloud9,LOUD,2 - 1,cauanzin,6193,LOUD,map,Kayo,1.00,211,16,19,8,-3,75%,138,23%,2,2,0,Bind,LOUD
314635,Champions Tour 2024: Americas Stage 1,"Regular Season: 
						Week 3",2024-04-20 19:30:00,Cloud9,LOUD,2 - 1,Quick,1575,LOUD,map,Raze,0.84,169,14,18,4,-4,71%,105,20%,4,6,-2,Bind,LOUD
314635,Champions Tour 2024: Americas Stage 1,"Regular Season: 
						Week 3",2024-04-20 19:30:00,Cloud9,LOUD,2 - 1,saadhak,727,LOUD,map,Breach,0.80,128,10,15,9,-5,71%,92,24%,1,4,-3,Bind,LOUD
314635,Champions Tour 2024: Americas Stage 1,"Regular Season: 
						Week 3",2024-04-20 19:30:00,Cloud9,LOUD,2 - 1,runi,16003,Cloud9,map,Sova,1.49,268,19,9,2,+10,88%,182,37%,3,1,+2,Icebox,Cloud9
314635,Champions Tour 2024: Americas Stage 1,"Regular Season: 
						Week 3",2024-04-20 19:30:00,Cloud9,LOUD,2 - 1,OXY,18796,Cloud9,map,Jett,1.30,309,21,14,1,+7,71%,190,28%,7,2,+5,Icebox,Cloud9
314635,Champions Tour 2024: Americas Stage 1,"Regular Season: 
						Week 3",2024-04-20 19:30:00,Cloud9,LOUD,2 - 1,vanity,7870,Cloud9,map,Viper,1.17,169,10,7,6,+3,82%,118,21%,1,0,+1,Icebox,Cloud9
314635,Champions Tour 2024: Americas Stage 1,"Regular Season: 
						Week 3",2024-04-20 19:30:00,Cloud9,LOUD,2 - 1,Xeppaa,7871,Cloud9,map,Sage,1.14,170,9,9,19,0,88%,109,28%,2,1,+1,Icebox,Cloud9
314635,Champions Tour 2024: Americas Stage 1,"Regular Season: 
						Week 3",2024-04-20 19:30:00,Cloud9,LOUD,2 - 1,moose,7458,Cloud9,map,Killjoy,1.12,157,10,6,3,+4,82%,103,16%,0,0,0,Icebox,Cloud9
314635,Champions Tour 2024: Americas Stage 1,"Regular Season: 
						Week 3",2024-04-20 19:30:00,Cloud9,LOUD,2 - 1,saadhak,727,LOUD,map,Killjoy,1.08,279,13,14,3,-1,53%,212,20%,1,3,-2,Icebox,Cloud9
314635,Champions Tour 2024: Americas Stage 1,"Regular Season: 
						Week 3",2024-04-20 19:30:00,Cloud9,LOUD,2 - 1,cauanzin,6193,LOUD,map,Sova,0.94,178,9,13,8,-4,76%,135,29%,0,2,-2,Icebox,Cloud9
314635,Champions Tour 2024: Americas Stage 1,"Regular Season: 
						Week 3",2024-04-20 19:30:00,Cloud9,LOUD,2 - 1,tuyz,2408,LOUD,map,Harbor,0.76,145,8,13,3,-5,65%,90,32%,1,1,0,Icebox,Cloud9
314635,Champions Tour 2024: Americas Stage 1,"Regular Season: 
						Week 3",2024-04-20 19:30:00,Cloud9,LOUD,2 - 1,Less,8447,LOUD,map,Viper,0.60,143,9,14,2,-5,41%,87,25%,0,3,-3,Icebox,Cloud9
314635,Champions Tour 2024: Americas Stage 1,"Regular Season: 
						Week 3",2024-04-20 19:30:00,Cloud9,LOUD,2 - 1,Quick,1575,LOUD,map,Jett,0.47,121,6,15,2,-9,53%,83,17%,2,4,-2,Icebox,Cloud9
314635,Champions Tour 2024: Americas Stage 1,"Regular Season: 
						Week 3",2024-04-20 19:30:00,Cloud9,LOUD,2 - 1,Xeppaa,7871,Cloud9,map,Gekko,1.37,226,20,13,10,+7,91%,134,27%,1,1,0,Lotus,Cloud9
314635,Champions Tour 2024: Americas Stage 1,"Regular Season: 
						Week 3",2024-04-20 19:30:00,Cloud9,LOUD,2 - 1,runi,16003,Cloud9,map,Viper,1.24,210,18,13,7,+5,86%,142,43%,2,2,0,Lotus,Cloud9
314635,Champions Tour 2024: Americas Stage 1,"Regular Season: 
						Week 3",2024-04-20 19:30:00,Cloud9,LOUD,2 - 1,OXY,18796,Cloud9,map,Raze,1.21,285,21,16,8,+5,82%,202,28%,7,6,+1,Lotus,Cloud9
314635,Champions Tour 2024: Americas Stage 1,"Regular Season: 
						Week 3",2024-04-20 19:30:00,Cloud9,LOUD,2 - 1,vanity,7870,Cloud9,map,Omen,0.91,136,10,13,12,-3,82%,93,19%,1,1,0,Lotus,Cloud9
314635,Champions Tour 2024: Americas Stage 1,"Regular Season: 
						Week 3",2024-04-20 19:30:00,Cloud9,LOUD,2 - 1,moose,7458,Cloud9,map,Killjoy,0.90,124,10,12,6,-2,82%,82,23%,1,0,+1,Lotus,Cloud9
314635,Champions Tour 2024: Americas Stage 1,"Regular Season: 
						Week 3",2024-04-20 19:30:00,Cloud9,LOUD,2 - 1,saadhak,727,LOUD,map,Deadlock,1.32,286,23,17,6,+6,73%,170,26%,2,3,-1,Lotus,Cloud9
314635,Champions Tour 2024: Americas Stage 1,"Regular Season: 
						Week 3",2024-04-20 19:30:00,Cloud9,LOUD,2 - 1,Less,8447,LOUD,map,Viper,0.90,170,11,14,8,-3,82%,107,18%,1,1,0,Lotus,Cloud9
314635,Champions Tour 2024: Americas Stage 1,"Regular Season: 
						Week 3",2024-04-20 19:30:00,Cloud9,LOUD,2 - 1,cauanzin,6193,LOUD,map,Fade,0.88,184,14,17,2,-3,68%,116,23%,4,2,+2,Lotus,Cloud9
314635,Champions Tour 2024: Americas Stage 1,"Regular Season: 
						Week 3",2024-04-20 19:30:00,Cloud9,LOUD,2 - 1,Quick,1575,LOUD,map,Raze,0.83,188,11,16,9,-5,68%,151,12%,3,5,-2,Lotus,Cloud9
314635,Champions Tour 2024: Americas Stage 1,"Regular Season: 
						Week 3",2024-04-20 19:30:00,Cloud9,LOUD,2 - 1,tuyz,2408,LOUD,map,Omen,0.63,94,8,15,4,-7,50%,60,20%,0,1,-1,Lotus,Cloud9
314636,Champions Tour 2024: Americas Stage 1,"Regular Season: 
						Week 3",2024-04-21 17:00:00,KRÜ Esports,Evil Geniuses,2 - 0,Klaus,2610,KRÜ Esports,overall,"Viper, Sova",1.27,238,35,21,9,+14,78%,149,32%,8,2,+6,,
314636,Champions Tour 2024: Americas Stage 1,"Regular Season: 
						Week 3",2024-04-21 17:00:00,KRÜ Esports,Evil Geniuses,2 - 0,heat,8673,KRÜ Esports,overall,"Fade, Kayo",1.21,231,31,23,11,+8,78%,151,49%,3,3,0,,
314636,Champions Tour 2024: Americas Stage 1,"Regular Season: 
						Week 3",2024-04-21 17:00:00,KRÜ Esports,Evil Geniuses,2 - 0,Melser,1311,KRÜ Esports,overall,"Omen, Viper",1.19,188,27,21,13,+6,70%,138,38%,2,2,0,,
314636,Champions Tour 2024: Americas Stage 1,"Regular Season: 
						Week 3",2024-04-21 17:00:00,KRÜ Esports,Evil Geniuses,2 - 0,keznit,2462,KRÜ Esports,overall,"Raze, Jett",1.18,252,37,23,5,+14,65%,160,31%,6,10,-4,,
314636,Champions Tour 2024: Americas Stage 1,"Regular Season: 
						Week 3",2024-04-21 17:00:00,KRÜ Esports,Evil Geniuses,2 - 0,Shyy,24007,KRÜ Esports,overall,"Killjoy, Cypher",0.95,163,23,23,13,0,78%,110,18%,2,2,0,,
314636,Champions Tour 2024: Americas Stage 1,"Regular Season: 
						Week 3",2024-04-21 17:00:00,KRÜ Esports,Evil Geniuses,2 - 0,supamen,826,Evil Geniuses,overall,"Omen, Viper",0.95,198,28,31,6,-3,68%,134,39%,5,2,+3,,
314636,Champions Tour 2024: Americas Stage 1,"Regular Season: 
						Week 3",2024-04-21 17:00:00,KRÜ Esports,Evil Geniuses,2 - 0,Derrek,1533,Evil Geniuses,overall,"Fade, Sova",0.94,179,25,28,6,-3,63%,124,39%,2,0,+2,,
314636,Champions Tour 2024: Americas Stage 1,"Regular Season: 
						Week 3",2024-04-21 17:00:00,KRÜ Esports,Evil Geniuses,2 - 0,NaturE,4927,Evil Geniuses,overall,"Viper, Yoru",0.88,192,26,32,5,-6,53%,123,35%,4,3,+1,,
314636,Champions Tour 2024: Americas Stage 1,"Regular Season: 
						Week 3",2024-04-21 17:00:00,KRÜ Esports,Evil Geniuses,2 - 0,Apoth,5188,Evil Geniuses,overall,"Cypher, Astra",0.61,125,14,29,6,-15,50%,79,34%,6,8,-2,,
314636,Champions Tour 2024: Americas Stage 1,"Regular Season: 
						Week 3",2024-04-21 17:00:00,KRÜ Esports,Evil Geniuses,2 - 0,jawgemo,3993,Evil Geniuses,overall,"Raze, Jett",0.51,140,18,33,5,-15,45%,94,28%,2,8,-6,,
314636,Champions Tour 2024: Americas Stage 1,"Regular Season: 
						Week 3",2024-04-21 17:00:00,KRÜ Esports,Evil Geniuses,2 - 0,keznit,2462,KRÜ Esports,map,Raze,1.57,329,23,10,2,+13,72%,206,27%,3,3,0,Lotus,KRÜ Esports
314636,Champions Tour 2024: Americas Stage 1,"Regular Season: 
						Week 3",2024-04-21 17:00:00,KRÜ Esports,Evil Geniuses,2 - 0,Klaus,2610,KRÜ Esports,map,Viper,1.30,255,17,8,1,+9,78%,159,28%,4,2,+2,Lotus,KRÜ Esports
314636,Champions Tour 2024: Americas Stage 1,"Regular Season: 
						Week 3",2024-04-21 17:00:00,KRÜ Esports,Evil Geniuses,2 - 0,heat,8673,KRÜ Esports,map,Fade,1.12,216,13,11,7,+2,89%,133,60%,1,1,0,Lotus,KRÜ Esports
314636,Champions Tour 2024: Americas Stage 1,"Regular Season: 
						Week 3",2024-04-21 17:00:00,KRÜ Esports,Evil Geniuses,2 - 0,Melser,1311,KRÜ Esports,map,Omen,0.95,179,10,11,7,-1,72%,142,37%,2,1,+1,Lotus,KRÜ Esports
314636,Champions Tour 2024: Americas Stage 1,"Regular Season: 
						Week 3",2024-04-21 17:00:00,KRÜ Esports,Evil Geniuses,2 - 0,Shyy,24007,KRÜ Esports,map,Killjoy,0.85,159,11,11,3,0,83%,119,21%,1,0,+1,Lotus,KRÜ Esports
314636,Champions Tour 2024: Americas Stage 1,"Regular Season: 
						Week 3",2024-04-21 17:00:00,KRÜ Esports,Evil Geniuses,2 - 0,supamen,826,Evil Geniuses,map,Omen,1.05,198,13,13,5,0,72%,122,35%,1,1,0,Lotus,KRÜ Esports
314636,Champions Tour 2024: Americas Stage 1,"Regular Season: 
						Week 3",2024-04-21 17:00:00,KRÜ Esports,Evil Geniuses,2 - 0,NaturE,4927,Evil Geniuses,map,Viper,0.95,203,13,15,3,-2,61%,123,35%,1,0,+1,Lotus,KRÜ Esports
314636,Champions Tour 2024: Americas Stage 1,"Regular Season: 
						Week 3",2024-04-21 17:00:00,KRÜ Esports,Evil Geniuses,2 - 0,Derrek,1533,Evil Geniuses,map,Fade,0.82,174,9,13,6,-4,78%,114,35%,1,0,+1,Lotus,KRÜ Esports
314636,Champions Tour 2024: Americas Stage 1,"Regular Season: 
						Week 3",2024-04-21 17:00:00,KRÜ Esports,Evil Geniuses,2 - 0,Apoth,5188,Evil Geniuses,map,Cypher,0.64,166,8,16,4,-8,50%,110,33%,3,5,-2,Lotus,KRÜ Esports
314636,Champions Tour 2024: Americas Stage 1,"Regular Season: 
						Week 3",2024-04-21 17:00:00,KRÜ Esports,Evil Geniuses,2 - 0,jawgemo,3993,Evil Geniuses,map,Raze,0.37,126,8,17,1,-9,39%,84,22%,1,5,-4,Lotus,KRÜ Esports
314636,Champions Tour 2024: Americas Stage 1,"Regular Season: 
						Week 3",2024-04-21 17:00:00,KRÜ Esports,Evil Geniuses,2 - 0,Melser,1311,KRÜ Esports,map,Viper,1.38,196,17,10,6,+7,68%,135,39%,0,1,-1,Breeze,KRÜ Esports
314636,Champions Tour 2024: Americas Stage 1,"Regular Season: 
						Week 3",2024-04-21 17:00:00,KRÜ Esports,Evil Geniuses,2 - 0,heat,8673,KRÜ Esports,map,Kayo,1.29,245,18,12,4,+6,68%,166,43%,2,2,0,Breeze,KRÜ Esports
314636,Champions Tour 2024: Americas Stage 1,"Regular Season: 
						Week 3",2024-04-21 17:00:00,KRÜ Esports,Evil Geniuses,2 - 0,Klaus,2610,KRÜ Esports,map,Sova,1.25,220,18,13,8,+5,77%,141,40%,4,0,+4,Breeze,KRÜ Esports
314636,Champions Tour 2024: Americas Stage 1,"Regular Season: 
						Week 3",2024-04-21 17:00:00,KRÜ Esports,Evil Geniuses,2 - 0,Shyy,24007,KRÜ Esports,map,Cypher,1.04,166,12,12,10,0,73%,104,15%,1,2,-1,Breeze,KRÜ Esports
314636,Champions Tour 2024: Americas Stage 1,"Regular Season: 
						Week 3",2024-04-21 17:00:00,KRÜ Esports,Evil Geniuses,2 - 0,keznit,2462,KRÜ Esports,map,Jett,0.86,174,14,13,3,+1,59%,123,38%,3,7,-4,Breeze,KRÜ Esports
314636,Champions Tour 2024: Americas Stage 1,"Regular Season: 
						Week 3",2024-04-21 17:00:00,KRÜ Esports,Evil Geniuses,2 - 0,Derrek,1533,Evil Geniuses,map,Sova,1.05,184,16,15,0,+1,50%,132,42%,1,0,+1,Breeze,KRÜ Esports
314636,Champions Tour 2024: Americas Stage 1,"Regular Season: 
						Week 3",2024-04-21 17:00:00,KRÜ Esports,Evil Geniuses,2 - 0,supamen,826,Evil Geniuses,map,Viper,0.87,198,15,18,1,-3,64%,143,43%,4,1,+3,Breeze,KRÜ Esports
314636,Champions Tour 2024: Americas Stage 1,"Regular Season: 
						Week 3",2024-04-21 17:00:00,KRÜ Esports,Evil Geniuses,2 - 0,NaturE,4927,Evil Geniuses,map,Yoru,0.81,180,13,17,2,-4,45%,123,34%,3,3,0,Breeze,KRÜ Esports
314636,Champions Tour 2024: Americas Stage 1,"Regular Season: 
						Week 3",2024-04-21 17:00:00,KRÜ Esports,Evil Geniuses,2 - 0,jawgemo,3993,Evil Geniuses,map,Jett,0.63,153,10,16,4,-6,50%,101,34%,1,3,-2,Breeze,KRÜ Esports
314636,Champions Tour 2024: Americas Stage 1,"Regular Season: 
						Week 3",2024-04-21 17:00:00,KRÜ Esports,Evil Geniuses,2 - 0,Apoth,5188,Evil Geniuses,map,Astra,0.58,84,6,13,2,-7,50%,53,35%,3,3,0,Breeze,KRÜ Esports
314637,Champions Tour 2024: Americas Stage 1,"Regular Season: 
						Week 3",2024-04-21 19:15:00,NRG,LEVIATÁN,0 - 2,Ethan,11225,NRG,overall,Kayo,1.05,210,23,28,13,-5,59%,123,26%,2,1,+1,,
314637,Champions Tour 2024: Americas Stage 1,"Regular Season: 
						Week 3",2024-04-21 19:15:00,NRG,LEVIATÁN,0 - 2,Marved,263,NRG,overall,"Omen, Viper",0.75,200,23,30,5,-7,56%,132,26%,3,4,-1,,
314637,Champions Tour 2024: Americas Stage 1,"Regular Season: 
						Week 3",2024-04-21 19:15:00,NRG,LEVIATÁN,0 - 2,crashies,4,NRG,overall,Gekko,0.60,119,14,28,4,-14,38%,84,40%,0,3,-3,,
314637,Champions Tour 2024: Americas Stage 1,"Regular Season: 
						Week 3",2024-04-21 19:15:00,NRG,LEVIATÁN,0 - 2,Victor,261,NRG,overall,"Cypher, Brimstone",0.47,134,13,30,8,-17,59%,81,31%,3,1,+2,,
314637,Champions Tour 2024: Americas Stage 1,"Regular Season: 
						Week 3",2024-04-21 19:15:00,NRG,LEVIATÁN,0 - 2,Demon1,26171,NRG,overall,Raze,0.38,123,13,30,5,-17,44%,82,29%,2,15,-13,,
314637,Champions Tour 2024: Americas Stage 1,"Regular Season: 
						Week 3",2024-04-21 19:15:00,NRG,LEVIATÁN,0 - 2,kiNgg,8549,LEVIATÁN,overall,"Omen, Viper",1.57,271,34,17,20,+17,85%,181,30%,3,1,+2,,
314637,Champions Tour 2024: Americas Stage 1,"Regular Season: 
						Week 3",2024-04-21 19:15:00,NRG,LEVIATÁN,0 - 2,aspas,8480,LEVIATÁN,overall,Raze,1.51,250,34,15,7,+19,82%,169,32%,7,3,+4,,
314637,Champions Tour 2024: Americas Stage 1,"Regular Season: 
						Week 3",2024-04-21 19:15:00,NRG,LEVIATÁN,0 - 2,Mazino,7603,LEVIATÁN,overall,"Breach, Brimstone",1.50,292,37,21,15,+16,85%,192,37%,6,3,+3,,
314637,Champions Tour 2024: Americas Stage 1,"Regular Season: 
						Week 3",2024-04-21 19:15:00,NRG,LEVIATÁN,0 - 2,tex,1818,LEVIATÁN,overall,Gekko,1.19,184,23,16,12,+7,79%,119,36%,5,1,+4,,
314637,Champions Tour 2024: Americas Stage 1,"Regular Season: 
						Week 3",2024-04-21 19:15:00,NRG,LEVIATÁN,0 - 2,C0M,619,LEVIATÁN,overall,"Cypher, Skye",0.99,144,17,17,15,0,85%,98,32%,3,2,+1,,
314637,Champions Tour 2024: Americas Stage 1,"Regular Season: 
						Week 3",2024-04-21 19:15:00,NRG,LEVIATÁN,0 - 2,Ethan,11225,NRG,map,Kayo,1.32,286,16,14,7,+2,71%,165,22%,2,1,+1,Sunset,LEVIATÁN
314637,Champions Tour 2024: Americas Stage 1,"Regular Season: 
						Week 3",2024-04-21 19:15:00,NRG,LEVIATÁN,0 - 2,crashies,4,NRG,map,Gekko,0.79,146,8,14,3,-6,53%,107,37%,0,1,-1,Sunset,LEVIATÁN
314637,Champions Tour 2024: Americas Stage 1,"Regular Season: 
						Week 3",2024-04-21 19:15:00,NRG,LEVIATÁN,0 - 2,Marved,263,NRG,map,Omen,0.47,126,7,16,4,-9,41%,88,29%,1,2,-1,Sunset,LEVIATÁN
314637,Champions Tour 2024: Americas Stage 1,"Regular Season: 
						Week 3",2024-04-21 19:15:00,NRG,LEVIATÁN,0 - 2,Demon1,26171,NRG,map,Raze,0.39,112,6,15,2,-9,47%,80,17%,0,9,-9,Sunset,LEVIATÁN
314637,Champions Tour 2024: Americas Stage 1,"Regular Season: 
						Week 3",2024-04-21 19:15:00,NRG,LEVIATÁN,0 - 2,Victor,261,NRG,map,Cypher,0.38,119,6,15,2,-9,41%,74,27%,1,0,+1,Sunset,LEVIATÁN
314637,Champions Tour 2024: Americas Stage 1,"Regular Season: 
						Week 3",2024-04-21 19:15:00,NRG,LEVIATÁN,0 - 2,kiNgg,8549,LEVIATÁN,map,Omen,1.60,293,18,9,10,+9,88%,190,40%,2,0,+2,Sunset,LEVIATÁN
314637,Champions Tour 2024: Americas Stage 1,"Regular Season: 
						Week 3",2024-04-21 19:15:00,NRG,LEVIATÁN,0 - 2,Mazino,7603,LEVIATÁN,map,Breach,1.54,305,20,11,7,+9,82%,200,49%,3,1,+2,Sunset,LEVIATÁN
314637,Champions Tour 2024: Americas Stage 1,"Regular Season: 
						Week 3",2024-04-21 19:15:00,NRG,LEVIATÁN,0 - 2,aspas,8480,LEVIATÁN,map,Raze,1.40,216,15,7,3,+8,88%,157,30%,4,2,+2,Sunset,LEVIATÁN
314637,Champions Tour 2024: Americas Stage 1,"Regular Season: 
						Week 3",2024-04-21 19:15:00,NRG,LEVIATÁN,0 - 2,tex,1818,LEVIATÁN,map,Gekko,1.29,189,12,7,8,+5,88%,129,34%,2,0,+2,Sunset,LEVIATÁN
314637,Champions Tour 2024: Americas Stage 1,"Regular Season: 
						Week 3",2024-04-21 19:15:00,NRG,LEVIATÁN,0 - 2,C0M,619,LEVIATÁN,map,Cypher,0.97,154,9,9,8,0,88%,98,26%,2,1,+1,Sunset,LEVIATÁN
314637,Champions Tour 2024: Americas Stage 1,"Regular Season: 
						Week 3",2024-04-21 19:15:00,NRG,LEVIATÁN,0 - 2,Marved,263,NRG,map,Viper,1.03,274,16,14,1,+2,71%,176,24%,2,2,0,Bind,LEVIATÁN
314637,Champions Tour 2024: Americas Stage 1,"Regular Season: 
						Week 3",2024-04-21 19:15:00,NRG,LEVIATÁN,0 - 2,Ethan,11225,NRG,map,Kayo,0.78,134,7,14,6,-7,47%,80,33%,0,0,0,Bind,LEVIATÁN
314637,Champions Tour 2024: Americas Stage 1,"Regular Season: 
						Week 3",2024-04-21 19:15:00,NRG,LEVIATÁN,0 - 2,Victor,261,NRG,map,Brimstone,0.56,148,7,15,6,-8,76%,88,36%,2,1,+1,Bind,LEVIATÁN
314637,Champions Tour 2024: Americas Stage 1,"Regular Season: 
						Week 3",2024-04-21 19:15:00,NRG,LEVIATÁN,0 - 2,crashies,4,NRG,map,Gekko,0.41,91,6,14,1,-8,24%,61,47%,0,2,-2,Bind,LEVIATÁN
314637,Champions Tour 2024: Americas Stage 1,"Regular Season: 
						Week 3",2024-04-21 19:15:00,NRG,LEVIATÁN,0 - 2,Demon1,26171,NRG,map,Raze,0.38,133,7,15,3,-8,41%,85,44%,2,6,-4,Bind,LEVIATÁN
314637,Champions Tour 2024: Americas Stage 1,"Regular Season: 
						Week 3",2024-04-21 19:15:00,NRG,LEVIATÁN,0 - 2,aspas,8480,LEVIATÁN,map,Raze,1.61,283,19,8,4,+11,76%,181,33%,3,1,+2,Bind,LEVIATÁN
314637,Champions Tour 2024: Americas Stage 1,"Regular Season: 
						Week 3",2024-04-21 19:15:00,NRG,LEVIATÁN,0 - 2,kiNgg,8549,LEVIATÁN,map,Viper,1.53,248,16,8,10,+8,82%,171,21%,1,1,0,Bind,LEVIATÁN
314637,Champions Tour 2024: Americas Stage 1,"Regular Season: 
						Week 3",2024-04-21 19:15:00,NRG,LEVIATÁN,0 - 2,Mazino,7603,LEVIATÁN,map,Brimstone,1.47,279,17,10,8,+7,88%,185,27%,3,2,+1,Bind,LEVIATÁN
314637,Champions Tour 2024: Americas Stage 1,"Regular Season: 
						Week 3",2024-04-21 19:15:00,NRG,LEVIATÁN,0 - 2,tex,1818,LEVIATÁN,map,Gekko,1.09,179,11,9,4,+2,71%,110,37%,3,1,+2,Bind,LEVIATÁN
314637,Champions Tour 2024: Americas Stage 1,"Regular Season: 
						Week 3",2024-04-21 19:15:00,NRG,LEVIATÁN,0 - 2,C0M,619,LEVIATÁN,map,Skye,1.02,134,8,8,7,0,82%,98,38%,1,1,0,Bind,LEVIATÁN
314638,Champions Tour 2024: Americas Stage 1,"Regular Season: 
						Week 3",2024-04-22 17:00:00,G2 Esports,FURIA,2 - 0,trent,15500,G2 Esports,overall,"Fade, Sova",1.73,248,31,10,14,+21,88%,161,33%,2,0,+2,,
314638,Champions Tour 2024: Americas Stage 1,"Regular Season: 
						Week 3",2024-04-22 17:00:00,G2 Esports,FURIA,2 - 0,leaf,7873,G2 Esports,overall,Killjoy,1.50,244,33,11,5,+22,91%,146,19%,5,1,+4,,
314638,Champions Tour 2024: Americas Stage 1,"Regular Season: 
						Week 3",2024-04-22 17:00:00,G2 Esports,FURIA,2 - 0,JonahP,4581,G2 Esports,overall,Viper,1.44,250,30,17,10,+13,91%,159,28%,3,1,+2,,
314638,Champions Tour 2024: Americas Stage 1,"Regular Season: 
						Week 3",2024-04-22 17:00:00,G2 Esports,FURIA,2 - 0,icy,8402,G2 Esports,overall,"Raze, Gekko",1.17,231,26,20,8,+6,88%,144,21%,11,3,+8,,
314638,Champions Tour 2024: Americas Stage 1,"Regular Season: 
						Week 3",2024-04-22 17:00:00,G2 Esports,FURIA,2 - 0,valyn,3885,G2 Esports,overall,"Omen, Harbor",0.99,161,19,17,12,+2,84%,96,20%,3,3,0,,
314638,Champions Tour 2024: Americas Stage 1,"Regular Season: 
						Week 3",2024-04-22 17:00:00,G2 Esports,FURIA,2 - 0,nzr,725,FURIA,overall,"Fade, Kayo",0.89,168,20,26,4,-6,53%,99,20%,2,1,+1,,
314638,Champions Tour 2024: Americas Stage 1,"Regular Season: 
						Week 3",2024-04-22 17:00:00,G2 Esports,FURIA,2 - 0,havoc,8706,FURIA,overall,"Killjoy, Gekko",0.66,160,17,28,5,-11,47%,114,40%,1,5,-4,,
314638,Champions Tour 2024: Americas Stage 1,"Regular Season: 
						Week 3",2024-04-22 17:00:00,G2 Esports,FURIA,2 - 0,kon4n,1671,FURIA,overall,Viper,0.58,148,17,28,2,-11,50%,97,32%,2,5,-3,,
314638,Champions Tour 2024: Americas Stage 1,"Regular Season: 
						Week 3",2024-04-22 17:00:00,G2 Esports,FURIA,2 - 0,Khalil,1711,FURIA,overall,"Omen, Killjoy",0.50,119,10,26,8,-16,47%,98,30%,1,6,-5,,
314638,Champions Tour 2024: Americas Stage 1,"Regular Season: 
						Week 3",2024-04-22 17:00:00,G2 Esports,FURIA,2 - 0,mwzera,939,FURIA,overall,"Raze, Omen",0.33,122,11,31,12,-20,59%,78,15%,2,7,-5,,
314638,Champions Tour 2024: Americas Stage 1,"Regular Season: 
						Week 3",2024-04-22 17:00:00,G2 Esports,FURIA,2 - 0,leaf,7873,G2 Esports,map,Killjoy,1.49,242,19,6,1,+13,88%,123,18%,2,0,+2,Lotus,G2 Esports
314638,Champions Tour 2024: Americas Stage 1,"Regular Season: 
						Week 3",2024-04-22 17:00:00,G2 Esports,FURIA,2 - 0,trent,15500,G2 Esports,map,Fade,1.42,192,12,5,7,+7,88%,117,38%,1,0,+1,Lotus,G2 Esports
314638,Champions Tour 2024: Americas Stage 1,"Regular Season: 
						Week 3",2024-04-22 17:00:00,G2 Esports,FURIA,2 - 0,icy,8402,G2 Esports,map,Raze,1.36,298,15,10,4,+5,88%,196,19%,8,1,+7,Lotus,G2 Esports
314638,Champions Tour 2024: Americas Stage 1,"Regular Season: 
						Week 3",2024-04-22 17:00:00,G2 Esports,FURIA,2 - 0,JonahP,4581,G2 Esports,map,Viper,1.27,213,11,9,7,+2,94%,138,28%,0,1,-1,Lotus,G2 Esports
314638,Champions Tour 2024: Americas Stage 1,"Regular Season: 
						Week 3",2024-04-22 17:00:00,G2 Esports,FURIA,2 - 0,valyn,3885,G2 Esports,map,Omen,1.09,158,10,8,8,+2,94%,92,25%,2,1,+1,Lotus,G2 Esports
314638,Champions Tour 2024: Americas Stage 1,"Regular Season: 
						Week 3",2024-04-22 17:00:00,G2 Esports,FURIA,2 - 0,kon4n,1671,FURIA,map,Viper,1.02,223,14,13,1,+1,75%,135,38%,2,2,0,Lotus,G2 Esports
314638,Champions Tour 2024: Americas Stage 1,"Regular Season: 
						Week 3",2024-04-22 17:00:00,G2 Esports,FURIA,2 - 0,havoc,8706,FURIA,map,Killjoy,0.76,182,9,14,3,-5,38%,135,29%,0,2,-2,Lotus,G2 Esports
314638,Champions Tour 2024: Americas Stage 1,"Regular Season: 
						Week 3",2024-04-22 17:00:00,G2 Esports,FURIA,2 - 0,nzr,725,FURIA,map,Fade,0.70,109,6,12,2,-6,44%,68,14%,0,1,-1,Lotus,G2 Esports
314638,Champions Tour 2024: Americas Stage 1,"Regular Season: 
						Week 3",2024-04-22 17:00:00,G2 Esports,FURIA,2 - 0,mwzera,939,FURIA,map,Raze,0.46,143,6,15,7,-9,75%,97,5%,1,5,-4,Lotus,G2 Esports
314638,Champions Tour 2024: Americas Stage 1,"Regular Season: 
						Week 3",2024-04-22 17:00:00,G2 Esports,FURIA,2 - 0,Khalil,1711,FURIA,map,Omen,0.28,78,3,13,3,-10,50%,59,16%,0,3,-3,Lotus,G2 Esports
314638,Champions Tour 2024: Americas Stage 1,"Regular Season: 
						Week 3",2024-04-22 17:00:00,G2 Esports,FURIA,2 - 0,trent,15500,G2 Esports,map,Sova,2.04,304,19,5,7,+14,88%,205,30%,1,0,+1,Icebox,G2 Esports
314638,Champions Tour 2024: Americas Stage 1,"Regular Season: 
						Week 3",2024-04-22 17:00:00,G2 Esports,FURIA,2 - 0,JonahP,4581,G2 Esports,map,Viper,1.62,286,19,8,3,+11,88%,180,28%,3,0,+3,Icebox,G2 Esports
314638,Champions Tour 2024: Americas Stage 1,"Regular Season: 
						Week 3",2024-04-22 17:00:00,G2 Esports,FURIA,2 - 0,leaf,7873,G2 Esports,map,Killjoy,1.52,246,14,5,4,+9,94%,170,19%,3,1,+2,Icebox,G2 Esports
314638,Champions Tour 2024: Americas Stage 1,"Regular Season: 
						Week 3",2024-04-22 17:00:00,G2 Esports,FURIA,2 - 0,icy,8402,G2 Esports,map,Gekko,0.97,164,11,10,4,+1,88%,92,25%,3,2,+1,Icebox,G2 Esports
314638,Champions Tour 2024: Americas Stage 1,"Regular Season: 
						Week 3",2024-04-22 17:00:00,G2 Esports,FURIA,2 - 0,valyn,3885,G2 Esports,map,Harbor,0.90,164,9,9,4,0,75%,99,16%,1,2,-1,Icebox,G2 Esports
314638,Champions Tour 2024: Americas Stage 1,"Regular Season: 
						Week 3",2024-04-22 17:00:00,G2 Esports,FURIA,2 - 0,nzr,725,FURIA,map,Kayo,1.08,226,14,14,2,0,63%,130,24%,2,0,+2,Icebox,G2 Esports
314638,Champions Tour 2024: Americas Stage 1,"Regular Season: 
						Week 3",2024-04-22 17:00:00,G2 Esports,FURIA,2 - 0,Khalil,1711,FURIA,map,Killjoy,0.72,160,7,13,5,-6,44%,138,39%,1,3,-2,Icebox,G2 Esports
314638,Champions Tour 2024: Americas Stage 1,"Regular Season: 
						Week 3",2024-04-22 17:00:00,G2 Esports,FURIA,2 - 0,havoc,8706,FURIA,map,Gekko,0.56,137,8,14,2,-6,56%,93,64%,1,3,-2,Icebox,G2 Esports
314638,Champions Tour 2024: Americas Stage 1,"Regular Season: 
						Week 3",2024-04-22 17:00:00,G2 Esports,FURIA,2 - 0,mwzera,939,FURIA,map,Omen,0.20,100,5,16,5,-11,44%,60,50%,1,2,-1,Icebox,G2 Esports
314638,Champions Tour 2024: Americas Stage 1,"Regular Season: 
						Week 3",2024-04-22 17:00:00,G2 Esports,FURIA,2 - 0,kon4n,1671,FURIA,map,Viper,0.13,72,3,15,1,-12,25%,60,21%,0,3,-3,Icebox,G2 Esports
314639,Champions Tour 2024: Americas Stage 1,"Regular Season: 
						Week 3",2024-04-22 19:00:00,Cloud9,100 Thieves,0 - 2,OXY,18796,Cloud9,overall,"Raze, Jett",0.99,255,35,37,7,-2,64%,165,36%,9,7,+2,,
314639,Champions Tour 2024: Americas Stage 1,"Regular Season: 
						Week 3",2024-04-22 19:00:00,Cloud9,100 Thieves,0 - 2,Xeppaa,7871,Cloud9,overall,"Skye, Kayo",0.90,180,21,31,17,-10,72%,136,22%,1,3,-2,,
314639,Champions Tour 2024: Americas Stage 1,"Regular Season: 
						Week 3",2024-04-22 19:00:00,Cloud9,100 Thieves,0 - 2,vanity,7870,Cloud9,overall,"Brimstone, Omen",0.70,152,19,33,18,-14,56%,101,24%,2,5,-3,,
314639,Champions Tour 2024: Americas Stage 1,"Regular Season: 
						Week 3",2024-04-22 19:00:00,Cloud9,100 Thieves,0 - 2,runi,16003,Cloud9,overall,"Viper, Sova",0.59,127,17,32,4,-15,56%,90,23%,3,3,0,,
314639,Champions Tour 2024: Americas Stage 1,"Regular Season: 
						Week 3",2024-04-22 19:00:00,Cloud9,100 Thieves,0 - 2,moose,7458,Cloud9,overall,Cypher,0.58,117,15,32,7,-17,54%,79,17%,2,4,-2,,
314639,Champions Tour 2024: Americas Stage 1,"Regular Season: 
						Week 3",2024-04-22 19:00:00,Cloud9,100 Thieves,0 - 2,Asuna,601,100 Thieves,overall,"Raze, Kayo",1.46,251,36,21,27,+15,90%,162,22%,3,2,+1,,
314639,Champions Tour 2024: Americas Stage 1,"Regular Season: 
						Week 3",2024-04-22 19:00:00,Cloud9,100 Thieves,0 - 2,eeiu,796,100 Thieves,overall,"Fade, Sova",1.37,194,29,17,9,+12,82%,144,31%,1,0,+1,,
314639,Champions Tour 2024: Americas Stage 1,"Regular Season: 
						Week 3",2024-04-22 19:00:00,Cloud9,100 Thieves,0 - 2,bang,3880,100 Thieves,overall,"Viper, Omen",1.36,236,36,19,11,+17,90%,141,33%,4,4,0,,
314639,Champions Tour 2024: Americas Stage 1,"Regular Season: 
						Week 3",2024-04-22 19:00:00,Cloud9,100 Thieves,0 - 2,Cryocells,4147,100 Thieves,overall,"Brimstone, Jett",1.34,282,40,25,11,+15,79%,181,21%,9,4,+5,,
314639,Champions Tour 2024: Americas Stage 1,"Regular Season: 
						Week 3",2024-04-22 19:00:00,Cloud9,100 Thieves,0 - 2,Boostio,604,100 Thieves,overall,"Gekko, Killjoy",0.92,195,24,25,15,-1,85%,131,17%,5,7,-2,,
314639,Champions Tour 2024: Americas Stage 1,"Regular Season: 
						Week 3",2024-04-22 19:00:00,Cloud9,100 Thieves,0 - 2,OXY,18796,Cloud9,map,Raze,1.07,256,18,18,3,0,60%,169,41%,4,4,0,Bind,100 Thieves
314639,Champions Tour 2024: Americas Stage 1,"Regular Season: 
						Week 3",2024-04-22 19:00:00,Cloud9,100 Thieves,0 - 2,Xeppaa,7871,Cloud9,map,Skye,1.01,184,12,15,6,-3,70%,143,29%,1,2,-1,Bind,100 Thieves
314639,Champions Tour 2024: Americas Stage 1,"Regular Season: 
						Week 3",2024-04-22 19:00:00,Cloud9,100 Thieves,0 - 2,moose,7458,Cloud9,map,Cypher,0.68,119,8,16,3,-8,55%,69,16%,2,0,+2,Bind,100 Thieves
314639,Champions Tour 2024: Americas Stage 1,"Regular Season: 
						Week 3",2024-04-22 19:00:00,Cloud9,100 Thieves,0 - 2,vanity,7870,Cloud9,map,Brimstone,0.66,143,10,17,9,-7,70%,93,26%,0,4,-4,Bind,100 Thieves
314639,Champions Tour 2024: Americas Stage 1,"Regular Season: 
						Week 3",2024-04-22 19:00:00,Cloud9,100 Thieves,0 - 2,runi,16003,Cloud9,map,Viper,0.63,162,11,17,2,-6,65%,112,26%,2,1,+1,Bind,100 Thieves
314639,Champions Tour 2024: Americas Stage 1,"Regular Season: 
						Week 3",2024-04-22 19:00:00,Cloud9,100 Thieves,0 - 2,Asuna,601,100 Thieves,map,Raze,1.47,285,22,11,4,+11,90%,191,22%,3,1,+2,Bind,100 Thieves
314639,Champions Tour 2024: Americas Stage 1,"Regular Season: 
						Week 3",2024-04-22 19:00:00,Cloud9,100 Thieves,0 - 2,eeiu,796,100 Thieves,map,Fade,1.37,221,17,9,4,+8,80%,158,31%,1,0,+1,Bind,100 Thieves
314639,Champions Tour 2024: Americas Stage 1,"Regular Season: 
						Week 3",2024-04-22 19:00:00,Cloud9,100 Thieves,0 - 2,bang,3880,100 Thieves,map,Viper,1.19,193,15,10,4,+5,85%,113,28%,2,3,-1,Bind,100 Thieves
314639,Champions Tour 2024: Americas Stage 1,"Regular Season: 
						Week 3",2024-04-22 19:00:00,Cloud9,100 Thieves,0 - 2,Cryocells,4147,100 Thieves,map,Brimstone,1.13,249,18,15,5,+3,75%,161,27%,3,1,+2,Bind,100 Thieves
314639,Champions Tour 2024: Americas Stage 1,"Regular Season: 
						Week 3",2024-04-22 19:00:00,Cloud9,100 Thieves,0 - 2,Boostio,604,100 Thieves,map,Gekko,0.75,175,11,14,7,-3,90%,119,16%,2,4,-2,Bind,100 Thieves
314639,Champions Tour 2024: Americas Stage 1,"Regular Season: 
						Week 3",2024-04-22 19:00:00,Cloud9,100 Thieves,0 - 2,OXY,18796,Cloud9,map,Jett,0.91,253,17,19,4,-2,68%,161,31%,5,3,+2,Ascent,100 Thieves
314639,Champions Tour 2024: Americas Stage 1,"Regular Season: 
						Week 3",2024-04-22 19:00:00,Cloud9,100 Thieves,0 - 2,Xeppaa,7871,Cloud9,map,Kayo,0.79,176,9,16,11,-7,74%,128,16%,0,1,-1,Ascent,100 Thieves
314639,Champions Tour 2024: Americas Stage 1,"Regular Season: 
						Week 3",2024-04-22 19:00:00,Cloud9,100 Thieves,0 - 2,vanity,7870,Cloud9,map,Omen,0.75,160,9,16,9,-7,42%,108,21%,2,1,+1,Ascent,100 Thieves
314639,Champions Tour 2024: Americas Stage 1,"Regular Season: 
						Week 3",2024-04-22 19:00:00,Cloud9,100 Thieves,0 - 2,runi,16003,Cloud9,map,Sova,0.55,91,6,15,2,-9,47%,65,19%,1,2,-1,Ascent,100 Thieves
314639,Champions Tour 2024: Americas Stage 1,"Regular Season: 
						Week 3",2024-04-22 19:00:00,Cloud9,100 Thieves,0 - 2,moose,7458,Cloud9,map,Cypher,0.47,115,7,16,4,-9,53%,89,18%,0,4,-4,Ascent,100 Thieves
314639,Champions Tour 2024: Americas Stage 1,"Regular Season: 
						Week 3",2024-04-22 19:00:00,Cloud9,100 Thieves,0 - 2,Cryocells,4147,100 Thieves,map,Jett,1.57,314,22,10,6,+12,84%,202,16%,6,3,+3,Ascent,100 Thieves
314639,Champions Tour 2024: Americas Stage 1,"Regular Season: 
						Week 3",2024-04-22 19:00:00,Cloud9,100 Thieves,0 - 2,bang,3880,100 Thieves,map,Omen,1.55,279,21,9,7,+12,95%,169,37%,2,1,+1,Ascent,100 Thieves
314639,Champions Tour 2024: Americas Stage 1,"Regular Season: 
						Week 3",2024-04-22 19:00:00,Cloud9,100 Thieves,0 - 2,Asuna,601,100 Thieves,map,Kayo,1.44,216,14,10,23,+4,89%,130,22%,0,1,-1,Ascent,100 Thieves
314639,Champions Tour 2024: Americas Stage 1,"Regular Season: 
						Week 3",2024-04-22 19:00:00,Cloud9,100 Thieves,0 - 2,eeiu,796,100 Thieves,map,Sova,1.38,166,12,8,5,+4,84%,130,31%,0,0,0,Ascent,100 Thieves
314639,Champions Tour 2024: Americas Stage 1,"Regular Season: 
						Week 3",2024-04-22 19:00:00,Cloud9,100 Thieves,0 - 2,Boostio,604,100 Thieves,map,Killjoy,1.09,214,13,11,8,+2,79%,143,17%,3,3,0,Ascent,100 Thieves
314640,Champions Tour 2024: Americas Stage 1,"Regular Season: 
						Week 3",2024-04-23 17:00:00,Sentinels,Evil Geniuses,1 - 2,johnqt,1265,Sentinels,overall,"Viper, Cypher",1.12,207,54,47,27,+7,70%,126,22%,3,4,-1,,
314640,Champions Tour 2024: Americas Stage 1,"Regular Season: 
						Week 3",2024-04-23 17:00:00,Sentinels,Evil Geniuses,1 - 2,TenZ,9,Sentinels,overall,"Omen, Gekko",1.06,223,52,53,32,-1,73%,139,24%,8,5,+3,,
314640,Champions Tour 2024: Americas Stage 1,"Regular Season: 
						Week 3",2024-04-23 17:00:00,Sentinels,Evil Geniuses,1 - 2,Zellsis,729,Sentinels,overall,"Killjoy, Brimstone, Kayo",1.01,204,46,50,32,-4,64%,130,25%,7,11,-4,,
314640,Champions Tour 2024: Americas Stage 1,"Regular Season: 
						Week 3",2024-04-23 17:00:00,Sentinels,Evil Geniuses,1 - 2,zekken,4004,Sentinels,overall,Raze,0.97,231,54,55,10,-1,69%,159,22%,16,8,+8,,
314640,Champions Tour 2024: Americas Stage 1,"Regular Season: 
						Week 3",2024-04-23 17:00:00,Sentinels,Evil Geniuses,1 - 2,Sacy,659,Sentinels,overall,"Fade, Skye, Gekko",0.85,164,40,50,23,-10,69%,112,31%,3,5,-2,,
314640,Champions Tour 2024: Americas Stage 1,"Regular Season: 
						Week 3",2024-04-23 17:00:00,Sentinels,Evil Geniuses,1 - 2,jawgemo,3993,Evil Geniuses,overall,Raze,1.11,253,59,51,10,+8,69%,165,19%,14,10,+4,,
314640,Champions Tour 2024: Americas Stage 1,"Regular Season: 
						Week 3",2024-04-23 17:00:00,Sentinels,Evil Geniuses,1 - 2,Apoth,5188,Evil Geniuses,overall,"Cypher, Brimstone",1.06,215,53,47,15,+6,60%,141,39%,3,11,-8,,
314640,Champions Tour 2024: Americas Stage 1,"Regular Season: 
						Week 3",2024-04-23 17:00:00,Sentinels,Evil Geniuses,1 - 2,NaturE,4927,Evil Geniuses,overall,"Viper, Skye, Breach",0.96,182,48,47,28,+1,69%,121,28%,2,4,-2,,
314640,Champions Tour 2024: Americas Stage 1,"Regular Season: 
						Week 3",2024-04-23 17:00:00,Sentinels,Evil Geniuses,1 - 2,supamen,826,Evil Geniuses,overall,"Omen, Viper",0.95,194,51,51,14,0,73%,127,37%,10,6,+4,,
314640,Champions Tour 2024: Americas Stage 1,"Regular Season: 
						Week 3",2024-04-23 17:00:00,Sentinels,Evil Geniuses,1 - 2,Derrek,1533,Evil Geniuses,overall,"Fade, Gekko",0.89,169,44,50,15,-6,66%,116,28%,4,6,-2,,
314640,Champions Tour 2024: Americas Stage 1,"Regular Season: 
						Week 3",2024-04-23 17:00:00,Sentinels,Evil Geniuses,1 - 2,TenZ,9,Sentinels,map,Omen,1.39,261,21,17,14,+4,74%,167,16%,1,0,+1,Lotus,Sentinels
314640,Champions Tour 2024: Americas Stage 1,"Regular Season: 
						Week 3",2024-04-23 17:00:00,Sentinels,Evil Geniuses,1 - 2,zekken,4004,Sentinels,map,Raze,1.26,255,22,16,3,+6,87%,175,24%,7,4,+3,Lotus,Sentinels
314640,Champions Tour 2024: Americas Stage 1,"Regular Season: 
						Week 3",2024-04-23 17:00:00,Sentinels,Evil Geniuses,1 - 2,johnqt,1265,Sentinels,map,Viper,1.20,201,18,14,11,+4,83%,122,22%,1,1,0,Lotus,Sentinels
314640,Champions Tour 2024: Americas Stage 1,"Regular Season: 
						Week 3",2024-04-23 17:00:00,Sentinels,Evil Geniuses,1 - 2,Zellsis,729,Sentinels,map,Killjoy,0.99,224,16,17,6,-1,61%,143,19%,3,4,-1,Lotus,Sentinels
314640,Champions Tour 2024: Americas Stage 1,"Regular Season: 
						Week 3",2024-04-23 17:00:00,Sentinels,Evil Geniuses,1 - 2,Sacy,659,Sentinels,map,Fade,0.55,131,10,19,5,-9,61%,91,39%,0,2,-2,Lotus,Sentinels
314640,Champions Tour 2024: Americas Stage 1,"Regular Season: 
						Week 3",2024-04-23 17:00:00,Sentinels,Evil Geniuses,1 - 2,jawgemo,3993,Evil Geniuses,map,Raze,1.49,383,29,19,3,+10,61%,242,18%,7,3,+4,Lotus,Sentinels
314640,Champions Tour 2024: Americas Stage 1,"Regular Season: 
						Week 3",2024-04-23 17:00:00,Sentinels,Evil Geniuses,1 - 2,Apoth,5188,Evil Geniuses,map,Cypher,1.12,229,19,16,3,+3,57%,157,66%,1,2,-1,Lotus,Sentinels
314640,Champions Tour 2024: Americas Stage 1,"Regular Season: 
						Week 3",2024-04-23 17:00:00,Sentinels,Evil Geniuses,1 - 2,supamen,826,Evil Geniuses,map,Omen,0.85,161,14,18,6,-4,91%,115,35%,2,1,+1,Lotus,Sentinels
314640,Champions Tour 2024: Americas Stage 1,"Regular Season: 
						Week 3",2024-04-23 17:00:00,Sentinels,Evil Geniuses,1 - 2,Derrek,1533,Evil Geniuses,map,Fade,0.75,130,12,16,1,-4,52%,98,32%,1,2,-1,Lotus,Sentinels
314640,Champions Tour 2024: Americas Stage 1,"Regular Season: 
						Week 3",2024-04-23 17:00:00,Sentinels,Evil Geniuses,1 - 2,NaturE,4927,Evil Geniuses,map,Viper,0.39,108,9,18,3,-9,48%,70,24%,0,4,-4,Lotus,Sentinels
314640,Champions Tour 2024: Americas Stage 1,"Regular Season: 
						Week 3",2024-04-23 17:00:00,Sentinels,Evil Geniuses,1 - 2,Sacy,659,Sentinels,map,Skye,1.35,231,21,14,7,+7,75%,142,35%,3,2,+1,Bind,Evil Geniuses
314640,Champions Tour 2024: Americas Stage 1,"Regular Season: 
						Week 3",2024-04-23 17:00:00,Sentinels,Evil Geniuses,1 - 2,johnqt,1265,Sentinels,map,Viper,1.15,209,17,17,8,0,54%,135,23%,1,0,+1,Bind,Evil Geniuses
314640,Champions Tour 2024: Americas Stage 1,"Regular Season: 
						Week 3",2024-04-23 17:00:00,Sentinels,Evil Geniuses,1 - 2,Zellsis,729,Sentinels,map,Brimstone,0.98,202,15,17,10,-2,71%,127,33%,4,3,+1,Bind,Evil Geniuses
314640,Champions Tour 2024: Americas Stage 1,"Regular Season: 
						Week 3",2024-04-23 17:00:00,Sentinels,Evil Geniuses,1 - 2,TenZ,9,Sentinels,map,Gekko,0.84,192,14,18,6,-4,63%,131,30%,4,3,+1,Bind,Evil Geniuses
314640,Champions Tour 2024: Americas Stage 1,"Regular Season: 
						Week 3",2024-04-23 17:00:00,Sentinels,Evil Geniuses,1 - 2,zekken,4004,Sentinels,map,Raze,0.47,132,9,19,6,-10,50%,100,18%,2,2,0,Bind,Evil Geniuses
314640,Champions Tour 2024: Americas Stage 1,"Regular Season: 
						Week 3",2024-04-23 17:00:00,Sentinels,Evil Geniuses,1 - 2,NaturE,4927,Evil Geniuses,map,Skye,1.49,273,24,14,14,+10,79%,172,26%,2,0,+2,Bind,Evil Geniuses
314640,Champions Tour 2024: Americas Stage 1,"Regular Season: 
						Week 3",2024-04-23 17:00:00,Sentinels,Evil Geniuses,1 - 2,Apoth,5188,Evil Geniuses,map,Brimstone,1.34,251,22,14,10,+8,71%,159,28%,0,4,-4,Bind,Evil Geniuses
314640,Champions Tour 2024: Americas Stage 1,"Regular Season: 
						Week 3",2024-04-23 17:00:00,Sentinels,Evil Geniuses,1 - 2,Derrek,1533,Evil Geniuses,map,Gekko,0.93,164,14,16,6,-2,71%,104,18%,1,4,-3,Bind,Evil Geniuses
314640,Champions Tour 2024: Americas Stage 1,"Regular Season: 
						Week 3",2024-04-23 17:00:00,Sentinels,Evil Geniuses,1 - 2,supamen,826,Evil Geniuses,map,Viper,0.91,201,17,16,2,+1,54%,128,29%,6,2,+4,Bind,Evil Geniuses
314640,Champions Tour 2024: Americas Stage 1,"Regular Season: 
						Week 3",2024-04-23 17:00:00,Sentinels,Evil Geniuses,1 - 2,jawgemo,3993,Evil Geniuses,map,Raze,0.60,113,8,16,4,-8,67%,89,13%,1,4,-3,Bind,Evil Geniuses
314640,Champions Tour 2024: Americas Stage 1,"Regular Season: 
						Week 3",2024-04-23 17:00:00,Sentinels,Evil Geniuses,1 - 2,zekken,4004,Sentinels,map,Raze,1.20,305,23,20,1,+3,70%,204,24%,7,2,+5,Sunset,Evil Geniuses
314640,Champions Tour 2024: Americas Stage 1,"Regular Season: 
						Week 3",2024-04-23 17:00:00,Sentinels,Evil Geniuses,1 - 2,Zellsis,729,Sentinels,map,Kayo,1.06,185,15,16,16,-1,61%,119,27%,0,4,-4,Sunset,Evil Geniuses
314640,Champions Tour 2024: Americas Stage 1,"Regular Season: 
						Week 3",2024-04-23 17:00:00,Sentinels,Evil Geniuses,1 - 2,johnqt,1265,Sentinels,map,Cypher,1.01,211,19,16,8,+3,74%,120,21%,1,3,-2,Sunset,Evil Geniuses
314640,Champions Tour 2024: Americas Stage 1,"Regular Season: 
						Week 3",2024-04-23 17:00:00,Sentinels,Evil Geniuses,1 - 2,TenZ,9,Sentinels,map,Omen,0.96,215,17,18,12,-1,83%,121,35%,3,2,+1,Sunset,Evil Geniuses
314640,Champions Tour 2024: Americas Stage 1,"Regular Season: 
						Week 3",2024-04-23 17:00:00,Sentinels,Evil Geniuses,1 - 2,Sacy,659,Sentinels,map,Gekko,0.62,131,9,17,11,-8,70%,101,20%,0,1,-1,Sunset,Evil Geniuses
314640,Champions Tour 2024: Americas Stage 1,"Regular Season: 
						Week 3",2024-04-23 17:00:00,Sentinels,Evil Geniuses,1 - 2,jawgemo,3993,Evil Geniuses,map,Raze,1.27,262,22,16,3,+6,78%,167,27%,6,3,+3,Sunset,Evil Geniuses
314640,Champions Tour 2024: Americas Stage 1,"Regular Season: 
						Week 3",2024-04-23 17:00:00,Sentinels,Evil Geniuses,1 - 2,supamen,826,Evil Geniuses,map,Omen,1.10,221,20,17,6,+3,74%,137,44%,2,3,-1,Sunset,Evil Geniuses
314640,Champions Tour 2024: Americas Stage 1,"Regular Season: 
						Week 3",2024-04-23 17:00:00,Sentinels,Evil Geniuses,1 - 2,Derrek,1533,Evil Geniuses,map,Fade,0.99,213,18,18,8,0,74%,147,33%,2,0,+2,Sunset,Evil Geniuses
314640,Champions Tour 2024: Americas Stage 1,"Regular Season: 
						Week 3",2024-04-23 17:00:00,Sentinels,Evil Geniuses,1 - 2,NaturE,4927,Evil Geniuses,map,Breach,0.98,166,15,15,11,0,78%,119,34%,0,0,0,Sunset,Evil Geniuses
314640,Champions Tour 2024: Americas Stage 1,"Regular Season: 
						Week 3",2024-04-23 17:00:00,Sentinels,Evil Geniuses,1 - 2,Apoth,5188,Evil Geniuses,map,Cypher,0.71,164,12,17,2,-5,52%,107,33%,2,5,-3,Sunset,Evil Geniuses
314641,Champions Tour 2024: Americas Stage 1,"Regular Season: 
						Week 3",2024-04-23 20:30:00,NRG,MIBR,2 - 0,Victor,261,NRG,overall,"Raze, Cypher",1.49,280,40,21,8,+19,79%,186,34%,3,2,+1,,
314641,Champions Tour 2024: Americas Stage 1,"Regular Season: 
						Week 3",2024-04-23 20:30:00,NRG,MIBR,2 - 0,Ethan,11225,NRG,overall,"Omen, Yoru",1.31,244,34,19,13,+15,87%,160,22%,2,5,-3,,
314641,Champions Tour 2024: Americas Stage 1,"Regular Season: 
						Week 3",2024-04-23 20:30:00,NRG,MIBR,2 - 0,crashies,4,NRG,overall,"Skye, Sova",1.12,201,29,21,7,+8,68%,118,26%,5,3,+2,,
314641,Champions Tour 2024: Americas Stage 1,"Regular Season: 
						Week 3",2024-04-23 20:30:00,NRG,MIBR,2 - 0,Marved,263,NRG,overall,Viper,1.03,197,26,21,11,+5,74%,131,34%,4,5,-1,,
314641,Champions Tour 2024: Americas Stage 1,"Regular Season: 
						Week 3",2024-04-23 20:30:00,NRG,MIBR,2 - 0,Demon1,26171,NRG,overall,Jett,0.94,174,22,24,9,-2,82%,119,25%,5,4,+1,,
314641,Champions Tour 2024: Americas Stage 1,"Regular Season: 
						Week 3",2024-04-23 20:30:00,NRG,MIBR,2 - 0,artzin,5957,MIBR,overall,Jett,1.00,220,27,33,11,-6,66%,154,31%,6,7,-1,,
314641,Champions Tour 2024: Americas Stage 1,"Regular Season: 
						Week 3",2024-04-23 20:30:00,NRG,MIBR,2 - 0,frz,651,MIBR,overall,"Viper, Cypher",0.98,167,22,28,11,-6,58%,110,25%,3,4,-1,,
314641,Champions Tour 2024: Americas Stage 1,"Regular Season: 
						Week 3",2024-04-23 20:30:00,NRG,MIBR,2 - 0,jzz,13093,MIBR,overall,"Raze, Sova",0.97,219,27,31,8,-4,66%,154,24%,8,4,+4,,
314641,Champions Tour 2024: Americas Stage 1,"Regular Season: 
						Week 3",2024-04-23 20:30:00,NRG,MIBR,2 - 0,RgLMeister,5351,MIBR,overall,"Astra, Viper",0.58,106,16,30,10,-14,53%,66,18%,1,1,0,,
314641,Champions Tour 2024: Americas Stage 1,"Regular Season: 
						Week 3",2024-04-23 20:30:00,NRG,MIBR,2 - 0,mazin,8872,MIBR,overall,"Skye, Kayo",0.50,87,14,29,8,-15,47%,63,22%,1,3,-2,,
314641,Champions Tour 2024: Americas Stage 1,"Regular Season: 
						Week 3",2024-04-23 20:30:00,NRG,MIBR,2 - 0,Victor,261,NRG,map,Raze,1.48,329,26,16,4,+10,73%,219,31%,0,2,-2,Split,NRG
314641,Champions Tour 2024: Americas Stage 1,"Regular Season: 
						Week 3",2024-04-23 20:30:00,NRG,MIBR,2 - 0,Ethan,11225,NRG,map,Omen,1.06,199,15,13,11,+2,91%,138,20%,1,2,-1,Split,NRG
314641,Champions Tour 2024: Americas Stage 1,"Regular Season: 
						Week 3",2024-04-23 20:30:00,NRG,MIBR,2 - 0,crashies,4,NRG,map,Skye,0.89,153,13,13,3,0,59%,84,28%,3,2,+1,Split,NRG
314641,Champions Tour 2024: Americas Stage 1,"Regular Season: 
						Week 3",2024-04-23 20:30:00,NRG,MIBR,2 - 0,Demon1,26171,NRG,map,Jett,0.86,184,14,17,4,-3,73%,116,26%,3,3,0,Split,NRG
314641,Champions Tour 2024: Americas Stage 1,"Regular Season: 
						Week 3",2024-04-23 20:30:00,NRG,MIBR,2 - 0,Marved,263,NRG,map,Viper,0.81,160,11,14,7,-3,68%,113,24%,1,5,-4,Split,NRG
314641,Champions Tour 2024: Americas Stage 1,"Regular Season: 
						Week 3",2024-04-23 20:30:00,NRG,MIBR,2 - 0,artzin,5957,MIBR,map,Jett,1.41,289,20,17,8,+3,82%,193,31%,4,1,+3,Split,NRG
314641,Champions Tour 2024: Americas Stage 1,"Regular Season: 
						Week 3",2024-04-23 20:30:00,NRG,MIBR,2 - 0,frz,651,MIBR,map,Viper,0.99,180,13,15,9,-2,73%,118,27%,1,1,0,Split,NRG
314641,Champions Tour 2024: Americas Stage 1,"Regular Season: 
						Week 3",2024-04-23 20:30:00,NRG,MIBR,2 - 0,jzz,13093,MIBR,map,Raze,0.96,227,17,17,4,0,73%,147,16%,7,3,+4,Split,NRG
314641,Champions Tour 2024: Americas Stage 1,"Regular Season: 
						Week 3",2024-04-23 20:30:00,NRG,MIBR,2 - 0,RgLMeister,5351,MIBR,map,Astra,0.76,137,11,15,7,-4,55%,81,15%,1,1,0,Split,NRG
314641,Champions Tour 2024: Americas Stage 1,"Regular Season: 
						Week 3",2024-04-23 20:30:00,NRG,MIBR,2 - 0,mazin,8872,MIBR,map,Skye,0.75,123,12,15,4,-3,59%,80,24%,1,2,-1,Split,NRG
314641,Champions Tour 2024: Americas Stage 1,"Regular Season: 
						Week 3",2024-04-23 20:30:00,NRG,MIBR,2 - 0,Ethan,11225,NRG,map,Yoru,1.65,289,19,6,2,+13,81%,190,24%,1,3,-2,Breeze,NRG
314641,Champions Tour 2024: Americas Stage 1,"Regular Season: 
						Week 3",2024-04-23 20:30:00,NRG,MIBR,2 - 0,Victor,261,NRG,map,Cypher,1.50,231,14,5,4,+9,88%,141,43%,3,0,+3,Breeze,NRG
314641,Champions Tour 2024: Americas Stage 1,"Regular Season: 
						Week 3",2024-04-23 20:30:00,NRG,MIBR,2 - 0,crashies,4,NRG,map,Sova,1.43,249,16,8,4,+8,81%,164,24%,2,1,+1,Breeze,NRG
314641,Champions Tour 2024: Americas Stage 1,"Regular Season: 
						Week 3",2024-04-23 20:30:00,NRG,MIBR,2 - 0,Marved,263,NRG,map,Viper,1.33,233,15,7,4,+8,81%,156,50%,3,0,+3,Breeze,NRG
314641,Champions Tour 2024: Americas Stage 1,"Regular Season: 
						Week 3",2024-04-23 20:30:00,NRG,MIBR,2 - 0,Demon1,26171,NRG,map,Jett,1.06,163,8,7,5,+1,94%,123,25%,2,1,+1,Breeze,NRG
314641,Champions Tour 2024: Americas Stage 1,"Regular Season: 
						Week 3",2024-04-23 20:30:00,NRG,MIBR,2 - 0,jzz,13093,MIBR,map,Sova,0.99,210,10,14,4,-4,56%,163,41%,1,1,0,Breeze,NRG
314641,Champions Tour 2024: Americas Stage 1,"Regular Season: 
						Week 3",2024-04-23 20:30:00,NRG,MIBR,2 - 0,frz,651,MIBR,map,Cypher,0.97,153,9,13,2,-4,38%,98,23%,2,3,-1,Breeze,NRG
314641,Champions Tour 2024: Americas Stage 1,"Regular Season: 
						Week 3",2024-04-23 20:30:00,NRG,MIBR,2 - 0,artzin,5957,MIBR,map,Jett,0.44,151,7,16,3,-9,44%,101,29%,2,6,-4,Breeze,NRG
314641,Champions Tour 2024: Americas Stage 1,"Regular Season: 
						Week 3",2024-04-23 20:30:00,NRG,MIBR,2 - 0,RgLMeister,5351,MIBR,map,Viper,0.33,74,5,15,3,-10,50%,46,27%,0,0,0,Breeze,NRG
314641,Champions Tour 2024: Americas Stage 1,"Regular Season: 
						Week 3",2024-04-23 20:30:00,NRG,MIBR,2 - 0,mazin,8872,MIBR,map,Kayo,0.15,50,2,14,4,-12,31%,40,17%,0,1,-1,Breeze,NRG
314642,Champions Tour 2024: Americas Stage 1,"Regular Season: 
						Week 3",2024-04-24 17:00:00,G2 Esports,LEVIATÁN,1 - 2,leaf,7873,G2 Esports,overall,"Cypher, Killjoy",1.24,256,54,43,11,+11,69%,176,26%,6,7,-1,,
314642,Champions Tour 2024: Americas Stage 1,"Regular Season: 
						Week 3",2024-04-24 17:00:00,G2 Esports,LEVIATÁN,1 - 2,JonahP,4581,G2 Esports,overall,Viper,1.03,191,42,43,12,-1,69%,118,28%,5,2,+3,,
314642,Champions Tour 2024: Americas Stage 1,"Regular Season: 
						Week 3",2024-04-24 17:00:00,G2 Esports,LEVIATÁN,1 - 2,valyn,3885,G2 Esports,overall,"Harbor, Omen",0.84,158,33,45,14,-12,68%,105,30%,4,7,-3,,
314642,Champions Tour 2024: Americas Stage 1,"Regular Season: 
						Week 3",2024-04-24 17:00:00,G2 Esports,LEVIATÁN,1 - 2,icy,8402,G2 Esports,overall,"Yoru, Gekko, Raze",0.72,169,35,50,9,-15,61%,111,22%,6,10,-4,,
314642,Champions Tour 2024: Americas Stage 1,"Regular Season: 
						Week 3",2024-04-24 17:00:00,G2 Esports,LEVIATÁN,1 - 2,trent,15500,G2 Esports,overall,"Sova, Fade",0.65,135,29,48,8,-19,58%,97,39%,4,11,-7,,
314642,Champions Tour 2024: Americas Stage 1,"Regular Season: 
						Week 3",2024-04-24 17:00:00,G2 Esports,LEVIATÁN,1 - 2,aspas,8480,LEVIATÁN,overall,"Jett, Raze",1.43,258,63,34,8,+29,79%,173,29%,8,7,+1,,
314642,Champions Tour 2024: Americas Stage 1,"Regular Season: 
						Week 3",2024-04-24 17:00:00,G2 Esports,LEVIATÁN,1 - 2,kiNgg,8549,LEVIATÁN,overall,Viper,1.07,200,42,40,33,+2,79%,132,38%,8,2,+6,,
314642,Champions Tour 2024: Americas Stage 1,"Regular Season: 
						Week 3",2024-04-24 17:00:00,G2 Esports,LEVIATÁN,1 - 2,Mazino,7603,LEVIATÁN,overall,"Kayo, Harbor, Omen",1.01,200,45,41,30,+4,77%,131,24%,4,5,-1,,
314642,Champions Tour 2024: Americas Stage 1,"Regular Season: 
						Week 3",2024-04-24 17:00:00,G2 Esports,LEVIATÁN,1 - 2,tex,1818,LEVIATÁN,overall,"Cypher, Killjoy",0.98,203,44,37,4,+7,74%,138,43%,11,8,+3,,
314642,Champions Tour 2024: Americas Stage 1,"Regular Season: 
						Week 3",2024-04-24 17:00:00,G2 Esports,LEVIATÁN,1 - 2,C0M,619,LEVIATÁN,overall,"Sova, Fade",0.85,168,35,41,16,-6,71%,113,23%,6,3,+3,,
314642,Champions Tour 2024: Americas Stage 1,"Regular Season: 
						Week 3",2024-04-24 17:00:00,G2 Esports,LEVIATÁN,1 - 2,valyn,3885,G2 Esports,map,Harbor,1.01,220,14,16,2,-2,47%,151,36%,1,1,0,Breeze,LEVIATÁN
314642,Champions Tour 2024: Americas Stage 1,"Regular Season: 
						Week 3",2024-04-24 17:00:00,G2 Esports,LEVIATÁN,1 - 2,leaf,7873,G2 Esports,map,Cypher,0.89,206,14,15,3,-1,63%,135,30%,0,3,-3,Breeze,LEVIATÁN
314642,Champions Tour 2024: Americas Stage 1,"Regular Season: 
						Week 3",2024-04-24 17:00:00,G2 Esports,LEVIATÁN,1 - 2,JonahP,4581,G2 Esports,map,Viper,0.80,157,10,14,4,-4,58%,103,30%,1,0,+1,Breeze,LEVIATÁN
314642,Champions Tour 2024: Americas Stage 1,"Regular Season: 
						Week 3",2024-04-24 17:00:00,G2 Esports,LEVIATÁN,1 - 2,trent,15500,G2 Esports,map,Sova,0.78,144,10,15,2,-5,42%,103,30%,3,3,0,Breeze,LEVIATÁN
314642,Champions Tour 2024: Americas Stage 1,"Regular Season: 
						Week 3",2024-04-24 17:00:00,G2 Esports,LEVIATÁN,1 - 2,icy,8402,G2 Esports,map,Yoru,0.39,114,7,17,1,-10,53%,75,31%,3,4,-1,Breeze,LEVIATÁN
314642,Champions Tour 2024: Americas Stage 1,"Regular Season: 
						Week 3",2024-04-24 17:00:00,G2 Esports,LEVIATÁN,1 - 2,aspas,8480,LEVIATÁN,map,Jett,1.68,283,23,8,0,+15,79%,185,19%,3,3,0,Breeze,LEVIATÁN
314642,Champions Tour 2024: Americas Stage 1,"Regular Season: 
						Week 3",2024-04-24 17:00:00,G2 Esports,LEVIATÁN,1 - 2,tex,1818,LEVIATÁN,map,Cypher,1.44,298,21,11,0,+10,84%,190,54%,4,3,+1,Breeze,LEVIATÁN
314642,Champions Tour 2024: Americas Stage 1,"Regular Season: 
						Week 3",2024-04-24 17:00:00,G2 Esports,LEVIATÁN,1 - 2,kiNgg,8549,LEVIATÁN,map,Viper,1.10,205,11,12,15,-1,74%,141,30%,1,0,+1,Breeze,LEVIATÁN
314642,Champions Tour 2024: Americas Stage 1,"Regular Season: 
						Week 3",2024-04-24 17:00:00,G2 Esports,LEVIATÁN,1 - 2,C0M,619,LEVIATÁN,map,Sova,1.06,194,13,12,3,+1,74%,134,29%,2,1,+1,Breeze,LEVIATÁN
314642,Champions Tour 2024: Americas Stage 1,"Regular Season: 
						Week 3",2024-04-24 17:00:00,G2 Esports,LEVIATÁN,1 - 2,Mazino,7603,LEVIATÁN,map,Kayo,0.77,149,9,12,13,-3,74%,97,10%,1,1,0,Breeze,LEVIATÁN
314642,Champions Tour 2024: Americas Stage 1,"Regular Season: 
						Week 3",2024-04-24 17:00:00,G2 Esports,LEVIATÁN,1 - 2,leaf,7873,G2 Esports,map,Killjoy,1.98,385,28,12,5,+16,90%,262,31%,4,2,+2,Icebox,G2 Esports
314642,Champions Tour 2024: Americas Stage 1,"Regular Season: 
						Week 3",2024-04-24 17:00:00,G2 Esports,LEVIATÁN,1 - 2,icy,8402,G2 Esports,map,Gekko,1.17,228,17,14,6,+3,71%,148,26%,1,2,-1,Icebox,G2 Esports
314642,Champions Tour 2024: Americas Stage 1,"Regular Season: 
						Week 3",2024-04-24 17:00:00,G2 Esports,LEVIATÁN,1 - 2,JonahP,4581,G2 Esports,map,Viper,1.07,209,16,14,6,+2,76%,119,21%,2,1,+1,Icebox,G2 Esports
314642,Champions Tour 2024: Americas Stage 1,"Regular Season: 
						Week 3",2024-04-24 17:00:00,G2 Esports,LEVIATÁN,1 - 2,trent,15500,G2 Esports,map,Sova,0.69,110,8,15,3,-7,71%,84,33%,1,3,-2,Icebox,G2 Esports
314642,Champions Tour 2024: Americas Stage 1,"Regular Season: 
						Week 3",2024-04-24 17:00:00,G2 Esports,LEVIATÁN,1 - 2,valyn,3885,G2 Esports,map,Harbor,0.65,101,8,13,3,-5,81%,77,29%,2,3,-1,Icebox,G2 Esports
314642,Champions Tour 2024: Americas Stage 1,"Regular Season: 
						Week 3",2024-04-24 17:00:00,G2 Esports,LEVIATÁN,1 - 2,aspas,8480,LEVIATÁN,map,Jett,1.32,214,20,13,1,+7,76%,147,33%,1,1,0,Icebox,G2 Esports
314642,Champions Tour 2024: Americas Stage 1,"Regular Season: 
						Week 3",2024-04-24 17:00:00,G2 Esports,LEVIATÁN,1 - 2,kiNgg,8549,LEVIATÁN,map,Viper,0.94,203,14,17,14,-3,76%,136,42%,4,1,+3,Icebox,G2 Esports
314642,Champions Tour 2024: Americas Stage 1,"Regular Season: 
						Week 3",2024-04-24 17:00:00,G2 Esports,LEVIATÁN,1 - 2,C0M,619,LEVIATÁN,map,Sova,0.88,183,12,14,5,-2,76%,133,23%,1,0,+1,Icebox,G2 Esports
314642,Champions Tour 2024: Americas Stage 1,"Regular Season: 
						Week 3",2024-04-24 17:00:00,G2 Esports,LEVIATÁN,1 - 2,Mazino,7603,LEVIATÁN,map,Harbor,0.66,173,13,18,5,-5,62%,99,16%,2,4,-2,Icebox,G2 Esports
314642,Champions Tour 2024: Americas Stage 1,"Regular Season: 
						Week 3",2024-04-24 17:00:00,G2 Esports,LEVIATÁN,1 - 2,tex,1818,LEVIATÁN,map,Killjoy,0.55,138,9,15,3,-6,62%,107,35%,3,4,-1,Icebox,G2 Esports
314642,Champions Tour 2024: Americas Stage 1,"Regular Season: 
						Week 3",2024-04-24 17:00:00,G2 Esports,LEVIATÁN,1 - 2,JonahP,4581,G2 Esports,map,Viper,1.18,208,16,15,2,+1,73%,130,33%,2,1,+1,Lotus,LEVIATÁN
314642,Champions Tour 2024: Americas Stage 1,"Regular Season: 
						Week 3",2024-04-24 17:00:00,G2 Esports,LEVIATÁN,1 - 2,valyn,3885,G2 Esports,map,Omen,0.88,154,11,16,9,-5,73%,91,24%,1,3,-2,Lotus,LEVIATÁN
314642,Champions Tour 2024: Americas Stage 1,"Regular Season: 
						Week 3",2024-04-24 17:00:00,G2 Esports,LEVIATÁN,1 - 2,leaf,7873,G2 Esports,map,Killjoy,0.83,176,12,16,3,-4,55%,129,18%,2,2,0,Lotus,LEVIATÁN
314642,Champions Tour 2024: Americas Stage 1,"Regular Season: 
						Week 3",2024-04-24 17:00:00,G2 Esports,LEVIATÁN,1 - 2,icy,8402,G2 Esports,map,Raze,0.56,164,11,19,2,-8,59%,107,14%,2,4,-2,Lotus,LEVIATÁN
314642,Champions Tour 2024: Americas Stage 1,"Regular Season: 
						Week 3",2024-04-24 17:00:00,G2 Esports,LEVIATÁN,1 - 2,trent,15500,G2 Esports,map,Fade,0.50,152,11,18,3,-7,59%,103,50%,0,5,-5,Lotus,LEVIATÁN
314642,Champions Tour 2024: Americas Stage 1,"Regular Season: 
						Week 3",2024-04-24 17:00:00,G2 Esports,LEVIATÁN,1 - 2,Mazino,7603,LEVIATÁN,map,Omen,1.56,278,23,11,12,+12,95%,191,40%,1,0,+1,Lotus,LEVIATÁN
314642,Champions Tour 2024: Americas Stage 1,"Regular Season: 
						Week 3",2024-04-24 17:00:00,G2 Esports,LEVIATÁN,1 - 2,aspas,8480,LEVIATÁN,map,Raze,1.31,277,20,13,7,+7,82%,188,32%,4,3,+1,Lotus,LEVIATÁN
314642,Champions Tour 2024: Americas Stage 1,"Regular Season: 
						Week 3",2024-04-24 17:00:00,G2 Esports,LEVIATÁN,1 - 2,kiNgg,8549,LEVIATÁN,map,Viper,1.15,191,17,11,4,+6,86%,119,42%,3,1,+2,Lotus,LEVIATÁN
314642,Champions Tour 2024: Americas Stage 1,"Regular Season: 
						Week 3",2024-04-24 17:00:00,G2 Esports,LEVIATÁN,1 - 2,tex,1818,LEVIATÁN,map,Killjoy,0.99,174,14,11,1,+3,77%,122,41%,4,1,+3,Lotus,LEVIATÁN
314642,Champions Tour 2024: Americas Stage 1,"Regular Season: 
						Week 3",2024-04-24 17:00:00,G2 Esports,LEVIATÁN,1 - 2,C0M,619,LEVIATÁN,map,Fade,0.65,128,10,15,8,-5,64%,77,19%,3,2,+1,Lotus,LEVIATÁN
314643,Champions Tour 2024: Americas Stage 1,"Regular Season: 
						Week 3",2024-04-24 20:15:00,KRÜ Esports,LOUD,2 - 0,Shyy,24007,KRÜ Esports,overall,"Viper, Killjoy",1.29,236,36,26,13,+10,71%,168,28%,5,2,+3,,
314643,Champions Tour 2024: Americas Stage 1,"Regular Season: 
						Week 3",2024-04-24 20:15:00,KRÜ Esports,LOUD,2 - 0,Melser,1311,KRÜ Esports,overall,Omen,1.24,174,30,20,10,+10,76%,116,23%,1,4,-3,,
314643,Champions Tour 2024: Americas Stage 1,"Regular Season: 
						Week 3",2024-04-24 20:15:00,KRÜ Esports,LOUD,2 - 0,heat,8673,KRÜ Esports,overall,"Skye, Kayo",1.24,208,35,22,12,+13,81%,134,34%,3,4,-1,,
314643,Champions Tour 2024: Americas Stage 1,"Regular Season: 
						Week 3",2024-04-24 20:15:00,KRÜ Esports,LOUD,2 - 0,keznit,2462,KRÜ Esports,overall,"Raze, Jett",1.16,225,32,29,13,+3,74%,155,27%,8,7,+1,,
314643,Champions Tour 2024: Americas Stage 1,"Regular Season: 
						Week 3",2024-04-24 20:15:00,KRÜ Esports,LOUD,2 - 0,Klaus,2610,KRÜ Esports,overall,"Cypher, Sova",0.88,170,23,30,15,-7,71%,113,18%,4,4,0,,
314643,Champions Tour 2024: Americas Stage 1,"Regular Season: 
						Week 3",2024-04-24 20:15:00,KRÜ Esports,LOUD,2 - 0,saadhak,727,LOUD,overall,"Breach, Kayo",1.05,226,30,31,20,-1,67%,151,31%,8,3,+5,,
314643,Champions Tour 2024: Americas Stage 1,"Regular Season: 
						Week 3",2024-04-24 20:15:00,KRÜ Esports,LOUD,2 - 0,Less,8447,LOUD,overall,Viper,0.96,191,29,30,4,-1,60%,131,24%,2,3,-1,,
314643,Champions Tour 2024: Americas Stage 1,"Regular Season: 
						Week 3",2024-04-24 20:15:00,KRÜ Esports,LOUD,2 - 0,cauanzin,6193,LOUD,overall,"Skye, Sova",0.77,171,23,31,14,-8,79%,108,33%,5,5,0,,
314643,Champions Tour 2024: Americas Stage 1,"Regular Season: 
						Week 3",2024-04-24 20:15:00,KRÜ Esports,LOUD,2 - 0,tuyz,2408,LOUD,overall,Omen,0.71,121,17,28,15,-11,60%,80,38%,0,5,-5,,
314643,Champions Tour 2024: Americas Stage 1,"Regular Season: 
						Week 3",2024-04-24 20:15:00,KRÜ Esports,LOUD,2 - 0,Quick,1575,LOUD,overall,"Raze, Jett",0.71,191,28,36,4,-8,60%,119,22%,6,5,+1,,
314643,Champions Tour 2024: Americas Stage 1,"Regular Season: 
						Week 3",2024-04-24 20:15:00,KRÜ Esports,LOUD,2 - 0,keznit,2462,KRÜ Esports,map,Raze,1.46,270,18,14,11,+4,76%,187,23%,3,3,0,Split,KRÜ Esports
314643,Champions Tour 2024: Americas Stage 1,"Regular Season: 
						Week 3",2024-04-24 20:15:00,KRÜ Esports,LOUD,2 - 0,heat,8673,KRÜ Esports,map,Skye,1.21,199,17,11,6,+6,81%,131,28%,1,2,-1,Split,KRÜ Esports
314643,Champions Tour 2024: Americas Stage 1,"Regular Season: 
						Week 3",2024-04-24 20:15:00,KRÜ Esports,LOUD,2 - 0,Shyy,24007,KRÜ Esports,map,Viper,1.14,206,16,13,7,+3,67%,136,28%,4,0,+4,Split,KRÜ Esports
314643,Champions Tour 2024: Americas Stage 1,"Regular Season: 
						Week 3",2024-04-24 20:15:00,KRÜ Esports,LOUD,2 - 0,Klaus,2610,KRÜ Esports,map,Cypher,1.09,200,15,15,6,0,76%,117,22%,4,2,+2,Split,KRÜ Esports
314643,Champions Tour 2024: Americas Stage 1,"Regular Season: 
						Week 3",2024-04-24 20:15:00,KRÜ Esports,LOUD,2 - 0,Melser,1311,KRÜ Esports,map,Omen,0.90,96,8,10,4,-2,76%,62,14%,0,2,-2,Split,KRÜ Esports
314643,Champions Tour 2024: Americas Stage 1,"Regular Season: 
						Week 3",2024-04-24 20:15:00,KRÜ Esports,LOUD,2 - 0,saadhak,727,LOUD,map,Breach,1.15,259,19,16,6,+3,67%,172,33%,4,2,+2,Split,KRÜ Esports
314643,Champions Tour 2024: Americas Stage 1,"Regular Season: 
						Week 3",2024-04-24 20:15:00,KRÜ Esports,LOUD,2 - 0,Less,8447,LOUD,map,Viper,0.87,181,13,14,2,-1,62%,124,26%,1,1,0,Split,KRÜ Esports
314643,Champions Tour 2024: Americas Stage 1,"Regular Season: 
						Week 3",2024-04-24 20:15:00,KRÜ Esports,LOUD,2 - 0,Quick,1575,LOUD,map,Raze,0.82,193,14,16,2,-2,67%,130,20%,1,4,-3,Split,KRÜ Esports
314643,Champions Tour 2024: Americas Stage 1,"Regular Season: 
						Week 3",2024-04-24 20:15:00,KRÜ Esports,LOUD,2 - 0,cauanzin,6193,LOUD,map,Skye,0.66,154,10,15,9,-5,86%,98,34%,3,2,+1,Split,KRÜ Esports
314643,Champions Tour 2024: Americas Stage 1,"Regular Season: 
						Week 3",2024-04-24 20:15:00,KRÜ Esports,LOUD,2 - 0,tuyz,2408,LOUD,map,Omen,0.58,84,7,13,6,-6,62%,50,75%,0,3,-3,Split,KRÜ Esports
314643,Champions Tour 2024: Americas Stage 1,"Regular Season: 
						Week 3",2024-04-24 20:15:00,KRÜ Esports,LOUD,2 - 0,Melser,1311,KRÜ Esports,map,Omen,1.57,251,22,10,6,+12,76%,169,28%,1,2,-1,Ascent,KRÜ Esports
314643,Champions Tour 2024: Americas Stage 1,"Regular Season: 
						Week 3",2024-04-24 20:15:00,KRÜ Esports,LOUD,2 - 0,Shyy,24007,KRÜ Esports,map,Killjoy,1.45,266,20,13,6,+7,76%,199,28%,1,2,-1,Ascent,KRÜ Esports
314643,Champions Tour 2024: Americas Stage 1,"Regular Season: 
						Week 3",2024-04-24 20:15:00,KRÜ Esports,LOUD,2 - 0,heat,8673,KRÜ Esports,map,Kayo,1.26,217,18,11,6,+7,81%,137,41%,2,2,0,Ascent,KRÜ Esports
314643,Champions Tour 2024: Americas Stage 1,"Regular Season: 
						Week 3",2024-04-24 20:15:00,KRÜ Esports,LOUD,2 - 0,keznit,2462,KRÜ Esports,map,Jett,0.86,180,14,15,2,-1,71%,123,38%,5,4,+1,Ascent,KRÜ Esports
314643,Champions Tour 2024: Americas Stage 1,"Regular Season: 
						Week 3",2024-04-24 20:15:00,KRÜ Esports,LOUD,2 - 0,Klaus,2610,KRÜ Esports,map,Sova,0.68,139,8,15,9,-7,67%,109,14%,0,2,-2,Ascent,KRÜ Esports
314643,Champions Tour 2024: Americas Stage 1,"Regular Season: 
						Week 3",2024-04-24 20:15:00,KRÜ Esports,LOUD,2 - 0,Less,8447,LOUD,map,Viper,1.05,200,16,16,2,0,57%,138,21%,1,2,-1,Ascent,KRÜ Esports
314643,Champions Tour 2024: Americas Stage 1,"Regular Season: 
						Week 3",2024-04-24 20:15:00,KRÜ Esports,LOUD,2 - 0,saadhak,727,LOUD,map,Kayo,0.96,193,11,15,14,-4,67%,131,30%,4,1,+3,Ascent,KRÜ Esports
314643,Champions Tour 2024: Americas Stage 1,"Regular Season: 
						Week 3",2024-04-24 20:15:00,KRÜ Esports,LOUD,2 - 0,cauanzin,6193,LOUD,map,Sova,0.87,187,13,16,5,-3,71%,119,31%,2,3,-1,Ascent,KRÜ Esports
314643,Champions Tour 2024: Americas Stage 1,"Regular Season: 
						Week 3",2024-04-24 20:15:00,KRÜ Esports,LOUD,2 - 0,tuyz,2408,LOUD,map,Omen,0.84,157,10,15,9,-5,57%,110,32%,0,2,-2,Ascent,KRÜ Esports
314643,Champions Tour 2024: Americas Stage 1,"Regular Season: 
						Week 3",2024-04-24 20:15:00,KRÜ Esports,LOUD,2 - 0,Quick,1575,LOUD,map,Jett,0.59,189,14,20,2,-6,52%,108,26%,5,1,+4,Ascent,KRÜ Esports
314644,Champions Tour 2024: Americas Stage 1,"Regular Season: 
						Week 4",2024-04-27 17:00:00,G2 Esports,MIBR,2 - 0,trent,15500,G2 Esports,overall,"Sova, Gekko",1.36,208,28,18,12,+10,87%,140,26%,5,3,+2,,
314644,Champions Tour 2024: Americas Stage 1,"Regular Season: 
						Week 4",2024-04-27 17:00:00,G2 Esports,MIBR,2 - 0,valyn,3885,G2 Esports,overall,"Harbor, Brimstone",1.28,290,41,29,9,+12,74%,195,33%,3,5,-2,,
314644,Champions Tour 2024: Americas Stage 1,"Regular Season: 
						Week 4",2024-04-27 17:00:00,G2 Esports,MIBR,2 - 0,icy,8402,G2 Esports,overall,"Gekko, Raze",1.06,230,30,26,10,+4,71%,160,28%,4,6,-2,,
314644,Champions Tour 2024: Americas Stage 1,"Regular Season: 
						Week 4",2024-04-27 17:00:00,G2 Esports,MIBR,2 - 0,JonahP,4581,G2 Esports,overall,"Viper, Skye",1.05,182,26,24,18,+2,79%,119,33%,3,2,+1,,
314644,Champions Tour 2024: Americas Stage 1,"Regular Season: 
						Week 4",2024-04-27 17:00:00,G2 Esports,MIBR,2 - 0,leaf,7873,G2 Esports,overall,"Killjoy, Viper",1.00,216,29,24,7,+5,76%,157,31%,3,4,-1,,
314644,Champions Tour 2024: Americas Stage 1,"Regular Season: 
						Week 4",2024-04-27 17:00:00,G2 Esports,MIBR,2 - 0,RgLMeister,5351,MIBR,overall,"Viper, Brimstone",0.98,182,26,29,8,-3,68%,130,27%,3,1,+2,,
314644,Champions Tour 2024: Americas Stage 1,"Regular Season: 
						Week 4",2024-04-27 17:00:00,G2 Esports,MIBR,2 - 0,frz,651,MIBR,overall,"Killjoy, Viper",0.91,191,26,32,11,-6,76%,129,33%,5,4,+1,,
314644,Champions Tour 2024: Americas Stage 1,"Regular Season: 
						Week 4",2024-04-27 17:00:00,G2 Esports,MIBR,2 - 0,artzin,5957,MIBR,overall,"Sage, Raze",0.87,182,25,29,6,-4,68%,114,24%,6,5,+1,,
314644,Champions Tour 2024: Americas Stage 1,"Regular Season: 
						Week 4",2024-04-27 17:00:00,G2 Esports,MIBR,2 - 0,jzz,13093,MIBR,overall,"Gekko, Skye",0.83,199,27,32,7,-5,68%,139,26%,3,4,-1,,
314644,Champions Tour 2024: Americas Stage 1,"Regular Season: 
						Week 4",2024-04-27 17:00:00,G2 Esports,MIBR,2 - 0,mazin,8872,MIBR,overall,"Kayo, Gekko",0.52,142,17,32,14,-15,66%,93,25%,3,4,-1,,
314644,Champions Tour 2024: Americas Stage 1,"Regular Season: 
						Week 4",2024-04-27 17:00:00,G2 Esports,MIBR,2 - 0,trent,15500,G2 Esports,map,Sova,1.36,240,18,13,7,+5,91%,162,24%,3,1,+2,Icebox,G2 Esports
314644,Champions Tour 2024: Americas Stage 1,"Regular Season: 
						Week 4",2024-04-27 17:00:00,G2 Esports,MIBR,2 - 0,valyn,3885,G2 Esports,map,Harbor,1.12,282,23,18,3,+5,73%,172,33%,1,4,-3,Icebox,G2 Esports
314644,Champions Tour 2024: Americas Stage 1,"Regular Season: 
						Week 4",2024-04-27 17:00:00,G2 Esports,MIBR,2 - 0,JonahP,4581,G2 Esports,map,Viper,1.07,218,16,15,12,+1,77%,141,33%,2,2,0,Icebox,G2 Esports
314644,Champions Tour 2024: Americas Stage 1,"Regular Season: 
						Week 4",2024-04-27 17:00:00,G2 Esports,MIBR,2 - 0,icy,8402,G2 Esports,map,Gekko,0.93,188,16,16,6,0,64%,129,30%,1,3,-2,Icebox,G2 Esports
314644,Champions Tour 2024: Americas Stage 1,"Regular Season: 
						Week 4",2024-04-27 17:00:00,G2 Esports,MIBR,2 - 0,leaf,7873,G2 Esports,map,Killjoy,0.87,205,17,17,3,0,64%,149,30%,2,3,-1,Icebox,G2 Esports
314644,Champions Tour 2024: Americas Stage 1,"Regular Season: 
						Week 4",2024-04-27 17:00:00,G2 Esports,MIBR,2 - 0,RgLMeister,5351,MIBR,map,Viper,1.20,227,18,16,6,+2,82%,161,35%,3,0,+3,Icebox,G2 Esports
314644,Champions Tour 2024: Americas Stage 1,"Regular Season: 
						Week 4",2024-04-27 17:00:00,G2 Esports,MIBR,2 - 0,frz,651,MIBR,map,Killjoy,1.06,253,20,20,3,0,86%,168,36%,3,2,+1,Icebox,G2 Esports
314644,Champions Tour 2024: Americas Stage 1,"Regular Season: 
						Week 4",2024-04-27 17:00:00,G2 Esports,MIBR,2 - 0,artzin,5957,MIBR,map,Sage,0.89,172,15,18,2,-3,68%,108,35%,2,3,-1,Icebox,G2 Esports
314644,Champions Tour 2024: Americas Stage 1,"Regular Season: 
						Week 4",2024-04-27 17:00:00,G2 Esports,MIBR,2 - 0,jzz,13093,MIBR,map,Gekko,0.86,199,15,18,6,-3,73%,152,23%,2,1,+1,Icebox,G2 Esports
314644,Champions Tour 2024: Americas Stage 1,"Regular Season: 
						Week 4",2024-04-27 17:00:00,G2 Esports,MIBR,2 - 0,mazin,8872,MIBR,map,Kayo,0.61,156,11,18,10,-7,68%,95,30%,3,3,0,Icebox,G2 Esports
314644,Champions Tour 2024: Americas Stage 1,"Regular Season: 
						Week 4",2024-04-27 17:00:00,G2 Esports,MIBR,2 - 0,valyn,3885,G2 Esports,map,Brimstone,1.50,297,18,11,6,+7,75%,225,34%,2,1,+1,Bind,G2 Esports
314644,Champions Tour 2024: Americas Stage 1,"Regular Season: 
						Week 4",2024-04-27 17:00:00,G2 Esports,MIBR,2 - 0,trent,15500,G2 Esports,map,Gekko,1.36,176,10,5,5,+5,81%,108,28%,2,2,0,Bind,G2 Esports
314644,Champions Tour 2024: Americas Stage 1,"Regular Season: 
						Week 4",2024-04-27 17:00:00,G2 Esports,MIBR,2 - 0,icy,8402,G2 Esports,map,Raze,1.23,271,14,10,4,+4,81%,202,26%,3,3,0,Bind,G2 Esports
314644,Champions Tour 2024: Americas Stage 1,"Regular Season: 
						Week 4",2024-04-27 17:00:00,G2 Esports,MIBR,2 - 0,leaf,7873,G2 Esports,map,Viper,1.20,227,12,7,4,+5,94%,168,32%,1,1,0,Bind,G2 Esports
314644,Champions Tour 2024: Americas Stage 1,"Regular Season: 
						Week 4",2024-04-27 17:00:00,G2 Esports,MIBR,2 - 0,JonahP,4581,G2 Esports,map,Skye,1.01,146,10,9,6,+1,81%,89,33%,1,0,+1,Bind,G2 Esports
314644,Champions Tour 2024: Americas Stage 1,"Regular Season: 
						Week 4",2024-04-27 17:00:00,G2 Esports,MIBR,2 - 0,artzin,5957,MIBR,map,Raze,0.84,192,10,11,4,-1,69%,122,15%,4,2,+2,Bind,G2 Esports
314644,Champions Tour 2024: Americas Stage 1,"Regular Season: 
						Week 4",2024-04-27 17:00:00,G2 Esports,MIBR,2 - 0,jzz,13093,MIBR,map,Skye,0.78,198,12,14,1,-2,63%,121,32%,1,3,-2,Bind,G2 Esports
314644,Champions Tour 2024: Americas Stage 1,"Regular Season: 
						Week 4",2024-04-27 17:00:00,G2 Esports,MIBR,2 - 0,frz,651,MIBR,map,Viper,0.71,129,6,12,8,-6,63%,76,26%,2,2,0,Bind,G2 Esports
314644,Champions Tour 2024: Americas Stage 1,"Regular Season: 
						Week 4",2024-04-27 17:00:00,G2 Esports,MIBR,2 - 0,RgLMeister,5351,MIBR,map,Brimstone,0.67,136,8,13,2,-5,50%,88,11%,0,1,-1,Bind,G2 Esports
314644,Champions Tour 2024: Americas Stage 1,"Regular Season: 
						Week 4",2024-04-27 17:00:00,G2 Esports,MIBR,2 - 0,mazin,8872,MIBR,map,Gekko,0.40,128,6,14,4,-8,63%,90,20%,0,1,-1,Bind,G2 Esports
314645,Champions Tour 2024: Americas Stage 1,"Regular Season: 
						Week 4",2024-04-27 19:05:00,Sentinels,LOUD,0 - 2,zekken,4004,Sentinels,overall,"Raze, Jett",0.98,189,27,27,6,0,68%,118,19%,8,8,0,,
314645,Champions Tour 2024: Americas Stage 1,"Regular Season: 
						Week 4",2024-04-27 19:05:00,Sentinels,LOUD,0 - 2,johnqt,1265,Sentinels,overall,Viper,0.93,182,25,29,10,-4,78%,125,20%,5,3,+2,,
314645,Champions Tour 2024: Americas Stage 1,"Regular Season: 
						Week 4",2024-04-27 19:05:00,Sentinels,LOUD,0 - 2,Sacy,659,Sentinels,overall,"Fade, Gekko",0.86,181,28,29,9,-1,63%,109,28%,2,4,-2,,
314645,Champions Tour 2024: Americas Stage 1,"Regular Season: 
						Week 4",2024-04-27 19:05:00,Sentinels,LOUD,0 - 2,TenZ,9,Sentinels,overall,"Omen, Kayo",0.69,158,20,31,15,-11,71%,101,21%,3,4,-1,,
314645,Champions Tour 2024: Americas Stage 1,"Regular Season: 
						Week 4",2024-04-27 19:05:00,Sentinels,LOUD,0 - 2,Zellsis,729,Sentinels,overall,Killjoy,0.65,126,16,29,2,-13,59%,98,17%,2,2,0,,
314645,Champions Tour 2024: Americas Stage 1,"Regular Season: 
						Week 4",2024-04-27 19:05:00,Sentinels,LOUD,0 - 2,cauanzin,6193,LOUD,overall,"Fade, Sova",1.55,264,41,20,9,+21,80%,168,31%,5,0,+5,,
314645,Champions Tour 2024: Americas Stage 1,"Regular Season: 
						Week 4",2024-04-27 19:05:00,Sentinels,LOUD,0 - 2,Quick,1575,LOUD,overall,"Raze, Jett",1.15,240,35,28,3,+7,59%,158,31%,7,6,+1,,
314645,Champions Tour 2024: Americas Stage 1,"Regular Season: 
						Week 4",2024-04-27 19:05:00,Sentinels,LOUD,0 - 2,Less,8447,LOUD,overall,Viper,1.14,157,22,17,12,+5,88%,103,23%,2,3,-1,,
314645,Champions Tour 2024: Americas Stage 1,"Regular Season: 
						Week 4",2024-04-27 19:05:00,Sentinels,LOUD,0 - 2,tuyz,2408,LOUD,overall,"Omen, Harbor",1.13,172,27,22,12,+5,78%,109,39%,4,2,+2,,
314645,Champions Tour 2024: Americas Stage 1,"Regular Season: 
						Week 4",2024-04-27 19:05:00,Sentinels,LOUD,0 - 2,saadhak,727,LOUD,overall,"Deadlock, Killjoy",0.59,145,20,29,8,-9,59%,95,31%,3,9,-6,,
314645,Champions Tour 2024: Americas Stage 1,"Regular Season: 
						Week 4",2024-04-27 19:05:00,Sentinels,LOUD,0 - 2,zekken,4004,Sentinels,map,Raze,1.13,184,13,12,4,+1,75%,120,15%,3,3,0,Lotus,LOUD
314645,Champions Tour 2024: Americas Stage 1,"Regular Season: 
						Week 4",2024-04-27 19:05:00,Sentinels,LOUD,0 - 2,Zellsis,729,Sentinels,map,Killjoy,0.86,146,10,13,1,-3,60%,118,17%,0,1,-1,Lotus,LOUD
314645,Champions Tour 2024: Americas Stage 1,"Regular Season: 
						Week 4",2024-04-27 19:05:00,Sentinels,LOUD,0 - 2,TenZ,9,Sentinels,map,Omen,0.75,158,9,15,6,-6,65%,100,24%,2,1,+1,Lotus,LOUD
314645,Champions Tour 2024: Americas Stage 1,"Regular Season: 
						Week 4",2024-04-27 19:05:00,Sentinels,LOUD,0 - 2,johnqt,1265,Sentinels,map,Viper,0.64,159,10,16,4,-6,80%,100,28%,3,3,0,Lotus,LOUD
314645,Champions Tour 2024: Americas Stage 1,"Regular Season: 
						Week 4",2024-04-27 19:05:00,Sentinels,LOUD,0 - 2,Sacy,659,Sentinels,map,Fade,0.53,137,10,16,7,-6,60%,72,27%,1,3,-2,Lotus,LOUD
314645,Champions Tour 2024: Americas Stage 1,"Regular Season: 
						Week 4",2024-04-27 19:05:00,Sentinels,LOUD,0 - 2,cauanzin,6193,LOUD,map,Fade,1.70,262,20,7,7,+13,85%,160,31%,3,0,+3,Lotus,LOUD
314645,Champions Tour 2024: Americas Stage 1,"Regular Season: 
						Week 4",2024-04-27 19:05:00,Sentinels,LOUD,0 - 2,tuyz,2408,LOUD,map,Omen,1.28,212,17,10,6,+7,90%,133,41%,2,2,0,Lotus,LOUD
314645,Champions Tour 2024: Americas Stage 1,"Regular Season: 
						Week 4",2024-04-27 19:05:00,Sentinels,LOUD,0 - 2,Less,8447,LOUD,map,Viper,1.19,168,11,7,4,+4,90%,121,30%,0,1,-1,Lotus,LOUD
314645,Champions Tour 2024: Americas Stage 1,"Regular Season: 
						Week 4",2024-04-27 19:05:00,Sentinels,LOUD,0 - 2,Quick,1575,LOUD,map,Raze,1.12,257,19,15,0,+4,60%,156,26%,5,1,+4,Lotus,LOUD
314645,Champions Tour 2024: Americas Stage 1,"Regular Season: 
						Week 4",2024-04-27 19:05:00,Sentinels,LOUD,0 - 2,saadhak,727,LOUD,map,Deadlock,0.35,85,5,13,4,-8,65%,60,30%,1,5,-4,Lotus,LOUD
314645,Champions Tour 2024: Americas Stage 1,"Regular Season: 
						Week 4",2024-04-27 19:05:00,Sentinels,LOUD,0 - 2,johnqt,1265,Sentinels,map,Viper,1.20,205,15,13,6,+2,76%,150,17%,2,0,+2,Icebox,LOUD
314645,Champions Tour 2024: Americas Stage 1,"Regular Season: 
						Week 4",2024-04-27 19:05:00,Sentinels,LOUD,0 - 2,Sacy,659,Sentinels,map,Gekko,1.17,224,18,13,2,+5,67%,144,29%,1,1,0,Icebox,LOUD
314645,Champions Tour 2024: Americas Stage 1,"Regular Season: 
						Week 4",2024-04-27 19:05:00,Sentinels,LOUD,0 - 2,zekken,4004,Sentinels,map,Jett,0.85,193,14,15,2,-1,62%,117,25%,5,5,0,Icebox,LOUD
314645,Champions Tour 2024: Americas Stage 1,"Regular Season: 
						Week 4",2024-04-27 19:05:00,Sentinels,LOUD,0 - 2,TenZ,9,Sentinels,map,Kayo,0.64,158,11,16,9,-5,76%,102,18%,1,3,-2,Icebox,LOUD
314645,Champions Tour 2024: Americas Stage 1,"Regular Season: 
						Week 4",2024-04-27 19:05:00,Sentinels,LOUD,0 - 2,Zellsis,729,Sentinels,map,Killjoy,0.46,106,6,16,1,-10,57%,79,18%,2,1,+1,Icebox,LOUD
314645,Champions Tour 2024: Americas Stage 1,"Regular Season: 
						Week 4",2024-04-27 19:05:00,Sentinels,LOUD,0 - 2,cauanzin,6193,LOUD,map,Sova,1.40,266,21,13,2,+8,76%,177,32%,2,0,+2,Icebox,LOUD
314645,Champions Tour 2024: Americas Stage 1,"Regular Season: 
						Week 4",2024-04-27 19:05:00,Sentinels,LOUD,0 - 2,Quick,1575,LOUD,map,Jett,1.18,223,16,13,3,+3,57%,159,37%,2,5,-3,Icebox,LOUD
314645,Champions Tour 2024: Americas Stage 1,"Regular Season: 
						Week 4",2024-04-27 19:05:00,Sentinels,LOUD,0 - 2,Less,8447,LOUD,map,Viper,1.09,145,11,10,8,+1,86%,86,15%,2,2,0,Icebox,LOUD
314645,Champions Tour 2024: Americas Stage 1,"Regular Season: 
						Week 4",2024-04-27 19:05:00,Sentinels,LOUD,0 - 2,tuyz,2408,LOUD,map,Harbor,0.99,131,10,12,6,-2,67%,86,36%,2,0,+2,Icebox,LOUD
314645,Champions Tour 2024: Americas Stage 1,"Regular Season: 
						Week 4",2024-04-27 19:05:00,Sentinels,LOUD,0 - 2,saadhak,727,LOUD,map,Killjoy,0.81,204,15,16,4,-1,52%,129,31%,2,4,-2,Icebox,LOUD
314646,Champions Tour 2024: Americas Stage 1,"Regular Season: 
						Week 4",2024-04-28 17:00:00,Cloud9,FURIA,2 - 1,OXY,18796,Cloud9,overall,"Jett, Raze",1.43,317,59,43,20,+16,85%,215,27%,16,7,+9,,
314646,Champions Tour 2024: Americas Stage 1,"Regular Season: 
						Week 4",2024-04-28 17:00:00,Cloud9,FURIA,2 - 1,runi,16003,Cloud9,overall,"Sova, Viper",1.18,210,41,34,15,+7,79%,148,33%,3,4,-1,,
314646,Champions Tour 2024: Americas Stage 1,"Regular Season: 
						Week 4",2024-04-28 17:00:00,Cloud9,FURIA,2 - 1,moose,7458,Cloud9,overall,"Killjoy, Cypher",1.01,201,39,33,11,+6,77%,134,19%,3,1,+2,,
314646,Champions Tour 2024: Americas Stage 1,"Regular Season: 
						Week 4",2024-04-28 17:00:00,Cloud9,FURIA,2 - 1,vanity,7870,Cloud9,overall,"Omen, Brimstone",0.99,202,38,37,26,+1,79%,134,17%,7,4,+3,,
314646,Champions Tour 2024: Americas Stage 1,"Regular Season: 
						Week 4",2024-04-28 17:00:00,Cloud9,FURIA,2 - 1,Xeppaa,7871,Cloud9,overall,"Kayo, Gekko, Skye",0.87,163,27,38,31,-11,77%,106,23%,3,4,-1,,
314646,Champions Tour 2024: Americas Stage 1,"Regular Season: 
						Week 4",2024-04-28 17:00:00,Cloud9,FURIA,2 - 1,nzr,725,FURIA,overall,"Sova, Fade, Skye",1.04,208,39,38,18,+1,81%,139,26%,0,2,-2,,
314646,Champions Tour 2024: Americas Stage 1,"Regular Season: 
						Week 4",2024-04-28 17:00:00,Cloud9,FURIA,2 - 1,Khalil,1711,FURIA,overall,"Omen, Brimstone",0.98,194,36,38,16,-2,75%,118,22%,1,6,-5,,
314646,Champions Tour 2024: Americas Stage 1,"Regular Season: 
						Week 4",2024-04-28 17:00:00,Cloud9,FURIA,2 - 1,mwzera,939,FURIA,overall,"Jett, Raze",0.97,242,43,45,11,-2,71%,153,18%,6,6,0,,
314646,Champions Tour 2024: Americas Stage 1,"Regular Season: 
						Week 4",2024-04-28 17:00:00,Cloud9,FURIA,2 - 1,havoc,8706,FURIA,overall,"Killjoy, Cypher",0.93,206,40,43,7,-3,67%,143,39%,10,12,-2,,
314646,Champions Tour 2024: Americas Stage 1,"Regular Season: 
						Week 4",2024-04-28 17:00:00,Cloud9,FURIA,2 - 1,kon4n,1671,FURIA,overall,"Kayo, Viper",0.64,162,27,40,15,-13,69%,104,26%,3,6,-3,,
314646,Champions Tour 2024: Americas Stage 1,"Regular Season: 
						Week 4",2024-04-28 17:00:00,Cloud9,FURIA,2 - 1,Xeppaa,7871,Cloud9,map,Kayo,0.96,226,11,15,8,-4,67%,132,25%,1,1,0,Ascent,FURIA
314646,Champions Tour 2024: Americas Stage 1,"Regular Season: 
						Week 4",2024-04-28 17:00:00,Cloud9,FURIA,2 - 1,OXY,18796,Cloud9,map,Jett,0.95,253,13,15,2,-2,67%,171,38%,5,3,+2,Ascent,FURIA
314646,Champions Tour 2024: Americas Stage 1,"Regular Season: 
						Week 4",2024-04-28 17:00:00,Cloud9,FURIA,2 - 1,runi,16003,Cloud9,map,Sova,0.77,161,8,14,5,-6,67%,127,36%,0,1,-1,Ascent,FURIA
314646,Champions Tour 2024: Americas Stage 1,"Regular Season: 
						Week 4",2024-04-28 17:00:00,Cloud9,FURIA,2 - 1,moose,7458,Cloud9,map,Killjoy,0.47,138,7,14,1,-7,60%,96,12%,2,0,+2,Ascent,FURIA
314646,Champions Tour 2024: Americas Stage 1,"Regular Season: 
						Week 4",2024-04-28 17:00:00,Cloud9,FURIA,2 - 1,vanity,7870,Cloud9,map,Omen,0.43,148,6,14,4,-8,60%,106,16%,0,2,-2,Ascent,FURIA
314646,Champions Tour 2024: Americas Stage 1,"Regular Season: 
						Week 4",2024-04-28 17:00:00,Cloud9,FURIA,2 - 1,Khalil,1711,FURIA,map,Omen,1.69,301,16,7,8,+9,100%,195,35%,1,0,+1,Ascent,FURIA
314646,Champions Tour 2024: Americas Stage 1,"Regular Season: 
						Week 4",2024-04-28 17:00:00,Cloud9,FURIA,2 - 1,nzr,725,FURIA,map,Sova,1.56,226,14,6,7,+8,93%,138,29%,0,1,-1,Ascent,FURIA
314646,Champions Tour 2024: Americas Stage 1,"Regular Season: 
						Week 4",2024-04-28 17:00:00,Cloud9,FURIA,2 - 1,havoc,8706,FURIA,map,Killjoy,1.37,247,15,9,2,+6,87%,163,36%,3,2,+1,Ascent,FURIA
314646,Champions Tour 2024: Americas Stage 1,"Regular Season: 
						Week 4",2024-04-28 17:00:00,Cloud9,FURIA,2 - 1,kon4n,1671,FURIA,map,Kayo,1.09,228,12,10,7,+2,87%,151,28%,1,2,-1,Ascent,FURIA
314646,Champions Tour 2024: Americas Stage 1,"Regular Season: 
						Week 4",2024-04-28 17:00:00,Cloud9,FURIA,2 - 1,mwzera,939,FURIA,map,Jett,0.83,263,15,13,3,+2,73%,161,24%,2,3,-1,Ascent,FURIA
314646,Champions Tour 2024: Americas Stage 1,"Regular Season: 
						Week 4",2024-04-28 17:00:00,Cloud9,FURIA,2 - 1,runi,16003,Cloud9,map,Viper,1.62,264,17,8,5,+9,81%,160,46%,2,1,+1,Lotus,Cloud9
314646,Champions Tour 2024: Americas Stage 1,"Regular Season: 
						Week 4",2024-04-28 17:00:00,Cloud9,FURIA,2 - 1,OXY,18796,Cloud9,map,Raze,1.53,330,19,12,9,+7,100%,235,26%,4,2,+2,Lotus,Cloud9
314646,Champions Tour 2024: Americas Stage 1,"Regular Season: 
						Week 4",2024-04-28 17:00:00,Cloud9,FURIA,2 - 1,vanity,7870,Cloud9,map,Omen,1.41,230,15,7,7,+8,94%,148,27%,4,2,+2,Lotus,Cloud9
314646,Champions Tour 2024: Americas Stage 1,"Regular Season: 
						Week 4",2024-04-28 17:00:00,Cloud9,FURIA,2 - 1,moose,7458,Cloud9,map,Killjoy,1.34,249,15,8,5,+7,94%,170,27%,0,0,0,Lotus,Cloud9
314646,Champions Tour 2024: Americas Stage 1,"Regular Season: 
						Week 4",2024-04-28 17:00:00,Cloud9,FURIA,2 - 1,Xeppaa,7871,Cloud9,map,Gekko,0.94,142,7,9,13,-2,81%,102,18%,0,1,-1,Lotus,Cloud9
314646,Champions Tour 2024: Americas Stage 1,"Regular Season: 
						Week 4",2024-04-28 17:00:00,Cloud9,FURIA,2 - 1,mwzera,939,FURIA,map,Raze,1.13,232,13,14,3,-1,69%,155,38%,2,1,+1,Lotus,Cloud9
314646,Champions Tour 2024: Americas Stage 1,"Regular Season: 
						Week 4",2024-04-28 17:00:00,Cloud9,FURIA,2 - 1,nzr,725,FURIA,map,Fade,0.65,195,10,15,3,-5,69%,140,24%,0,1,-1,Lotus,Cloud9
314646,Champions Tour 2024: Americas Stage 1,"Regular Season: 
						Week 4",2024-04-28 17:00:00,Cloud9,FURIA,2 - 1,Khalil,1711,FURIA,map,Omen,0.65,140,9,14,2,-5,69%,84,21%,0,4,-4,Lotus,Cloud9
314646,Champions Tour 2024: Americas Stage 1,"Regular Season: 
						Week 4",2024-04-28 17:00:00,Cloud9,FURIA,2 - 1,kon4n,1671,FURIA,map,Viper,0.43,134,7,14,3,-7,69%,89,25%,1,0,+1,Lotus,Cloud9
314646,Champions Tour 2024: Americas Stage 1,"Regular Season: 
						Week 4",2024-04-28 17:00:00,Cloud9,FURIA,2 - 1,havoc,8706,FURIA,map,Killjoy,0.27,103,5,16,3,-11,44%,93,44%,3,4,-1,Lotus,Cloud9
314646,Champions Tour 2024: Americas Stage 1,"Regular Season: 
						Week 4",2024-04-28 17:00:00,Cloud9,FURIA,2 - 1,OXY,18796,Cloud9,map,Raze,1.71,369,27,16,9,+11,86%,230,24%,7,2,+5,Bind,Cloud9
314646,Champions Tour 2024: Americas Stage 1,"Regular Season: 
						Week 4",2024-04-28 17:00:00,Cloud9,FURIA,2 - 1,moose,7458,Cloud9,map,Cypher,1.14,216,17,11,5,+6,76%,133,17%,1,1,0,Bind,Cloud9
314646,Champions Tour 2024: Americas Stage 1,"Regular Season: 
						Week 4",2024-04-28 17:00:00,Cloud9,FURIA,2 - 1,runi,16003,Cloud9,map,Viper,1.13,206,16,12,5,+4,86%,155,23%,1,2,-1,Bind,Cloud9
314646,Champions Tour 2024: Americas Stage 1,"Regular Season: 
						Week 4",2024-04-28 17:00:00,Cloud9,FURIA,2 - 1,vanity,7870,Cloud9,map,Brimstone,1.08,228,17,16,15,+1,81%,142,12%,3,0,+3,Bind,Cloud9
314646,Champions Tour 2024: Americas Stage 1,"Regular Season: 
						Week 4",2024-04-28 17:00:00,Cloud9,FURIA,2 - 1,Xeppaa,7871,Cloud9,map,Skye,0.75,120,9,14,10,-5,81%,91,27%,2,2,0,Bind,Cloud9
314646,Champions Tour 2024: Americas Stage 1,"Regular Season: 
						Week 4",2024-04-28 17:00:00,Cloud9,FURIA,2 - 1,havoc,8706,FURIA,map,Cypher,1.11,267,20,18,2,+2,71%,167,41%,4,6,-2,Bind,Cloud9
314646,Champions Tour 2024: Americas Stage 1,"Regular Season: 
						Week 4",2024-04-28 17:00:00,Cloud9,FURIA,2 - 1,nzr,725,FURIA,map,Skye,0.98,204,15,17,8,-2,81%,139,27%,0,0,0,Bind,Cloud9
314646,Champions Tour 2024: Americas Stage 1,"Regular Season: 
						Week 4",2024-04-28 17:00:00,Cloud9,FURIA,2 - 1,mwzera,939,FURIA,map,Raze,0.95,231,15,18,5,-3,71%,146,4%,2,2,0,Bind,Cloud9
314646,Champions Tour 2024: Americas Stage 1,"Regular Season: 
						Week 4",2024-04-28 17:00:00,Cloud9,FURIA,2 - 1,Khalil,1711,FURIA,map,Brimstone,0.72,142,11,17,6,-6,62%,89,10%,0,2,-2,Bind,Cloud9
314646,Champions Tour 2024: Americas Stage 1,"Regular Season: 
						Week 4",2024-04-28 17:00:00,Cloud9,FURIA,2 - 1,kon4n,1671,FURIA,map,Viper,0.47,123,8,16,5,-8,57%,83,24%,1,4,-3,Bind,Cloud9
314647,Champions Tour 2024: Americas Stage 1,"Regular Season: 
						Week 4",2024-04-28 19:55:00,NRG,Evil Geniuses,1 - 2,crashies,4,NRG,overall,"Sova, Gekko",1.12,205,56,48,16,+8,75%,131,30%,2,6,-4,,
314647,Champions Tour 2024: Americas Stage 1,"Regular Season: 
						Week 4",2024-04-28 19:55:00,NRG,Evil Geniuses,1 - 2,Ethan,11225,NRG,overall,"Kayo, Breach",1.04,189,45,48,45,-3,68%,119,18%,2,3,-1,,
314647,Champions Tour 2024: Americas Stage 1,"Regular Season: 
						Week 4",2024-04-28 19:55:00,NRG,Evil Geniuses,1 - 2,Marved,263,NRG,overall,"Omen, Cypher",0.84,179,44,55,20,-11,68%,117,24%,6,9,-3,,
314647,Champions Tour 2024: Americas Stage 1,"Regular Season: 
						Week 4",2024-04-28 19:55:00,NRG,Evil Geniuses,1 - 2,Victor,261,NRG,overall,"Killjoy, Raze, Cypher",0.83,172,46,55,8,-9,59%,119,29%,10,6,+4,,
314647,Champions Tour 2024: Americas Stage 1,"Regular Season: 
						Week 4",2024-04-28 19:55:00,NRG,Evil Geniuses,1 - 2,Demon1,26171,NRG,overall,"Jett, Brimstone, Raze",0.78,168,43,57,16,-14,64%,131,39%,12,17,-5,,
314647,Champions Tour 2024: Americas Stage 1,"Regular Season: 
						Week 4",2024-04-28 19:55:00,NRG,Evil Geniuses,1 - 2,Derrek,1533,Evil Geniuses,overall,"Sova, Fade",1.32,219,60,40,21,+20,79%,140,33%,4,2,+2,,
314647,Champions Tour 2024: Americas Stage 1,"Regular Season: 
						Week 4",2024-04-28 19:55:00,NRG,Evil Geniuses,1 - 2,jawgemo,3993,Evil Geniuses,overall,"Jett, Raze",1.25,288,68,51,16,+17,75%,182,15%,13,7,+6,,
314647,Champions Tour 2024: Americas Stage 1,"Regular Season: 
						Week 4",2024-04-28 19:55:00,NRG,Evil Geniuses,1 - 2,NaturE,4927,Evil Geniuses,overall,"Kayo, Viper, Breach",1.11,188,45,46,37,-1,73%,126,30%,5,4,+1,,
314647,Champions Tour 2024: Americas Stage 1,"Regular Season: 
						Week 4",2024-04-28 19:55:00,NRG,Evil Geniuses,1 - 2,supamen,826,Evil Geniuses,overall,Omen,1.00,181,45,48,34,-3,68%,124,42%,6,10,-4,,
314647,Champions Tour 2024: Americas Stage 1,"Regular Season: 
						Week 4",2024-04-28 19:55:00,NRG,Evil Geniuses,1 - 2,Apoth,5188,Evil Geniuses,overall,"Killjoy, Cypher",0.88,180,45,49,16,-4,66%,120,38%,13,9,+4,,
314647,Champions Tour 2024: Americas Stage 1,"Regular Season: 
						Week 4",2024-04-28 19:55:00,NRG,Evil Geniuses,1 - 2,crashies,4,NRG,map,Sova,1.30,241,16,13,6,+3,74%,155,22%,0,0,0,Ascent,Evil Geniuses
314647,Champions Tour 2024: Americas Stage 1,"Regular Season: 
						Week 4",2024-04-28 19:55:00,NRG,Evil Geniuses,1 - 2,Ethan,11225,NRG,map,Kayo,0.94,186,13,14,12,-1,68%,93,16%,0,0,0,Ascent,Evil Geniuses
314647,Champions Tour 2024: Americas Stage 1,"Regular Season: 
						Week 4",2024-04-28 19:55:00,NRG,Evil Geniuses,1 - 2,Victor,261,NRG,map,Killjoy,0.54,118,7,14,1,-7,47%,80,44%,2,2,0,Ascent,Evil Geniuses
314647,Champions Tour 2024: Americas Stage 1,"Regular Season: 
						Week 4",2024-04-28 19:55:00,NRG,Evil Geniuses,1 - 2,Demon1,26171,NRG,map,Jett,0.47,142,10,16,0,-6,47%,126,36%,4,7,-3,Ascent,Evil Geniuses
314647,Champions Tour 2024: Americas Stage 1,"Regular Season: 
						Week 4",2024-04-28 19:55:00,NRG,Evil Geniuses,1 - 2,Marved,263,NRG,map,Omen,0.43,117,6,15,8,-9,58%,74,13%,0,4,-4,Ascent,Evil Geniuses
314647,Champions Tour 2024: Americas Stage 1,"Regular Season: 
						Week 4",2024-04-28 19:55:00,NRG,Evil Geniuses,1 - 2,jawgemo,3993,Evil Geniuses,map,Jett,1.94,366,23,10,5,+13,95%,236,16%,5,0,+5,Ascent,Evil Geniuses
314647,Champions Tour 2024: Americas Stage 1,"Regular Season: 
						Week 4",2024-04-28 19:55:00,NRG,Evil Geniuses,1 - 2,Derrek,1533,Evil Geniuses,map,Sova,1.33,204,14,8,7,+6,84%,135,39%,2,0,+2,Ascent,Evil Geniuses
314647,Champions Tour 2024: Americas Stage 1,"Regular Season: 
						Week 4",2024-04-28 19:55:00,NRG,Evil Geniuses,1 - 2,Apoth,5188,Evil Geniuses,map,Killjoy,1.26,194,15,9,2,+6,63%,132,33%,3,2,+1,Ascent,Evil Geniuses
314647,Champions Tour 2024: Americas Stage 1,"Regular Season: 
						Week 4",2024-04-28 19:55:00,NRG,Evil Geniuses,1 - 2,NaturE,4927,Evil Geniuses,map,Kayo,1.21,209,13,12,13,+1,79%,138,29%,2,1,+1,Ascent,Evil Geniuses
314647,Champions Tour 2024: Americas Stage 1,"Regular Season: 
						Week 4",2024-04-28 19:55:00,NRG,Evil Geniuses,1 - 2,supamen,826,Evil Geniuses,map,Omen,0.88,138,7,13,14,-6,74%,92,30%,1,3,-2,Ascent,Evil Geniuses
314647,Champions Tour 2024: Americas Stage 1,"Regular Season: 
						Week 4",2024-04-28 19:55:00,NRG,Evil Geniuses,1 - 2,Victor,261,NRG,map,Raze,1.31,282,30,21,2,+9,70%,177,27%,6,3,+3,Lotus,NRG
314647,Champions Tour 2024: Americas Stage 1,"Regular Season: 
						Week 4",2024-04-28 19:55:00,NRG,Evil Geniuses,1 - 2,crashies,4,NRG,map,Gekko,1.10,193,24,19,6,+5,77%,122,37%,2,1,+1,Lotus,NRG
314647,Champions Tour 2024: Americas Stage 1,"Regular Season: 
						Week 4",2024-04-28 19:55:00,NRG,Evil Geniuses,1 - 2,Demon1,26171,NRG,map,Brimstone,1.09,222,21,21,11,0,70%,148,49%,6,5,+1,Lotus,NRG
314647,Champions Tour 2024: Americas Stage 1,"Regular Season: 
						Week 4",2024-04-28 19:55:00,NRG,Evil Geniuses,1 - 2,Ethan,11225,NRG,map,Breach,1.02,161,15,18,20,-3,67%,115,17%,0,1,-1,Lotus,NRG
314647,Champions Tour 2024: Americas Stage 1,"Regular Season: 
						Week 4",2024-04-28 19:55:00,NRG,Evil Geniuses,1 - 2,Marved,263,NRG,map,Cypher,0.81,175,17,22,7,-5,77%,122,31%,3,3,0,Lotus,NRG
314647,Champions Tour 2024: Americas Stage 1,"Regular Season: 
						Week 4",2024-04-28 19:55:00,NRG,Evil Geniuses,1 - 2,Derrek,1533,Evil Geniuses,map,Fade,1.28,245,26,21,7,+5,80%,151,33%,2,2,0,Lotus,NRG
314647,Champions Tour 2024: Americas Stage 1,"Regular Season: 
						Week 4",2024-04-28 19:55:00,NRG,Evil Geniuses,1 - 2,NaturE,4927,Evil Geniuses,map,Viper,1.05,178,19,19,9,0,60%,125,35%,1,3,-2,Lotus,NRG
314647,Champions Tour 2024: Americas Stage 1,"Regular Season: 
						Week 4",2024-04-28 19:55:00,NRG,Evil Geniuses,1 - 2,jawgemo,3993,Evil Geniuses,map,Raze,1.03,252,24,24,7,0,70%,157,11%,3,2,+1,Lotus,NRG
314647,Champions Tour 2024: Americas Stage 1,"Regular Season: 
						Week 4",2024-04-28 19:55:00,NRG,Evil Geniuses,1 - 2,supamen,826,Evil Geniuses,map,Omen,0.75,156,15,21,13,-6,50%,102,52%,2,6,-4,Lotus,NRG
314647,Champions Tour 2024: Americas Stage 1,"Regular Season: 
						Week 4",2024-04-28 19:55:00,NRG,Evil Geniuses,1 - 2,Apoth,5188,Evil Geniuses,map,Cypher,0.70,162,17,22,2,-5,60%,115,44%,5,4,+1,Lotus,NRG
314647,Champions Tour 2024: Americas Stage 1,"Regular Season: 
						Week 4",2024-04-28 19:55:00,NRG,Evil Geniuses,1 - 2,Marved,263,NRG,map,Omen,1.21,244,21,18,5,+3,67%,146,25%,3,2,+1,Sunset,Evil Geniuses
314647,Champions Tour 2024: Americas Stage 1,"Regular Season: 
						Week 4",2024-04-28 19:55:00,NRG,Evil Geniuses,1 - 2,Ethan,11225,NRG,map,Kayo,1.15,220,17,16,13,+1,71%,144,19%,2,2,0,Sunset,Evil Geniuses
314647,Champions Tour 2024: Americas Stage 1,"Regular Season: 
						Week 4",2024-04-28 19:55:00,NRG,Evil Geniuses,1 - 2,crashies,4,NRG,map,Gekko,1.01,181,16,16,4,0,75%,122,34%,0,5,-5,Sunset,Evil Geniuses
314647,Champions Tour 2024: Americas Stage 1,"Regular Season: 
						Week 4",2024-04-28 19:55:00,NRG,Evil Geniuses,1 - 2,Demon1,26171,NRG,map,Raze,0.65,141,12,20,5,-8,71%,114,26%,2,5,-3,Sunset,Evil Geniuses
314647,Champions Tour 2024: Americas Stage 1,"Regular Season: 
						Week 4",2024-04-28 19:55:00,NRG,Evil Geniuses,1 - 2,Victor,261,NRG,map,Cypher,0.45,115,9,20,5,-11,54%,78,24%,2,1,+1,Sunset,Evil Geniuses
314647,Champions Tour 2024: Americas Stage 1,"Regular Season: 
						Week 4",2024-04-28 19:55:00,NRG,Evil Geniuses,1 - 2,supamen,826,Evil Geniuses,map,Omen,1.40,250,23,14,7,+9,88%,178,43%,3,1,+2,Sunset,Evil Geniuses
314647,Champions Tour 2024: Americas Stage 1,"Regular Season: 
						Week 4",2024-04-28 19:55:00,NRG,Evil Geniuses,1 - 2,Derrek,1533,Evil Geniuses,map,Fade,1.38,209,20,11,7,+9,75%,131,30%,0,0,0,Sunset,Evil Geniuses
314647,Champions Tour 2024: Americas Stage 1,"Regular Season: 
						Week 4",2024-04-28 19:55:00,NRG,Evil Geniuses,1 - 2,NaturE,4927,Evil Geniuses,map,Breach,1.10,176,13,15,15,-2,83%,118,23%,2,0,+2,Sunset,Evil Geniuses
314647,Champions Tour 2024: Americas Stage 1,"Regular Season: 
						Week 4",2024-04-28 19:55:00,NRG,Evil Geniuses,1 - 2,jawgemo,3993,Evil Geniuses,map,Raze,0.99,245,21,17,4,+4,67%,170,19%,5,5,0,Sunset,Evil Geniuses
314647,Champions Tour 2024: Americas Stage 1,"Regular Season: 
						Week 4",2024-04-28 19:55:00,NRG,Evil Geniuses,1 - 2,Apoth,5188,Evil Geniuses,map,Cypher,0.80,183,13,18,12,-5,75%,117,37%,5,3,+2,Sunset,Evil Geniuses
314648,Champions Tour 2024: Americas Stage 1,"Regular Season: 
						Week 4",2024-04-29 17:00:00,KRÜ Esports,100 Thieves,2 - 1,Shyy,24007,KRÜ Esports,overall,"Cypher, Viper",1.12,193,42,39,19,+3,72%,130,22%,3,6,-3,,
314648,Champions Tour 2024: Americas Stage 1,"Regular Season: 
						Week 4",2024-04-29 17:00:00,KRÜ Esports,100 Thieves,2 - 1,keznit,2462,KRÜ Esports,overall,"Raze, Jett",1.10,280,60,52,14,+8,71%,184,33%,16,10,+6,,
314648,Champions Tour 2024: Americas Stage 1,"Regular Season: 
						Week 4",2024-04-29 17:00:00,KRÜ Esports,100 Thieves,2 - 1,Melser,1311,KRÜ Esports,overall,"Omen, Viper",1.09,181,42,43,21,-1,75%,121,32%,7,3,+4,,
314648,Champions Tour 2024: Americas Stage 1,"Regular Season: 
						Week 4",2024-04-29 17:00:00,KRÜ Esports,100 Thieves,2 - 1,heat,8673,KRÜ Esports,overall,"Gekko, Kayo, Skye",1.07,192,46,44,25,+2,66%,132,32%,3,4,-1,,
314648,Champions Tour 2024: Americas Stage 1,"Regular Season: 
						Week 4",2024-04-29 17:00:00,KRÜ Esports,100 Thieves,2 - 1,Klaus,2610,KRÜ Esports,overall,"Breach, Sova, Cypher",0.87,165,39,45,23,-6,77%,104,22%,6,7,-1,,
314648,Champions Tour 2024: Americas Stage 1,"Regular Season: 
						Week 4",2024-04-29 17:00:00,KRÜ Esports,100 Thieves,2 - 1,bang,3880,100 Thieves,overall,"Omen, Viper",1.25,227,51,39,17,+12,77%,140,39%,6,2,+4,,
314648,Champions Tour 2024: Americas Stage 1,"Regular Season: 
						Week 4",2024-04-29 17:00:00,KRÜ Esports,100 Thieves,2 - 1,Cryocells,4147,100 Thieves,overall,"Gekko, Jett, Astra",1.16,239,55,47,14,+8,74%,163,21%,8,8,0,,
314648,Champions Tour 2024: Americas Stage 1,"Regular Season: 
						Week 4",2024-04-29 17:00:00,KRÜ Esports,100 Thieves,2 - 1,eeiu,796,100 Thieves,overall,"Sova, Fade",1.05,209,49,43,14,+6,75%,138,39%,3,4,-1,,
314648,Champions Tour 2024: Americas Stage 1,"Regular Season: 
						Week 4",2024-04-29 17:00:00,KRÜ Esports,100 Thieves,2 - 1,Asuna,601,100 Thieves,overall,"Raze, Kayo",0.77,169,35,49,26,-14,74%,108,19%,9,14,-5,,
314648,Champions Tour 2024: Americas Stage 1,"Regular Season: 
						Week 4",2024-04-29 17:00:00,KRÜ Esports,100 Thieves,2 - 1,Boostio,604,100 Thieves,overall,"Cypher, Gekko",0.56,144,33,51,6,-18,62%,95,22%,4,7,-3,,
314648,Champions Tour 2024: Americas Stage 1,"Regular Season: 
						Week 4",2024-04-29 17:00:00,KRÜ Esports,100 Thieves,2 - 1,keznit,2462,KRÜ Esports,map,Raze,1.54,385,26,14,3,+12,65%,258,38%,7,2,+5,Sunset,KRÜ Esports
314648,Champions Tour 2024: Americas Stage 1,"Regular Season: 
						Week 4",2024-04-29 17:00:00,KRÜ Esports,100 Thieves,2 - 1,Shyy,24007,KRÜ Esports,map,Cypher,1.33,214,16,10,7,+6,75%,136,32%,0,3,-3,Sunset,KRÜ Esports
314648,Champions Tour 2024: Americas Stage 1,"Regular Season: 
						Week 4",2024-04-29 17:00:00,KRÜ Esports,100 Thieves,2 - 1,Melser,1311,KRÜ Esports,map,Omen,1.26,190,13,11,8,+2,85%,130,44%,3,0,+3,Sunset,KRÜ Esports
314648,Champions Tour 2024: Americas Stage 1,"Regular Season: 
						Week 4",2024-04-29 17:00:00,KRÜ Esports,100 Thieves,2 - 1,Klaus,2610,KRÜ Esports,map,Breach,0.84,146,10,12,10,-2,75%,83,27%,2,2,0,Sunset,KRÜ Esports
314648,Champions Tour 2024: Americas Stage 1,"Regular Season: 
						Week 4",2024-04-29 17:00:00,KRÜ Esports,100 Thieves,2 - 1,heat,8673,KRÜ Esports,map,Gekko,0.78,148,11,13,5,-2,65%,89,27%,0,1,-1,Sunset,KRÜ Esports
314648,Champions Tour 2024: Americas Stage 1,"Regular Season: 
						Week 4",2024-04-29 17:00:00,KRÜ Esports,100 Thieves,2 - 1,bang,3880,100 Thieves,map,Omen,1.49,251,18,12,4,+6,80%,159,50%,2,0,+2,Sunset,KRÜ Esports
314648,Champions Tour 2024: Americas Stage 1,"Regular Season: 
						Week 4",2024-04-29 17:00:00,KRÜ Esports,100 Thieves,2 - 1,eeiu,796,100 Thieves,map,Sova,0.88,187,12,16,4,-4,70%,116,32%,1,2,-1,Sunset,KRÜ Esports
314648,Champions Tour 2024: Americas Stage 1,"Regular Season: 
						Week 4",2024-04-29 17:00:00,KRÜ Esports,100 Thieves,2 - 1,Cryocells,4147,100 Thieves,map,Gekko,0.82,159,11,15,5,-4,70%,111,18%,0,1,-1,Sunset,KRÜ Esports
314648,Champions Tour 2024: Americas Stage 1,"Regular Season: 
						Week 4",2024-04-29 17:00:00,KRÜ Esports,100 Thieves,2 - 1,Asuna,601,100 Thieves,map,Raze,0.78,203,13,16,2,-3,65%,126,29%,5,7,-2,Sunset,KRÜ Esports
314648,Champions Tour 2024: Americas Stage 1,"Regular Season: 
						Week 4",2024-04-29 17:00:00,KRÜ Esports,100 Thieves,2 - 1,Boostio,604,100 Thieves,map,Cypher,0.25,101,6,17,2,-11,40%,72,16%,0,2,-2,Sunset,KRÜ Esports
314648,Champions Tour 2024: Americas Stage 1,"Regular Season: 
						Week 4",2024-04-29 17:00:00,KRÜ Esports,100 Thieves,2 - 1,heat,8673,KRÜ Esports,map,Kayo,1.23,236,20,19,12,+1,63%,170,37%,2,1,+1,Breeze,100 Thieves
314648,Champions Tour 2024: Americas Stage 1,"Regular Season: 
						Week 4",2024-04-29 17:00:00,KRÜ Esports,100 Thieves,2 - 1,Melser,1311,KRÜ Esports,map,Viper,1.00,199,17,19,5,-2,71%,134,24%,3,1,+2,Breeze,100 Thieves
314648,Champions Tour 2024: Americas Stage 1,"Regular Season: 
						Week 4",2024-04-29 17:00:00,KRÜ Esports,100 Thieves,2 - 1,Shyy,24007,KRÜ Esports,map,Cypher,0.92,167,12,17,6,-5,67%,116,10%,2,2,0,Breeze,100 Thieves
314648,Champions Tour 2024: Americas Stage 1,"Regular Season: 
						Week 4",2024-04-29 17:00:00,KRÜ Esports,100 Thieves,2 - 1,Klaus,2610,KRÜ Esports,map,Sova,0.81,150,13,19,7,-6,75%,104,21%,2,3,-1,Breeze,100 Thieves
314648,Champions Tour 2024: Americas Stage 1,"Regular Season: 
						Week 4",2024-04-29 17:00:00,KRÜ Esports,100 Thieves,2 - 1,keznit,2462,KRÜ Esports,map,Jett,0.71,199,16,22,6,-6,71%,130,38%,4,4,0,Breeze,100 Thieves
314648,Champions Tour 2024: Americas Stage 1,"Regular Season: 
						Week 4",2024-04-29 17:00:00,KRÜ Esports,100 Thieves,2 - 1,Cryocells,4147,100 Thieves,map,Jett,1.78,377,33,16,1,+17,83%,238,20%,7,4,+3,Breeze,100 Thieves
314648,Champions Tour 2024: Americas Stage 1,"Regular Season: 
						Week 4",2024-04-29 17:00:00,KRÜ Esports,100 Thieves,2 - 1,eeiu,796,100 Thieves,map,Sova,1.30,264,24,14,6,+10,75%,169,50%,2,2,0,Breeze,100 Thieves
314648,Champions Tour 2024: Americas Stage 1,"Regular Season: 
						Week 4",2024-04-29 17:00:00,KRÜ Esports,100 Thieves,2 - 1,bang,3880,100 Thieves,map,Viper,1.01,181,15,14,6,+1,71%,113,26%,1,1,0,Breeze,100 Thieves
314648,Champions Tour 2024: Americas Stage 1,"Regular Season: 
						Week 4",2024-04-29 17:00:00,KRÜ Esports,100 Thieves,2 - 1,Asuna,601,100 Thieves,map,Kayo,0.69,124,9,16,18,-7,71%,82,19%,0,3,-3,Breeze,100 Thieves
314648,Champions Tour 2024: Americas Stage 1,"Regular Season: 
						Week 4",2024-04-29 17:00:00,KRÜ Esports,100 Thieves,2 - 1,Boostio,604,100 Thieves,map,Cypher,0.65,168,15,18,1,-3,75%,112,30%,1,3,-2,Breeze,100 Thieves
314648,Champions Tour 2024: Americas Stage 1,"Regular Season: 
						Week 4",2024-04-29 17:00:00,KRÜ Esports,100 Thieves,2 - 1,heat,8673,KRÜ Esports,map,Skye,1.17,191,15,12,8,+3,71%,129,29%,1,2,-1,Split,KRÜ Esports
314648,Champions Tour 2024: Americas Stage 1,"Regular Season: 
						Week 4",2024-04-29 17:00:00,KRÜ Esports,100 Thieves,2 - 1,Shyy,24007,KRÜ Esports,map,Viper,1.13,197,14,12,6,+2,76%,141,30%,1,1,0,Split,KRÜ Esports
314648,Champions Tour 2024: Americas Stage 1,"Regular Season: 
						Week 4",2024-04-29 17:00:00,KRÜ Esports,100 Thieves,2 - 1,keznit,2462,KRÜ Esports,map,Raze,1.12,257,18,16,5,+2,76%,177,23%,5,4,+1,Split,KRÜ Esports
314648,Champions Tour 2024: Americas Stage 1,"Regular Season: 
						Week 4",2024-04-29 17:00:00,KRÜ Esports,100 Thieves,2 - 1,Melser,1311,KRÜ Esports,map,Omen,1.01,155,12,13,8,-1,71%,99,34%,1,2,-1,Split,KRÜ Esports
314648,Champions Tour 2024: Americas Stage 1,"Regular Season: 
						Week 4",2024-04-29 17:00:00,KRÜ Esports,100 Thieves,2 - 1,Klaus,2610,KRÜ Esports,map,Cypher,0.95,199,16,14,6,+2,81%,125,20%,2,2,0,Split,KRÜ Esports
314648,Champions Tour 2024: Americas Stage 1,"Regular Season: 
						Week 4",2024-04-29 17:00:00,KRÜ Esports,100 Thieves,2 - 1,bang,3880,100 Thieves,map,Viper,1.30,248,18,13,7,+5,81%,153,41%,3,1,+2,Split,KRÜ Esports
314648,Champions Tour 2024: Americas Stage 1,"Regular Season: 
						Week 4",2024-04-29 17:00:00,KRÜ Esports,100 Thieves,2 - 1,eeiu,796,100 Thieves,map,Fade,0.91,177,13,13,4,0,81%,121,33%,0,0,0,Split,KRÜ Esports
314648,Champions Tour 2024: Americas Stage 1,"Regular Season: 
						Week 4",2024-04-29 17:00:00,KRÜ Esports,100 Thieves,2 - 1,Asuna,601,100 Thieves,map,Raze,0.85,181,13,17,6,-4,86%,120,10%,4,4,0,Split,KRÜ Esports
314648,Champions Tour 2024: Americas Stage 1,"Regular Season: 
						Week 4",2024-04-29 17:00:00,KRÜ Esports,100 Thieves,2 - 1,Cryocells,4147,100 Thieves,map,Astra,0.77,180,11,16,8,-5,67%,127,23%,1,3,-2,Split,KRÜ Esports
314648,Champions Tour 2024: Americas Stage 1,"Regular Season: 
						Week 4",2024-04-29 17:00:00,KRÜ Esports,100 Thieves,2 - 1,Boostio,604,100 Thieves,map,Gekko,0.74,163,12,16,3,-4,67%,96,17%,3,2,+1,Split,KRÜ Esports
314650,Champions Tour 2024: Americas Stage 1,"Regular Season: 
						Week 5",2024-05-03 20:00:00,Sentinels,FURIA,2 - 0,TenZ,9,Sentinels,overall,"Omen, Kayo",1.63,313,45,24,20,+21,83%,203,28%,8,3,+5,,
314650,Champions Tour 2024: Americas Stage 1,"Regular Season: 
						Week 5",2024-05-03 20:00:00,Sentinels,FURIA,2 - 0,zekken,4004,Sentinels,overall,"Raze, Jett",1.28,281,38,27,7,+11,80%,187,20%,14,3,+11,,
314650,Champions Tour 2024: Americas Stage 1,"Regular Season: 
						Week 5",2024-05-03 20:00:00,Sentinels,FURIA,2 - 0,Zellsis,729,Sentinels,overall,"Viper, Killjoy",1.08,176,28,24,8,+4,80%,140,23%,3,1,+2,,
314650,Champions Tour 2024: Americas Stage 1,"Regular Season: 
						Week 5",2024-05-03 20:00:00,Sentinels,FURIA,2 - 0,johnqt,1265,Sentinels,overall,"Cypher, Viper",0.95,143,21,23,15,-2,80%,96,22%,2,3,-1,,
314650,Champions Tour 2024: Americas Stage 1,"Regular Season: 
						Week 5",2024-05-03 20:00:00,Sentinels,FURIA,2 - 0,Sacy,659,Sentinels,overall,"Skye, Gekko",0.79,109,14,21,12,-7,75%,83,33%,1,2,-1,,
314650,Champions Tour 2024: Americas Stage 1,"Regular Season: 
						Week 5",2024-05-03 20:00:00,Sentinels,FURIA,2 - 0,nzr,725,FURIA,overall,"Skye, Sova",1.02,178,25,27,10,-2,65%,124,19%,0,1,-1,,
314650,Champions Tour 2024: Americas Stage 1,"Regular Season: 
						Week 5",2024-05-03 20:00:00,Sentinels,FURIA,2 - 0,Khalil,1711,FURIA,overall,"Omen, Killjoy",0.95,168,25,26,10,-1,83%,114,44%,2,3,-1,,
314650,Champions Tour 2024: Americas Stage 1,"Regular Season: 
						Week 5",2024-05-03 20:00:00,Sentinels,FURIA,2 - 0,kon4n,1671,FURIA,overall,Viper,0.82,159,23,27,9,-4,65%,100,35%,2,7,-5,,
314650,Champions Tour 2024: Americas Stage 1,"Regular Season: 
						Week 5",2024-05-03 20:00:00,Sentinels,FURIA,2 - 0,mwzera,939,FURIA,overall,"Jett, Reyna",0.75,172,25,32,5,-7,60%,115,23%,3,6,-3,,
314650,Champions Tour 2024: Americas Stage 1,"Regular Season: 
						Week 5",2024-05-03 20:00:00,Sentinels,FURIA,2 - 0,havoc,8706,FURIA,overall,"Raze, Gekko",0.60,168,20,34,11,-14,53%,118,31%,5,11,-6,,
314650,Champions Tour 2024: Americas Stage 1,"Regular Season: 
						Week 5",2024-05-03 20:00:00,Sentinels,FURIA,2 - 0,zekken,4004,Sentinels,map,Raze,1.48,304,19,12,5,+7,89%,198,14%,5,2,+3,Split,Sentinels
314650,Champions Tour 2024: Americas Stage 1,"Regular Season: 
						Week 5",2024-05-03 20:00:00,Sentinels,FURIA,2 - 0,TenZ,9,Sentinels,map,Omen,1.39,258,17,11,6,+6,83%,155,32%,5,1,+4,Split,Sentinels
314650,Champions Tour 2024: Americas Stage 1,"Regular Season: 
						Week 5",2024-05-03 20:00:00,Sentinels,FURIA,2 - 0,Zellsis,729,Sentinels,map,Viper,0.95,164,10,11,7,-1,78%,138,19%,1,1,0,Split,Sentinels
314650,Champions Tour 2024: Americas Stage 1,"Regular Season: 
						Week 5",2024-05-03 20:00:00,Sentinels,FURIA,2 - 0,johnqt,1265,Sentinels,map,Cypher,0.92,150,11,12,4,-1,78%,108,23%,1,1,0,Split,Sentinels
314650,Champions Tour 2024: Americas Stage 1,"Regular Season: 
						Week 5",2024-05-03 20:00:00,Sentinels,FURIA,2 - 0,Sacy,659,Sentinels,map,Skye,0.87,121,7,10,7,-3,72%,90,38%,0,1,-1,Split,Sentinels
314650,Champions Tour 2024: Americas Stage 1,"Regular Season: 
						Week 5",2024-05-03 20:00:00,Sentinels,FURIA,2 - 0,mwzera,939,FURIA,map,Jett,1.02,205,15,12,1,+3,67%,140,25%,2,1,+1,Split,Sentinels
314650,Champions Tour 2024: Americas Stage 1,"Regular Season: 
						Week 5",2024-05-03 20:00:00,Sentinels,FURIA,2 - 0,kon4n,1671,FURIA,map,Viper,1.01,181,12,11,7,+1,83%,112,38%,1,2,-1,Split,Sentinels
314650,Champions Tour 2024: Americas Stage 1,"Regular Season: 
						Week 5",2024-05-03 20:00:00,Sentinels,FURIA,2 - 0,havoc,8706,FURIA,map,Raze,0.82,212,11,15,7,-4,50%,161,24%,3,7,-4,Split,Sentinels
314650,Champions Tour 2024: Americas Stage 1,"Regular Season: 
						Week 5",2024-05-03 20:00:00,Sentinels,FURIA,2 - 0,nzr,725,FURIA,map,Skye,0.81,151,9,13,8,-4,67%,109,21%,0,1,-1,Split,Sentinels
314650,Champions Tour 2024: Americas Stage 1,"Regular Season: 
						Week 5",2024-05-03 20:00:00,Sentinels,FURIA,2 - 0,Khalil,1711,FURIA,map,Omen,0.70,139,8,13,7,-5,89%,100,33%,0,1,-1,Split,Sentinels
314650,Champions Tour 2024: Americas Stage 1,"Regular Season: 
						Week 5",2024-05-03 20:00:00,Sentinels,FURIA,2 - 0,TenZ,9,Sentinels,map,Kayo,1.83,367,28,13,14,+15,82%,241,26%,3,2,+1,Icebox,Sentinels
314650,Champions Tour 2024: Americas Stage 1,"Regular Season: 
						Week 5",2024-05-03 20:00:00,Sentinels,FURIA,2 - 0,Zellsis,729,Sentinels,map,Killjoy,1.19,187,18,13,1,+5,82%,142,25%,2,0,+2,Icebox,Sentinels
314650,Champions Tour 2024: Americas Stage 1,"Regular Season: 
						Week 5",2024-05-03 20:00:00,Sentinels,FURIA,2 - 0,zekken,4004,Sentinels,map,Jett,1.13,258,19,15,2,+4,73%,178,32%,9,1,+8,Icebox,Sentinels
314650,Champions Tour 2024: Americas Stage 1,"Regular Season: 
						Week 5",2024-05-03 20:00:00,Sentinels,FURIA,2 - 0,johnqt,1265,Sentinels,map,Viper,0.98,136,10,11,11,-1,82%,86,21%,1,2,-1,Icebox,Sentinels
314650,Champions Tour 2024: Americas Stage 1,"Regular Season: 
						Week 5",2024-05-03 20:00:00,Sentinels,FURIA,2 - 0,Sacy,659,Sentinels,map,Gekko,0.72,97,7,11,5,-4,77%,78,30%,1,1,0,Icebox,Sentinels
314650,Champions Tour 2024: Americas Stage 1,"Regular Season: 
						Week 5",2024-05-03 20:00:00,Sentinels,FURIA,2 - 0,nzr,725,FURIA,map,Sova,1.19,205,16,14,2,+2,64%,136,18%,0,0,0,Icebox,Sentinels
314650,Champions Tour 2024: Americas Stage 1,"Regular Season: 
						Week 5",2024-05-03 20:00:00,Sentinels,FURIA,2 - 0,Khalil,1711,FURIA,map,Killjoy,1.14,196,17,13,3,+4,77%,126,52%,2,2,0,Icebox,Sentinels
314650,Champions Tour 2024: Americas Stage 1,"Regular Season: 
						Week 5",2024-05-03 20:00:00,Sentinels,FURIA,2 - 0,kon4n,1671,FURIA,map,Viper,0.67,137,11,16,2,-5,50%,91,32%,1,5,-4,Icebox,Sentinels
314650,Champions Tour 2024: Americas Stage 1,"Regular Season: 
						Week 5",2024-05-03 20:00:00,Sentinels,FURIA,2 - 0,mwzera,939,FURIA,map,Reyna,0.54,139,10,20,4,-10,55%,95,22%,1,5,-4,Icebox,Sentinels
314650,Champions Tour 2024: Americas Stage 1,"Regular Season: 
						Week 5",2024-05-03 20:00:00,Sentinels,FURIA,2 - 0,havoc,8706,FURIA,map,Gekko,0.41,123,9,19,4,-10,55%,83,47%,2,4,-2,Icebox,Sentinels
314651,Champions Tour 2024: Americas Stage 1,"Regular Season: 
						Week 5",2024-05-04 17:00:00,NRG,100 Thieves,0 - 2,Ethan,11225,NRG,overall,"Omen, Skye",0.90,177,27,32,10,-5,71%,104,25%,5,4,+1,,
314651,Champions Tour 2024: Americas Stage 1,"Regular Season: 
						Week 5",2024-05-04 17:00:00,NRG,100 Thieves,0 - 2,Demon1,26171,NRG,overall,"Jett, Brimstone",0.83,206,28,37,11,-9,71%,135,32%,2,3,-1,,
314651,Champions Tour 2024: Americas Stage 1,"Regular Season: 
						Week 5",2024-05-04 17:00:00,NRG,100 Thieves,0 - 2,crashies,4,NRG,overall,"Skye, Gekko",0.75,153,19,31,21,-12,68%,106,32%,2,3,-1,,
314651,Champions Tour 2024: Americas Stage 1,"Regular Season: 
						Week 5",2024-05-04 17:00:00,NRG,100 Thieves,0 - 2,Victor,261,NRG,overall,Raze,0.69,218,29,38,5,-9,63%,139,20%,6,10,-4,,
314651,Champions Tour 2024: Americas Stage 1,"Regular Season: 
						Week 5",2024-05-04 17:00:00,NRG,100 Thieves,0 - 2,Marved,263,NRG,overall,Viper,0.55,133,18,35,6,-17,56%,89,22%,3,3,0,,
314651,Champions Tour 2024: Americas Stage 1,"Regular Season: 
						Week 5",2024-05-04 17:00:00,NRG,100 Thieves,0 - 2,eeiu,796,100 Thieves,overall,Fade,1.36,207,32,19,20,+13,90%,130,33%,2,1,+1,,
314651,Champions Tour 2024: Americas Stage 1,"Regular Season: 
						Week 5",2024-05-04 17:00:00,NRG,100 Thieves,0 - 2,Cryocells,4147,100 Thieves,overall,"Astra, Brimstone",1.35,240,36,24,15,+12,78%,166,28%,3,1,+2,,
314651,Champions Tour 2024: Americas Stage 1,"Regular Season: 
						Week 5",2024-05-04 17:00:00,NRG,100 Thieves,0 - 2,Asuna,601,100 Thieves,overall,Raze,1.21,279,41,29,11,+12,83%,166,14%,9,7,+2,,
314651,Champions Tour 2024: Americas Stage 1,"Regular Season: 
						Week 5",2024-05-04 17:00:00,NRG,100 Thieves,0 - 2,Boostio,604,100 Thieves,overall,Gekko,1.18,249,38,28,10,+10,88%,155,35%,5,4,+1,,
314651,Champions Tour 2024: Americas Stage 1,"Regular Season: 
						Week 5",2024-05-04 17:00:00,NRG,100 Thieves,0 - 2,bang,3880,100 Thieves,overall,Viper,1.07,174,26,21,8,+5,76%,112,30%,4,5,-1,,
314651,Champions Tour 2024: Americas Stage 1,"Regular Season: 
						Week 5",2024-05-04 17:00:00,NRG,100 Thieves,0 - 2,Ethan,11225,NRG,map,Omen,1.07,225,17,17,4,0,67%,140,32%,4,1,+3,Split,100 Thieves
314651,Champions Tour 2024: Americas Stage 1,"Regular Season: 
						Week 5",2024-05-04 17:00:00,NRG,100 Thieves,0 - 2,Demon1,26171,NRG,map,Jett,0.82,209,15,18,3,-3,71%,140,33%,2,1,+1,Split,100 Thieves
314651,Champions Tour 2024: Americas Stage 1,"Regular Season: 
						Week 5",2024-05-04 17:00:00,NRG,100 Thieves,0 - 2,crashies,4,NRG,map,Skye,0.81,152,8,14,20,-6,81%,109,24%,1,1,0,Split,100 Thieves
314651,Champions Tour 2024: Americas Stage 1,"Regular Season: 
						Week 5",2024-05-04 17:00:00,NRG,100 Thieves,0 - 2,Marved,263,NRG,map,Viper,0.56,143,11,19,2,-8,62%,93,15%,2,1,+1,Split,100 Thieves
314651,Champions Tour 2024: Americas Stage 1,"Regular Season: 
						Week 5",2024-05-04 17:00:00,NRG,100 Thieves,0 - 2,Victor,261,NRG,map,Raze,0.56,193,12,19,5,-7,67%,135,17%,3,5,-2,Split,100 Thieves
314651,Champions Tour 2024: Americas Stage 1,"Regular Season: 
						Week 5",2024-05-04 17:00:00,NRG,100 Thieves,0 - 2,Cryocells,4147,100 Thieves,map,Astra,1.54,225,18,10,8,+8,81%,154,28%,1,1,0,Split,100 Thieves
314651,Champions Tour 2024: Americas Stage 1,"Regular Season: 
						Week 5",2024-05-04 17:00:00,NRG,100 Thieves,0 - 2,eeiu,796,100 Thieves,map,Fade,1.52,224,19,9,5,+10,86%,143,43%,2,1,+1,Split,100 Thieves
314651,Champions Tour 2024: Americas Stage 1,"Regular Season: 
						Week 5",2024-05-04 17:00:00,NRG,100 Thieves,0 - 2,bang,3880,100 Thieves,map,Viper,1.32,231,18,11,2,+7,76%,144,35%,2,3,-1,Split,100 Thieves
314651,Champions Tour 2024: Americas Stage 1,"Regular Season: 
						Week 5",2024-05-04 17:00:00,NRG,100 Thieves,0 - 2,Boostio,604,100 Thieves,map,Gekko,0.94,221,16,16,7,0,81%,144,40%,2,3,-1,Split,100 Thieves
314651,Champions Tour 2024: Americas Stage 1,"Regular Season: 
						Week 5",2024-05-04 17:00:00,NRG,100 Thieves,0 - 2,Asuna,601,100 Thieves,map,Raze,0.83,225,16,17,5,-1,81%,150,21%,2,4,-2,Split,100 Thieves
314651,Champions Tour 2024: Americas Stage 1,"Regular Season: 
						Week 5",2024-05-04 17:00:00,NRG,100 Thieves,0 - 2,Demon1,26171,NRG,map,Brimstone,0.85,203,13,19,8,-6,70%,129,29%,0,2,-2,Bind,100 Thieves
314651,Champions Tour 2024: Americas Stage 1,"Regular Season: 
						Week 5",2024-05-04 17:00:00,NRG,100 Thieves,0 - 2,Victor,261,NRG,map,Raze,0.83,243,17,19,0,-2,60%,144,24%,3,5,-2,Bind,100 Thieves
314651,Champions Tour 2024: Americas Stage 1,"Regular Season: 
						Week 5",2024-05-04 17:00:00,NRG,100 Thieves,0 - 2,Ethan,11225,NRG,map,Skye,0.73,129,10,15,6,-5,75%,66,16%,1,3,-2,Bind,100 Thieves
314651,Champions Tour 2024: Americas Stage 1,"Regular Season: 
						Week 5",2024-05-04 17:00:00,NRG,100 Thieves,0 - 2,crashies,4,NRG,map,Gekko,0.68,153,11,17,1,-6,55%,102,46%,1,2,-1,Bind,100 Thieves
314651,Champions Tour 2024: Americas Stage 1,"Regular Season: 
						Week 5",2024-05-04 17:00:00,NRG,100 Thieves,0 - 2,Marved,263,NRG,map,Viper,0.54,122,7,16,4,-9,50%,85,41%,1,2,-1,Bind,100 Thieves
314651,Champions Tour 2024: Americas Stage 1,"Regular Season: 
						Week 5",2024-05-04 17:00:00,NRG,100 Thieves,0 - 2,Asuna,601,100 Thieves,map,Raze,1.61,332,25,12,6,+13,85%,184,10%,7,3,+4,Bind,100 Thieves
314651,Champions Tour 2024: Americas Stage 1,"Regular Season: 
						Week 5",2024-05-04 17:00:00,NRG,100 Thieves,0 - 2,Boostio,604,100 Thieves,map,Gekko,1.43,276,22,12,3,+10,95%,166,31%,3,1,+2,Bind,100 Thieves
314651,Champions Tour 2024: Americas Stage 1,"Regular Season: 
						Week 5",2024-05-04 17:00:00,NRG,100 Thieves,0 - 2,eeiu,796,100 Thieves,map,Fade,1.19,189,13,10,15,+3,95%,117,23%,0,0,0,Bind,100 Thieves
314651,Champions Tour 2024: Americas Stage 1,"Regular Season: 
						Week 5",2024-05-04 17:00:00,NRG,100 Thieves,0 - 2,Cryocells,4147,100 Thieves,map,Brimstone,1.16,254,18,14,7,+4,75%,178,28%,2,0,+2,Bind,100 Thieves
314651,Champions Tour 2024: Americas Stage 1,"Regular Season: 
						Week 5",2024-05-04 17:00:00,NRG,100 Thieves,0 - 2,bang,3880,100 Thieves,map,Viper,0.81,116,8,10,6,-2,75%,79,22%,2,2,0,Bind,100 Thieves
314652,Champions Tour 2024: Americas Stage 1,"Regular Season: 
						Week 5",2024-05-04 19:20:00,KRÜ Esports,LEVIATÁN,1 - 2,heat,8673,KRÜ Esports,overall,"Kayo, Fade",1.16,216,53,46,21,+7,79%,137,35%,5,4,+1,,
314652,Champions Tour 2024: Americas Stage 1,"Regular Season: 
						Week 5",2024-05-04 19:20:00,KRÜ Esports,LEVIATÁN,1 - 2,keznit,2462,KRÜ Esports,overall,"Jett, Raze",1.10,241,55,49,10,+6,76%,166,25%,18,10,+8,,
314652,Champions Tour 2024: Americas Stage 1,"Regular Season: 
						Week 5",2024-05-04 19:20:00,KRÜ Esports,LEVIATÁN,1 - 2,Shyy,24007,KRÜ Esports,overall,"Killjoy, Cypher",0.97,212,49,47,11,+2,71%,143,35%,6,5,+1,,
314652,Champions Tour 2024: Americas Stage 1,"Regular Season: 
						Week 5",2024-05-04 19:20:00,KRÜ Esports,LEVIATÁN,1 - 2,Melser,1311,KRÜ Esports,overall,"Omen, Viper",0.79,137,32,43,22,-11,68%,99,26%,2,5,-3,,
314652,Champions Tour 2024: Americas Stage 1,"Regular Season: 
						Week 5",2024-05-04 19:20:00,KRÜ Esports,LEVIATÁN,1 - 2,Klaus,2610,KRÜ Esports,overall,"Sova, Viper",0.62,159,33,55,12,-22,65%,104,27%,4,7,-3,,
314652,Champions Tour 2024: Americas Stage 1,"Regular Season: 
						Week 5",2024-05-04 19:20:00,KRÜ Esports,LEVIATÁN,1 - 2,kiNgg,8549,LEVIATÁN,overall,"Omen, Viper",1.36,225,56,36,23,+20,80%,146,37%,8,1,+7,,
314652,Champions Tour 2024: Americas Stage 1,"Regular Season: 
						Week 5",2024-05-04 19:20:00,KRÜ Esports,LEVIATÁN,1 - 2,aspas,8480,LEVIATÁN,overall,"Jett, Raze",1.27,251,59,42,8,+17,74%,159,35%,10,7,+3,,
314652,Champions Tour 2024: Americas Stage 1,"Regular Season: 
						Week 5",2024-05-04 19:20:00,KRÜ Esports,LEVIATÁN,1 - 2,tex,1818,LEVIATÁN,overall,"Killjoy, Cypher",1.07,207,50,46,10,+4,64%,132,31%,7,10,-3,,
314652,Champions Tour 2024: Americas Stage 1,"Regular Season: 
						Week 5",2024-05-04 19:20:00,KRÜ Esports,LEVIATÁN,1 - 2,Mazino,7603,LEVIATÁN,overall,"Kayo, Omen",0.90,197,43,48,25,-5,67%,123,32%,2,13,-11,,
314652,Champions Tour 2024: Americas Stage 1,"Regular Season: 
						Week 5",2024-05-04 19:20:00,KRÜ Esports,LEVIATÁN,1 - 2,C0M,619,LEVIATÁN,overall,"Sova, Fade",0.76,161,32,50,21,-18,68%,120,21%,4,4,0,,
314652,Champions Tour 2024: Americas Stage 1,"Regular Season: 
						Week 5",2024-05-04 19:20:00,KRÜ Esports,LEVIATÁN,1 - 2,heat,8673,KRÜ Esports,map,Kayo,1.17,198,13,13,5,0,88%,118,31%,1,0,+1,Ascent,LEVIATÁN
314652,Champions Tour 2024: Americas Stage 1,"Regular Season: 
						Week 5",2024-05-04 19:20:00,KRÜ Esports,LEVIATÁN,1 - 2,Klaus,2610,KRÜ Esports,map,Sova,0.91,229,13,16,4,-3,65%,151,46%,0,0,0,Ascent,LEVIATÁN
314652,Champions Tour 2024: Americas Stage 1,"Regular Season: 
						Week 5",2024-05-04 19:20:00,KRÜ Esports,LEVIATÁN,1 - 2,Shyy,24007,KRÜ Esports,map,Killjoy,0.90,208,11,14,4,-3,71%,154,41%,0,1,-1,Ascent,LEVIATÁN
314652,Champions Tour 2024: Americas Stage 1,"Regular Season: 
						Week 5",2024-05-04 19:20:00,KRÜ Esports,LEVIATÁN,1 - 2,keznit,2462,KRÜ Esports,map,Jett,0.47,162,9,17,0,-8,53%,102,23%,5,7,-2,Ascent,LEVIATÁN
314652,Champions Tour 2024: Americas Stage 1,"Regular Season: 
						Week 5",2024-05-04 19:20:00,KRÜ Esports,LEVIATÁN,1 - 2,Melser,1311,KRÜ Esports,map,Omen,0.40,95,4,14,10,-10,65%,68,15%,0,3,-3,Ascent,LEVIATÁN
314652,Champions Tour 2024: Americas Stage 1,"Regular Season: 
						Week 5",2024-05-04 19:20:00,KRÜ Esports,LEVIATÁN,1 - 2,aspas,8480,LEVIATÁN,map,Jett,1.94,332,22,7,2,+15,82%,232,37%,3,1,+2,Ascent,LEVIATÁN
314652,Champions Tour 2024: Americas Stage 1,"Regular Season: 
						Week 5",2024-05-04 19:20:00,KRÜ Esports,LEVIATÁN,1 - 2,Mazino,7603,LEVIATÁN,map,Kayo,1.67,312,20,10,10,+10,82%,201,22%,2,1,+1,Ascent,LEVIATÁN
314652,Champions Tour 2024: Americas Stage 1,"Regular Season: 
						Week 5",2024-05-04 19:20:00,KRÜ Esports,LEVIATÁN,1 - 2,kiNgg,8549,LEVIATÁN,map,Omen,1.04,187,12,10,6,+2,76%,120,48%,1,0,+1,Ascent,LEVIATÁN
314652,Champions Tour 2024: Americas Stage 1,"Regular Season: 
						Week 5",2024-05-04 19:20:00,KRÜ Esports,LEVIATÁN,1 - 2,C0M,619,LEVIATÁN,map,Sova,0.91,195,10,11,7,-1,82%,135,15%,2,2,0,Ascent,LEVIATÁN
314652,Champions Tour 2024: Americas Stage 1,"Regular Season: 
						Week 5",2024-05-04 19:20:00,KRÜ Esports,LEVIATÁN,1 - 2,tex,1818,LEVIATÁN,map,Killjoy,0.75,186,10,12,3,-2,71%,120,28%,3,2,+1,Ascent,LEVIATÁN
314652,Champions Tour 2024: Americas Stage 1,"Regular Season: 
						Week 5",2024-05-04 19:20:00,KRÜ Esports,LEVIATÁN,1 - 2,keznit,2462,KRÜ Esports,map,Jett,1.42,304,27,16,4,+11,77%,190,24%,7,3,+4,Breeze,KRÜ Esports
314652,Champions Tour 2024: Americas Stage 1,"Regular Season: 
						Week 5",2024-05-04 19:20:00,KRÜ Esports,LEVIATÁN,1 - 2,Shyy,24007,KRÜ Esports,map,Cypher,0.93,183,17,16,6,+1,69%,117,27%,2,2,0,Breeze,KRÜ Esports
314652,Champions Tour 2024: Americas Stage 1,"Regular Season: 
						Week 5",2024-05-04 19:20:00,KRÜ Esports,LEVIATÁN,1 - 2,heat,8673,KRÜ Esports,map,Kayo,0.92,195,17,18,10,-1,65%,130,41%,4,2,+2,Breeze,KRÜ Esports
314652,Champions Tour 2024: Americas Stage 1,"Regular Season: 
						Week 5",2024-05-04 19:20:00,KRÜ Esports,LEVIATÁN,1 - 2,Melser,1311,KRÜ Esports,map,Viper,0.92,147,13,15,6,-2,69%,108,32%,1,0,+1,Breeze,KRÜ Esports
314652,Champions Tour 2024: Americas Stage 1,"Regular Season: 
						Week 5",2024-05-04 19:20:00,KRÜ Esports,LEVIATÁN,1 - 2,Klaus,2610,KRÜ Esports,map,Sova,0.79,162,16,20,2,-4,65%,105,21%,3,2,+1,Breeze,KRÜ Esports
314652,Champions Tour 2024: Americas Stage 1,"Regular Season: 
						Week 5",2024-05-04 19:20:00,KRÜ Esports,LEVIATÁN,1 - 2,kiNgg,8549,LEVIATÁN,map,Viper,1.72,291,29,12,8,+17,85%,178,38%,2,0,+2,Breeze,KRÜ Esports
314652,Champions Tour 2024: Americas Stage 1,"Regular Season: 
						Week 5",2024-05-04 19:20:00,KRÜ Esports,LEVIATÁN,1 - 2,tex,1818,LEVIATÁN,map,Cypher,1.17,225,21,18,4,+3,54%,124,29%,4,5,-1,Breeze,KRÜ Esports
314652,Champions Tour 2024: Americas Stage 1,"Regular Season: 
						Week 5",2024-05-04 19:20:00,KRÜ Esports,LEVIATÁN,1 - 2,aspas,8480,LEVIATÁN,map,Jett,0.88,155,14,17,4,-3,65%,105,29%,2,3,-1,Breeze,KRÜ Esports
314652,Champions Tour 2024: Americas Stage 1,"Regular Season: 
						Week 5",2024-05-04 19:20:00,KRÜ Esports,LEVIATÁN,1 - 2,C0M,619,LEVIATÁN,map,Sova,0.59,137,10,22,8,-12,62%,108,30%,1,1,0,Breeze,KRÜ Esports
314652,Champions Tour 2024: Americas Stage 1,"Regular Season: 
						Week 5",2024-05-04 19:20:00,KRÜ Esports,LEVIATÁN,1 - 2,Mazino,7603,LEVIATÁN,map,Kayo,0.54,122,11,21,8,-10,58%,82,41%,0,8,-8,Breeze,KRÜ Esports
314652,Champions Tour 2024: Americas Stage 1,"Regular Season: 
						Week 5",2024-05-04 19:20:00,KRÜ Esports,LEVIATÁN,1 - 2,heat,8673,KRÜ Esports,map,Fade,1.42,255,23,15,6,+8,87%,158,33%,0,2,-2,Lotus,LEVIATÁN
314652,Champions Tour 2024: Americas Stage 1,"Regular Season: 
						Week 5",2024-05-04 19:20:00,KRÜ Esports,LEVIATÁN,1 - 2,keznit,2462,KRÜ Esports,map,Raze,1.20,258,19,16,6,+3,91%,185,28%,6,0,+6,Lotus,LEVIATÁN
314652,Champions Tour 2024: Americas Stage 1,"Regular Season: 
						Week 5",2024-05-04 19:20:00,KRÜ Esports,LEVIATÁN,1 - 2,Shyy,24007,KRÜ Esports,map,Killjoy,1.08,245,21,17,1,+4,74%,166,38%,4,2,+2,Lotus,LEVIATÁN
314652,Champions Tour 2024: Americas Stage 1,"Regular Season: 
						Week 5",2024-05-04 19:20:00,KRÜ Esports,LEVIATÁN,1 - 2,Melser,1311,KRÜ Esports,map,Omen,0.92,170,15,14,6,+1,70%,112,24%,1,2,-1,Lotus,LEVIATÁN
314652,Champions Tour 2024: Americas Stage 1,"Regular Season: 
						Week 5",2024-05-04 19:20:00,KRÜ Esports,LEVIATÁN,1 - 2,Klaus,2610,KRÜ Esports,map,Viper,0.22,85,4,19,6,-15,65%,69,16%,1,5,-4,Lotus,LEVIATÁN
314652,Champions Tour 2024: Americas Stage 1,"Regular Season: 
						Week 5",2024-05-04 19:20:00,KRÜ Esports,LEVIATÁN,1 - 2,aspas,8480,LEVIATÁN,map,Raze,1.23,266,23,18,2,+5,78%,167,38%,5,3,+2,Lotus,LEVIATÁN
314652,Champions Tour 2024: Americas Stage 1,"Regular Season: 
						Week 5",2024-05-04 19:20:00,KRÜ Esports,LEVIATÁN,1 - 2,tex,1818,LEVIATÁN,map,Killjoy,1.20,210,19,16,3,+3,70%,150,34%,0,3,-3,Lotus,LEVIATÁN
314652,Champions Tour 2024: Americas Stage 1,"Regular Season: 
						Week 5",2024-05-04 19:20:00,KRÜ Esports,LEVIATÁN,1 - 2,kiNgg,8549,LEVIATÁN,map,Viper,1.19,197,15,14,9,+1,78%,129,28%,5,1,+4,Lotus,LEVIATÁN
314652,Champions Tour 2024: Americas Stage 1,"Regular Season: 
						Week 5",2024-05-04 19:20:00,KRÜ Esports,LEVIATÁN,1 - 2,C0M,619,LEVIATÁN,map,Fade,0.83,152,12,17,6,-5,65%,123,23%,1,1,0,Lotus,LEVIATÁN
314652,Champions Tour 2024: Americas Stage 1,"Regular Season: 
						Week 5",2024-05-04 19:20:00,KRÜ Esports,LEVIATÁN,1 - 2,Mazino,7603,LEVIATÁN,map,Omen,0.74,158,12,17,7,-5,65%,112,40%,0,4,-4,Lotus,LEVIATÁN
314653,Champions Tour 2024: Americas Stage 1,"Regular Season: 
						Week 5",2024-05-05 17:00:00,Cloud9,MIBR,2 - 0,OXY,18796,Cloud9,overall,"Jett, Raze",1.50,330,56,33,12,+23,77%,209,30%,14,3,+11,,
314653,Champions Tour 2024: Americas Stage 1,"Regular Season: 
						Week 5",2024-05-05 17:00:00,Cloud9,MIBR,2 - 0,moose,7458,Cloud9,overall,"Killjoy, Cypher",1.39,208,38,20,8,+18,83%,149,23%,6,2,+4,,
314653,Champions Tour 2024: Americas Stage 1,"Regular Season: 
						Week 5",2024-05-05 17:00:00,Cloud9,MIBR,2 - 0,runi,16003,Cloud9,overall,"Sova, Viper",0.98,199,34,32,13,+2,75%,141,38%,4,3,+1,,
314653,Champions Tour 2024: Americas Stage 1,"Regular Season: 
						Week 5",2024-05-05 17:00:00,Cloud9,MIBR,2 - 0,Xeppaa,7871,Cloud9,overall,"Sage, Skye",0.93,170,28,34,21,-6,73%,112,28%,4,3,+1,,
314653,Champions Tour 2024: Americas Stage 1,"Regular Season: 
						Week 5",2024-05-05 17:00:00,Cloud9,MIBR,2 - 0,vanity,7870,Cloud9,overall,"Viper, Omen",0.86,226,38,42,14,-4,75%,146,26%,3,6,-3,,
314653,Champions Tour 2024: Americas Stage 1,"Regular Season: 
						Week 5",2024-05-05 17:00:00,Cloud9,MIBR,2 - 0,frz,651,MIBR,overall,"Killjoy, Cypher",1.11,230,38,37,8,+1,69%,150,27%,4,4,0,,
314653,Champions Tour 2024: Americas Stage 1,"Regular Season: 
						Week 5",2024-05-05 17:00:00,Cloud9,MIBR,2 - 0,jzz,13093,MIBR,overall,"Gekko, Skye",1.01,223,38,38,10,0,71%,144,39%,7,8,-1,,
314653,Champions Tour 2024: Americas Stage 1,"Regular Season: 
						Week 5",2024-05-05 17:00:00,Cloud9,MIBR,2 - 0,artzin,5957,MIBR,overall,"Sage, Raze",0.94,228,38,41,9,-3,65%,147,26%,3,10,-7,,
314653,Champions Tour 2024: Americas Stage 1,"Regular Season: 
						Week 5",2024-05-05 17:00:00,Cloud9,MIBR,2 - 0,RgLMeister,5351,MIBR,overall,"Viper, Omen",0.90,180,31,37,16,-6,75%,127,32%,3,3,0,,
314653,Champions Tour 2024: Americas Stage 1,"Regular Season: 
						Week 5",2024-05-05 17:00:00,Cloud9,MIBR,2 - 0,mazin,8872,MIBR,overall,"Kayo, Viper",0.44,114,16,41,18,-25,56%,81,22%,0,6,-6,,
314653,Champions Tour 2024: Americas Stage 1,"Regular Season: 
						Week 5",2024-05-05 17:00:00,Cloud9,MIBR,2 - 0,OXY,18796,Cloud9,map,Jett,1.71,341,32,16,4,+16,77%,208,34%,9,2,+7,Icebox,Cloud9
314653,Champions Tour 2024: Americas Stage 1,"Regular Season: 
						Week 5",2024-05-05 17:00:00,Cloud9,MIBR,2 - 0,moose,7458,Cloud9,map,Killjoy,1.46,233,21,11,4,+10,92%,175,25%,4,1,+3,Icebox,Cloud9
314653,Champions Tour 2024: Americas Stage 1,"Regular Season: 
						Week 5",2024-05-05 17:00:00,Cloud9,MIBR,2 - 0,Xeppaa,7871,Cloud9,map,Sage,0.96,172,15,19,10,-4,73%,114,22%,2,0,+2,Icebox,Cloud9
314653,Champions Tour 2024: Americas Stage 1,"Regular Season: 
						Week 5",2024-05-05 17:00:00,Cloud9,MIBR,2 - 0,runi,16003,Cloud9,map,Sova,0.81,193,19,20,5,-1,62%,141,38%,1,2,-1,Icebox,Cloud9
314653,Champions Tour 2024: Americas Stage 1,"Regular Season: 
						Week 5",2024-05-05 17:00:00,Cloud9,MIBR,2 - 0,vanity,7870,Cloud9,map,Viper,0.75,239,20,26,9,-6,81%,163,30%,1,4,-3,Icebox,Cloud9
314653,Champions Tour 2024: Americas Stage 1,"Regular Season: 
						Week 5",2024-05-05 17:00:00,Cloud9,MIBR,2 - 0,frz,651,MIBR,map,Killjoy,1.27,273,25,20,2,+5,65%,176,29%,2,2,0,Icebox,Cloud9
314653,Champions Tour 2024: Americas Stage 1,"Regular Season: 
						Week 5",2024-05-05 17:00:00,Cloud9,MIBR,2 - 0,RgLMeister,5351,MIBR,map,Viper,1.04,227,21,21,8,0,77%,162,35%,2,2,0,Icebox,Cloud9
314653,Champions Tour 2024: Americas Stage 1,"Regular Season: 
						Week 5",2024-05-05 17:00:00,Cloud9,MIBR,2 - 0,artzin,5957,MIBR,map,Sage,0.86,205,19,22,8,-3,69%,139,30%,1,6,-5,Icebox,Cloud9
314653,Champions Tour 2024: Americas Stage 1,"Regular Season: 
						Week 5",2024-05-05 17:00:00,Cloud9,MIBR,2 - 0,jzz,13093,MIBR,map,Gekko,0.84,182,19,21,3,-2,73%,127,44%,4,5,-1,Icebox,Cloud9
314653,Champions Tour 2024: Americas Stage 1,"Regular Season: 
						Week 5",2024-05-05 17:00:00,Cloud9,MIBR,2 - 0,mazin,8872,MIBR,map,Kayo,0.39,106,8,23,14,-15,69%,74,16%,0,2,-2,Icebox,Cloud9
314653,Champions Tour 2024: Americas Stage 1,"Regular Season: 
						Week 5",2024-05-05 17:00:00,Cloud9,MIBR,2 - 0,moose,7458,Cloud9,map,Cypher,1.30,183,17,9,4,+8,73%,118,19%,2,1,+1,Sunset,Cloud9
314653,Champions Tour 2024: Americas Stage 1,"Regular Season: 
						Week 5",2024-05-05 17:00:00,Cloud9,MIBR,2 - 0,OXY,18796,Cloud9,map,Raze,1.26,318,24,17,8,+7,77%,210,27%,5,1,+4,Sunset,Cloud9
314653,Champions Tour 2024: Americas Stage 1,"Regular Season: 
						Week 5",2024-05-05 17:00:00,Cloud9,MIBR,2 - 0,runi,16003,Cloud9,map,Viper,1.19,205,15,12,8,+3,91%,142,38%,3,1,+2,Sunset,Cloud9
314653,Champions Tour 2024: Americas Stage 1,"Regular Season: 
						Week 5",2024-05-05 17:00:00,Cloud9,MIBR,2 - 0,vanity,7870,Cloud9,map,Omen,0.99,213,18,16,5,+2,68%,125,22%,2,2,0,Sunset,Cloud9
314653,Champions Tour 2024: Americas Stage 1,"Regular Season: 
						Week 5",2024-05-05 17:00:00,Cloud9,MIBR,2 - 0,Xeppaa,7871,Cloud9,map,Skye,0.88,167,13,15,11,-2,73%,111,37%,2,3,-1,Sunset,Cloud9
314653,Champions Tour 2024: Americas Stage 1,"Regular Season: 
						Week 5",2024-05-05 17:00:00,Cloud9,MIBR,2 - 0,jzz,13093,MIBR,map,Skye,1.22,263,19,17,7,+2,68%,165,36%,3,3,0,Sunset,Cloud9
314653,Champions Tour 2024: Americas Stage 1,"Regular Season: 
						Week 5",2024-05-05 17:00:00,Cloud9,MIBR,2 - 0,artzin,5957,MIBR,map,Raze,1.04,250,19,19,1,0,59%,157,23%,2,4,-2,Sunset,Cloud9
314653,Champions Tour 2024: Americas Stage 1,"Regular Season: 
						Week 5",2024-05-05 17:00:00,Cloud9,MIBR,2 - 0,frz,651,MIBR,map,Cypher,0.91,186,13,17,6,-4,73%,120,25%,2,2,0,Sunset,Cloud9
314653,Champions Tour 2024: Americas Stage 1,"Regular Season: 
						Week 5",2024-05-05 17:00:00,Cloud9,MIBR,2 - 0,RgLMeister,5351,MIBR,map,Omen,0.73,133,10,16,8,-6,73%,85,27%,1,1,0,Sunset,Cloud9
314653,Champions Tour 2024: Americas Stage 1,"Regular Season: 
						Week 5",2024-05-05 17:00:00,Cloud9,MIBR,2 - 0,mazin,8872,MIBR,map,Viper,0.49,122,8,18,4,-10,41%,89,29%,0,4,-4,Sunset,Cloud9
314654,Champions Tour 2024: Americas Stage 1,"Regular Season: 
						Week 5",2024-05-05 19:35:00,G2 Esports,LOUD,0 - 2,valyn,3885,G2 Esports,overall,"Brimstone, Harbor",1.06,192,29,27,13,+2,85%,111,23%,3,3,0,,
314654,Champions Tour 2024: Americas Stage 1,"Regular Season: 
						Week 5",2024-05-05 19:35:00,G2 Esports,LOUD,0 - 2,trent,15500,G2 Esports,overall,"Gekko, Sova",0.85,151,23,30,9,-7,59%,113,23%,1,2,-1,,
314654,Champions Tour 2024: Americas Stage 1,"Regular Season: 
						Week 5",2024-05-05 19:35:00,G2 Esports,LOUD,0 - 2,leaf,7873,G2 Esports,overall,"Viper, Killjoy",0.84,192,25,31,13,-6,71%,134,14%,4,8,-4,,
314654,Champions Tour 2024: Americas Stage 1,"Regular Season: 
						Week 5",2024-05-05 19:35:00,G2 Esports,LOUD,0 - 2,icy,8402,G2 Esports,overall,"Raze, Gekko",0.79,169,23,32,6,-9,49%,118,27%,6,8,-2,,
314654,Champions Tour 2024: Americas Stage 1,"Regular Season: 
						Week 5",2024-05-05 19:35:00,G2 Esports,LOUD,0 - 2,JonahP,4581,G2 Esports,overall,"Skye, Viper",0.65,129,14,31,14,-17,63%,89,29%,1,5,-4,,
314654,Champions Tour 2024: Americas Stage 1,"Regular Season: 
						Week 5",2024-05-05 19:35:00,G2 Esports,LOUD,0 - 2,Less,8447,LOUD,overall,Viper,1.69,276,41,16,8,+25,90%,195,36%,3,0,+3,,
314654,Champions Tour 2024: Americas Stage 1,"Regular Season: 
						Week 5",2024-05-05 19:35:00,G2 Esports,LOUD,0 - 2,tuyz,2408,LOUD,overall,"Brimstone, Harbor",1.29,205,30,23,22,+7,80%,146,29%,5,3,+2,,
314654,Champions Tour 2024: Americas Stage 1,"Regular Season: 
						Week 5",2024-05-05 19:35:00,G2 Esports,LOUD,0 - 2,cauanzin,6193,LOUD,overall,"Kayo, Sova",1.12,235,33,26,15,+7,76%,156,30%,6,3,+3,,
314654,Champions Tour 2024: Americas Stage 1,"Regular Season: 
						Week 5",2024-05-05 19:35:00,G2 Esports,LOUD,0 - 2,Quick,1575,LOUD,overall,"Raze, Jett",0.93,163,23,21,2,+2,71%,94,25%,9,6,+3,,
314654,Champions Tour 2024: Americas Stage 1,"Regular Season: 
						Week 5",2024-05-05 19:35:00,G2 Esports,LOUD,0 - 2,saadhak,727,LOUD,overall,"Breach, Killjoy",0.88,174,24,28,17,-4,73%,122,27%,3,3,0,,
314654,Champions Tour 2024: Americas Stage 1,"Regular Season: 
						Week 5",2024-05-05 19:35:00,G2 Esports,LOUD,0 - 2,trent,15500,G2 Esports,map,Gekko,1.28,215,19,14,6,+5,67%,140,27%,1,0,+1,Bind,LOUD
314654,Champions Tour 2024: Americas Stage 1,"Regular Season: 
						Week 5",2024-05-05 19:35:00,G2 Esports,LOUD,0 - 2,valyn,3885,G2 Esports,map,Brimstone,1.14,177,16,13,8,+3,88%,102,15%,1,1,0,Bind,LOUD
314654,Champions Tour 2024: Americas Stage 1,"Regular Season: 
						Week 5",2024-05-05 19:35:00,G2 Esports,LOUD,0 - 2,leaf,7873,G2 Esports,map,Viper,0.99,206,15,17,11,-2,79%,143,16%,4,4,0,Bind,LOUD
314654,Champions Tour 2024: Americas Stage 1,"Regular Season: 
						Week 5",2024-05-05 19:35:00,G2 Esports,LOUD,0 - 2,icy,8402,G2 Esports,map,Raze,0.75,164,13,18,2,-5,50%,118,16%,5,4,+1,Bind,LOUD
314654,Champions Tour 2024: Americas Stage 1,"Regular Season: 
						Week 5",2024-05-05 19:35:00,G2 Esports,LOUD,0 - 2,JonahP,4581,G2 Esports,map,Skye,0.53,87,6,16,9,-10,67%,61,18%,1,3,-2,Bind,LOUD
314654,Champions Tour 2024: Americas Stage 1,"Regular Season: 
						Week 5",2024-05-05 19:35:00,G2 Esports,LOUD,0 - 2,Less,8447,LOUD,map,Viper,1.53,256,21,11,5,+10,92%,185,38%,1,0,+1,Bind,LOUD
314654,Champions Tour 2024: Americas Stage 1,"Regular Season: 
						Week 5",2024-05-05 19:35:00,G2 Esports,LOUD,0 - 2,tuyz,2408,LOUD,map,Brimstone,1.33,206,17,13,16,+4,79%,147,34%,2,3,-1,Bind,LOUD
314654,Champions Tour 2024: Americas Stage 1,"Regular Season: 
						Week 5",2024-05-05 19:35:00,G2 Esports,LOUD,0 - 2,cauanzin,6193,LOUD,map,Kayo,1.24,206,16,13,15,+3,75%,145,23%,2,2,0,Bind,LOUD
314654,Champions Tour 2024: Americas Stage 1,"Regular Season: 
						Week 5",2024-05-05 19:35:00,G2 Esports,LOUD,0 - 2,Quick,1575,LOUD,map,Raze,0.80,131,11,13,1,-2,63%,83,19%,5,4,+1,Bind,LOUD
314654,Champions Tour 2024: Americas Stage 1,"Regular Season: 
						Week 5",2024-05-05 19:35:00,G2 Esports,LOUD,0 - 2,saadhak,727,LOUD,map,Breach,0.79,164,13,19,14,-6,75%,116,20%,2,3,-1,Bind,LOUD
314654,Champions Tour 2024: Americas Stage 1,"Regular Season: 
						Week 5",2024-05-05 19:35:00,G2 Esports,LOUD,0 - 2,valyn,3885,G2 Esports,map,Harbor,0.95,206,13,14,5,-1,82%,124,33%,2,2,0,Icebox,LOUD
314654,Champions Tour 2024: Americas Stage 1,"Regular Season: 
						Week 5",2024-05-05 19:35:00,G2 Esports,LOUD,0 - 2,icy,8402,G2 Esports,map,Gekko,0.85,174,10,14,4,-4,47%,117,50%,1,4,-3,Icebox,LOUD
314654,Champions Tour 2024: Americas Stage 1,"Regular Season: 
						Week 5",2024-05-05 19:35:00,G2 Esports,LOUD,0 - 2,JonahP,4581,G2 Esports,map,Viper,0.82,171,8,15,5,-7,59%,129,43%,0,2,-2,Icebox,LOUD
314654,Champions Tour 2024: Americas Stage 1,"Regular Season: 
						Week 5",2024-05-05 19:35:00,G2 Esports,LOUD,0 - 2,leaf,7873,G2 Esports,map,Killjoy,0.64,177,10,14,2,-4,59%,121,11%,0,4,-4,Icebox,LOUD
314654,Champions Tour 2024: Americas Stage 1,"Regular Season: 
						Week 5",2024-05-05 19:35:00,G2 Esports,LOUD,0 - 2,trent,15500,G2 Esports,map,Sova,0.25,86,4,16,3,-12,47%,74,13%,0,2,-2,Icebox,LOUD
314654,Champions Tour 2024: Americas Stage 1,"Regular Season: 
						Week 5",2024-05-05 19:35:00,G2 Esports,LOUD,0 - 2,Less,8447,LOUD,map,Viper,1.92,296,20,5,3,+15,88%,208,35%,2,0,+2,Icebox,LOUD
314654,Champions Tour 2024: Americas Stage 1,"Regular Season: 
						Week 5",2024-05-05 19:35:00,G2 Esports,LOUD,0 - 2,tuyz,2408,LOUD,map,Harbor,1.23,203,13,10,6,+3,82%,144,22%,3,0,+3,Icebox,LOUD
314654,Champions Tour 2024: Americas Stage 1,"Regular Season: 
						Week 5",2024-05-05 19:35:00,G2 Esports,LOUD,0 - 2,Quick,1575,LOUD,map,Jett,1.12,194,12,8,1,+4,82%,111,31%,4,2,+2,Icebox,LOUD
314654,Champions Tour 2024: Americas Stage 1,"Regular Season: 
						Week 5",2024-05-05 19:35:00,G2 Esports,LOUD,0 - 2,saadhak,727,LOUD,map,Killjoy,1.01,183,11,9,3,+2,71%,131,35%,1,0,+1,Icebox,LOUD
314654,Champions Tour 2024: Americas Stage 1,"Regular Season: 
						Week 5",2024-05-05 19:35:00,G2 Esports,LOUD,0 - 2,cauanzin,6193,LOUD,map,Sova,0.96,263,17,13,0,+4,76%,171,41%,4,1,+3,Icebox,LOUD
337407,Champions Tour 2024: Americas Stage 1,"Playoffs: 
						Knockout Round",2024-05-08 17:00:00,Cloud9,G2 Esports,0 - 2,Xeppaa,7871,Cloud9,overall,"Gekko, Skye",0.96,211,34,36,17,-2,74%,143,29%,3,0,+3,,
337407,Champions Tour 2024: Americas Stage 1,"Playoffs: 
						Knockout Round",2024-05-08 17:00:00,Cloud9,G2 Esports,0 - 2,moose,7458,Cloud9,overall,Killjoy,0.92,224,35,34,4,+1,62%,136,29%,7,6,+1,,
337407,Champions Tour 2024: Americas Stage 1,"Playoffs: 
						Knockout Round",2024-05-08 17:00:00,Cloud9,G2 Esports,0 - 2,runi,16003,Cloud9,overall,Viper,0.86,127,23,29,13,-6,64%,94,31%,4,1,+3,,
337407,Champions Tour 2024: Americas Stage 1,"Playoffs: 
						Knockout Round",2024-05-08 17:00:00,Cloud9,G2 Esports,0 - 2,OXY,18796,Cloud9,overall,"Raze, Jett",0.83,216,34,41,6,-7,64%,141,31%,7,10,-3,,
337407,Champions Tour 2024: Americas Stage 1,"Playoffs: 
						Knockout Round",2024-05-08 17:00:00,Cloud9,G2 Esports,0 - 2,vanity,7870,Cloud9,overall,Omen,0.63,107,18,36,10,-18,62%,80,22%,3,6,-3,,
337407,Champions Tour 2024: Americas Stage 1,"Playoffs: 
						Knockout Round",2024-05-08 17:00:00,Cloud9,G2 Esports,0 - 2,icy,8402,G2 Esports,overall,"Raze, Jett",1.33,233,40,28,9,+12,79%,152,30%,9,9,0,,
337407,Champions Tour 2024: Americas Stage 1,"Playoffs: 
						Knockout Round",2024-05-08 17:00:00,Cloud9,G2 Esports,0 - 2,valyn,3885,G2 Esports,overall,Omen,1.28,237,36,30,24,+6,85%,156,23%,7,3,+4,,
337407,Champions Tour 2024: Americas Stage 1,"Playoffs: 
						Knockout Round",2024-05-08 17:00:00,Cloud9,G2 Esports,0 - 2,trent,15500,G2 Esports,overall,"Fade, Sova",1.28,228,37,27,18,+10,83%,147,21%,3,0,+3,,
337407,Champions Tour 2024: Americas Stage 1,"Playoffs: 
						Knockout Round",2024-05-08 17:00:00,Cloud9,G2 Esports,0 - 2,leaf,7873,G2 Esports,overall,Killjoy,0.98,194,33,28,8,+5,66%,124,24%,3,7,-4,,
337407,Champions Tour 2024: Americas Stage 1,"Playoffs: 
						Knockout Round",2024-05-08 17:00:00,Cloud9,G2 Esports,0 - 2,JonahP,4581,G2 Esports,overall,"Viper, Kayo",0.98,186,30,31,22,-1,81%,129,23%,1,5,-4,,
337407,Champions Tour 2024: Americas Stage 1,"Playoffs: 
						Knockout Round",2024-05-08 17:00:00,Cloud9,G2 Esports,0 - 2,moose,7458,Cloud9,map,Killjoy,1.17,267,18,14,1,+4,74%,165,38%,4,1,+3,Lotus,G2 Esports
337407,Champions Tour 2024: Americas Stage 1,"Playoffs: 
						Knockout Round",2024-05-08 17:00:00,Cloud9,G2 Esports,0 - 2,OXY,18796,Cloud9,map,Raze,0.99,232,16,16,3,0,63%,150,34%,3,4,-1,Lotus,G2 Esports
337407,Champions Tour 2024: Americas Stage 1,"Playoffs: 
						Knockout Round",2024-05-08 17:00:00,Cloud9,G2 Esports,0 - 2,runi,16003,Cloud9,map,Viper,0.76,113,9,12,4,-3,68%,82,47%,3,1,+2,Lotus,G2 Esports
337407,Champions Tour 2024: Americas Stage 1,"Playoffs: 
						Knockout Round",2024-05-08 17:00:00,Cloud9,G2 Esports,0 - 2,Xeppaa,7871,Cloud9,map,Gekko,0.69,196,11,16,7,-5,68%,137,22%,1,0,+1,Lotus,G2 Esports
337407,Champions Tour 2024: Americas Stage 1,"Playoffs: 
						Knockout Round",2024-05-08 17:00:00,Cloud9,G2 Esports,0 - 2,vanity,7870,Cloud9,map,Omen,0.56,98,6,15,6,-9,68%,76,23%,0,2,-2,Lotus,G2 Esports
337407,Champions Tour 2024: Americas Stage 1,"Playoffs: 
						Knockout Round",2024-05-08 17:00:00,Cloud9,G2 Esports,0 - 2,valyn,3885,G2 Esports,map,Omen,1.60,270,19,10,9,+9,89%,173,24%,5,1,+4,Lotus,G2 Esports
337407,Champions Tour 2024: Americas Stage 1,"Playoffs: 
						Knockout Round",2024-05-08 17:00:00,Cloud9,G2 Esports,0 - 2,icy,8402,G2 Esports,map,Raze,1.27,207,14,11,4,+3,84%,144,26%,1,4,-3,Lotus,G2 Esports
337407,Champions Tour 2024: Americas Stage 1,"Playoffs: 
						Knockout Round",2024-05-08 17:00:00,Cloud9,G2 Esports,0 - 2,trent,15500,G2 Esports,map,Fade,1.23,237,15,13,10,+2,89%,144,17%,1,0,+1,Lotus,G2 Esports
337407,Champions Tour 2024: Americas Stage 1,"Playoffs: 
						Knockout Round",2024-05-08 17:00:00,Cloud9,G2 Esports,0 - 2,leaf,7873,G2 Esports,map,Killjoy,0.99,196,15,11,2,+4,63%,114,16%,1,4,-3,Lotus,G2 Esports
337407,Champions Tour 2024: Americas Stage 1,"Playoffs: 
						Knockout Round",2024-05-08 17:00:00,Cloud9,G2 Esports,0 - 2,JonahP,4581,G2 Esports,map,Viper,0.68,157,10,15,5,-5,74%,93,17%,0,2,-2,Lotus,G2 Esports
337407,Champions Tour 2024: Americas Stage 1,"Playoffs: 
						Knockout Round",2024-05-08 17:00:00,Cloud9,G2 Esports,0 - 2,Xeppaa,7871,Cloud9,map,Skye,1.14,225,23,20,10,+3,79%,147,36%,2,0,+2,Ascent,G2 Esports
337407,Champions Tour 2024: Americas Stage 1,"Playoffs: 
						Knockout Round",2024-05-08 17:00:00,Cloud9,G2 Esports,0 - 2,runi,16003,Cloud9,map,Viper,0.92,141,14,17,9,-3,61%,102,25%,1,0,+1,Ascent,G2 Esports
337407,Champions Tour 2024: Americas Stage 1,"Playoffs: 
						Knockout Round",2024-05-08 17:00:00,Cloud9,G2 Esports,0 - 2,moose,7458,Cloud9,map,Killjoy,0.74,180,17,20,3,-3,54%,117,24%,3,5,-2,Ascent,G2 Esports
337407,Champions Tour 2024: Americas Stage 1,"Playoffs: 
						Knockout Round",2024-05-08 17:00:00,Cloud9,G2 Esports,0 - 2,OXY,18796,Cloud9,map,Jett,0.72,199,18,25,3,-7,64%,134,28%,4,6,-2,Ascent,G2 Esports
337407,Champions Tour 2024: Americas Stage 1,"Playoffs: 
						Knockout Round",2024-05-08 17:00:00,Cloud9,G2 Esports,0 - 2,vanity,7870,Cloud9,map,Omen,0.67,116,12,21,4,-9,57%,82,21%,3,4,-1,Ascent,G2 Esports
337407,Champions Tour 2024: Americas Stage 1,"Playoffs: 
						Knockout Round",2024-05-08 17:00:00,Cloud9,G2 Esports,0 - 2,icy,8402,G2 Esports,map,Jett,1.37,259,26,17,5,+9,75%,158,32%,8,5,+3,Ascent,G2 Esports
337407,Champions Tour 2024: Americas Stage 1,"Playoffs: 
						Knockout Round",2024-05-08 17:00:00,Cloud9,G2 Esports,0 - 2,trent,15500,G2 Esports,map,Sova,1.32,218,22,14,8,+8,79%,149,25%,2,0,+2,Ascent,G2 Esports
337407,Champions Tour 2024: Americas Stage 1,"Playoffs: 
						Knockout Round",2024-05-08 17:00:00,Cloud9,G2 Esports,0 - 2,JonahP,4581,G2 Esports,map,Kayo,1.18,215,20,16,17,+4,86%,154,26%,1,3,-2,Ascent,G2 Esports
337407,Champions Tour 2024: Americas Stage 1,"Playoffs: 
						Knockout Round",2024-05-08 17:00:00,Cloud9,G2 Esports,0 - 2,valyn,3885,G2 Esports,map,Omen,1.07,204,17,20,15,-3,82%,144,22%,2,2,0,Ascent,G2 Esports
337407,Champions Tour 2024: Americas Stage 1,"Playoffs: 
						Knockout Round",2024-05-08 17:00:00,Cloud9,G2 Esports,0 - 2,leaf,7873,G2 Esports,map,Killjoy,0.96,192,18,17,6,+1,68%,131,28%,2,3,-1,Ascent,G2 Esports
337408,Champions Tour 2024: Americas Stage 1,"Playoffs: 
						Knockout Round",2024-05-08 19:25:00,100 Thieves,LOUD,2 - 0,Cryocells,4147,100 Thieves,overall,"Brimstone, Jett",1.85,337,47,15,5,+32,83%,207,23%,8,2,+6,,
337408,Champions Tour 2024: Americas Stage 1,"Playoffs: 
						Knockout Round",2024-05-08 19:25:00,100 Thieves,LOUD,2 - 0,Asuna,601,100 Thieves,overall,"Raze, Gekko",1.28,260,36,24,6,+12,86%,167,24%,5,1,+4,,
337408,Champions Tour 2024: Americas Stage 1,"Playoffs: 
						Knockout Round",2024-05-08 19:25:00,100 Thieves,LOUD,2 - 0,bang,3880,100 Thieves,overall,Viper,1.11,199,27,20,11,+7,78%,134,30%,5,5,0,,
337408,Champions Tour 2024: Americas Stage 1,"Playoffs: 
						Knockout Round",2024-05-08 19:25:00,100 Thieves,LOUD,2 - 0,eeiu,796,100 Thieves,overall,"Fade, Sova",1.03,137,16,15,18,+1,86%,92,37%,2,0,+2,,
337408,Champions Tour 2024: Americas Stage 1,"Playoffs: 
						Knockout Round",2024-05-08 19:25:00,100 Thieves,LOUD,2 - 0,Boostio,604,100 Thieves,overall,"Gekko, Killjoy",0.65,173,20,28,9,-8,69%,123,23%,4,4,0,,
337408,Champions Tour 2024: Americas Stage 1,"Playoffs: 
						Knockout Round",2024-05-08 19:25:00,100 Thieves,LOUD,2 - 0,tuyz,2408,LOUD,overall,"Brimstone, Harbor",1.14,193,26,27,13,-1,75%,116,36%,3,1,+2,,
337408,Champions Tour 2024: Americas Stage 1,"Playoffs: 
						Knockout Round",2024-05-08 19:25:00,100 Thieves,LOUD,2 - 0,saadhak,727,LOUD,overall,"Breach, Killjoy",0.88,181,21,27,7,-6,67%,129,23%,1,5,-4,,
337408,Champions Tour 2024: Americas Stage 1,"Playoffs: 
						Knockout Round",2024-05-08 19:25:00,100 Thieves,LOUD,2 - 0,Less,8447,LOUD,overall,Viper,0.83,152,17,27,10,-10,61%,105,20%,2,4,-2,,
337408,Champions Tour 2024: Americas Stage 1,"Playoffs: 
						Knockout Round",2024-05-08 19:25:00,100 Thieves,LOUD,2 - 0,cauanzin,6193,LOUD,overall,"Kayo, Sova",0.80,181,22,31,12,-9,64%,106,23%,3,4,-1,,
337408,Champions Tour 2024: Americas Stage 1,"Playoffs: 
						Knockout Round",2024-05-08 19:25:00,100 Thieves,LOUD,2 - 0,Quick,1575,LOUD,overall,"Raze, Jett",0.38,128,16,34,3,-18,50%,81,21%,3,10,-7,,
337408,Champions Tour 2024: Americas Stage 1,"Playoffs: 
						Knockout Round",2024-05-08 19:25:00,100 Thieves,LOUD,2 - 0,Cryocells,4147,100 Thieves,map,Brimstone,1.94,319,25,8,4,+17,95%,203,28%,2,0,+2,Bind,100 Thieves
337408,Champions Tour 2024: Americas Stage 1,"Playoffs: 
						Knockout Round",2024-05-08 19:25:00,100 Thieves,LOUD,2 - 0,Asuna,601,100 Thieves,map,Raze,1.36,346,23,16,3,+7,89%,226,31%,5,1,+4,Bind,100 Thieves
337408,Champions Tour 2024: Americas Stage 1,"Playoffs: 
						Knockout Round",2024-05-08 19:25:00,100 Thieves,LOUD,2 - 0,eeiu,796,100 Thieves,map,Fade,1.00,142,9,9,9,0,79%,82,50%,2,0,+2,Bind,100 Thieves
337408,Champions Tour 2024: Americas Stage 1,"Playoffs: 
						Knockout Round",2024-05-08 19:25:00,100 Thieves,LOUD,2 - 0,bang,3880,100 Thieves,map,Viper,0.84,163,11,12,5,-1,74%,108,19%,2,4,-2,Bind,100 Thieves
337408,Champions Tour 2024: Americas Stage 1,"Playoffs: 
						Knockout Round",2024-05-08 19:25:00,100 Thieves,LOUD,2 - 0,Boostio,604,100 Thieves,map,Gekko,0.31,126,7,17,7,-10,58%,97,23%,1,2,-1,Bind,100 Thieves
337408,Champions Tour 2024: Americas Stage 1,"Playoffs: 
						Knockout Round",2024-05-08 19:25:00,100 Thieves,LOUD,2 - 0,tuyz,2408,LOUD,map,Brimstone,1.31,220,16,14,10,+2,89%,125,40%,0,0,0,Bind,100 Thieves
337408,Champions Tour 2024: Americas Stage 1,"Playoffs: 
						Knockout Round",2024-05-08 19:25:00,100 Thieves,LOUD,2 - 0,Less,8447,LOUD,map,Viper,1.04,179,10,13,6,-3,74%,120,19%,2,1,+1,Bind,100 Thieves
337408,Champions Tour 2024: Americas Stage 1,"Playoffs: 
						Knockout Round",2024-05-08 19:25:00,100 Thieves,LOUD,2 - 0,cauanzin,6193,LOUD,map,Kayo,0.91,213,14,17,9,-3,74%,121,18%,1,2,-1,Bind,100 Thieves
337408,Champions Tour 2024: Americas Stage 1,"Playoffs: 
						Knockout Round",2024-05-08 19:25:00,100 Thieves,LOUD,2 - 0,saadhak,727,LOUD,map,Breach,0.90,162,11,13,5,-2,74%,119,24%,1,2,-1,Bind,100 Thieves
337408,Champions Tour 2024: Americas Stage 1,"Playoffs: 
						Knockout Round",2024-05-08 19:25:00,100 Thieves,LOUD,2 - 0,Quick,1575,LOUD,map,Raze,0.49,169,11,18,2,-7,58%,113,19%,3,7,-4,Bind,100 Thieves
337408,Champions Tour 2024: Americas Stage 1,"Playoffs: 
						Knockout Round",2024-05-08 19:25:00,100 Thieves,LOUD,2 - 0,Cryocells,4147,100 Thieves,map,Jett,1.75,355,22,7,1,+15,71%,211,17%,6,2,+4,Icebox,100 Thieves
337408,Champions Tour 2024: Americas Stage 1,"Playoffs: 
						Knockout Round",2024-05-08 19:25:00,100 Thieves,LOUD,2 - 0,bang,3880,100 Thieves,map,Viper,1.41,234,16,8,6,+8,82%,163,40%,3,1,+2,Icebox,100 Thieves
337408,Champions Tour 2024: Americas Stage 1,"Playoffs: 
						Knockout Round",2024-05-08 19:25:00,100 Thieves,LOUD,2 - 0,Asuna,601,100 Thieves,map,Gekko,1.19,174,13,8,3,+5,82%,101,13%,0,0,0,Icebox,100 Thieves
337408,Champions Tour 2024: Americas Stage 1,"Playoffs: 
						Knockout Round",2024-05-08 19:25:00,100 Thieves,LOUD,2 - 0,eeiu,796,100 Thieves,map,Sova,1.07,132,7,6,9,+1,94%,103,24%,0,0,0,Icebox,100 Thieves
337408,Champions Tour 2024: Americas Stage 1,"Playoffs: 
						Knockout Round",2024-05-08 19:25:00,100 Thieves,LOUD,2 - 0,Boostio,604,100 Thieves,map,Killjoy,1.03,220,13,11,2,+2,82%,152,24%,3,2,+1,Icebox,100 Thieves
337408,Champions Tour 2024: Americas Stage 1,"Playoffs: 
						Knockout Round",2024-05-08 19:25:00,100 Thieves,LOUD,2 - 0,tuyz,2408,LOUD,map,Harbor,0.95,166,10,13,3,-3,59%,106,32%,3,1,+2,Icebox,100 Thieves
337408,Champions Tour 2024: Americas Stage 1,"Playoffs: 
						Knockout Round",2024-05-08 19:25:00,100 Thieves,LOUD,2 - 0,saadhak,727,LOUD,map,Killjoy,0.86,200,10,14,2,-4,59%,141,21%,0,3,-3,Icebox,100 Thieves
337408,Champions Tour 2024: Americas Stage 1,"Playoffs: 
						Knockout Round",2024-05-08 19:25:00,100 Thieves,LOUD,2 - 0,cauanzin,6193,LOUD,map,Sova,0.67,149,8,14,3,-6,53%,89,33%,2,2,0,Icebox,100 Thieves
337408,Champions Tour 2024: Americas Stage 1,"Playoffs: 
						Knockout Round",2024-05-08 19:25:00,100 Thieves,LOUD,2 - 0,Less,8447,LOUD,map,Viper,0.59,124,7,14,4,-7,47%,88,22%,0,3,-3,Icebox,100 Thieves
337408,Champions Tour 2024: Americas Stage 1,"Playoffs: 
						Knockout Round",2024-05-08 19:25:00,100 Thieves,LOUD,2 - 0,Quick,1575,LOUD,map,Jett,0.25,87,5,16,1,-11,41%,45,30%,0,3,-3,Icebox,100 Thieves
337409,Champions Tour 2024: Americas Stage 1,"Playoffs: 
						Upper Semifinals",2024-05-09 17:00:00,KRÜ Esports,G2 Esports,0 - 2,Melser,1311,KRÜ Esports,overall,"Viper, Omen",1.07,224,31,31,13,0,67%,139,36%,4,3,+1,,
337409,Champions Tour 2024: Americas Stage 1,"Playoffs: 
						Upper Semifinals",2024-05-09 17:00:00,KRÜ Esports,G2 Esports,0 - 2,heat,8673,KRÜ Esports,overall,Kayo,0.89,185,25,31,17,-6,72%,126,38%,2,8,-6,,
337409,Champions Tour 2024: Americas Stage 1,"Playoffs: 
						Upper Semifinals",2024-05-09 17:00:00,KRÜ Esports,G2 Esports,0 - 2,Shyy,24007,KRÜ Esports,overall,Killjoy,0.76,162,22,31,1,-9,62%,108,23%,2,2,0,,
337409,Champions Tour 2024: Americas Stage 1,"Playoffs: 
						Upper Semifinals",2024-05-09 17:00:00,KRÜ Esports,G2 Esports,0 - 2,keznit,2462,KRÜ Esports,overall,"Reyna, Jett",0.61,167,22,33,7,-11,44%,111,23%,5,9,-4,,
337409,Champions Tour 2024: Americas Stage 1,"Playoffs: 
						Upper Semifinals",2024-05-09 17:00:00,KRÜ Esports,G2 Esports,0 - 2,Klaus,2610,KRÜ Esports,overall,"Gekko, Sova",0.58,144,18,33,8,-15,62%,96,15%,3,1,+2,,
337409,Champions Tour 2024: Americas Stage 1,"Playoffs: 
						Upper Semifinals",2024-05-09 17:00:00,KRÜ Esports,G2 Esports,0 - 2,leaf,7873,G2 Esports,overall,Killjoy,1.59,311,44,22,7,+22,79%,204,27%,9,4,+5,,
337409,Champions Tour 2024: Americas Stage 1,"Playoffs: 
						Upper Semifinals",2024-05-09 17:00:00,KRÜ Esports,G2 Esports,0 - 2,JonahP,4581,G2 Esports,overall,"Viper, Kayo",1.27,204,30,21,25,+9,79%,136,27%,4,3,+1,,
337409,Champions Tour 2024: Americas Stage 1,"Playoffs: 
						Upper Semifinals",2024-05-09 17:00:00,KRÜ Esports,G2 Esports,0 - 2,trent,15500,G2 Esports,overall,Sova,1.24,208,27,20,13,+7,82%,151,17%,5,2,+3,,
337409,Champions Tour 2024: Americas Stage 1,"Playoffs: 
						Upper Semifinals",2024-05-09 17:00:00,KRÜ Esports,G2 Esports,0 - 2,valyn,3885,G2 Esports,overall,"Harbor, Omen",1.18,214,30,27,18,+3,74%,146,30%,2,3,-1,,
337409,Champions Tour 2024: Americas Stage 1,"Playoffs: 
						Upper Semifinals",2024-05-09 17:00:00,KRÜ Esports,G2 Esports,0 - 2,icy,8402,G2 Esports,overall,"Gekko, Jett",0.91,179,28,28,11,0,79%,113,34%,3,4,-1,,
337409,Champions Tour 2024: Americas Stage 1,"Playoffs: 
						Upper Semifinals",2024-05-09 17:00:00,KRÜ Esports,G2 Esports,0 - 2,Melser,1311,KRÜ Esports,map,Viper,1.34,278,17,14,4,+3,72%,189,34%,3,2,+1,Icebox,G2 Esports
337409,Champions Tour 2024: Americas Stage 1,"Playoffs: 
						Upper Semifinals",2024-05-09 17:00:00,KRÜ Esports,G2 Esports,0 - 2,heat,8673,KRÜ Esports,map,Kayo,1.01,217,13,15,10,-2,72%,149,36%,1,6,-5,Icebox,G2 Esports
337409,Champions Tour 2024: Americas Stage 1,"Playoffs: 
						Upper Semifinals",2024-05-09 17:00:00,KRÜ Esports,G2 Esports,0 - 2,Klaus,2610,KRÜ Esports,map,Gekko,0.67,142,9,15,5,-6,56%,86,23%,1,1,0,Icebox,G2 Esports
337409,Champions Tour 2024: Americas Stage 1,"Playoffs: 
						Upper Semifinals",2024-05-09 17:00:00,KRÜ Esports,G2 Esports,0 - 2,Shyy,24007,KRÜ Esports,map,Killjoy,0.49,125,7,15,0,-8,56%,87,28%,0,0,0,Icebox,G2 Esports
337409,Champions Tour 2024: Americas Stage 1,"Playoffs: 
						Upper Semifinals",2024-05-09 17:00:00,KRÜ Esports,G2 Esports,0 - 2,keznit,2462,KRÜ Esports,map,Reyna,0.30,104,7,16,3,-9,39%,64,22%,1,3,-2,Icebox,G2 Esports
337409,Champions Tour 2024: Americas Stage 1,"Playoffs: 
						Upper Semifinals",2024-05-09 17:00:00,KRÜ Esports,G2 Esports,0 - 2,leaf,7873,G2 Esports,map,Killjoy,1.84,357,24,10,4,+14,89%,234,22%,5,1,+4,Icebox,G2 Esports
337409,Champions Tour 2024: Americas Stage 1,"Playoffs: 
						Upper Semifinals",2024-05-09 17:00:00,KRÜ Esports,G2 Esports,0 - 2,trent,15500,G2 Esports,map,Sova,1.42,239,15,9,6,+6,89%,172,25%,3,0,+3,Icebox,G2 Esports
337409,Champions Tour 2024: Americas Stage 1,"Playoffs: 
						Upper Semifinals",2024-05-09 17:00:00,KRÜ Esports,G2 Esports,0 - 2,JonahP,4581,G2 Esports,map,Viper,1.17,178,13,9,5,+4,78%,113,21%,2,2,0,Icebox,G2 Esports
337409,Champions Tour 2024: Americas Stage 1,"Playoffs: 
						Upper Semifinals",2024-05-09 17:00:00,KRÜ Esports,G2 Esports,0 - 2,valyn,3885,G2 Esports,map,Harbor,1.03,203,12,13,5,-1,72%,138,32%,1,1,0,Icebox,G2 Esports
337409,Champions Tour 2024: Americas Stage 1,"Playoffs: 
						Upper Semifinals",2024-05-09 17:00:00,KRÜ Esports,G2 Esports,0 - 2,icy,8402,G2 Esports,map,Gekko,0.74,145,11,12,5,-1,72%,88,32%,1,2,-1,Icebox,G2 Esports
337409,Champions Tour 2024: Americas Stage 1,"Playoffs: 
						Upper Semifinals",2024-05-09 17:00:00,KRÜ Esports,G2 Esports,0 - 2,Shyy,24007,KRÜ Esports,map,Killjoy,1.00,199,15,16,1,-1,67%,127,21%,2,2,0,Ascent,G2 Esports
337409,Champions Tour 2024: Americas Stage 1,"Playoffs: 
						Upper Semifinals",2024-05-09 17:00:00,KRÜ Esports,G2 Esports,0 - 2,keznit,2462,KRÜ Esports,map,Jett,0.88,230,15,17,4,-2,48%,151,23%,4,6,-2,Ascent,G2 Esports
337409,Champions Tour 2024: Americas Stage 1,"Playoffs: 
						Upper Semifinals",2024-05-09 17:00:00,KRÜ Esports,G2 Esports,0 - 2,Melser,1311,KRÜ Esports,map,Omen,0.84,169,14,17,9,-3,62%,95,39%,1,1,0,Ascent,G2 Esports
337409,Champions Tour 2024: Americas Stage 1,"Playoffs: 
						Upper Semifinals",2024-05-09 17:00:00,KRÜ Esports,G2 Esports,0 - 2,heat,8673,KRÜ Esports,map,Kayo,0.79,153,12,16,7,-4,71%,106,41%,1,2,-1,Ascent,G2 Esports
337409,Champions Tour 2024: Americas Stage 1,"Playoffs: 
						Upper Semifinals",2024-05-09 17:00:00,KRÜ Esports,G2 Esports,0 - 2,Klaus,2610,KRÜ Esports,map,Sova,0.50,146,9,18,3,-9,67%,105,10%,2,0,+2,Ascent,G2 Esports
337409,Champions Tour 2024: Americas Stage 1,"Playoffs: 
						Upper Semifinals",2024-05-09 17:00:00,KRÜ Esports,G2 Esports,0 - 2,leaf,7873,G2 Esports,map,Killjoy,1.37,264,20,12,3,+8,71%,178,33%,4,3,+1,Ascent,G2 Esports
337409,Champions Tour 2024: Americas Stage 1,"Playoffs: 
						Upper Semifinals",2024-05-09 17:00:00,KRÜ Esports,G2 Esports,0 - 2,JonahP,4581,G2 Esports,map,Kayo,1.36,229,17,12,20,+5,81%,155,31%,2,1,+1,Ascent,G2 Esports
337409,Champions Tour 2024: Americas Stage 1,"Playoffs: 
						Upper Semifinals",2024-05-09 17:00:00,KRÜ Esports,G2 Esports,0 - 2,valyn,3885,G2 Esports,map,Omen,1.31,224,18,14,13,+4,76%,153,28%,1,2,-1,Ascent,G2 Esports
337409,Champions Tour 2024: Americas Stage 1,"Playoffs: 
						Upper Semifinals",2024-05-09 17:00:00,KRÜ Esports,G2 Esports,0 - 2,trent,15500,G2 Esports,map,Sova,1.09,177,12,11,7,+1,76%,133,12%,2,2,0,Ascent,G2 Esports
337409,Champions Tour 2024: Americas Stage 1,"Playoffs: 
						Upper Semifinals",2024-05-09 17:00:00,KRÜ Esports,G2 Esports,0 - 2,icy,8402,G2 Esports,map,Jett,1.05,212,17,16,6,+1,86%,135,35%,2,2,0,Ascent,G2 Esports
337410,Champions Tour 2024: Americas Stage 1,"Playoffs: 
						Upper Semifinals",2024-05-09 19:05:00,LEVIATÁN,100 Thieves,1 - 2,aspas,8480,LEVIATÁN,overall,"Raze, Jett",1.14,248,55,49,14,+6,75%,173,31%,16,8,+8,,
337410,Champions Tour 2024: Americas Stage 1,"Playoffs: 
						Upper Semifinals",2024-05-09 19:05:00,LEVIATÁN,100 Thieves,1 - 2,Mazino,7603,LEVIATÁN,overall,"Brimstone, Breach, Harbor",1.08,216,48,50,29,-2,71%,143,27%,6,8,-2,,
337410,Champions Tour 2024: Americas Stage 1,"Playoffs: 
						Upper Semifinals",2024-05-09 19:05:00,LEVIATÁN,100 Thieves,1 - 2,kiNgg,8549,LEVIATÁN,overall,"Viper, Omen",0.95,174,43,47,27,-4,72%,117,23%,6,5,+1,,
337410,Champions Tour 2024: Americas Stage 1,"Playoffs: 
						Upper Semifinals",2024-05-09 19:05:00,LEVIATÁN,100 Thieves,1 - 2,tex,1818,LEVIATÁN,overall,"Gekko, Killjoy",0.87,174,39,47,17,-8,65%,119,40%,3,5,-2,,
337410,Champions Tour 2024: Americas Stage 1,"Playoffs: 
						Upper Semifinals",2024-05-09 19:05:00,LEVIATÁN,100 Thieves,1 - 2,C0M,619,LEVIATÁN,overall,"Skye, Cypher, Sova",0.72,141,30,50,20,-20,69%,89,18%,5,3,+2,,
337410,Champions Tour 2024: Americas Stage 1,"Playoffs: 
						Upper Semifinals",2024-05-09 19:05:00,LEVIATÁN,100 Thieves,1 - 2,Cryocells,4147,100 Thieves,overall,"Brimstone, Gekko, Jett",1.26,246,58,42,14,+16,75%,163,26%,10,7,+3,,
337410,Champions Tour 2024: Americas Stage 1,"Playoffs: 
						Upper Semifinals",2024-05-09 19:05:00,LEVIATÁN,100 Thieves,1 - 2,eeiu,796,100 Thieves,overall,"Fade, Sova",1.15,194,45,41,23,+4,75%,140,35%,3,0,+3,,
337410,Champions Tour 2024: Americas Stage 1,"Playoffs: 
						Upper Semifinals",2024-05-09 19:05:00,LEVIATÁN,100 Thieves,1 - 2,Asuna,601,100 Thieves,overall,"Raze, Gekko",1.14,271,60,46,14,+14,72%,157,23%,9,9,0,,
337410,Champions Tour 2024: Americas Stage 1,"Playoffs: 
						Upper Semifinals",2024-05-09 19:05:00,LEVIATÁN,100 Thieves,1 - 2,Boostio,604,100 Thieves,overall,"Gekko, Cypher, Killjoy",0.88,175,44,43,11,+1,63%,108,20%,4,15,-11,,
337410,Champions Tour 2024: Americas Stage 1,"Playoffs: 
						Upper Semifinals",2024-05-09 19:05:00,LEVIATÁN,100 Thieves,1 - 2,bang,3880,100 Thieves,overall,"Viper, Omen",0.84,172,36,43,19,-7,71%,109,36%,3,5,-2,,
337410,Champions Tour 2024: Americas Stage 1,"Playoffs: 
						Upper Semifinals",2024-05-09 19:05:00,LEVIATÁN,100 Thieves,1 - 2,Mazino,7603,LEVIATÁN,map,Brimstone,0.96,226,11,15,7,-4,69%,125,21%,1,2,-1,Bind,100 Thieves
337410,Champions Tour 2024: Americas Stage 1,"Playoffs: 
						Upper Semifinals",2024-05-09 19:05:00,LEVIATÁN,100 Thieves,1 - 2,C0M,619,LEVIATÁN,map,Skye,0.94,173,9,14,7,-5,63%,116,21%,2,0,+2,Bind,100 Thieves
337410,Champions Tour 2024: Americas Stage 1,"Playoffs: 
						Upper Semifinals",2024-05-09 19:05:00,LEVIATÁN,100 Thieves,1 - 2,tex,1818,LEVIATÁN,map,Gekko,0.77,189,10,13,4,-3,63%,127,42%,1,2,-1,Bind,100 Thieves
337410,Champions Tour 2024: Americas Stage 1,"Playoffs: 
						Upper Semifinals",2024-05-09 19:05:00,LEVIATÁN,100 Thieves,1 - 2,aspas,8480,LEVIATÁN,map,Raze,0.75,213,11,14,4,-3,88%,139,19%,2,2,0,Bind,100 Thieves
337410,Champions Tour 2024: Americas Stage 1,"Playoffs: 
						Upper Semifinals",2024-05-09 19:05:00,LEVIATÁN,100 Thieves,1 - 2,kiNgg,8549,LEVIATÁN,map,Viper,0.30,99,5,14,3,-9,50%,63,9%,0,4,-4,Bind,100 Thieves
337410,Champions Tour 2024: Americas Stage 1,"Playoffs: 
						Upper Semifinals",2024-05-09 19:05:00,LEVIATÁN,100 Thieves,1 - 2,Asuna,601,100 Thieves,map,Raze,1.65,382,21,11,5,+10,75%,216,17%,7,2,+5,Bind,100 Thieves
337410,Champions Tour 2024: Americas Stage 1,"Playoffs: 
						Upper Semifinals",2024-05-09 19:05:00,LEVIATÁN,100 Thieves,1 - 2,Boostio,604,100 Thieves,map,Gekko,1.47,209,16,6,5,+10,81%,137,36%,0,1,-1,Bind,100 Thieves
337410,Champions Tour 2024: Americas Stage 1,"Playoffs: 
						Upper Semifinals",2024-05-09 19:05:00,LEVIATÁN,100 Thieves,1 - 2,bang,3880,100 Thieves,map,Viper,1.34,252,14,8,3,+6,81%,171,29%,2,2,0,Bind,100 Thieves
337410,Champions Tour 2024: Americas Stage 1,"Playoffs: 
						Upper Semifinals",2024-05-09 19:05:00,LEVIATÁN,100 Thieves,1 - 2,Cryocells,4147,100 Thieves,map,Brimstone,0.91,192,11,11,8,0,88%,111,32%,1,1,0,Bind,100 Thieves
337410,Champions Tour 2024: Americas Stage 1,"Playoffs: 
						Upper Semifinals",2024-05-09 19:05:00,LEVIATÁN,100 Thieves,1 - 2,eeiu,796,100 Thieves,map,Fade,0.80,134,8,10,7,-2,81%,92,30%,0,0,0,Bind,100 Thieves
337410,Champions Tour 2024: Americas Stage 1,"Playoffs: 
						Upper Semifinals",2024-05-09 19:05:00,LEVIATÁN,100 Thieves,1 - 2,Mazino,7603,LEVIATÁN,map,Breach,1.46,260,25,16,10,+9,73%,175,31%,4,2,+2,Sunset,LEVIATÁN
337410,Champions Tour 2024: Americas Stage 1,"Playoffs: 
						Upper Semifinals",2024-05-09 19:05:00,LEVIATÁN,100 Thieves,1 - 2,kiNgg,8549,LEVIATÁN,map,Omen,1.36,253,23,17,17,+6,88%,167,34%,6,0,+6,Sunset,LEVIATÁN
337410,Champions Tour 2024: Americas Stage 1,"Playoffs: 
						Upper Semifinals",2024-05-09 19:05:00,LEVIATÁN,100 Thieves,1 - 2,aspas,8480,LEVIATÁN,map,Raze,1.25,282,24,18,5,+6,73%,190,30%,5,2,+3,Sunset,LEVIATÁN
337410,Champions Tour 2024: Americas Stage 1,"Playoffs: 
						Upper Semifinals",2024-05-09 19:05:00,LEVIATÁN,100 Thieves,1 - 2,tex,1818,LEVIATÁN,map,Gekko,0.98,173,16,16,7,0,65%,110,43%,2,2,0,Sunset,LEVIATÁN
337410,Champions Tour 2024: Americas Stage 1,"Playoffs: 
						Upper Semifinals",2024-05-09 19:05:00,LEVIATÁN,100 Thieves,1 - 2,C0M,619,LEVIATÁN,map,Cypher,0.47,109,9,20,8,-11,65%,71,18%,1,2,-1,Sunset,LEVIATÁN
337410,Champions Tour 2024: Americas Stage 1,"Playoffs: 
						Upper Semifinals",2024-05-09 19:05:00,LEVIATÁN,100 Thieves,1 - 2,Cryocells,4147,100 Thieves,map,Gekko,1.22,232,21,16,2,+5,65%,155,28%,3,3,0,Sunset,LEVIATÁN
337410,Champions Tour 2024: Americas Stage 1,"Playoffs: 
						Upper Semifinals",2024-05-09 19:05:00,LEVIATÁN,100 Thieves,1 - 2,eeiu,796,100 Thieves,map,Sova,1.16,221,19,19,9,0,73%,160,30%,1,0,+1,Sunset,LEVIATÁN
337410,Champions Tour 2024: Americas Stage 1,"Playoffs: 
						Upper Semifinals",2024-05-09 19:05:00,LEVIATÁN,100 Thieves,1 - 2,Asuna,601,100 Thieves,map,Raze,0.98,225,21,20,3,+1,69%,143,28%,1,4,-3,Sunset,LEVIATÁN
337410,Champions Tour 2024: Americas Stage 1,"Playoffs: 
						Upper Semifinals",2024-05-09 19:05:00,LEVIATÁN,100 Thieves,1 - 2,Boostio,604,100 Thieves,map,Cypher,0.66,151,14,21,5,-7,62%,94,11%,2,9,-7,Sunset,LEVIATÁN
337410,Champions Tour 2024: Americas Stage 1,"Playoffs: 
						Upper Semifinals",2024-05-09 19:05:00,LEVIATÁN,100 Thieves,1 - 2,bang,3880,100 Thieves,map,Omen,0.61,146,12,21,8,-9,62%,96,52%,1,2,-1,Sunset,LEVIATÁN
337410,Champions Tour 2024: Americas Stage 1,"Playoffs: 
						Upper Semifinals",2024-05-09 19:05:00,LEVIATÁN,100 Thieves,1 - 2,aspas,8480,LEVIATÁN,map,Jett,1.28,250,20,17,5,+3,70%,177,43%,9,4,+5,Icebox,100 Thieves
337410,Champions Tour 2024: Americas Stage 1,"Playoffs: 
						Upper Semifinals",2024-05-09 19:05:00,LEVIATÁN,100 Thieves,1 - 2,kiNgg,8549,LEVIATÁN,map,Viper,0.94,169,15,16,7,-1,70%,98,17%,0,1,-1,Icebox,100 Thieves
337410,Champions Tour 2024: Americas Stage 1,"Playoffs: 
						Upper Semifinals",2024-05-09 19:05:00,LEVIATÁN,100 Thieves,1 - 2,C0M,619,LEVIATÁN,map,Sova,0.85,141,12,16,5,-4,78%,91,14%,2,1,+1,Icebox,100 Thieves
337410,Champions Tour 2024: Americas Stage 1,"Playoffs: 
						Upper Semifinals",2024-05-09 19:05:00,LEVIATÁN,100 Thieves,1 - 2,tex,1818,LEVIATÁN,map,Killjoy,0.83,161,13,18,6,-5,65%,124,36%,0,1,-1,Icebox,100 Thieves
337410,Champions Tour 2024: Americas Stage 1,"Playoffs: 
						Upper Semifinals",2024-05-09 19:05:00,LEVIATÁN,100 Thieves,1 - 2,Mazino,7603,LEVIATÁN,map,Harbor,0.73,162,12,19,12,-7,70%,119,26%,1,4,-3,Icebox,100 Thieves
337410,Champions Tour 2024: Americas Stage 1,"Playoffs: 
						Upper Semifinals",2024-05-09 19:05:00,LEVIATÁN,100 Thieves,1 - 2,Cryocells,4147,100 Thieves,map,Jett,1.55,315,26,15,4,+11,78%,209,21%,6,3,+3,Icebox,100 Thieves
337410,Champions Tour 2024: Americas Stage 1,"Playoffs: 
						Upper Semifinals",2024-05-09 19:05:00,LEVIATÁN,100 Thieves,1 - 2,eeiu,796,100 Thieves,map,Sova,1.38,226,18,12,7,+6,74%,150,44%,2,0,+2,Icebox,100 Thieves
337410,Champions Tour 2024: Americas Stage 1,"Playoffs: 
						Upper Semifinals",2024-05-09 19:05:00,LEVIATÁN,100 Thieves,1 - 2,Asuna,601,100 Thieves,map,Gekko,0.98,207,18,15,6,+3,74%,133,30%,1,3,-2,Icebox,100 Thieves
337410,Champions Tour 2024: Americas Stage 1,"Playoffs: 
						Upper Semifinals",2024-05-09 19:05:00,LEVIATÁN,100 Thieves,1 - 2,bang,3880,100 Thieves,map,Viper,0.76,117,10,14,8,-4,74%,82,30%,0,1,-1,Icebox,100 Thieves
337410,Champions Tour 2024: Americas Stage 1,"Playoffs: 
						Upper Semifinals",2024-05-09 19:05:00,LEVIATÁN,100 Thieves,1 - 2,Boostio,604,100 Thieves,map,Killjoy,0.71,166,14,16,1,-2,52%,104,18%,2,5,-3,Icebox,100 Thieves
337411,Champions Tour 2024: Americas Stage 1,"Playoffs: 
						Upper Final",2024-05-10 17:00:00,G2 Esports,100 Thieves,1 - 2,valyn,3885,G2 Esports,overall,"Omen, Brimstone",1.24,214,50,41,24,+9,71%,137,19%,7,2,+5,,
337411,Champions Tour 2024: Americas Stage 1,"Playoffs: 
						Upper Final",2024-05-10 17:00:00,G2 Esports,100 Thieves,1 - 2,leaf,7873,G2 Esports,overall,"Killjoy, Viper",1.14,208,48,46,16,+2,62%,144,25%,3,4,-1,,
337411,Champions Tour 2024: Americas Stage 1,"Playoffs: 
						Upper Final",2024-05-10 17:00:00,G2 Esports,100 Thieves,1 - 2,trent,15500,G2 Esports,overall,"Sova, Gekko, Fade",1.05,188,39,43,21,-4,68%,125,30%,6,7,-1,,
337411,Champions Tour 2024: Americas Stage 1,"Playoffs: 
						Upper Final",2024-05-10 17:00:00,G2 Esports,100 Thieves,1 - 2,icy,8402,G2 Esports,overall,"Jett, Raze",0.70,181,39,51,9,-12,62%,122,27%,9,14,-5,,
337411,Champions Tour 2024: Americas Stage 1,"Playoffs: 
						Upper Final",2024-05-10 17:00:00,G2 Esports,100 Thieves,1 - 2,JonahP,4581,G2 Esports,overall,"Kayo, Skye, Breach",0.66,136,23,50,32,-27,63%,88,21%,3,8,-5,,
337411,Champions Tour 2024: Americas Stage 1,"Playoffs: 
						Upper Final",2024-05-10 17:00:00,G2 Esports,100 Thieves,1 - 2,eeiu,796,100 Thieves,overall,"Sova, Fade",1.36,249,59,36,23,+23,81%,169,26%,5,5,0,,
337411,Champions Tour 2024: Americas Stage 1,"Playoffs: 
						Upper Final",2024-05-10 17:00:00,G2 Esports,100 Thieves,1 - 2,bang,3880,100 Thieves,overall,"Omen, Viper",1.14,217,46,37,26,+9,75%,127,23%,6,6,0,,
337411,Champions Tour 2024: Americas Stage 1,"Playoffs: 
						Upper Final",2024-05-10 17:00:00,G2 Esports,100 Thieves,1 - 2,Cryocells,4147,100 Thieves,overall,"Jett, Brimstone, Astra",1.09,210,47,42,25,+5,76%,140,23%,11,3,+8,,
337411,Champions Tour 2024: Americas Stage 1,"Playoffs: 
						Upper Final",2024-05-10 17:00:00,G2 Esports,100 Thieves,1 - 2,Asuna,601,100 Thieves,overall,"Kayo, Raze",1.09,216,44,41,35,+3,78%,139,19%,8,8,0,,
337411,Champions Tour 2024: Americas Stage 1,"Playoffs: 
						Upper Final",2024-05-10 17:00:00,G2 Esports,100 Thieves,1 - 2,Boostio,604,100 Thieves,overall,"Killjoy, Gekko",0.71,147,35,43,11,-8,70%,97,25%,5,6,-1,,
337411,Champions Tour 2024: Americas Stage 1,"Playoffs: 
						Upper Final",2024-05-10 17:00:00,G2 Esports,100 Thieves,1 - 2,trent,15500,G2 Esports,map,Sova,0.97,181,10,13,3,-3,56%,136,34%,2,1,+1,Ascent,100 Thieves
337411,Champions Tour 2024: Americas Stage 1,"Playoffs: 
						Upper Final",2024-05-10 17:00:00,G2 Esports,100 Thieves,1 - 2,icy,8402,G2 Esports,map,Jett,0.80,186,11,15,1,-4,44%,124,31%,3,3,0,Ascent,100 Thieves
337411,Champions Tour 2024: Americas Stage 1,"Playoffs: 
						Upper Final",2024-05-10 17:00:00,G2 Esports,100 Thieves,1 - 2,JonahP,4581,G2 Esports,map,Kayo,0.77,167,7,15,12,-8,67%,99,25%,0,3,-3,Ascent,100 Thieves
337411,Champions Tour 2024: Americas Stage 1,"Playoffs: 
						Upper Final",2024-05-10 17:00:00,G2 Esports,100 Thieves,1 - 2,valyn,3885,G2 Esports,map,Omen,0.68,103,7,12,6,-5,56%,62,20%,1,2,-1,Ascent,100 Thieves
337411,Champions Tour 2024: Americas Stage 1,"Playoffs: 
						Upper Final",2024-05-10 17:00:00,G2 Esports,100 Thieves,1 - 2,leaf,7873,G2 Esports,map,Killjoy,0.36,118,8,16,0,-8,33%,73,23%,0,3,-3,Ascent,100 Thieves
337411,Champions Tour 2024: Americas Stage 1,"Playoffs: 
						Upper Final",2024-05-10 17:00:00,G2 Esports,100 Thieves,1 - 2,eeiu,796,100 Thieves,map,Sova,1.68,308,21,8,7,+13,83%,192,28%,2,1,+1,Ascent,100 Thieves
337411,Champions Tour 2024: Americas Stage 1,"Playoffs: 
						Upper Final",2024-05-10 17:00:00,G2 Esports,100 Thieves,1 - 2,bang,3880,100 Thieves,map,Omen,1.47,245,16,7,9,+9,83%,129,18%,1,0,+1,Ascent,100 Thieves
337411,Champions Tour 2024: Americas Stage 1,"Playoffs: 
						Upper Final",2024-05-10 17:00:00,G2 Esports,100 Thieves,1 - 2,Cryocells,4147,100 Thieves,map,Jett,1.32,234,17,9,3,+8,78%,148,12%,6,1,+5,Ascent,100 Thieves
337411,Champions Tour 2024: Americas Stage 1,"Playoffs: 
						Upper Final",2024-05-10 17:00:00,G2 Esports,100 Thieves,1 - 2,Asuna,601,100 Thieves,map,Kayo,1.22,173,8,9,21,-1,78%,124,19%,1,2,-1,Ascent,100 Thieves
337411,Champions Tour 2024: Americas Stage 1,"Playoffs: 
						Upper Final",2024-05-10 17:00:00,G2 Esports,100 Thieves,1 - 2,Boostio,604,100 Thieves,map,Killjoy,0.82,138,9,10,1,-1,72%,96,22%,2,2,0,Ascent,100 Thieves
337411,Champions Tour 2024: Americas Stage 1,"Playoffs: 
						Upper Final",2024-05-10 17:00:00,G2 Esports,100 Thieves,1 - 2,valyn,3885,G2 Esports,map,Brimstone,1.68,287,22,12,11,+10,81%,174,20%,1,0,+1,Bind,G2 Esports
337411,Champions Tour 2024: Americas Stage 1,"Playoffs: 
						Upper Final",2024-05-10 17:00:00,G2 Esports,100 Thieves,1 - 2,leaf,7873,G2 Esports,map,Viper,1.66,282,21,14,7,+7,81%,207,24%,1,1,0,Bind,G2 Esports
337411,Champions Tour 2024: Americas Stage 1,"Playoffs: 
						Upper Final",2024-05-10 17:00:00,G2 Esports,100 Thieves,1 - 2,trent,15500,G2 Esports,map,Gekko,1.22,219,16,14,6,+2,76%,140,34%,2,2,0,Bind,G2 Esports
337411,Champions Tour 2024: Americas Stage 1,"Playoffs: 
						Upper Final",2024-05-10 17:00:00,G2 Esports,100 Thieves,1 - 2,JonahP,4581,G2 Esports,map,Skye,0.50,126,9,19,7,-10,62%,94,16%,2,2,0,Bind,G2 Esports
337411,Champions Tour 2024: Americas Stage 1,"Playoffs: 
						Upper Final",2024-05-10 17:00:00,G2 Esports,100 Thieves,1 - 2,icy,8402,G2 Esports,map,Raze,0.36,167,11,21,5,-10,62%,113,22%,4,6,-2,Bind,G2 Esports
337411,Champions Tour 2024: Americas Stage 1,"Playoffs: 
						Upper Final",2024-05-10 17:00:00,G2 Esports,100 Thieves,1 - 2,eeiu,796,100 Thieves,map,Fade,1.22,234,18,16,10,+2,95%,187,25%,1,1,0,Bind,G2 Esports
337411,Champions Tour 2024: Americas Stage 1,"Playoffs: 
						Upper Final",2024-05-10 17:00:00,G2 Esports,100 Thieves,1 - 2,Asuna,601,100 Thieves,map,Raze,1.13,261,19,15,8,+4,86%,158,21%,5,3,+2,Bind,G2 Esports
337411,Champions Tour 2024: Americas Stage 1,"Playoffs: 
						Upper Final",2024-05-10 17:00:00,G2 Esports,100 Thieves,1 - 2,bang,3880,100 Thieves,map,Viper,1.11,221,17,14,5,+3,76%,138,23%,2,4,-2,Bind,G2 Esports
337411,Champions Tour 2024: Americas Stage 1,"Playoffs: 
						Upper Final",2024-05-10 17:00:00,G2 Esports,100 Thieves,1 - 2,Cryocells,4147,100 Thieves,map,Brimstone,1.00,236,18,18,8,0,86%,163,30%,2,0,+2,Bind,G2 Esports
337411,Champions Tour 2024: Americas Stage 1,"Playoffs: 
						Upper Final",2024-05-10 17:00:00,G2 Esports,100 Thieves,1 - 2,Boostio,604,100 Thieves,map,Gekko,0.41,114,8,16,7,-8,67%,72,19%,1,2,-1,Bind,G2 Esports
337411,Champions Tour 2024: Americas Stage 1,"Playoffs: 
						Upper Final",2024-05-10 17:00:00,G2 Esports,100 Thieves,1 - 2,valyn,3885,G2 Esports,map,Omen,1.28,252,21,17,7,+4,75%,162,18%,5,0,+5,Split,100 Thieves
337411,Champions Tour 2024: Americas Stage 1,"Playoffs: 
						Upper Final",2024-05-10 17:00:00,G2 Esports,100 Thieves,1 - 2,leaf,7873,G2 Esports,map,Viper,1.27,223,19,16,9,+3,67%,143,26%,2,0,+2,Split,100 Thieves
337411,Champions Tour 2024: Americas Stage 1,"Playoffs: 
						Upper Final",2024-05-10 17:00:00,G2 Esports,100 Thieves,1 - 2,trent,15500,G2 Esports,map,Fade,0.96,164,13,16,12,-3,71%,103,23%,2,4,-2,Split,100 Thieves
337411,Champions Tour 2024: Americas Stage 1,"Playoffs: 
						Upper Final",2024-05-10 17:00:00,G2 Esports,100 Thieves,1 - 2,icy,8402,G2 Esports,map,Raze,0.91,191,17,15,3,+2,75%,129,28%,2,5,-3,Split,100 Thieves
337411,Champions Tour 2024: Americas Stage 1,"Playoffs: 
						Upper Final",2024-05-10 17:00:00,G2 Esports,100 Thieves,1 - 2,JonahP,4581,G2 Esports,map,Breach,0.73,116,7,16,13,-9,63%,75,21%,1,3,-2,Split,100 Thieves
337411,Champions Tour 2024: Americas Stage 1,"Playoffs: 
						Upper Final",2024-05-10 17:00:00,G2 Esports,100 Thieves,1 - 2,eeiu,796,100 Thieves,map,Fade,1.24,204,20,12,6,+8,67%,135,27%,2,3,-1,Split,100 Thieves
337411,Champions Tour 2024: Americas Stage 1,"Playoffs: 
						Upper Final",2024-05-10 17:00:00,G2 Esports,100 Thieves,1 - 2,Cryocells,4147,100 Thieves,map,Astra,1.00,161,12,15,14,-3,67%,113,28%,3,2,+1,Split,100 Thieves
337411,Champions Tour 2024: Americas Stage 1,"Playoffs: 
						Upper Final",2024-05-10 17:00:00,G2 Esports,100 Thieves,1 - 2,Asuna,601,100 Thieves,map,Raze,0.94,215,17,17,6,0,71%,134,17%,2,3,-1,Split,100 Thieves
337411,Champions Tour 2024: Americas Stage 1,"Playoffs: 
						Upper Final",2024-05-10 17:00:00,G2 Esports,100 Thieves,1 - 2,bang,3880,100 Thieves,map,Viper,0.93,186,13,16,12,-3,67%,115,30%,3,2,+1,Split,100 Thieves
337411,Champions Tour 2024: Americas Stage 1,"Playoffs: 
						Upper Final",2024-05-10 17:00:00,G2 Esports,100 Thieves,1 - 2,Boostio,604,100 Thieves,map,Gekko,0.89,189,18,17,3,+1,71%,119,32%,2,2,0,Split,100 Thieves
337413,Champions Tour 2024: Americas Stage 1,"Playoffs: 
						Lower Round 1",2024-05-10 20:00:00,KRÜ Esports,LEVIATÁN,1 - 2,keznit,2462,KRÜ Esports,overall,"Raze, Jett",1.15,262,56,49,14,+7,73%,178,28%,9,10,-1,,
337413,Champions Tour 2024: Americas Stage 1,"Playoffs: 
						Lower Round 1",2024-05-10 20:00:00,KRÜ Esports,LEVIATÁN,1 - 2,Shyy,24007,KRÜ Esports,overall,"Killjoy, Cypher",1.12,214,52,41,7,+11,70%,142,26%,5,3,+2,,
337413,Champions Tour 2024: Americas Stage 1,"Playoffs: 
						Lower Round 1",2024-05-10 20:00:00,KRÜ Esports,LEVIATÁN,1 - 2,heat,8673,KRÜ Esports,overall,"Fade, Kayo, Gekko",0.90,192,42,49,22,-7,75%,122,30%,4,6,-2,,
337413,Champions Tour 2024: Americas Stage 1,"Playoffs: 
						Lower Round 1",2024-05-10 20:00:00,KRÜ Esports,LEVIATÁN,1 - 2,Klaus,2610,KRÜ Esports,overall,"Viper, Gekko, Breach",0.82,185,38,51,23,-13,72%,123,33%,10,4,+6,,
337413,Champions Tour 2024: Americas Stage 1,"Playoffs: 
						Lower Round 1",2024-05-10 20:00:00,KRÜ Esports,LEVIATÁN,1 - 2,Melser,1311,KRÜ Esports,overall,"Omen, Viper",0.82,150,34,42,12,-8,66%,103,33%,5,7,-2,,
337413,Champions Tour 2024: Americas Stage 1,"Playoffs: 
						Lower Round 1",2024-05-10 20:00:00,KRÜ Esports,LEVIATÁN,1 - 2,aspas,8480,LEVIATÁN,overall,"Raze, Jett",1.31,253,61,40,11,+21,73%,163,29%,7,3,+4,,
337413,Champions Tour 2024: Americas Stage 1,"Playoffs: 
						Lower Round 1",2024-05-10 20:00:00,KRÜ Esports,LEVIATÁN,1 - 2,tex,1818,LEVIATÁN,overall,"Killjoy, Gekko",1.14,231,54,46,10,+8,75%,156,39%,8,9,-1,,
337413,Champions Tour 2024: Americas Stage 1,"Playoffs: 
						Lower Round 1",2024-05-10 20:00:00,KRÜ Esports,LEVIATÁN,1 - 2,Mazino,7603,LEVIATÁN,overall,"Omen, Harbor, Breach",1.06,223,48,47,30,+1,75%,146,24%,4,8,-4,,
337413,Champions Tour 2024: Americas Stage 1,"Playoffs: 
						Lower Round 1",2024-05-10 20:00:00,KRÜ Esports,LEVIATÁN,1 - 2,C0M,619,LEVIATÁN,overall,"Fade, Sova, Cypher",0.92,158,37,40,11,-3,69%,105,28%,6,5,+1,,
337413,Champions Tour 2024: Americas Stage 1,"Playoffs: 
						Lower Round 1",2024-05-10 20:00:00,KRÜ Esports,LEVIATÁN,1 - 2,kiNgg,8549,LEVIATÁN,overall,"Viper, Omen",0.72,154,32,49,25,-17,64%,104,24%,5,8,-3,,
337413,Champions Tour 2024: Americas Stage 1,"Playoffs: 
						Lower Round 1",2024-05-10 20:00:00,KRÜ Esports,LEVIATÁN,1 - 2,keznit,2462,KRÜ Esports,map,Raze,1.65,348,23,12,5,+11,74%,224,27%,3,2,+1,Lotus,KRÜ Esports
337413,Champions Tour 2024: Americas Stage 1,"Playoffs: 
						Lower Round 1",2024-05-10 20:00:00,KRÜ Esports,LEVIATÁN,1 - 2,heat,8673,KRÜ Esports,map,Fade,1.17,198,15,11,5,+4,79%,133,42%,1,2,-1,Lotus,KRÜ Esports
337413,Champions Tour 2024: Americas Stage 1,"Playoffs: 
						Lower Round 1",2024-05-10 20:00:00,KRÜ Esports,LEVIATÁN,1 - 2,Melser,1311,KRÜ Esports,map,Omen,1.09,168,12,9,4,+3,84%,111,40%,2,1,+1,Lotus,KRÜ Esports
337413,Champions Tour 2024: Americas Stage 1,"Playoffs: 
						Lower Round 1",2024-05-10 20:00:00,KRÜ Esports,LEVIATÁN,1 - 2,Shyy,24007,KRÜ Esports,map,Killjoy,0.97,141,11,9,4,+2,84%,98,17%,0,0,0,Lotus,KRÜ Esports
337413,Champions Tour 2024: Americas Stage 1,"Playoffs: 
						Lower Round 1",2024-05-10 20:00:00,KRÜ Esports,LEVIATÁN,1 - 2,Klaus,2610,KRÜ Esports,map,Viper,0.79,223,13,17,7,-4,74%,153,25%,6,2,+4,Lotus,KRÜ Esports
337413,Champions Tour 2024: Americas Stage 1,"Playoffs: 
						Lower Round 1",2024-05-10 20:00:00,KRÜ Esports,LEVIATÁN,1 - 2,aspas,8480,LEVIATÁN,map,Raze,1.15,234,17,14,4,+3,84%,150,26%,1,0,+1,Lotus,KRÜ Esports
337413,Champions Tour 2024: Americas Stage 1,"Playoffs: 
						Lower Round 1",2024-05-10 20:00:00,KRÜ Esports,LEVIATÁN,1 - 2,C0M,619,LEVIATÁN,map,Fade,1.05,184,12,13,4,-1,68%,113,24%,2,1,+1,Lotus,KRÜ Esports
337413,Champions Tour 2024: Americas Stage 1,"Playoffs: 
						Lower Round 1",2024-05-10 20:00:00,KRÜ Esports,LEVIATÁN,1 - 2,tex,1818,LEVIATÁN,map,Killjoy,0.85,183,12,15,2,-3,63%,117,41%,3,4,-1,Lotus,KRÜ Esports
337413,Champions Tour 2024: Americas Stage 1,"Playoffs: 
						Lower Round 1",2024-05-10 20:00:00,KRÜ Esports,LEVIATÁN,1 - 2,Mazino,7603,LEVIATÁN,map,Omen,0.77,174,10,16,12,-6,63%,107,25%,1,4,-3,Lotus,KRÜ Esports
337413,Champions Tour 2024: Americas Stage 1,"Playoffs: 
						Lower Round 1",2024-05-10 20:00:00,KRÜ Esports,LEVIATÁN,1 - 2,kiNgg,8549,LEVIATÁN,map,Viper,0.52,110,7,16,6,-9,47%,80,24%,0,3,-3,Lotus,KRÜ Esports
337413,Champions Tour 2024: Americas Stage 1,"Playoffs: 
						Lower Round 1",2024-05-10 20:00:00,KRÜ Esports,LEVIATÁN,1 - 2,keznit,2462,KRÜ Esports,map,Jett,1.28,278,23,19,5,+4,83%,196,37%,5,2,+3,Icebox,LEVIATÁN
337413,Champions Tour 2024: Americas Stage 1,"Playoffs: 
						Lower Round 1",2024-05-10 20:00:00,KRÜ Esports,LEVIATÁN,1 - 2,Klaus,2610,KRÜ Esports,map,Gekko,1.12,204,17,17,7,0,75%,128,47%,4,2,+2,Icebox,LEVIATÁN
337413,Champions Tour 2024: Americas Stage 1,"Playoffs: 
						Lower Round 1",2024-05-10 20:00:00,KRÜ Esports,LEVIATÁN,1 - 2,Shyy,24007,KRÜ Esports,map,Killjoy,1.11,252,22,17,1,+5,58%,158,27%,2,2,0,Icebox,LEVIATÁN
337413,Champions Tour 2024: Americas Stage 1,"Playoffs: 
						Lower Round 1",2024-05-10 20:00:00,KRÜ Esports,LEVIATÁN,1 - 2,Melser,1311,KRÜ Esports,map,Viper,1.07,175,15,14,5,+1,67%,117,33%,2,3,-1,Icebox,LEVIATÁN
337413,Champions Tour 2024: Americas Stage 1,"Playoffs: 
						Lower Round 1",2024-05-10 20:00:00,KRÜ Esports,LEVIATÁN,1 - 2,heat,8673,KRÜ Esports,map,Kayo,0.43,109,8,21,11,-13,63%,67,23%,1,1,0,Icebox,LEVIATÁN
337413,Champions Tour 2024: Americas Stage 1,"Playoffs: 
						Lower Round 1",2024-05-10 20:00:00,KRÜ Esports,LEVIATÁN,1 - 2,aspas,8480,LEVIATÁN,map,Jett,1.52,314,28,15,2,+13,67%,204,32%,3,1,+2,Icebox,LEVIATÁN
337413,Champions Tour 2024: Americas Stage 1,"Playoffs: 
						Lower Round 1",2024-05-10 20:00:00,KRÜ Esports,LEVIATÁN,1 - 2,tex,1818,LEVIATÁN,map,Killjoy,1.35,285,25,17,3,+8,75%,180,39%,3,2,+1,Icebox,LEVIATÁN
337413,Champions Tour 2024: Americas Stage 1,"Playoffs: 
						Lower Round 1",2024-05-10 20:00:00,KRÜ Esports,LEVIATÁN,1 - 2,Mazino,7603,LEVIATÁN,map,Harbor,0.80,178,15,19,7,-4,67%,126,26%,1,4,-3,Icebox,LEVIATÁN
337413,Champions Tour 2024: Americas Stage 1,"Playoffs: 
						Lower Round 1",2024-05-10 20:00:00,KRÜ Esports,LEVIATÁN,1 - 2,C0M,619,LEVIATÁN,map,Sova,0.62,119,10,16,3,-6,63%,81,22%,2,4,-2,Icebox,LEVIATÁN
337413,Champions Tour 2024: Americas Stage 1,"Playoffs: 
						Lower Round 1",2024-05-10 20:00:00,KRÜ Esports,LEVIATÁN,1 - 2,kiNgg,8549,LEVIATÁN,map,Viper,0.61,128,10,18,7,-8,63%,95,20%,1,3,-2,Icebox,LEVIATÁN
337413,Champions Tour 2024: Americas Stage 1,"Playoffs: 
						Lower Round 1",2024-05-10 20:00:00,KRÜ Esports,LEVIATÁN,1 - 2,Shyy,24007,KRÜ Esports,map,Cypher,1.26,250,19,15,2,+4,71%,162,34%,3,1,+2,Sunset,LEVIATÁN
337413,Champions Tour 2024: Americas Stage 1,"Playoffs: 
						Lower Round 1",2024-05-10 20:00:00,KRÜ Esports,LEVIATÁN,1 - 2,heat,8673,KRÜ Esports,map,Gekko,1.18,269,19,17,6,+2,86%,176,27%,2,3,-1,Sunset,LEVIATÁN
337413,Champions Tour 2024: Americas Stage 1,"Playoffs: 
						Lower Round 1",2024-05-10 20:00:00,KRÜ Esports,LEVIATÁN,1 - 2,keznit,2462,KRÜ Esports,map,Raze,0.54,160,10,18,4,-8,62%,116,19%,1,6,-5,Sunset,LEVIATÁN
337413,Champions Tour 2024: Americas Stage 1,"Playoffs: 
						Lower Round 1",2024-05-10 20:00:00,KRÜ Esports,LEVIATÁN,1 - 2,Klaus,2610,KRÜ Esports,map,Breach,0.51,128,8,17,9,-9,67%,91,29%,0,0,0,Sunset,LEVIATÁN
337413,Champions Tour 2024: Americas Stage 1,"Playoffs: 
						Lower Round 1",2024-05-10 20:00:00,KRÜ Esports,LEVIATÁN,1 - 2,Melser,1311,KRÜ Esports,map,Omen,0.30,106,7,19,3,-12,48%,81,27%,1,3,-2,Sunset,LEVIATÁN
337413,Champions Tour 2024: Americas Stage 1,"Playoffs: 
						Lower Round 1",2024-05-10 20:00:00,KRÜ Esports,LEVIATÁN,1 - 2,Mazino,7603,LEVIATÁN,map,Breach,1.63,318,23,12,11,+11,95%,205,22%,2,0,+2,Sunset,LEVIATÁN
337413,Champions Tour 2024: Americas Stage 1,"Playoffs: 
						Lower Round 1",2024-05-10 20:00:00,KRÜ Esports,LEVIATÁN,1 - 2,aspas,8480,LEVIATÁN,map,Raze,1.21,210,16,11,5,+5,71%,127,27%,3,2,+1,Sunset,LEVIATÁN
337413,Champions Tour 2024: Americas Stage 1,"Playoffs: 
						Lower Round 1",2024-05-10 20:00:00,KRÜ Esports,LEVIATÁN,1 - 2,tex,1818,LEVIATÁN,map,Gekko,1.16,224,17,14,5,+3,86%,165,38%,2,3,-1,Sunset,LEVIATÁN
337413,Champions Tour 2024: Americas Stage 1,"Playoffs: 
						Lower Round 1",2024-05-10 20:00:00,KRÜ Esports,LEVIATÁN,1 - 2,C0M,619,LEVIATÁN,map,Cypher,1.15,171,15,11,4,+4,76%,124,36%,2,0,+2,Sunset,LEVIATÁN
337413,Champions Tour 2024: Americas Stage 1,"Playoffs: 
						Lower Round 1",2024-05-10 20:00:00,KRÜ Esports,LEVIATÁN,1 - 2,kiNgg,8549,LEVIATÁN,map,Omen,1.03,225,15,15,12,0,81%,136,28%,4,2,+2,Sunset,LEVIATÁN
337414,Champions Tour 2024: Americas Stage 1,"Playoffs: 
						Lower Final",2024-05-11 17:00:00,G2 Esports,LEVIATÁN,3 - 2,valyn,3885,G2 Esports,overall,"Brimstone, Astra, Harbor, Omen",1.18,229,101,80,43,+21,76%,145,30%,15,11,+4,,
337414,Champions Tour 2024: Americas Stage 1,"Playoffs: 
						Lower Final",2024-05-11 17:00:00,G2 Esports,LEVIATÁN,3 - 2,trent,15500,G2 Esports,overall,"Gekko, Sova, Fade",1.08,204,84,80,33,+4,70%,134,26%,11,8,+3,,
337414,Champions Tour 2024: Americas Stage 1,"Playoffs: 
						Lower Final",2024-05-11 17:00:00,G2 Esports,LEVIATÁN,3 - 2,leaf,7873,G2 Esports,overall,"Viper, Cypher, Killjoy",0.96,206,86,92,28,-6,74%,141,23%,14,12,+2,,
337414,Champions Tour 2024: Americas Stage 1,"Playoffs: 
						Lower Final",2024-05-11 17:00:00,G2 Esports,LEVIATÁN,3 - 2,JonahP,4581,G2 Esports,overall,"Skye, Viper, Kayo",0.95,196,75,86,55,-11,72%,126,33%,5,15,-10,,
337414,Champions Tour 2024: Americas Stage 1,"Playoffs: 
						Lower Final",2024-05-11 17:00:00,G2 Esports,LEVIATÁN,3 - 2,icy,8402,G2 Esports,overall,"Raze, Yoru, Gekko, Jett",0.83,166,74,90,18,-16,66%,116,30%,16,12,+4,,
337414,Champions Tour 2024: Americas Stage 1,"Playoffs: 
						Lower Final",2024-05-11 17:00:00,G2 Esports,LEVIATÁN,3 - 2,aspas,8480,LEVIATÁN,overall,"Raze, Jett",1.10,234,101,84,19,+17,72%,160,32%,19,17,+2,,
337414,Champions Tour 2024: Americas Stage 1,"Playoffs: 
						Lower Final",2024-05-11 17:00:00,G2 Esports,LEVIATÁN,3 - 2,kiNgg,8549,LEVIATÁN,overall,"Viper, Omen",1.05,214,87,78,33,+9,74%,141,32%,10,8,+2,,
337414,Champions Tour 2024: Americas Stage 1,"Playoffs: 
						Lower Final",2024-05-11 17:00:00,G2 Esports,LEVIATÁN,3 - 2,C0M,619,LEVIATÁN,overall,"Skye, Sova, Fade",1.01,181,77,80,37,-3,69%,128,28%,12,7,+5,,
337414,Champions Tour 2024: Americas Stage 1,"Playoffs: 
						Lower Final",2024-05-11 17:00:00,G2 Esports,LEVIATÁN,3 - 2,Mazino,7603,LEVIATÁN,overall,"Brimstone, Kayo, Harbor, Omen",0.99,225,94,93,50,+1,78%,144,31%,7,11,-4,,
337414,Champions Tour 2024: Americas Stage 1,"Playoffs: 
						Lower Final",2024-05-11 17:00:00,G2 Esports,LEVIATÁN,3 - 2,tex,1818,LEVIATÁN,overall,"Gekko, Cypher, Killjoy",0.79,166,69,85,15,-16,66%,113,34%,10,18,-8,,
337414,Champions Tour 2024: Americas Stage 1,"Playoffs: 
						Lower Final",2024-05-11 17:00:00,G2 Esports,LEVIATÁN,3 - 2,leaf,7873,G2 Esports,map,Viper,1.12,238,22,20,8,+2,77%,174,28%,2,3,-1,Bind,LEVIATÁN
337414,Champions Tour 2024: Americas Stage 1,"Playoffs: 
						Lower Final",2024-05-11 17:00:00,G2 Esports,LEVIATÁN,3 - 2,trent,15500,G2 Esports,map,Gekko,0.97,194,18,19,8,-1,65%,123,20%,3,1,+2,Bind,LEVIATÁN
337414,Champions Tour 2024: Americas Stage 1,"Playoffs: 
						Lower Final",2024-05-11 17:00:00,G2 Esports,LEVIATÁN,3 - 2,JonahP,4581,G2 Esports,map,Skye,0.93,192,18,19,11,-1,73%,117,49%,1,3,-2,Bind,LEVIATÁN
337414,Champions Tour 2024: Americas Stage 1,"Playoffs: 
						Lower Final",2024-05-11 17:00:00,G2 Esports,LEVIATÁN,3 - 2,valyn,3885,G2 Esports,map,Brimstone,0.90,178,16,18,9,-2,73%,119,30%,2,4,-2,Bind,LEVIATÁN
337414,Champions Tour 2024: Americas Stage 1,"Playoffs: 
						Lower Final",2024-05-11 17:00:00,G2 Esports,LEVIATÁN,3 - 2,icy,8402,G2 Esports,map,Raze,0.61,160,14,22,3,-8,62%,107,32%,5,2,+3,Bind,LEVIATÁN
337414,Champions Tour 2024: Americas Stage 1,"Playoffs: 
						Lower Final",2024-05-11 17:00:00,G2 Esports,LEVIATÁN,3 - 2,C0M,619,LEVIATÁN,map,Skye,1.30,214,22,15,9,+7,77%,155,43%,2,1,+1,Bind,LEVIATÁN
337414,Champions Tour 2024: Americas Stage 1,"Playoffs: 
						Lower Final",2024-05-11 17:00:00,G2 Esports,LEVIATÁN,3 - 2,aspas,8480,LEVIATÁN,map,Raze,1.24,254,22,18,6,+4,85%,179,25%,5,3,+2,Bind,LEVIATÁN
337414,Champions Tour 2024: Americas Stage 1,"Playoffs: 
						Lower Final",2024-05-11 17:00:00,G2 Esports,LEVIATÁN,3 - 2,kiNgg,8549,LEVIATÁN,map,Viper,1.00,199,17,18,6,-1,73%,146,39%,3,2,+1,Bind,LEVIATÁN
337414,Champions Tour 2024: Americas Stage 1,"Playoffs: 
						Lower Final",2024-05-11 17:00:00,G2 Esports,LEVIATÁN,3 - 2,Mazino,7603,LEVIATÁN,map,Brimstone,0.95,229,20,21,11,-1,77%,151,26%,1,2,-1,Bind,LEVIATÁN
337414,Champions Tour 2024: Americas Stage 1,"Playoffs: 
						Lower Final",2024-05-11 17:00:00,G2 Esports,LEVIATÁN,3 - 2,tex,1818,LEVIATÁN,map,Gekko,0.94,174,17,16,2,+1,77%,114,47%,2,5,-3,Bind,LEVIATÁN
337414,Champions Tour 2024: Americas Stage 1,"Playoffs: 
						Lower Final",2024-05-11 17:00:00,G2 Esports,LEVIATÁN,3 - 2,trent,15500,G2 Esports,map,Sova,1.19,212,15,13,6,+2,60%,133,24%,2,2,0,Breeze,G2 Esports
337414,Champions Tour 2024: Americas Stage 1,"Playoffs: 
						Lower Final",2024-05-11 17:00:00,G2 Esports,LEVIATÁN,3 - 2,JonahP,4581,G2 Esports,map,Viper,1.16,239,14,14,9,0,65%,154,23%,1,1,0,Breeze,G2 Esports
337414,Champions Tour 2024: Americas Stage 1,"Playoffs: 
						Lower Final",2024-05-11 17:00:00,G2 Esports,LEVIATÁN,3 - 2,valyn,3885,G2 Esports,map,Astra,1.13,187,15,12,8,+3,65%,116,29%,3,1,+2,Breeze,G2 Esports
337414,Champions Tour 2024: Americas Stage 1,"Playoffs: 
						Lower Final",2024-05-11 17:00:00,G2 Esports,LEVIATÁN,3 - 2,leaf,7873,G2 Esports,map,Cypher,1.02,173,13,12,1,+1,75%,103,16%,3,1,+2,Breeze,G2 Esports
337414,Champions Tour 2024: Americas Stage 1,"Playoffs: 
						Lower Final",2024-05-11 17:00:00,G2 Esports,LEVIATÁN,3 - 2,icy,8402,G2 Esports,map,Yoru,0.79,146,12,14,1,-2,60%,92,27%,3,3,0,Breeze,G2 Esports
337414,Champions Tour 2024: Americas Stage 1,"Playoffs: 
						Lower Final",2024-05-11 17:00:00,G2 Esports,LEVIATÁN,3 - 2,Mazino,7603,LEVIATÁN,map,Kayo,1.01,196,13,14,11,-1,70%,118,22%,2,4,-2,Breeze,G2 Esports
337414,Champions Tour 2024: Americas Stage 1,"Playoffs: 
						Lower Final",2024-05-11 17:00:00,G2 Esports,LEVIATÁN,3 - 2,aspas,8480,LEVIATÁN,map,Jett,0.97,223,16,13,1,+3,65%,133,35%,2,4,-2,Breeze,G2 Esports
337414,Champions Tour 2024: Americas Stage 1,"Playoffs: 
						Lower Final",2024-05-11 17:00:00,G2 Esports,LEVIATÁN,3 - 2,tex,1818,LEVIATÁN,map,Cypher,0.90,174,12,14,2,-2,60%,119,38%,2,0,+2,Breeze,G2 Esports
337414,Champions Tour 2024: Americas Stage 1,"Playoffs: 
						Lower Final",2024-05-11 17:00:00,G2 Esports,LEVIATÁN,3 - 2,kiNgg,8549,LEVIATÁN,map,Viper,0.86,213,14,14,6,0,75%,132,35%,1,3,-2,Breeze,G2 Esports
337414,Champions Tour 2024: Americas Stage 1,"Playoffs: 
						Lower Final",2024-05-11 17:00:00,G2 Esports,LEVIATÁN,3 - 2,C0M,619,LEVIATÁN,map,Sova,0.74,147,10,14,2,-4,55%,104,26%,1,1,0,Breeze,G2 Esports
337414,Champions Tour 2024: Americas Stage 1,"Playoffs: 
						Lower Final",2024-05-11 17:00:00,G2 Esports,LEVIATÁN,3 - 2,trent,15500,G2 Esports,map,Sova,1.69,305,29,16,7,+13,85%,201,36%,2,2,0,Icebox,LEVIATÁN
337414,Champions Tour 2024: Americas Stage 1,"Playoffs: 
						Lower Final",2024-05-11 17:00:00,G2 Esports,LEVIATÁN,3 - 2,valyn,3885,G2 Esports,map,Harbor,1.36,252,25,18,7,+7,81%,146,40%,4,0,+4,Icebox,LEVIATÁN
337414,Champions Tour 2024: Americas Stage 1,"Playoffs: 
						Lower Final",2024-05-11 17:00:00,G2 Esports,LEVIATÁN,3 - 2,JonahP,4581,G2 Esports,map,Viper,0.92,189,16,19,12,-3,81%,122,22%,1,5,-4,Icebox,LEVIATÁN
337414,Champions Tour 2024: Americas Stage 1,"Playoffs: 
						Lower Final",2024-05-11 17:00:00,G2 Esports,LEVIATÁN,3 - 2,leaf,7873,G2 Esports,map,Killjoy,0.79,188,16,23,6,-7,62%,132,19%,4,4,0,Icebox,LEVIATÁN
337414,Champions Tour 2024: Americas Stage 1,"Playoffs: 
						Lower Final",2024-05-11 17:00:00,G2 Esports,LEVIATÁN,3 - 2,icy,8402,G2 Esports,map,Gekko,0.62,143,12,21,9,-9,58%,112,27%,1,3,-2,Icebox,LEVIATÁN
337414,Champions Tour 2024: Americas Stage 1,"Playoffs: 
						Lower Final",2024-05-11 17:00:00,G2 Esports,LEVIATÁN,3 - 2,aspas,8480,LEVIATÁN,map,Jett,1.30,301,28,19,3,+9,69%,204,39%,5,3,+2,Icebox,LEVIATÁN
337414,Champions Tour 2024: Americas Stage 1,"Playoffs: 
						Lower Final",2024-05-11 17:00:00,G2 Esports,LEVIATÁN,3 - 2,C0M,619,LEVIATÁN,map,Sova,0.86,195,17,20,6,-3,62%,126,24%,4,4,0,Icebox,LEVIATÁN
337414,Champions Tour 2024: Americas Stage 1,"Playoffs: 
						Lower Final",2024-05-11 17:00:00,G2 Esports,LEVIATÁN,3 - 2,tex,1818,LEVIATÁN,map,Killjoy,0.85,177,17,17,1,0,62%,117,34%,1,3,-2,Icebox,LEVIATÁN
337414,Champions Tour 2024: Americas Stage 1,"Playoffs: 
						Lower Final",2024-05-11 17:00:00,G2 Esports,LEVIATÁN,3 - 2,kiNgg,8549,LEVIATÁN,map,Viper,0.79,174,15,18,5,-3,73%,125,28%,2,2,0,Icebox,LEVIATÁN
337414,Champions Tour 2024: Americas Stage 1,"Playoffs: 
						Lower Final",2024-05-11 17:00:00,G2 Esports,LEVIATÁN,3 - 2,Mazino,7603,LEVIATÁN,map,Harbor,0.67,207,20,24,5,-4,73%,136,33%,2,0,+2,Icebox,LEVIATÁN
337414,Champions Tour 2024: Americas Stage 1,"Playoffs: 
						Lower Final",2024-05-11 17:00:00,G2 Esports,LEVIATÁN,3 - 2,valyn,3885,G2 Esports,map,Omen,1.44,309,26,17,10,+9,87%,190,24%,4,2,+2,Lotus,G2 Esports
337414,Champions Tour 2024: Americas Stage 1,"Playoffs: 
						Lower Final",2024-05-11 17:00:00,G2 Esports,LEVIATÁN,3 - 2,icy,8402,G2 Esports,map,Raze,1.33,224,20,15,4,+5,83%,145,28%,2,1,+1,Lotus,G2 Esports
337414,Champions Tour 2024: Americas Stage 1,"Playoffs: 
						Lower Final",2024-05-11 17:00:00,G2 Esports,LEVIATÁN,3 - 2,leaf,7873,G2 Esports,map,Killjoy,0.94,210,17,17,7,0,74%,139,23%,2,3,-1,Lotus,G2 Esports
337414,Champions Tour 2024: Americas Stage 1,"Playoffs: 
						Lower Final",2024-05-11 17:00:00,G2 Esports,LEVIATÁN,3 - 2,JonahP,4581,G2 Esports,map,Viper,0.81,186,13,17,5,-4,70%,127,43%,1,5,-4,Lotus,G2 Esports
337414,Champions Tour 2024: Americas Stage 1,"Playoffs: 
						Lower Final",2024-05-11 17:00:00,G2 Esports,LEVIATÁN,3 - 2,trent,15500,G2 Esports,map,Fade,0.60,113,8,15,6,-7,74%,71,38%,1,2,-1,Lotus,G2 Esports
337414,Champions Tour 2024: Americas Stage 1,"Playoffs: 
						Lower Final",2024-05-11 17:00:00,G2 Esports,LEVIATÁN,3 - 2,Mazino,7603,LEVIATÁN,map,Omen,1.49,295,26,16,9,+10,87%,171,32%,2,2,0,Lotus,G2 Esports
337414,Champions Tour 2024: Americas Stage 1,"Playoffs: 
						Lower Final",2024-05-11 17:00:00,G2 Esports,LEVIATÁN,3 - 2,aspas,8480,LEVIATÁN,map,Raze,1.10,214,18,17,7,+1,83%,160,27%,2,2,0,Lotus,G2 Esports
337414,Champions Tour 2024: Americas Stage 1,"Playoffs: 
						Lower Final",2024-05-11 17:00:00,G2 Esports,LEVIATÁN,3 - 2,kiNgg,8549,LEVIATÁN,map,Viper,1.02,210,16,15,9,+1,74%,131,26%,3,0,+3,Lotus,G2 Esports
337414,Champions Tour 2024: Americas Stage 1,"Playoffs: 
						Lower Final",2024-05-11 17:00:00,G2 Esports,LEVIATÁN,3 - 2,C0M,619,LEVIATÁN,map,Fade,0.77,146,11,17,10,-6,74%,112,23%,3,1,+2,Lotus,G2 Esports
337414,Champions Tour 2024: Americas Stage 1,"Playoffs: 
						Lower Final",2024-05-11 17:00:00,G2 Esports,LEVIATÁN,3 - 2,tex,1818,LEVIATÁN,map,Killjoy,0.52,136,10,19,4,-9,70%,110,24%,3,5,-2,Lotus,G2 Esports
337414,Champions Tour 2024: Americas Stage 1,"Playoffs: 
						Lower Final",2024-05-11 17:00:00,G2 Esports,LEVIATÁN,3 - 2,valyn,3885,G2 Esports,map,Omen,1.10,221,19,15,9,+4,71%,152,29%,2,4,-2,Ascent,G2 Esports
337414,Champions Tour 2024: Americas Stage 1,"Playoffs: 
						Lower Final",2024-05-11 17:00:00,G2 Esports,LEVIATÁN,3 - 2,JonahP,4581,G2 Esports,map,Kayo,0.96,174,14,17,18,-3,71%,116,36%,1,1,0,Ascent,G2 Esports
337414,Champions Tour 2024: Americas Stage 1,"Playoffs: 
						Lower Final",2024-05-11 17:00:00,G2 Esports,LEVIATÁN,3 - 2,leaf,7873,G2 Esports,map,Killjoy,0.93,223,18,20,6,-2,83%,147,26%,3,1,+2,Ascent,G2 Esports
337414,Champions Tour 2024: Americas Stage 1,"Playoffs: 
						Lower Final",2024-05-11 17:00:00,G2 Esports,LEVIATÁN,3 - 2,trent,15500,G2 Esports,map,Sova,0.89,198,14,17,6,-3,63%,134,18%,3,1,+2,Ascent,G2 Esports
337414,Champions Tour 2024: Americas Stage 1,"Playoffs: 
						Lower Final",2024-05-11 17:00:00,G2 Esports,LEVIATÁN,3 - 2,icy,8402,G2 Esports,map,Jett,0.84,156,16,18,1,-2,71%,124,42%,5,3,+2,Ascent,G2 Esports
337414,Champions Tour 2024: Americas Stage 1,"Playoffs: 
						Lower Final",2024-05-11 17:00:00,G2 Esports,LEVIATÁN,3 - 2,kiNgg,8549,LEVIATÁN,map,Omen,1.60,274,25,13,7,+12,75%,169,31%,1,1,0,Ascent,G2 Esports
337414,Champions Tour 2024: Americas Stage 1,"Playoffs: 
						Lower Final",2024-05-11 17:00:00,G2 Esports,LEVIATÁN,3 - 2,C0M,619,LEVIATÁN,map,Sova,1.32,204,17,14,10,+3,75%,136,23%,2,0,+2,Ascent,G2 Esports
337414,Champions Tour 2024: Americas Stage 1,"Playoffs: 
						Lower Final",2024-05-11 17:00:00,G2 Esports,LEVIATÁN,3 - 2,Mazino,7603,LEVIATÁN,map,Kayo,0.88,196,15,18,14,-3,83%,138,40%,0,3,-3,Ascent,G2 Esports
337414,Champions Tour 2024: Americas Stage 1,"Playoffs: 
						Lower Final",2024-05-11 17:00:00,G2 Esports,LEVIATÁN,3 - 2,aspas,8480,LEVIATÁN,map,Jett,0.85,180,17,17,2,0,58%,113,41%,5,5,0,Ascent,G2 Esports
337414,Champions Tour 2024: Americas Stage 1,"Playoffs: 
						Lower Final",2024-05-11 17:00:00,G2 Esports,LEVIATÁN,3 - 2,tex,1818,LEVIATÁN,map,Killjoy,0.72,169,13,19,6,-6,63%,108,31%,2,5,-3,Ascent,G2 Esports
337412,Champions Tour 2024: Americas Stage 1,"Playoffs: 
						Grand Final",2024-05-12 17:00:00,100 Thieves,G2 Esports,3 - 0,bang,3880,100 Thieves,overall,"Viper, Omen",1.32,233,56,36,15,+20,87%,145,49%,11,5,+6,,
337412,Champions Tour 2024: Americas Stage 1,"Playoffs: 
						Grand Final",2024-05-12 17:00:00,100 Thieves,G2 Esports,3 - 0,Boostio,604,100 Thieves,overall,"Gekko, Cypher",1.13,214,51,39,13,+12,76%,140,35%,8,5,+3,,
337412,Champions Tour 2024: Americas Stage 1,"Playoffs: 
						Grand Final",2024-05-12 17:00:00,100 Thieves,G2 Esports,3 - 0,eeiu,796,100 Thieves,overall,"Fade, Sova",1.11,193,44,38,17,+6,75%,131,30%,5,5,0,,
337412,Champions Tour 2024: Americas Stage 1,"Playoffs: 
						Grand Final",2024-05-12 17:00:00,100 Thieves,G2 Esports,3 - 0,Asuna,601,100 Thieves,overall,"Raze, Kayo",1.09,228,47,43,23,+4,73%,154,20%,7,11,-4,,
337412,Champions Tour 2024: Americas Stage 1,"Playoffs: 
						Grand Final",2024-05-12 17:00:00,100 Thieves,G2 Esports,3 - 0,Cryocells,4147,100 Thieves,overall,"Brimstone, Jett, Gekko",0.97,197,45,45,14,0,76%,136,23%,5,1,+4,,
337412,Champions Tour 2024: Americas Stage 1,"Playoffs: 
						Grand Final",2024-05-12 17:00:00,100 Thieves,G2 Esports,3 - 0,valyn,3885,G2 Esports,overall,"Brimstone, Astra, Omen",1.03,205,43,47,16,-4,73%,140,26%,9,7,+2,,
337412,Champions Tour 2024: Americas Stage 1,"Playoffs: 
						Grand Final",2024-05-12 17:00:00,100 Thieves,G2 Esports,3 - 0,icy,8402,G2 Esports,overall,"Raze, Yoru",1.01,215,49,50,8,-1,70%,145,24%,5,8,-3,,
337412,Champions Tour 2024: Americas Stage 1,"Playoffs: 
						Grand Final",2024-05-12 17:00:00,100 Thieves,G2 Esports,3 - 0,leaf,7873,G2 Esports,overall,"Viper, Cypher",0.85,207,47,51,6,-4,67%,135,28%,9,8,+1,,
337412,Champions Tour 2024: Americas Stage 1,"Playoffs: 
						Grand Final",2024-05-12 17:00:00,100 Thieves,G2 Esports,3 - 0,JonahP,4581,G2 Esports,overall,"Skye, Viper, Breach",0.76,157,33,48,30,-15,78%,102,31%,1,5,-4,,
337412,Champions Tour 2024: Americas Stage 1,"Playoffs: 
						Grand Final",2024-05-12 17:00:00,100 Thieves,G2 Esports,3 - 0,trent,15500,G2 Esports,overall,"Gekko, Sova",0.71,142,29,47,20,-18,63%,103,38%,3,8,-5,,
337412,Champions Tour 2024: Americas Stage 1,"Playoffs: 
						Grand Final",2024-05-12 17:00:00,100 Thieves,G2 Esports,3 - 0,bang,3880,100 Thieves,map,Viper,1.42,240,21,13,2,+8,77%,163,48%,4,3,+1,Bind,100 Thieves
337412,Champions Tour 2024: Americas Stage 1,"Playoffs: 
						Grand Final",2024-05-12 17:00:00,100 Thieves,G2 Esports,3 - 0,eeiu,796,100 Thieves,map,Fade,1.40,239,20,14,5,+6,73%,153,42%,1,1,0,Bind,100 Thieves
337412,Champions Tour 2024: Americas Stage 1,"Playoffs: 
						Grand Final",2024-05-12 17:00:00,100 Thieves,G2 Esports,3 - 0,Boostio,604,100 Thieves,map,Gekko,0.83,178,13,16,8,-3,77%,116,17%,0,2,-2,Bind,100 Thieves
337412,Champions Tour 2024: Americas Stage 1,"Playoffs: 
						Grand Final",2024-05-12 17:00:00,100 Thieves,G2 Esports,3 - 0,Asuna,601,100 Thieves,map,Raze,0.78,189,14,17,6,-3,59%,129,16%,3,6,-3,Bind,100 Thieves
337412,Champions Tour 2024: Americas Stage 1,"Playoffs: 
						Grand Final",2024-05-12 17:00:00,100 Thieves,G2 Esports,3 - 0,Cryocells,4147,100 Thieves,map,Brimstone,0.73,176,12,18,8,-6,64%,127,20%,1,1,0,Bind,100 Thieves
337412,Champions Tour 2024: Americas Stage 1,"Playoffs: 
						Grand Final",2024-05-12 17:00:00,100 Thieves,G2 Esports,3 - 0,valyn,3885,G2 Esports,map,Brimstone,1.24,264,19,15,8,+4,82%,175,25%,6,3,+3,Bind,100 Thieves
337412,Champions Tour 2024: Americas Stage 1,"Playoffs: 
						Grand Final",2024-05-12 17:00:00,100 Thieves,G2 Esports,3 - 0,leaf,7873,G2 Esports,map,Viper,1.04,243,20,17,2,+3,77%,164,27%,3,1,+2,Bind,100 Thieves
337412,Champions Tour 2024: Americas Stage 1,"Playoffs: 
						Grand Final",2024-05-12 17:00:00,100 Thieves,G2 Esports,3 - 0,icy,8402,G2 Esports,map,Raze,0.93,192,16,17,2,-1,73%,122,21%,4,2,+2,Bind,100 Thieves
337412,Champions Tour 2024: Americas Stage 1,"Playoffs: 
						Grand Final",2024-05-12 17:00:00,100 Thieves,G2 Esports,3 - 0,JonahP,4581,G2 Esports,map,Skye,0.88,177,14,16,10,-2,91%,113,30%,0,1,-1,Bind,100 Thieves
337412,Champions Tour 2024: Americas Stage 1,"Playoffs: 
						Grand Final",2024-05-12 17:00:00,100 Thieves,G2 Esports,3 - 0,trent,15500,G2 Esports,map,Gekko,0.71,131,9,15,8,-6,64%,99,56%,0,2,-2,Bind,100 Thieves
337412,Champions Tour 2024: Americas Stage 1,"Playoffs: 
						Grand Final",2024-05-12 17:00:00,100 Thieves,G2 Esports,3 - 0,Boostio,604,100 Thieves,map,Cypher,1.49,269,22,10,2,+12,80%,174,43%,4,1,+3,Breeze,100 Thieves
337412,Champions Tour 2024: Americas Stage 1,"Playoffs: 
						Grand Final",2024-05-12 17:00:00,100 Thieves,G2 Esports,3 - 0,eeiu,796,100 Thieves,map,Sova,1.35,233,16,10,8,+6,75%,157,25%,4,2,+2,Breeze,100 Thieves
337412,Champions Tour 2024: Americas Stage 1,"Playoffs: 
						Grand Final",2024-05-12 17:00:00,100 Thieves,G2 Esports,3 - 0,bang,3880,100 Thieves,map,Viper,1.24,218,17,11,5,+6,90%,133,36%,5,2,+3,Breeze,100 Thieves
337412,Champions Tour 2024: Americas Stage 1,"Playoffs: 
						Grand Final",2024-05-12 17:00:00,100 Thieves,G2 Esports,3 - 0,Asuna,601,100 Thieves,map,Kayo,1.08,197,12,12,12,0,90%,138,27%,0,0,0,Breeze,100 Thieves
337412,Champions Tour 2024: Americas Stage 1,"Playoffs: 
						Grand Final",2024-05-12 17:00:00,100 Thieves,G2 Esports,3 - 0,Cryocells,4147,100 Thieves,map,Jett,1.04,183,14,12,2,+2,80%,122,21%,2,0,+2,Breeze,100 Thieves
337412,Champions Tour 2024: Americas Stage 1,"Playoffs: 
						Grand Final",2024-05-12 17:00:00,100 Thieves,G2 Esports,3 - 0,icy,8402,G2 Esports,map,Yoru,0.89,212,16,18,1,-2,55%,145,47%,0,4,-4,Breeze,100 Thieves
337412,Champions Tour 2024: Americas Stage 1,"Playoffs: 
						Grand Final",2024-05-12 17:00:00,100 Thieves,G2 Esports,3 - 0,JonahP,4581,G2 Esports,map,Viper,0.86,153,9,14,9,-5,60%,104,35%,0,3,-3,Breeze,100 Thieves
337412,Champions Tour 2024: Americas Stage 1,"Playoffs: 
						Grand Final",2024-05-12 17:00:00,100 Thieves,G2 Esports,3 - 0,valyn,3885,G2 Esports,map,Astra,0.73,154,10,16,1,-6,60%,104,29%,0,2,-2,Breeze,100 Thieves
337412,Champions Tour 2024: Americas Stage 1,"Playoffs: 
						Grand Final",2024-05-12 17:00:00,100 Thieves,G2 Esports,3 - 0,leaf,7873,G2 Esports,map,Cypher,0.68,191,13,17,2,-4,60%,125,29%,4,2,+2,Breeze,100 Thieves
337412,Champions Tour 2024: Americas Stage 1,"Playoffs: 
						Grand Final",2024-05-12 17:00:00,100 Thieves,G2 Esports,3 - 0,trent,15500,G2 Esports,map,Sova,0.51,104,7,16,5,-9,55%,78,29%,1,4,-3,Breeze,100 Thieves
337412,Champions Tour 2024: Americas Stage 1,"Playoffs: 
						Grand Final",2024-05-12 17:00:00,100 Thieves,G2 Esports,3 - 0,Asuna,601,100 Thieves,map,Raze,1.42,299,21,14,5,+7,71%,196,19%,4,5,-1,Sunset,100 Thieves
337412,Champions Tour 2024: Americas Stage 1,"Playoffs: 
						Grand Final",2024-05-12 17:00:00,100 Thieves,G2 Esports,3 - 0,bang,3880,100 Thieves,map,Omen,1.29,241,18,12,8,+6,95%,139,63%,2,0,+2,Sunset,100 Thieves
337412,Champions Tour 2024: Americas Stage 1,"Playoffs: 
						Grand Final",2024-05-12 17:00:00,100 Thieves,G2 Esports,3 - 0,Cryocells,4147,100 Thieves,map,Gekko,1.14,232,19,15,4,+4,86%,159,27%,2,0,+2,Sunset,100 Thieves
337412,Champions Tour 2024: Americas Stage 1,"Playoffs: 
						Grand Final",2024-05-12 17:00:00,100 Thieves,G2 Esports,3 - 0,Boostio,604,100 Thieves,map,Cypher,1.10,195,16,13,3,+3,71%,132,48%,4,2,+2,Sunset,100 Thieves
337412,Champions Tour 2024: Americas Stage 1,"Playoffs: 
						Grand Final",2024-05-12 17:00:00,100 Thieves,G2 Esports,3 - 0,eeiu,796,100 Thieves,map,Sova,0.58,108,8,14,4,-6,76%,85,21%,0,2,-2,Sunset,100 Thieves
337412,Champions Tour 2024: Americas Stage 1,"Playoffs: 
						Grand Final",2024-05-12 17:00:00,100 Thieves,G2 Esports,3 - 0,icy,8402,G2 Esports,map,Raze,1.21,241,17,15,5,+2,81%,170,16%,1,2,-1,Sunset,100 Thieves
337412,Champions Tour 2024: Americas Stage 1,"Playoffs: 
						Grand Final",2024-05-12 17:00:00,100 Thieves,G2 Esports,3 - 0,valyn,3885,G2 Esports,map,Omen,1.08,197,14,16,7,-2,76%,138,26%,3,2,+1,Sunset,100 Thieves
337412,Champions Tour 2024: Americas Stage 1,"Playoffs: 
						Grand Final",2024-05-12 17:00:00,100 Thieves,G2 Esports,3 - 0,trent,15500,G2 Esports,map,Gekko,0.90,191,13,16,7,-3,71%,130,32%,2,2,0,Sunset,100 Thieves
337412,Champions Tour 2024: Americas Stage 1,"Playoffs: 
						Grand Final",2024-05-12 17:00:00,100 Thieves,G2 Esports,3 - 0,leaf,7873,G2 Esports,map,Cypher,0.81,188,14,17,2,-3,62%,116,30%,2,5,-3,Sunset,100 Thieves
337412,Champions Tour 2024: Americas Stage 1,"Playoffs: 
						Grand Final",2024-05-12 17:00:00,100 Thieves,G2 Esports,3 - 0,JonahP,4581,G2 Esports,map,Breach,0.54,140,10,18,11,-8,81%,89,30%,1,1,0,Sunset,100 Thieves
