match_id,match_title,event,date,format,teams,score,maps_played,patch,pick_ban_info,tournament_name
295605,NRG vs FURIA,Champions Tour 2024: Americas Kickoff,2024-02-16 17:00:00,Bo3,NRG vs FURIA,2 - 0,2,Patch 8.02,FUR ban Sunset; NRG ban Bind; FUR pick Breeze; NRG pick Ascent; FUR ban Lotus; NRG ban Icebox; Split remains,Champions Tour 2024 Americas Kickoff_csvs
295606,Cloud9 vs MIBR,Champions Tour 2024: Americas Kickoff,2024-02-16 20:00:00,Bo3,Cloud9 vs MIBR,2 - 1,3,Patch 8.02,C9 ban Ascent; MIBR ban Icebox; C9 pick Bind; MIBR pick Split; C9 ban Breeze; MIBR ban Sunset; Lotus remains,Champions Tour 2024 Americas Kickoff_csvs
295610,LOUD vs Sentinels,Champions Tour 2024: Americas Kickoff,2024-02-17 17:00:00,Bo3,LOUD vs Sentinels,2 - 0,2,Patch 8.02,SEN ban Icebox; LOUD ban Breeze; SEN pick Split; LOUD pick Ascent; SEN ban Lotus; LOUD ban Bind; Sunset remains,Champions Tour 2024 Americas Kickoff_csvs
295611,LEVIATÁN vs 100 Thieves,Champions Tour 2024: Americas Kickoff,2024-02-17 19:35:00,Bo3,LEVIATÁN vs 100 Thieves,2 - 1,3,Patch 8.02,100T ban Breeze; LEV ban Lotus; 100T pick Bind; LEV pick Split; 100T ban Sunset; LEV ban Ascent; Icebox remains,Champions Tour 2024 Americas Kickoff_csvs
295615,KRÜ Esports vs G2 Esports,Champions Tour 2024: Americas Kickoff,2024-02-18 17:00:00,Bo3,KRÜ Esports vs G2 Esports,1 - 2,3,Patch 8.02,G2 ban Lotus; KRÜ ban Bind; G2 pick Icebox; KRÜ pick Sunset; G2 ban Split; KRÜ ban Breeze; Ascent remains,Champions Tour 2024 Americas Kickoff_csvs
295608,FURIA vs MIBR,Champions Tour 2024: Americas Kickoff,2024-02-19 17:00:00,Bo3,FURIA vs MIBR,0 - 2,2,Patch 8.02,MIBR ban Icebox; FUR ban Ascent; MIBR pick Split; FUR pick Breeze; MIBR ban Bind; FUR ban Sunset; Lotus remains,Champions Tour 2024 Americas Kickoff_csvs
295613,Sentinels vs 100 Thieves,Champions Tour 2024: Americas Kickoff,2024-02-19 19:45:00,Bo3,Sentinels vs 100 Thieves,2 - 1,3,Patch 8.02,100T ban Sunset; SEN ban Icebox; 100T pick Lotus; SEN pick Bind; 100T ban Breeze; SEN ban Ascent; Split remains,Champions Tour 2024 Americas Kickoff_csvs
295607,NRG vs Cloud9,Champions Tour 2024: Americas Kickoff,2024-02-23 17:00:00,Bo3,NRG vs Cloud9,2 - 0,2,Patch 8.03,C9 ban Split; NRG ban Bind; C9 pick Sunset; NRG pick Ascent; C9 ban Breeze; NRG ban Icebox; Lotus remains,Champions Tour 2024 Americas Kickoff_csvs
295612,LOUD vs LEVIATÁN,Champions Tour 2024: Americas Kickoff,2024-02-23 19:25:00,Bo3,LOUD vs LEVIATÁN,2 - 1,3,Patch 8.03,LEV ban Sunset; LOUD ban Breeze; LEV pick Bind; LOUD pick Split; LEV ban Lotus; LOUD ban Icebox; Ascent remains,Champions Tour 2024 Americas Kickoff_csvs
295617,G2 Esports vs Evil Geniuses,Champions Tour 2024: Americas Kickoff,2024-02-24 17:00:00,Bo3,G2 Esports vs Evil Geniuses,0 - 2,2,Patch 8.03,G2 ban Lotus; EG ban Bind; G2 pick Sunset; EG pick Icebox; G2 ban Breeze; EG ban Ascent; Split remains,Champions Tour 2024 Americas Kickoff_csvs
295609,Cloud9 vs MIBR,Champions Tour 2024: Americas Kickoff,2024-02-25 15:00:00,Bo3,Cloud9 vs MIBR,0 - 2,2,Patch 8.03,C9 ban Split; MIBR ban Icebox; C9 pick Bind; MIBR pick Ascent; C9 ban Breeze; MIBR ban Lotus; Sunset remains,Champions Tour 2024 Americas Kickoff_csvs
295614,LEVIATÁN vs Sentinels,Champions Tour 2024: Americas Kickoff,2024-02-25 17:40:00,Bo3,LEVIATÁN vs Sentinels,1 - 2,3,Patch 8.03,SEN ban Icebox; LEV ban Sunset; SEN pick Split; LEV pick Breeze; SEN ban Ascent; LEV ban Lotus; Bind remains,Champions Tour 2024 Americas Kickoff_csvs
295619,G2 Esports vs KRÜ Esports,Champions Tour 2024: Americas Kickoff,2024-02-25 20:55:00,Bo3,G2 Esports vs KRÜ Esports,2 - 0,2,Patch 8.03,KRÜ ban Bind; G2 ban Lotus; KRÜ pick Split; G2 pick Sunset; KRÜ ban Breeze; G2 ban Ascent; Icebox remains,Champions Tour 2024 Americas Kickoff_csvs
307572,MIBR vs Sentinels,Champions Tour 2024: Americas Kickoff,2024-02-26 15:00:00,Bo3,MIBR vs Sentinels,0 - 2,2,Patch 8.03,SEN ban Breeze; MIBR ban Bind; SEN pick Split; MIBR pick Ascent; SEN ban Icebox; MIBR ban Lotus; Sunset remains,Champions Tour 2024 Americas Kickoff_csvs
307573,G2 Esports vs MIBR,Champions Tour 2024: Americas Kickoff,2024-02-26 17:10:00,Bo3,G2 Esports vs MIBR,1 - 2,3,Patch 8.03,G2 ban Lotus; MIBR ban Icebox; G2 pick Sunset; MIBR pick Split; G2 ban Bind; MIBR ban Ascent; Breeze remains,Champions Tour 2024 Americas Kickoff_csvs
307574,Sentinels vs G2 Esports,Champions Tour 2024: Americas Kickoff,2024-02-26 20:55:00,Bo3,Sentinels vs G2 Esports,1 - 2,3,Patch 8.03,SEN ban Icebox; G2 ban Lotus; SEN pick Sunset; G2 pick Breeze; SEN ban Ascent; G2 ban Bind; Split remains,Champions Tour 2024 Americas Kickoff_csvs
303087,Evil Geniuses vs LOUD,Champions Tour 2024: Americas Kickoff,2024-03-02 17:00:00,Bo3,Evil Geniuses vs LOUD,1 - 2,3,Patch 8.03,LOUD ban Breeze; EG ban Bind; LOUD pick Ascent; EG pick Icebox; LOUD ban Lotus; EG ban Split; Sunset remains,Champions Tour 2024 Americas Kickoff_csvs
303088,NRG vs Sentinels,Champions Tour 2024: Americas Kickoff,2024-03-02 20:00:00,Bo3,NRG vs Sentinels,1 - 2,3,Patch 8.03,SEN ban Breeze; NRG ban Bind; SEN pick Sunset; NRG pick Ascent; SEN ban Icebox; NRG ban Lotus; Split remains,Champions Tour 2024 Americas Kickoff_csvs
303086,LOUD vs Sentinels,Champions Tour 2024: Americas Kickoff,2024-03-03 17:00:00,Bo5,LOUD vs Sentinels,2 - 3,5,Patch 8.03,LOUD ban Breeze; SEN ban Ascent; LOUD pick Sunset; SEN pick Split; LOUD pick Icebox; SEN pick Bind; Lotus remains,Champions Tour 2024 Americas Kickoff_csvs
314622,Cloud9 vs LEVIATÁN,Champions Tour 2024: Americas Stage 1,2024-04-06 17:00:00,Bo3,Cloud9 vs LEVIATÁN,2 - 1,3,Patch 8.05,C9 ban Breeze; LEV ban Split; C9 pick Icebox; LEV pick Sunset; C9 ban Bind; LEV ban Lotus; Ascent remains,Champions Tour 2024 Americas Stage 1_csvs
314623,NRG vs LOUD,Champions Tour 2024: Americas Stage 1,2024-04-06 21:00:00,Bo3,NRG vs LOUD,2 - 0,2,Patch 8.05,NRG ban Icebox; LOUD ban Split; NRG pick Breeze; LOUD pick Sunset; NRG ban Lotus; LOUD ban Bind; Ascent remains,Champions Tour 2024 Americas Stage 1_csvs
314624,G2 Esports vs Evil Geniuses,Champions Tour 2024: Americas Stage 1,2024-04-07 17:00:00,Bo3,G2 Esports vs Evil Geniuses,2 - 0,2,Patch 8.05,G2 ban Sunset; EG ban Bind; G2 pick Lotus; EG pick Icebox; G2 ban Ascent; EG ban Split; Breeze remains,Champions Tour 2024 Americas Stage 1_csvs
314625,Sentinels vs 100 Thieves,Champions Tour 2024: Americas Stage 1,2024-04-07 19:10:00,Bo3,Sentinels vs 100 Thieves,2 - 0,2,Patch 8.05,100T ban Lotus; SEN ban Breeze; 100T pick Icebox; SEN pick Split; 100T ban Ascent; SEN ban Bind; Sunset remains,Champions Tour 2024 Americas Stage 1_csvs
314626,KRÜ Esports vs FURIA,Champions Tour 2024: Americas Stage 1,2024-04-08 17:00:00,Bo3,KRÜ Esports vs FURIA,2 - 1,3,Patch 8.05,FUR ban Split; KRÜ ban Bind; FUR pick Lotus; KRÜ pick Icebox; FUR ban Sunset; KRÜ ban Ascent; Breeze remains,Champions Tour 2024 Americas Stage 1_csvs
314628,G2 Esports vs 100 Thieves,Champions Tour 2024: Americas Stage 1,2024-04-13 17:00:00,Bo3,G2 Esports vs 100 Thieves,0 - 2,2,Patch 8.05,100T ban Lotus; G2 ban Sunset; 100T pick Bind; G2 pick Split; 100T ban Breeze; G2 ban Ascent; Icebox remains,Champions Tour 2024 Americas Stage 1_csvs
314629,Sentinels vs LEVIATÁN,Champions Tour 2024: Americas Stage 1,2024-04-13 19:25:00,Bo3,Sentinels vs LEVIATÁN,0 - 2,2,Patch 8.05,SEN ban Breeze; LEV ban Split; SEN pick Lotus; LEV pick Icebox; SEN ban Ascent; LEV ban Sunset; Bind remains,Champions Tour 2024 Americas Stage 1_csvs
314630,KRÜ Esports vs MIBR,Champions Tour 2024: Americas Stage 1,2024-04-14 17:00:00,Bo3,KRÜ Esports vs MIBR,2 - 0,2,Patch 8.05,KRÜ ban Bind; MIBR ban Lotus; KRÜ pick Icebox; MIBR pick Sunset; KRÜ ban Breeze; MIBR ban Split; Ascent remains,Champions Tour 2024 Americas Stage 1_csvs
314631,NRG vs FURIA,Champions Tour 2024: Americas Stage 1,2024-04-14 19:20:00,Bo3,NRG vs FURIA,2 - 0,2,Patch 8.05,FUR ban Sunset; NRG ban Icebox; FUR pick Split; NRG pick Breeze; FUR ban Ascent; NRG ban Lotus; Bind remains,Champions Tour 2024 Americas Stage 1_csvs
314632,Cloud9 vs Evil Geniuses,Champions Tour 2024: Americas Stage 1,2024-04-15 17:00:00,Bo3,Cloud9 vs Evil Geniuses,2 - 1,3,Patch 8.05,C9 ban Breeze; EG ban Bind; C9 pick Lotus; EG pick Sunset; C9 ban Icebox; EG ban Ascent; Split remains,Champions Tour 2024 Americas Stage 1_csvs
314634,Sentinels vs MIBR,Champions Tour 2024: Americas Stage 1,2024-04-20 17:00:00,Bo3,Sentinels vs MIBR,2 - 0,2,Patch 8.07,SEN ban Breeze; MIBR ban Split; SEN pick Lotus; MIBR pick Bind; SEN ban Ascent; MIBR ban Icebox; Sunset remains,Champions Tour 2024 Americas Stage 1_csvs
314635,Cloud9 vs LOUD,Champions Tour 2024: Americas Stage 1,2024-04-20 19:30:00,Bo3,Cloud9 vs LOUD,2 - 1,3,Patch 8.07,C9 ban Breeze; LOUD ban Split; C9 pick Bind; LOUD pick Icebox; C9 ban Ascent; LOUD ban Sunset; Lotus remains,Champions Tour 2024 Americas Stage 1_csvs
314636,KRÜ Esports vs Evil Geniuses,Champions Tour 2024: Americas Stage 1,2024-04-21 17:00:00,Bo3,KRÜ Esports vs Evil Geniuses,2 - 0,2,Patch 8.07,EG ban Split; KRÜ ban Bind; EG pick Lotus; KRÜ pick Breeze; EG ban Ascent; KRÜ ban Sunset; Icebox remains,Champions Tour 2024 Americas Stage 1_csvs
314637,NRG vs LEVIATÁN,Champions Tour 2024: Americas Stage 1,2024-04-21 19:15:00,Bo3,NRG vs LEVIATÁN,0 - 2,2,Patch 8.07,NRG ban Icebox; LEV ban Ascent; NRG pick Sunset; LEV pick Bind; NRG ban Lotus; LEV ban Split; Breeze remains,Champions Tour 2024 Americas Stage 1_csvs
314638,G2 Esports vs FURIA,Champions Tour 2024: Americas Stage 1,2024-04-22 17:00:00,Bo3,G2 Esports vs FURIA,2 - 0,2,Patch 8.07,FUR ban Split; G2 ban Sunset; FUR pick Lotus; G2 pick Icebox; FUR ban Ascent; G2 ban Bind; Breeze remains,Champions Tour 2024 Americas Stage 1_csvs
314639,Cloud9 vs 100 Thieves,Champions Tour 2024: Americas Stage 1,2024-04-22 19:00:00,Bo3,Cloud9 vs 100 Thieves,0 - 2,2,Patch 8.07,100T ban Lotus; C9 ban Breeze; 100T pick Bind; C9 pick Ascent; 100T ban Split; C9 ban Sunset; Icebox remains,Champions Tour 2024 Americas Stage 1_csvs
314640,Sentinels vs Evil Geniuses,Champions Tour 2024: Americas Stage 1,2024-04-23 17:00:00,Bo3,Sentinels vs Evil Geniuses,1 - 2,3,Patch 8.07,SEN ban Breeze; EG ban Split; SEN pick Lotus; EG pick Bind; SEN ban Ascent; EG ban Icebox; Sunset remains,Champions Tour 2024 Americas Stage 1_csvs
314641,NRG vs MIBR,Champions Tour 2024: Americas Stage 1,2024-04-23 20:30:00,Bo3,NRG vs MIBR,2 - 0,2,Patch 8.07,MIBR ban Ascent; NRG ban Icebox; MIBR pick Split; NRG pick Breeze; MIBR ban Lotus; NRG ban Bind; Sunset remains,Champions Tour 2024 Americas Stage 1_csvs
314642,G2 Esports vs LEVIATÁN,Champions Tour 2024: Americas Stage 1,2024-04-24 17:00:00,Bo3,G2 Esports vs LEVIATÁN,1 - 2,3,Patch 8.07,LEV ban Split; G2 ban Sunset; LEV pick Breeze; G2 pick Icebox; LEV ban Ascent; G2 ban Bind; Lotus remains,Champions Tour 2024 Americas Stage 1_csvs
314643,KRÜ Esports vs LOUD,Champions Tour 2024: Americas Stage 1,2024-04-24 20:15:00,Bo3,KRÜ Esports vs LOUD,2 - 0,2,Patch 8.07,KRÜ ban Bind; LOUD ban Sunset; KRÜ pick Split; LOUD pick Ascent; KRÜ ban Breeze; LOUD ban Icebox; Lotus remains,Champions Tour 2024 Americas Stage 1_csvs
314644,G2 Esports vs MIBR,Champions Tour 2024: Americas Stage 1,2024-04-27 17:00:00,Bo3,G2 Esports vs MIBR,2 - 0,2,Patch 8.07,G2 ban Sunset; MIBR ban Lotus; G2 pick Icebox; MIBR pick Bind; G2 ban Breeze; MIBR ban Ascent; Split remains,Champions Tour 2024 Americas Stage 1_csvs
314645,Sentinels vs LOUD,Champions Tour 2024: Americas Stage 1,2024-04-27 19:05:00,Bo3,Sentinels vs LOUD,0 - 2,2,Patch 8.07,SEN ban Breeze; LOUD ban Split; SEN pick Lotus; LOUD pick Icebox; SEN ban Bind; LOUD ban Sunset; Ascent remains,Champions Tour 2024 Americas Stage 1_csvs
314646,Cloud9 vs FURIA,Champions Tour 2024: Americas Stage 1,2024-04-28 17:00:00,Bo3,Cloud9 vs FURIA,2 - 1,3,Patch 8.07,FUR ban Sunset; C9 ban Breeze; FUR pick Ascent; C9 pick Lotus; FUR ban Icebox; C9 ban Split; Bind remains,Champions Tour 2024 Americas Stage 1_csvs
314647,NRG vs Evil Geniuses,Champions Tour 2024: Americas Stage 1,2024-04-28 19:55:00,Bo3,NRG vs Evil Geniuses,1 - 2,3,Patch 8.07,NRG ban Icebox; EG ban Breeze; NRG pick Ascent; EG pick Lotus; NRG ban Bind; EG ban Split; Sunset remains,Champions Tour 2024 Americas Stage 1_csvs
314648,KRÜ Esports vs 100 Thieves,Champions Tour 2024: Americas Stage 1,2024-04-29 17:00:00,Bo3,KRÜ Esports vs 100 Thieves,2 - 1,3,Patch 8.07,100T ban Lotus; KRÜ ban Bind; 100T pick Sunset; KRÜ pick Breeze; 100T ban Icebox; KRÜ ban Ascent; Split remains,Champions Tour 2024 Americas Stage 1_csvs
314650,Sentinels vs FURIA,Champions Tour 2024: Americas Stage 1,2024-05-03 20:00:00,Bo3,Sentinels vs FURIA,2 - 0,2,Patch 8.07,SEN ban Breeze; FUR ban Sunset; SEN pick Split; FUR pick Icebox; SEN ban Ascent; FUR ban Lotus; Bind remains,Champions Tour 2024 Americas Stage 1_csvs
314651,NRG vs 100 Thieves,Champions Tour 2024: Americas Stage 1,2024-05-04 17:00:00,Bo3,NRG vs 100 Thieves,0 - 2,2,Patch 8.07,NRG ban Icebox; 100T ban Lotus; NRG pick Split; 100T pick Bind; NRG ban Sunset; 100T ban Breeze; Ascent remains,Champions Tour 2024 Americas Stage 1_csvs
314652,KRÜ Esports vs LEVIATÁN,Champions Tour 2024: Americas Stage 1,2024-05-04 19:20:00,Bo3,KRÜ Esports vs LEVIATÁN,1 - 2,3,Patch 8.07,KRÜ ban Bind; LEV ban Split; KRÜ pick Ascent; LEV pick Breeze; KRÜ ban Sunset; LEV ban Icebox; Lotus remains,Champions Tour 2024 Americas Stage 1_csvs
314653,Cloud9 vs MIBR,Champions Tour 2024: Americas Stage 1,2024-05-05 17:00:00,Bo3,Cloud9 vs MIBR,2 - 0,2,Patch 8.07,C9 ban Breeze; MIBR ban Lotus; C9 pick Icebox; MIBR pick Sunset; C9 ban Ascent; MIBR ban Bind; Split remains,Champions Tour 2024 Americas Stage 1_csvs
314654,G2 Esports vs LOUD,Champions Tour 2024: Americas Stage 1,2024-05-05 19:35:00,Bo3,G2 Esports vs LOUD,0 - 2,2,Patch 8.07,G2 ban Sunset; LOUD ban Split; G2 pick Bind; LOUD pick Icebox; G2 ban Breeze; LOUD ban Ascent; Lotus remains,Champions Tour 2024 Americas Stage 1_csvs
337407,Cloud9 vs G2 Esports,Champions Tour 2024: Americas Stage 1,2024-05-08 17:00:00,Bo3,Cloud9 vs G2 Esports,0 - 2,2,Patch 8.07,C9 ban Breeze; G2 ban Sunset; C9 pick Lotus; G2 pick Ascent; C9 ban Split; G2 ban Icebox; Bind remains,Champions Tour 2024 Americas Stage 1_csvs
337408,100 Thieves vs LOUD,Champions Tour 2024: Americas Stage 1,2024-05-08 19:25:00,Bo3,100 Thieves vs LOUD,2 - 0,2,Patch 8.07,100T ban Lotus; LOUD ban Split; 100T pick Bind; LOUD pick Icebox; 100T ban Breeze; LOUD ban Sunset; Ascent remains,Champions Tour 2024 Americas Stage 1_csvs
337409,KRÜ Esports vs G2 Esports,Champions Tour 2024: Americas Stage 1,2024-05-09 17:00:00,Bo3,KRÜ Esports vs G2 Esports,0 - 2,2,Patch 8.07,KRÜ ban Bind; G2 ban Sunset; KRÜ pick Icebox; G2 pick Ascent; KRÜ ban Split; G2 ban Breeze; Lotus remains,Champions Tour 2024 Americas Stage 1_csvs
337410,LEVIATÁN vs 100 Thieves,Champions Tour 2024: Americas Stage 1,2024-05-09 19:05:00,Bo3,LEVIATÁN vs 100 Thieves,1 - 2,3,Patch 8.07,100T ban Lotus; LEV ban Split; 100T pick Bind; LEV pick Sunset; 100T ban Breeze; LEV ban Ascent; Icebox remains,Champions Tour 2024 Americas Stage 1_csvs
337411,G2 Esports vs 100 Thieves,Champions Tour 2024: Americas Stage 1,2024-05-10 17:00:00,Bo3,G2 Esports vs 100 Thieves,1 - 2,3,Patch 8.07,G2 ban Sunset; 100T ban Lotus; G2 pick Ascent; 100T pick Bind; G2 ban Breeze; 100T ban Icebox; Split remains,Champions Tour 2024 Americas Stage 1_csvs
337413,KRÜ Esports vs LEVIATÁN,Champions Tour 2024: Americas Stage 1,2024-05-10 20:00:00,Bo3,KRÜ Esports vs LEVIATÁN,1 - 2,3,Patch 8.07,LEV ban Split; KRÜ ban Bind; LEV pick Lotus; KRÜ pick Icebox; LEV ban Ascent; KRÜ ban Breeze; Sunset remains,Champions Tour 2024 Americas Stage 1_csvs
337414,G2 Esports vs LEVIATÁN,Champions Tour 2024: Americas Stage 1,2024-05-11 17:00:00,Bo5,G2 Esports vs LEVIATÁN,3 - 2,5,Patch 8.07,G2 ban Sunset; LEV ban Split; G2 pick Bind; LEV pick Breeze; G2 pick Icebox; LEV pick Lotus; Ascent remains,Champions Tour 2024 Americas Stage 1_csvs
337412,100 Thieves vs G2 Esports,Champions Tour 2024: Americas Stage 1,2024-05-12 17:00:00,Bo5,100 Thieves vs G2 Esports,3 - 0,3,Patch 8.07,100T ban Lotus; 100T ban Icebox; 100T pick Bind; G2 pick Breeze; 100T pick Sunset; G2 pick Ascent; Split remains,Champions Tour 2024 Americas Stage 1_csvs
353177,MIBR vs LEVIATÁN,Champions Tour 2024: Americas Stage 2,2024-06-22 17:00:00,Bo3,MIBR vs LEVIATÁN,0 - 2,2,Patch 8.11,MIBR ban Haven; LEV ban Split; MIBR pick Ascent; LEV pick Icebox; MIBR ban Lotus; LEV ban Sunset; Bind remains,Champions Tour 2024 Americas Stage 2_csvs
353178,Sentinels vs NRG,Champions Tour 2024: Americas Stage 2,2024-06-22 19:15:00,Bo3,Sentinels vs NRG,2 - 0,2,Patch 8.11,NRG ban Haven; SEN ban Icebox; NRG pick Lotus; SEN pick Sunset; NRG ban Bind; SEN ban Ascent; Split remains,Champions Tour 2024 Americas Stage 2_csvs
353179,FURIA vs 100 Thieves,Champions Tour 2024: Americas Stage 2,2024-06-23 17:00:00,Bo3,FURIA vs 100 Thieves,2 - 0,2,Patch 8.11,FUR ban Bind; 100T ban Sunset; FUR pick Icebox; 100T pick Haven; FUR ban Lotus; 100T ban Split; Ascent remains,Champions Tour 2024 Americas Stage 2_csvs
353180,LOUD vs Evil Geniuses,Champions Tour 2024: Americas Stage 2,2024-06-23 19:45:00,Bo3,LOUD vs Evil Geniuses,1 - 2,3,Patch 8.11,LOUD ban Split; EG ban Haven; LOUD pick Lotus; EG pick Sunset; LOUD ban Ascent; EG ban Bind; Icebox remains,Champions Tour 2024 Americas Stage 2_csvs
353181,G2 Esports vs Cloud9,Champions Tour 2024: Americas Stage 2,2024-06-24 17:00:00,Bo3,G2 Esports vs Cloud9,2 - 1,3,Patch 8.11,G2 ban Sunset; C9 ban Bind; G2 pick Ascent; C9 pick Icebox; G2 ban Haven; C9 ban Split; Lotus remains,Champions Tour 2024 Americas Stage 2_csvs
353182,Evil Geniuses vs FURIA,Champions Tour 2024: Americas Stage 2,2024-06-29 17:00:00,Bo3,Evil Geniuses vs FURIA,2 - 0,2,Patch 9.0,FUR ban Sunset; EG ban Haven; FUR pick Bind; EG pick Lotus; FUR ban Split; EG ban Ascent; Icebox remains,Champions Tour 2024 Americas Stage 2_csvs
353183,Sentinels vs KRÜ Esports,Champions Tour 2024: Americas Stage 2,2024-06-29 19:00:00,Bo3,Sentinels vs KRÜ Esports,2 - 0,2,Patch 9.0,KRÜ ban Bind; SEN ban Icebox; KRÜ pick Lotus; SEN pick Split; KRÜ ban Haven; SEN ban Sunset; Ascent remains,Champions Tour 2024 Americas Stage 2_csvs
353184,LOUD vs MIBR,Champions Tour 2024: Americas Stage 2,2024-06-30 17:00:00,Bo3,LOUD vs MIBR,2 - 1,3,Patch 9.0,MIBR ban Haven; LOUD ban Split; MIBR pick Ascent; LOUD pick Lotus; MIBR ban Bind; LOUD ban Icebox; Sunset remains,Champions Tour 2024 Americas Stage 2_csvs
353185,LEVIATÁN vs 100 Thieves,Champions Tour 2024: Americas Stage 2,2024-06-30 20:20:00,Bo3,LEVIATÁN vs 100 Thieves,2 - 0,2,Patch 9.0,100T ban Sunset; LEV ban Split; 100T pick Bind; LEV pick Haven; 100T ban Lotus; LEV ban Ascent; Icebox remains,Champions Tour 2024 Americas Stage 2_csvs
353186,NRG vs G2 Esports,Champions Tour 2024: Americas Stage 2,2024-07-01 17:00:00,Bo3,NRG vs G2 Esports,0 - 2,2,Patch 9.0,NRG ban Lotus; G2 ban Sunset; NRG pick Haven; G2 pick Bind; NRG ban Split; G2 ban Icebox; Ascent remains,Champions Tour 2024 Americas Stage 2_csvs
353187,Sentinels vs Cloud9,Champions Tour 2024: Americas Stage 2,2024-07-01 19:25:00,Bo3,Sentinels vs Cloud9,2 - 0,2,Patch 9.0,C9 ban Bind; SEN ban Icebox; C9 pick Haven; SEN pick Split; C9 ban Sunset; SEN ban Ascent; Lotus remains,Champions Tour 2024 Americas Stage 2_csvs
353188,Evil Geniuses vs LEVIATÁN,Champions Tour 2024: Americas Stage 2,2024-07-02 17:00:00,Bo3,Evil Geniuses vs LEVIATÁN,0 - 2,2,Patch 9.0,LEV ban Split; EG ban Haven; LEV pick Icebox; EG pick Sunset; LEV ban Lotus; EG ban Ascent; Bind remains,Champions Tour 2024 Americas Stage 2_csvs
353189,LOUD vs FURIA,Champions Tour 2024: Americas Stage 2,2024-07-02 19:15:00,Bo3,LOUD vs FURIA,1 - 2,3,Patch 9.0,LOUD ban Split; FUR ban Lotus; LOUD pick Haven; FUR pick Icebox; LOUD ban Ascent; FUR ban Sunset; Bind remains,Champions Tour 2024 Americas Stage 2_csvs
353190,MIBR vs 100 Thieves,Champions Tour 2024: Americas Stage 2,2024-07-03 17:00:00,Bo3,MIBR vs 100 Thieves,0 - 2,2,Patch 9.0,100T ban Sunset; MIBR ban Bind; 100T pick Icebox; MIBR pick Split; 100T ban Haven; MIBR ban Ascent; Lotus remains,Champions Tour 2024 Americas Stage 2_csvs
353191,NRG vs KRÜ Esports,Champions Tour 2024: Americas Stage 2,2024-07-03 19:05:00,Bo3,NRG vs KRÜ Esports,2 - 1,3,Patch 9.0,KRÜ ban Bind; NRG ban Lotus; KRÜ pick Split; NRG pick Ascent; KRÜ ban Haven; NRG ban Icebox; Sunset remains,Champions Tour 2024 Americas Stage 2_csvs
353192,G2 Esports vs KRÜ Esports,Champions Tour 2024: Americas Stage 2,2024-07-06 17:00:00,Bo3,G2 Esports vs KRÜ Esports,2 - 1,3,Patch 9.0,KRÜ ban Bind; G2 ban Sunset; KRÜ pick Lotus; G2 pick Ascent; KRÜ ban Haven; G2 ban Icebox; Split remains,Champions Tour 2024 Americas Stage 2_csvs
353193,LOUD vs LEVIATÁN,Champions Tour 2024: Americas Stage 2,2024-07-06 20:35:00,Bo3,LOUD vs LEVIATÁN,0 - 2,2,Patch 9.0,LOUD ban Split; LEV ban Ascent; LOUD pick Lotus; LEV pick Icebox; LOUD ban Bind; LEV ban Sunset; Haven remains,Champions Tour 2024 Americas Stage 2_csvs
353194,MIBR vs FURIA,Champions Tour 2024: Americas Stage 2,2024-07-07 17:00:00,Bo3,MIBR vs FURIA,0 - 2,2,Patch 9.0,MIBR ban Haven; FUR ban Lotus; MIBR pick Sunset; FUR pick Icebox; MIBR ban Split; FUR ban Ascent; Bind remains,Champions Tour 2024 Americas Stage 2_csvs
353195,NRG vs Cloud9,Champions Tour 2024: Americas Stage 2,2024-07-07 19:15:00,Bo3,NRG vs Cloud9,1 - 2,3,Patch 9.0,NRG ban Lotus; C9 ban Bind; NRG pick Ascent; C9 pick Icebox; NRG ban Haven; C9 ban Split; Sunset remains,Champions Tour 2024 Americas Stage 2_csvs
353196,Evil Geniuses vs 100 Thieves,Champions Tour 2024: Americas Stage 2,2024-07-08 17:00:00,Bo3,Evil Geniuses vs 100 Thieves,1 - 2,3,Patch 9.0,EG ban Haven; 100T ban Sunset; EG pick Lotus; 100T pick Bind; EG ban Icebox; 100T ban Split; Ascent remains,Champions Tour 2024 Americas Stage 2_csvs
353197,Cloud9 vs KRÜ Esports,Champions Tour 2024: Americas Stage 2,2024-07-12 20:00:00,Bo3,Cloud9 vs KRÜ Esports,0 - 2,2,Patch 9.0,C9 ban Ascent; KRÜ ban Bind; C9 pick Icebox; KRÜ pick Split; C9 ban Lotus; KRÜ ban Haven; Sunset remains,Champions Tour 2024 Americas Stage 2_csvs
353198,Evil Geniuses vs MIBR,Champions Tour 2024: Americas Stage 2,2024-07-13 17:00:00,Bo3,Evil Geniuses vs MIBR,0 - 2,2,Patch 9.0,EG ban Haven; MIBR ban Icebox; EG pick Bind; MIBR pick Lotus; EG ban Ascent; MIBR ban Split; Sunset remains,Champions Tour 2024 Americas Stage 2_csvs
353199,LEVIATÁN vs FURIA,Champions Tour 2024: Americas Stage 2,2024-07-13 19:10:00,Bo3,LEVIATÁN vs FURIA,2 - 0,2,Patch 9.0,LEV ban Split; FUR ban Lotus; LEV pick Sunset; FUR pick Icebox; LEV ban Ascent; FUR ban Haven; Bind remains,Champions Tour 2024 Americas Stage 2_csvs
353200,LOUD vs 100 Thieves,Champions Tour 2024: Americas Stage 2,2024-07-14 17:00:00,Bo3,LOUD vs 100 Thieves,2 - 1,3,Patch 9.0,LOUD ban Split; 100T ban Sunset; LOUD pick Ascent; 100T pick Bind; LOUD ban Icebox; 100T ban Haven; Lotus remains,Champions Tour 2024 Americas Stage 2_csvs
353201,Sentinels vs G2 Esports,Champions Tour 2024: Americas Stage 2,2024-07-14 20:00:00,Bo3,Sentinels vs G2 Esports,0 - 2,2,Patch 9.0,G2 ban Sunset; SEN ban Icebox; G2 pick Bind; SEN pick Lotus; G2 ban Split; SEN ban Haven; Ascent remains,Champions Tour 2024 Americas Stage 2_csvs
371266,KRÜ Esports vs Cloud9,Champions Tour 2024: Americas Stage 2,2024-07-17 17:00:00,Bo3,KRÜ Esports vs Cloud9,2 - 1,3,Patch 9.0,C9 ban Ascent; KRÜ ban Bind; C9 pick Abyss; KRÜ pick Lotus; C9 ban Sunset; KRÜ ban Icebox; Haven remains,Champions Tour 2024 Americas Stage 2_csvs
371267,Sentinels vs 100 Thieves,Champions Tour 2024: Americas Stage 2,2024-07-17 20:30:00,Bo3,Sentinels vs 100 Thieves,0 - 2,2,Patch 9.0,SEN ban Icebox; 100T ban Sunset; SEN pick Haven; 100T pick Ascent; SEN ban Bind; 100T ban Lotus; Abyss remains,Champions Tour 2024 Americas Stage 2_csvs
371268,LEVIATÁN vs KRÜ Esports,Champions Tour 2024: Americas Stage 2,2024-07-18 17:00:00,Bo3,LEVIATÁN vs KRÜ Esports,2 - 0,2,Patch 9.0,LEV ban Lotus; KRÜ ban Bind; LEV pick Icebox; KRÜ pick Sunset; LEV ban Abyss; KRÜ ban Ascent; Haven remains,Champions Tour 2024 Americas Stage 2_csvs
371269,G2 Esports vs 100 Thieves,Champions Tour 2024: Americas Stage 2,2024-07-18 18:55:00,Bo3,G2 Esports vs 100 Thieves,2 - 0,2,Patch 9.0,G2 ban Ascent; 100T ban Bind; G2 pick Lotus; 100T pick Abyss; G2 ban Icebox; 100T ban Sunset; Haven remains,Champions Tour 2024 Americas Stage 2_csvs
371270,LEVIATÁN vs G2 Esports,Champions Tour 2024: Americas Stage 2,2024-07-19 17:00:00,Bo3,LEVIATÁN vs G2 Esports,0 - 2,2,Patch 9.0,LEV ban Lotus; G2 ban Sunset; LEV pick Icebox; G2 pick Bind; LEV ban Abyss; G2 ban Ascent; Haven remains,Champions Tour 2024 Americas Stage 2_csvs
371272,KRÜ Esports vs 100 Thieves,Champions Tour 2024: Americas Stage 2,2024-07-19 19:10:00,Bo3,KRÜ Esports vs 100 Thieves,2 - 1,3,Patch 9.0,100T ban Sunset; KRÜ ban Bind; 100T pick Icebox; KRÜ pick Lotus; 100T ban Haven; KRÜ ban Abyss; Ascent remains,Champions Tour 2024 Americas Stage 2_csvs
371273,LEVIATÁN vs KRÜ Esports,Champions Tour 2024: Americas Stage 2,2024-07-20 17:00:00,Bo5,LEVIATÁN vs KRÜ Esports,3 - 2,5,Patch 9.0,LEV ban Lotus; KRÜ ban Bind; LEV pick Icebox; KRÜ pick Haven; LEV pick Sunset; KRÜ pick Abyss; Ascent remains,Champions Tour 2024 Americas Stage 2_csvs
371271,G2 Esports vs LEVIATÁN,Champions Tour 2024: Americas Stage 2,2024-07-21 17:00:00,Bo5,G2 Esports vs LEVIATÁN,1 - 3,4,Patch 9.0,G2 ban Icebox; G2 ban Sunset; G2 pick Lotus; LEV pick Haven; G2 pick Bind; LEV pick Ascent; Abyss remains,Champions Tour 2024 Americas Stage 2_csvs
298687,Trace Esports vs TYLOO,Champions Tour 2024: China Kickoff,2024-02-22 04:00:00,Bo3,Trace Esports vs TYLOO,2 - 0,2,,TYL ban Lotus; TE ban Icebox; TYL pick Ascent; TE pick Sunset; TYL ban Breeze; TE ban Bind; Split remains,Champions Tour 2024 China Kickoff_csvs
298688,FunPlus Phoenix vs Nova Esports,Champions Tour 2024: China Kickoff,2024-02-22 06:05:00,Bo3,FunPlus Phoenix vs Nova Esports,2 - 0,2,,NOVA ban Breeze; FPX ban Ascent; NOVA pick Sunset; FPX pick Lotus; NOVA ban Icebox; FPX ban Split; Bind remains,Champions Tour 2024 China Kickoff_csvs
298692,JDG Esports vs Titan Esports Club,Champions Tour 2024: China Kickoff,2024-02-23 02:00:00,Bo3,JDG Esports vs Titan Esports Club,0 - 2,2,,JDG ban Breeze; TEC ban Sunset; JDG pick Lotus; TEC pick Bind; JDG ban Ascent; TEC ban Icebox; Split remains,Champions Tour 2024 China Kickoff_csvs
298693,Dragon Ranger Gaming vs All Gamers,Champions Tour 2024: China Kickoff,2024-02-23 04:55:00,Bo3,Dragon Ranger Gaming vs All Gamers,2 - 0,2,,AG ban Lotus; DRG ban Breeze; AG pick Sunset; DRG pick Ascent; AG ban Bind; DRG ban Split; Icebox remains,Champions Tour 2024 China Kickoff_csvs
298697,Bilibili Gaming vs Wolves Esports,Champions Tour 2024: China Kickoff,2024-02-23 07:05:00,Bo3,Bilibili Gaming vs Wolves Esports,0 - 2,2,,BLG ban Breeze; WOL ban Lotus; BLG pick Ascent; WOL pick Icebox; BLG ban Bind; WOL ban Sunset; Split remains,Champions Tour 2024 China Kickoff_csvs
298690,TYLOO vs Nova Esports,Champions Tour 2024: China Kickoff,2024-02-24 04:00:00,Bo3,TYLOO vs Nova Esports,0 - 2,2,,TYL ban Sunset; NOVA ban Breeze; TYL pick Ascent; NOVA pick Split; TYL ban Lotus; NOVA ban Icebox; Bind remains,Champions Tour 2024 China Kickoff_csvs
298695,JDG Esports vs All Gamers,Champions Tour 2024: China Kickoff,2024-02-24 06:25:00,Bo3,JDG Esports vs All Gamers,2 - 0,2,,AG ban Lotus; JDG ban Breeze; AG pick Icebox; JDG pick Sunset; AG ban Ascent; JDG ban Bind; Split remains,Champions Tour 2024 China Kickoff_csvs
298689,Trace Esports vs FunPlus Phoenix,Champions Tour 2024: China Kickoff,2024-02-25 02:00:00,Bo3,Trace Esports vs FunPlus Phoenix,1 - 2,3,,FPX ban Ascent; TE ban Icebox; FPX pick Sunset; TE pick Bind; FPX ban Split; TE ban Breeze; Lotus remains,Champions Tour 2024 China Kickoff_csvs
298694,Titan Esports Club vs Dragon Ranger Gaming,Champions Tour 2024: China Kickoff,2024-02-25 05:30:00,Bo3,Titan Esports Club vs Dragon Ranger Gaming,1 - 2,3,,DRG ban Lotus; TEC ban Ascent; DRG pick Icebox; TEC pick Split; DRG ban Breeze; TEC ban Sunset; Bind remains,Champions Tour 2024 China Kickoff_csvs
298698,Wolves Esports vs EDward Gaming,Champions Tour 2024: China Kickoff,2024-02-25 09:00:00,Bo3,Wolves Esports vs EDward Gaming,1 - 2,3,,EDG ban Icebox; WOL ban Sunset; EDG pick Bind; WOL pick Ascent; EDG ban Lotus; WOL ban Split; Breeze remains,Champions Tour 2024 China Kickoff_csvs
298691,Trace Esports vs Nova Esports,Champions Tour 2024: China Kickoff,2024-02-26 02:00:00,Bo3,Trace Esports vs Nova Esports,2 - 0,2,,NOVA ban Breeze; TE ban Icebox; NOVA pick Split; TE pick Lotus; NOVA ban Bind; TE ban Ascent; Sunset remains,Champions Tour 2024 China Kickoff_csvs
298696,Titan Esports Club vs JDG Esports,Champions Tour 2024: China Kickoff,2024-02-26 04:05:00,Bo3,Titan Esports Club vs JDG Esports,2 - 1,3,,JDG ban Breeze; TEC ban Sunset; JDG pick Bind; TEC pick Icebox; JDG ban Ascent; TEC ban Split; Lotus remains,Champions Tour 2024 China Kickoff_csvs
298699,Wolves Esports vs Bilibili Gaming,Champions Tour 2024: China Kickoff,2024-02-26 07:40:00,Bo3,Wolves Esports vs Bilibili Gaming,0 - 2,2,,BLG ban Breeze; WOL ban Lotus; BLG pick Sunset; WOL pick Icebox; BLG ban Ascent; WOL ban Split; Bind remains,Champions Tour 2024 China Kickoff_csvs
298830,Trace Esports vs Titan Esports Club,Champions Tour 2024: China Kickoff,2024-02-27 02:00:00,Bo3,Trace Esports vs Titan Esports Club,2 - 1,3,,TEC ban Sunset; TE ban Icebox; TEC pick Breeze; TE pick Lotus; TEC ban Bind; TE ban Ascent; Split remains,Champions Tour 2024 China Kickoff_csvs
298831,Bilibili Gaming vs Titan Esports Club,Champions Tour 2024: China Kickoff,2024-02-27 05:35:00,Bo3,Bilibili Gaming vs Titan Esports Club,2 - 0,2,,TEC ban Bind; BLG ban Breeze; TEC pick Lotus; BLG pick Ascent; TEC ban Sunset; BLG ban Split; Icebox remains,Champions Tour 2024 China Kickoff_csvs
298832,Bilibili Gaming vs Trace Esports,Champions Tour 2024: China Kickoff,2024-02-27 07:35:00,Bo3,Bilibili Gaming vs Trace Esports,1 - 2,3,,TE ban Icebox; BLG ban Ascent; TE pick Lotus; BLG pick Sunset; TE ban Breeze; BLG ban Split; Bind remains,Champions Tour 2024 China Kickoff_csvs
298833,FunPlus Phoenix vs Dragon Ranger Gaming,Champions Tour 2024: China Kickoff,2024-03-01 04:00:00,Bo3,FunPlus Phoenix vs Dragon Ranger Gaming,2 - 0,2,,DRG ban Lotus; FPX ban Bind; DRG pick Ascent; FPX pick Breeze; DRG ban Split; FPX ban Icebox; Sunset remains,Champions Tour 2024 China Kickoff_csvs
298834,EDward Gaming vs Trace Esports,Champions Tour 2024: China Kickoff,2024-03-01 06:15:00,Bo3,EDward Gaming vs Trace Esports,2 - 0,2,,TE ban Icebox; EDG ban Lotus; TE pick Sunset; EDG pick Bind; TE ban Split; EDG ban Ascent; Breeze remains,Champions Tour 2024 China Kickoff_csvs
298835,FunPlus Phoenix vs EDward Gaming,Champions Tour 2024: China Kickoff,2024-03-02 04:00:00,Bo5,FunPlus Phoenix vs EDward Gaming,1 - 3,4,,FPX ban Bind; EDG ban Lotus; FPX pick Breeze; EDG pick Split; FPX pick Icebox; EDG pick Ascent; Sunset remains,Champions Tour 2024 China Kickoff_csvs
319765,Bilibili Gaming vs TYLOO,Champions Tour 2024: China Stage 1,2024-04-05 05:00:00,Bo3,Bilibili Gaming vs TYLOO,2 - 1,3,,TYL ban Sunset; BLG ban Ascent; TYL pick Bind; BLG pick Icebox; TYL ban Breeze; BLG ban Split; Lotus remains,Champions Tour 2024 China Stage 1_csvs
319766,Wolves Esports vs Titan Esports Club,Champions Tour 2024: China Stage 1,2024-04-05 08:10:00,Bo3,Wolves Esports vs Titan Esports Club,1 - 2,3,,TEC ban Ascent; WOL ban Sunset; TEC pick Split; WOL pick Bind; TEC ban Icebox; WOL ban Breeze; Lotus remains,Champions Tour 2024 China Stage 1_csvs
319767,Dragon Ranger Gaming vs All Gamers,Champions Tour 2024: China Stage 1,2024-04-06 05:00:00,Bo3,Dragon Ranger Gaming vs All Gamers,1 - 2,3,,AG ban Ascent; DRG ban Lotus; AG pick Icebox; DRG pick Sunset; AG ban Bind; DRG ban Split; Breeze remains,Champions Tour 2024 China Stage 1_csvs
319768,EDward Gaming vs JDG Esports,Champions Tour 2024: China Stage 1,2024-04-06 08:45:00,Bo3,EDward Gaming vs JDG Esports,2 - 1,3,,JDG ban Breeze; EDG ban Lotus; JDG pick Ascent; EDG pick Bind; JDG ban Sunset; EDG ban Icebox; Split remains,Champions Tour 2024 China Stage 1_csvs
319769,Nova Esports vs Trace Esports,Champions Tour 2024: China Stage 1,2024-04-07 05:00:00,Bo3,Nova Esports vs Trace Esports,0 - 2,2,,TE ban Icebox; NOVA ban Breeze; TE pick Lotus; NOVA pick Ascent; TE ban Bind; NOVA ban Split; Sunset remains,Champions Tour 2024 China Stage 1_csvs
319770,FunPlus Phoenix vs Wolves Esports,Champions Tour 2024: China Stage 1,2024-04-07 07:15:00,Bo3,FunPlus Phoenix vs Wolves Esports,2 - 0,2,,WOL ban Sunset; FPX ban Split; WOL pick Ascent; FPX pick Lotus; WOL ban Breeze; FPX ban Bind; Icebox remains,Champions Tour 2024 China Stage 1_csvs
319771,JDG Esports vs Nova Esports,Champions Tour 2024: China Stage 1,2024-04-12 05:00:00,Bo3,JDG Esports vs Nova Esports,1 - 2,3,,NOVA ban Icebox; JDG ban Breeze; NOVA pick Sunset; JDG pick Bind; NOVA ban Lotus; JDG ban Split; Ascent remains,Champions Tour 2024 China Stage 1_csvs
319772,FunPlus Phoenix vs Dragon Ranger Gaming,Champions Tour 2024: China Stage 1,2024-04-12 08:15:00,Bo3,FunPlus Phoenix vs Dragon Ranger Gaming,2 - 1,3,,FPX ban Split; DRG ban Lotus; FPX pick Breeze; DRG pick Icebox; FPX ban Bind; DRG ban Ascent; Sunset remains,Champions Tour 2024 China Stage 1_csvs
319773,All Gamers vs Wolves Esports,Champions Tour 2024: China Stage 1,2024-04-13 05:00:00,Bo3,All Gamers vs Wolves Esports,0 - 2,2,,AG ban Ascent; WOL ban Sunset; AG pick Breeze; WOL pick Icebox; AG ban Lotus; WOL ban Bind; Split remains,Champions Tour 2024 China Stage 1_csvs
319774,Trace Esports vs Bilibili Gaming,Champions Tour 2024: China Stage 1,2024-04-13 07:45:00,Bo3,Trace Esports vs Bilibili Gaming,2 - 1,3,,TE ban Icebox; BLG ban Ascent; TE pick Split; BLG pick Breeze; TE ban Lotus; BLG ban Sunset; Bind remains,Champions Tour 2024 China Stage 1_csvs
319775,Dragon Ranger Gaming vs Titan Esports Club,Champions Tour 2024: China Stage 1,2024-04-14 05:00:00,Bo3,Dragon Ranger Gaming vs Titan Esports Club,2 - 1,3,,TEC ban Ascent; DRG ban Lotus; TEC pick Breeze; DRG pick Split; TEC ban Bind; DRG ban Sunset; Icebox remains,Champions Tour 2024 China Stage 1_csvs
319776,TYLOO vs EDward Gaming,Champions Tour 2024: China Stage 1,2024-04-14 07:50:00,Bo3,TYLOO vs EDward Gaming,0 - 2,2,,EDG ban Lotus; TYL ban Breeze; EDG pick Sunset; TYL pick Bind; EDG ban Ascent; TYL ban Icebox; Split remains,Champions Tour 2024 China Stage 1_csvs
319777,Wolves Esports vs Trace Esports,Champions Tour 2024: China Stage 1,2024-04-19 05:00:00,Bo3,Wolves Esports vs Trace Esports,0 - 2,2,,WOL ban Sunset; TE ban Icebox; WOL pick Ascent; TE pick Lotus; WOL ban Split; TE ban Breeze; Bind remains,Champions Tour 2024 China Stage 1_csvs
319778,Nova Esports vs FunPlus Phoenix,Champions Tour 2024: China Stage 1,2024-04-19 07:25:00,Bo3,Nova Esports vs FunPlus Phoenix,0 - 2,2,,NOVA ban Breeze; FPX ban Split; NOVA pick Ascent; FPX pick Lotus; NOVA ban Icebox; FPX ban Bind; Sunset remains,Champions Tour 2024 China Stage 1_csvs
319779,Bilibili Gaming vs All Gamers,Champions Tour 2024: China Stage 1,2024-04-20 05:00:00,Bo3,Bilibili Gaming vs All Gamers,0 - 2,2,,BLG ban Breeze; AG ban Ascent; BLG pick Lotus; AG pick Bind; BLG ban Icebox; AG ban Sunset; Split remains,Champions Tour 2024 China Stage 1_csvs
319780,Dragon Ranger Gaming vs JDG Esports,Champions Tour 2024: China Stage 1,2024-04-20 07:40:00,Bo3,Dragon Ranger Gaming vs JDG Esports,2 - 1,3,,JDG ban Ascent; DRG ban Lotus; JDG pick Breeze; DRG pick Icebox; JDG ban Split; DRG ban Sunset; Bind remains,Champions Tour 2024 China Stage 1_csvs
319781,TYLOO vs Nova Esports,Champions Tour 2024: China Stage 1,2024-04-21 05:00:00,Bo3,TYLOO vs Nova Esports,2 - 1,3,,TYL ban Sunset; NOVA ban Breeze; TYL pick Icebox; NOVA pick Ascent; TYL ban Lotus; NOVA ban Bind; Split remains,Champions Tour 2024 China Stage 1_csvs
319782,EDward Gaming vs Titan Esports Club,Champions Tour 2024: China Stage 1,2024-04-21 09:00:00,Bo3,EDward Gaming vs Titan Esports Club,2 - 0,2,,EDG ban Lotus; TEC ban Icebox; EDG pick Ascent; TEC pick Sunset; EDG ban Breeze; TEC ban Split; Bind remains,Champions Tour 2024 China Stage 1_csvs
319783,Titan Esports Club vs Bilibili Gaming,Champions Tour 2024: China Stage 1,2024-04-26 05:00:00,Bo3,Titan Esports Club vs Bilibili Gaming,2 - 1,3,,BLG ban Breeze; TEC ban Ascent; BLG pick Sunset; TEC pick Bind; BLG ban Split; TEC ban Lotus; Icebox remains,Champions Tour 2024 China Stage 1_csvs
319784,Trace Esports vs Dragon Ranger Gaming,Champions Tour 2024: China Stage 1,2024-04-26 08:05:00,Bo3,Trace Esports vs Dragon Ranger Gaming,0 - 2,2,,DRG ban Lotus; TE ban Icebox; DRG pick Breeze; TE pick Sunset; DRG ban Bind; TE ban Ascent; Split remains,Champions Tour 2024 China Stage 1_csvs
319785,TYLOO vs Wolves Esports,Champions Tour 2024: China Stage 1,2024-04-27 05:00:00,Bo3,TYLOO vs Wolves Esports,1 - 2,3,,WOL ban Bind; TYL ban Icebox; WOL pick Sunset; TYL pick Split; WOL ban Lotus; TYL ban Breeze; Ascent remains,Champions Tour 2024 China Stage 1_csvs
319786,FunPlus Phoenix vs EDward Gaming,Champions Tour 2024: China Stage 1,2024-04-27 08:30:00,Bo3,FunPlus Phoenix vs EDward Gaming,2 - 1,3,,FPX ban Split; EDG ban Lotus; FPX pick Breeze; EDG pick Bind; FPX ban Sunset; EDG ban Icebox; Ascent remains,Champions Tour 2024 China Stage 1_csvs
319787,All Gamers vs Nova Esports,Champions Tour 2024: China Stage 1,2024-04-28 05:00:00,Bo3,All Gamers vs Nova Esports,2 - 1,3,,AG ban Ascent; NOVA ban Breeze; AG pick Lotus; NOVA pick Bind; AG ban Sunset; NOVA ban Icebox; Split remains,Champions Tour 2024 China Stage 1_csvs
319788,Bilibili Gaming vs JDG Esports,Champions Tour 2024: China Stage 1,2024-04-28 08:40:00,Bo3,Bilibili Gaming vs JDG Esports,2 - 0,2,,JDG ban Breeze; BLG ban Ascent; JDG pick Icebox; BLG pick Lotus; JDG ban Split; BLG ban Sunset; Bind remains,Champions Tour 2024 China Stage 1_csvs
319789,EDward Gaming vs All Gamers,Champions Tour 2024: China Stage 1,2024-05-02 07:00:00,Bo3,EDward Gaming vs All Gamers,2 - 0,2,,AG ban Ascent; EDG ban Lotus; AG pick Sunset; EDG pick Icebox; AG ban Split; EDG ban Bind; Breeze remains,Champions Tour 2024 China Stage 1_csvs
319790,Wolves Esports vs JDG Esports,Champions Tour 2024: China Stage 1,2024-05-03 07:00:00,Bo3,Wolves Esports vs JDG Esports,0 - 2,2,,JDG ban Breeze; WOL ban Bind; JDG pick Lotus; WOL pick Ascent; JDG ban Split; WOL ban Icebox; Sunset remains,Champions Tour 2024 China Stage 1_csvs
319791,Dragon Ranger Gaming vs TYLOO,Champions Tour 2024: China Stage 1,2024-05-04 05:00:00,Bo3,Dragon Ranger Gaming vs TYLOO,0 - 2,2,,TYL ban Sunset; DRG ban Lotus; TYL pick Bind; DRG pick Breeze; TYL ban Icebox; DRG ban Ascent; Split remains,Champions Tour 2024 China Stage 1_csvs
319792,Bilibili Gaming vs FunPlus Phoenix,Champions Tour 2024: China Stage 1,2024-05-04 07:30:00,Bo3,Bilibili Gaming vs FunPlus Phoenix,0 - 2,2,,BLG ban Breeze; FPX ban Split; BLG pick Icebox; FPX pick Lotus; BLG ban Ascent; FPX ban Bind; Sunset remains,Champions Tour 2024 China Stage 1_csvs
319793,Nova Esports vs Titan Esports Club,Champions Tour 2024: China Stage 1,2024-05-05 05:00:00,Bo3,Nova Esports vs Titan Esports Club,2 - 0,2,,NOVA ban Breeze; TEC ban Ascent; NOVA pick Split; TEC pick Lotus; NOVA ban Icebox; TEC ban Bind; Sunset remains,Champions Tour 2024 China Stage 1_csvs
319794,Trace Esports vs EDward Gaming,Champions Tour 2024: China Stage 1,2024-05-05 07:05:00,Bo3,Trace Esports vs EDward Gaming,0 - 2,2,,TE ban Icebox; EDG ban Lotus; TE pick Sunset; EDG pick Breeze; TE ban Ascent; EDG ban Split; Bind remains,Champions Tour 2024 China Stage 1_csvs
342356,Trace Esports vs All Gamers,Champions Tour 2024: China Stage 1,2024-05-08 05:00:00,Bo3,Trace Esports vs All Gamers,2 - 0,2,,TE ban Icebox; AG ban Ascent; TE pick Sunset; AG pick Breeze; TE ban Bind; AG ban Split; Lotus remains,Champions Tour 2024 China Stage 1_csvs
342357,Dragon Ranger Gaming vs Nova Esports,Champions Tour 2024: China Stage 1,2024-05-08 07:15:00,Bo3,Dragon Ranger Gaming vs Nova Esports,2 - 0,2,,NOVA ban Breeze; DRG ban Lotus; NOVA pick Bind; DRG pick Ascent; NOVA ban Icebox; DRG ban Split; Sunset remains,Champions Tour 2024 China Stage 1_csvs
342358,FunPlus Phoenix vs Trace Esports,Champions Tour 2024: China Stage 1,2024-05-09 05:00:00,Bo3,FunPlus Phoenix vs Trace Esports,2 - 0,2,,TE ban Icebox; FPX ban Split; TE pick Bind; FPX pick Lotus; TE ban Ascent; FPX ban Breeze; Sunset remains,Champions Tour 2024 China Stage 1_csvs
342359,EDward Gaming vs Dragon Ranger Gaming,Champions Tour 2024: China Stage 1,2024-05-09 07:30:00,Bo3,EDward Gaming vs Dragon Ranger Gaming,2 - 0,2,,DRG ban Sunset; EDG ban Icebox; DRG pick Ascent; EDG pick Split; DRG ban Lotus; EDG ban Breeze; Bind remains,Champions Tour 2024 China Stage 1_csvs
342360,FunPlus Phoenix vs EDward Gaming,Champions Tour 2024: China Stage 1,2024-05-10 05:00:00,Bo3,FunPlus Phoenix vs EDward Gaming,2 - 0,2,,FPX ban Split; EDG ban Lotus; FPX pick Icebox; EDG pick Breeze; FPX ban Sunset; EDG ban Ascent; Bind remains,Champions Tour 2024 China Stage 1_csvs
342361,Trace Esports vs Dragon Ranger Gaming,Champions Tour 2024: China Stage 1,2024-05-10 07:45:00,Bo3,Trace Esports vs Dragon Ranger Gaming,1 - 2,3,,TE ban Icebox; DRG ban Lotus; TE pick Sunset; DRG pick Split; TE ban Ascent; DRG ban Breeze; Bind remains,Champions Tour 2024 China Stage 1_csvs
342362,EDward Gaming vs Dragon Ranger Gaming,Champions Tour 2024: China Stage 1,2024-05-11 05:00:00,Bo5,EDward Gaming vs Dragon Ranger Gaming,3 - 1,4,,EDG ban Icebox; DRG ban Sunset; EDG pick Breeze; DRG pick Split; EDG pick Ascent; DRG pick Bind; Lotus remains,Champions Tour 2024 China Stage 1_csvs
342363,FunPlus Phoenix vs EDward Gaming,Champions Tour 2024: China Stage 1,2024-05-12 05:00:00,Bo5,FunPlus Phoenix vs EDward Gaming,1 - 3,4,,FPX ban Split; FPX ban Sunset; FPX pick Lotus; EDG pick Bind; FPX pick Icebox; EDG pick Breeze; Ascent remains,Champions Tour 2024 China Stage 1_csvs
359603,Titan Esports Club vs JDG Esports,Champions Tour 2024: China Stage 2,2024-06-15 07:00:00,Bo3,Titan Esports Club vs JDG Esports,0 - 2,2,,JDG ban Breeze; TEC ban Bind; JDG pick Icebox; TEC pick Lotus; JDG ban Split; TEC ban Sunset; Ascent remains,Champions Tour 2024 China Stage 2_csvs
359604,All Gamers vs TYLOO,Champions Tour 2024: China Stage 2,2024-06-16 05:00:00,Bo3,All Gamers vs TYLOO,2 - 0,2,,AG ban Ascent; TYL ban Lotus; AG pick Sunset; TYL pick Icebox; AG ban Bind; TYL ban Breeze; Split remains,Champions Tour 2024 China Stage 2_csvs
359605,Bilibili Gaming vs Wolves Esports,Champions Tour 2024: China Stage 2,2024-06-16 07:05:00,Bo3,Bilibili Gaming vs Wolves Esports,2 - 0,2,,WOL ban Lotus; BLG ban Breeze; WOL pick Sunset; BLG pick Bind; WOL ban Ascent; BLG ban Icebox; Split remains,Champions Tour 2024 China Stage 2_csvs
359606,Dragon Ranger Gaming vs Nova Esports,Champions Tour 2024: China Stage 2,2024-06-21 05:00:00,Bo3,Dragon Ranger Gaming vs Nova Esports,1 - 2,3,,DRG ban Bind; NOVA ban Haven; DRG pick Ascent; NOVA pick Lotus; DRG ban Split; NOVA ban Icebox; Sunset remains,Champions Tour 2024 China Stage 2_csvs
359607,FunPlus Phoenix vs Trace Esports,Champions Tour 2024: China Stage 2,2024-06-21 08:15:00,Bo3,FunPlus Phoenix vs Trace Esports,1 - 2,3,,TE ban Icebox; FPX ban Split; TE pick Haven; FPX pick Lotus; TE ban Ascent; FPX ban Bind; Sunset remains,Champions Tour 2024 China Stage 2_csvs
359608,Titan Esports Club vs All Gamers,Champions Tour 2024: China Stage 2,2024-06-22 05:00:00,Bo3,Titan Esports Club vs All Gamers,0 - 2,2,,AG ban Lotus; TEC ban Split; AG pick Sunset; TEC pick Icebox; AG ban Bind; TEC ban Haven; Ascent remains,Champions Tour 2024 China Stage 2_csvs
359609,EDward Gaming vs Wolves Esports,Champions Tour 2024: China Stage 2,2024-06-22 07:00:00,Bo3,EDward Gaming vs Wolves Esports,1 - 2,3,,WOL ban Haven; EDG ban Ascent; WOL pick Split; EDG pick Bind; WOL ban Lotus; EDG ban Sunset; Icebox remains,Champions Tour 2024 China Stage 2_csvs
359610,TYLOO vs Trace Esports,Champions Tour 2024: China Stage 2,2024-06-23 05:00:00,Bo3,TYLOO vs Trace Esports,1 - 2,3,,TYL ban Lotus; TE ban Icebox; TYL pick Split; TE pick Sunset; TYL ban Ascent; TE ban Bind; Haven remains,Champions Tour 2024 China Stage 2_csvs
359611,Nova Esports vs Bilibili Gaming,Champions Tour 2024: China Stage 2,2024-06-23 08:05:00,Bo3,Nova Esports vs Bilibili Gaming,1 - 2,3,,BLG ban Sunset; NOVA ban Haven; BLG pick Split; NOVA pick Bind; BLG ban Icebox; NOVA ban Lotus; Ascent remains,Champions Tour 2024 China Stage 2_csvs
359612,JDG Esports vs FunPlus Phoenix,Champions Tour 2024: China Stage 2,2024-06-26 07:00:00,Bo3,JDG Esports vs FunPlus Phoenix,0 - 2,2,,JDG ban Ascent; FPX ban Split; JDG pick Sunset; FPX pick Haven; JDG ban Lotus; FPX ban Icebox; Bind remains,Champions Tour 2024 China Stage 2_csvs
359613,EDward Gaming vs Dragon Ranger Gaming,Champions Tour 2024: China Stage 2,2024-06-27 07:00:00,Bo3,EDward Gaming vs Dragon Ranger Gaming,0 - 2,2,,EDG ban Ascent; DRG ban Bind; EDG pick Lotus; DRG pick Haven; EDG ban Icebox; DRG ban Sunset; Split remains,Champions Tour 2024 China Stage 2_csvs
359614,Nova Esports vs Wolves Esports,Champions Tour 2024: China Stage 2,2024-06-28 05:00:00,Bo3,Nova Esports vs Wolves Esports,2 - 0,2,,WOL ban Lotus; NOVA ban Haven; WOL pick Icebox; NOVA pick Sunset; WOL ban Split; NOVA ban Ascent; Bind remains,Champions Tour 2024 China Stage 2_csvs
359615,JDG Esports vs Trace Esports,Champions Tour 2024: China Stage 2,2024-06-28 07:35:00,Bo3,JDG Esports vs Trace Esports,2 - 1,3,,JDG ban Split; TE ban Icebox; JDG pick Bind; TE pick Sunset; JDG ban Lotus; TE ban Ascent; Haven remains,Champions Tour 2024 China Stage 2_csvs
359616,Titan Esports Club vs TYLOO,Champions Tour 2024: China Stage 2,2024-06-29 05:00:00,Bo3,Titan Esports Club vs TYLOO,1 - 2,3,,TEC ban Split; TYL ban Lotus; TEC pick Bind; TYL pick Ascent; TEC ban Haven; TYL ban Sunset; Icebox remains,Champions Tour 2024 China Stage 2_csvs
359617,All Gamers vs FunPlus Phoenix,Champions Tour 2024: China Stage 2,2024-06-29 08:30:00,Bo3,All Gamers vs FunPlus Phoenix,1 - 2,3,,AG ban Lotus; FPX ban Split; AG pick Sunset; FPX pick Haven; AG ban Bind; FPX ban Icebox; Ascent remains,Champions Tour 2024 China Stage 2_csvs
359618,Bilibili Gaming vs Dragon Ranger Gaming,Champions Tour 2024: China Stage 2,2024-06-30 05:00:00,Bo3,Bilibili Gaming vs Dragon Ranger Gaming,2 - 0,2,,BLG ban Icebox; DRG ban Bind; BLG pick Lotus; DRG pick Ascent; BLG ban Haven; DRG ban Sunset; Split remains,Champions Tour 2024 China Stage 2_csvs
359619,EDward Gaming vs Nova Esports,Champions Tour 2024: China Stage 2,2024-06-30 07:20:00,Bo3,EDward Gaming vs Nova Esports,2 - 0,2,,NOVA ban Haven; EDG ban Ascent; NOVA pick Lotus; EDG pick Bind; NOVA ban Split; EDG ban Icebox; Sunset remains,Champions Tour 2024 China Stage 2_csvs
359621,All Gamers vs Trace Esports,Champions Tour 2024: China Stage 2,2024-07-03 07:00:00,Bo3,All Gamers vs Trace Esports,0 - 2,2,,AG ban Lotus; TE ban Icebox; AG pick Haven; TE pick Sunset; AG ban Ascent; TE ban Bind; Split remains,Champions Tour 2024 China Stage 2_csvs
359622,Titan Esports Club vs FunPlus Phoenix,Champions Tour 2024: China Stage 2,2024-07-04 07:00:00,Bo3,Titan Esports Club vs FunPlus Phoenix,2 - 0,2,,FPX ban Split; TEC ban Haven; FPX pick Lotus; TEC pick Sunset; FPX ban Icebox; TEC ban Ascent; Bind remains,Champions Tour 2024 China Stage 2_csvs
359623,TYLOO vs JDG Esports,Champions Tour 2024: China Stage 2,2024-07-05 05:00:00,Bo3,TYLOO vs JDG Esports,0 - 2,2,,JDG ban Sunset; TYL ban Lotus; JDG pick Haven; TYL pick Icebox; JDG ban Ascent; TYL ban Split; Bind remains,Champions Tour 2024 China Stage 2_csvs
359624,Dragon Ranger Gaming vs Wolves Esports,Champions Tour 2024: China Stage 2,2024-07-05 07:00:00,Bo3,Dragon Ranger Gaming vs Wolves Esports,0 - 2,2,,WOL ban Lotus; DRG ban Sunset; WOL pick Icebox; DRG pick Ascent; WOL ban Split; DRG ban Bind; Haven remains,Champions Tour 2024 China Stage 2_csvs
359625,Trace Esports vs Titan Esports Club,Champions Tour 2024: China Stage 2,2024-07-06 05:00:00,Bo3,Trace Esports vs Titan Esports Club,2 - 1,3,,TE ban Icebox; TEC ban Split; TE pick Lotus; TEC pick Bind; TE ban Ascent; TEC ban Sunset; Haven remains,Champions Tour 2024 China Stage 2_csvs
359626,EDward Gaming vs Bilibili Gaming,Champions Tour 2024: China Stage 2,2024-07-06 08:20:00,Bo3,EDward Gaming vs Bilibili Gaming,2 - 0,2,,BLG ban Bind; EDG ban Split; BLG pick Icebox; EDG pick Haven; BLG ban Sunset; EDG ban Ascent; Lotus remains,Champions Tour 2024 China Stage 2_csvs
359627,JDG Esports vs All Gamers,Champions Tour 2024: China Stage 2,2024-07-07 05:00:00,Bo3,JDG Esports vs All Gamers,2 - 0,2,,JDG ban Sunset; AG ban Bind; JDG pick Haven; AG pick Icebox; JDG ban Lotus; AG ban Ascent; Split remains,Champions Tour 2024 China Stage 2_csvs
359628,TYLOO vs FunPlus Phoenix,Champions Tour 2024: China Stage 2,2024-07-07 07:00:00,Bo3,TYLOO vs FunPlus Phoenix,2 - 1,3,,TYL ban Lotus; FPX ban Split; TYL pick Icebox; FPX pick Haven; TYL ban Bind; FPX ban Sunset; Ascent remains,Champions Tour 2024 China Stage 2_csvs
370723,Trace Esports vs All Gamers,Champions Tour 2024: China Stage 2,2024-07-16 04:00:00,Bo3,Trace Esports vs All Gamers,2 - 0,2,Patch 9.0,AG ban Abyss; TE ban Icebox; AG pick Lotus; TE pick Sunset; AG ban Ascent; TE ban Bind; Haven remains,Champions Tour 2024 China Stage 2_csvs
370722,JDG Esports vs Bilibili Gaming,Champions Tour 2024: China Stage 2,2024-07-16 06:25:00,Bo3,JDG Esports vs Bilibili Gaming,0 - 2,2,Patch 9.0,BLG ban Haven; JDG ban Abyss; BLG pick Sunset; JDG pick Icebox; BLG ban Bind; JDG ban Ascent; Lotus remains,Champions Tour 2024 China Stage 2_csvs
370725,FunPlus Phoenix vs Trace Esports,Champions Tour 2024: China Stage 2,2024-07-17 04:00:00,Bo3,FunPlus Phoenix vs Trace Esports,0 - 2,2,Patch 9.0,TE ban Icebox; FPX ban Sunset; TE pick Ascent; FPX pick Haven; TE ban Abyss; FPX ban Bind; Lotus remains,Champions Tour 2024 China Stage 2_csvs
370724,EDward Gaming vs Bilibili Gaming,Champions Tour 2024: China Stage 2,2024-07-17 06:10:00,Bo3,EDward Gaming vs Bilibili Gaming,2 - 1,3,Patch 9.0,BLG ban Haven; EDG ban Ascent; BLG pick Sunset; EDG pick Bind; BLG ban Icebox; EDG ban Abyss; Lotus remains,Champions Tour 2024 China Stage 2_csvs
370726,Trace Esports vs EDward Gaming,Champions Tour 2024: China Stage 2,2024-07-18 04:00:00,Bo3,Trace Esports vs EDward Gaming,0 - 2,2,Patch 9.0,TE ban Icebox; EDG ban Ascent; TE pick Sunset; EDG pick Abyss; TE ban Haven; EDG ban Bind; Lotus remains,Champions Tour 2024 China Stage 2_csvs
370728,FunPlus Phoenix vs Bilibili Gaming,Champions Tour 2024: China Stage 2,2024-07-18 05:50:00,Bo3,FunPlus Phoenix vs Bilibili Gaming,2 - 1,3,Patch 9.0,BLG ban Haven; FPX ban Sunset; BLG pick Ascent; FPX pick Icebox; BLG ban Abyss; FPX ban Bind; Lotus remains,Champions Tour 2024 China Stage 2_csvs
370729,Trace Esports vs FunPlus Phoenix,Champions Tour 2024: China Stage 2,2024-07-19 04:00:00,Bo5,Trace Esports vs FunPlus Phoenix,2 - 3,5,Patch 9.0,FPX ban Sunset; TE ban Icebox; FPX pick Lotus; TE pick Ascent; FPX pick Abyss; TE pick Bind; Haven remains,Champions Tour 2024 China Stage 2_csvs
370727,EDward Gaming vs FunPlus Phoenix,Champions Tour 2024: China Stage 2,2024-07-20 04:30:00,Bo5,EDward Gaming vs FunPlus Phoenix,3 - 2,5,Patch 9.0,EDG ban Ascent; EDG ban Lotus; EDG pick Sunset; FPX pick Abyss; EDG pick Haven; FPX pick Icebox; Bind remains,Champions Tour 2024 China Stage 2_csvs
297401,FUT Esports vs Team Heretics,Champions Tour 2024: EMEA Kickoff,2024-02-20 11:00:00,Bo3,FUT Esports vs Team Heretics,0 - 2,2,Patch 8.02,TH ban Ascent; FUT ban Breeze; TH pick Lotus; FUT pick Bind; TH ban Split; FUT ban Sunset; Icebox remains,Champions Tour 2024 EMEA Kickoff_csvs
297402,GIANTX vs Karmine Corp,Champions Tour 2024: EMEA Kickoff,2024-02-20 13:35:00,Bo3,GIANTX vs Karmine Corp,1 - 2,3,Patch 8.02,KC ban Ascent; GX ban Bind; KC pick Split; GX pick Sunset; KC ban Breeze; GX ban Icebox; Lotus remains,Champions Tour 2024 EMEA Kickoff_csvs
297406,Natus Vincere vs BBL Esports,Champions Tour 2024: EMEA Kickoff,2024-02-21 08:00:00,Bo3,Natus Vincere vs BBL Esports,2 - 1,3,Patch 8.02,NAVI ban Split; BBL ban Lotus; NAVI pick Bind; BBL pick Ascent; NAVI ban Icebox; BBL ban Sunset; Breeze remains,Champions Tour 2024 EMEA Kickoff_csvs
297407,Team Liquid vs Movistar KOI(KOI),Champions Tour 2024: EMEA Kickoff,2024-02-21 11:00:00,Bo3,Team Liquid vs Movistar KOI(KOI),2 - 0,2,Patch 8.02,TL ban Sunset; MKOI ban Lotus; TL pick Icebox; MKOI pick Bind; TL ban Breeze; MKOI ban Ascent; Split remains,Champions Tour 2024 EMEA Kickoff_csvs
297412,Team Vitality vs Gentle Mates,Champions Tour 2024: EMEA Kickoff,2024-02-21 13:45:00,Bo3,Team Vitality vs Gentle Mates,2 - 0,2,Patch 8.02,VIT ban Icebox; M8 ban Bind; VIT pick Sunset; M8 pick Lotus; VIT ban Split; M8 ban Breeze; Ascent remains,Champions Tour 2024 EMEA Kickoff_csvs
297403,Team Heretics vs Karmine Corp,Champions Tour 2024: EMEA Kickoff,2024-02-22 11:00:00,Bo3,Team Heretics vs Karmine Corp,2 - 0,2,Patch 8.02,KC ban Breeze; TH ban Ascent; KC pick Split; TH pick Lotus; KC ban Icebox; TH ban Bind; Sunset remains,Champions Tour 2024 EMEA Kickoff_csvs
297404,FUT Esports vs GIANTX,Champions Tour 2024: EMEA Kickoff,2024-02-22 13:10:00,Bo3,FUT Esports vs GIANTX,2 - 1,3,Patch 8.02,GX ban Bind; FUT ban Breeze; GX pick Split; FUT pick Icebox; GX ban Lotus; FUT ban Ascent; Sunset remains,Champions Tour 2024 EMEA Kickoff_csvs
297408,Natus Vincere vs Team Liquid,Champions Tour 2024: EMEA Kickoff,2024-02-23 08:00:00,Bo3,Natus Vincere vs Team Liquid,2 - 0,2,Patch 8.02,TL ban Sunset; NAVI ban Icebox; TL pick Split; NAVI pick Breeze; TL ban Bind; NAVI ban Lotus; Ascent remains,Champions Tour 2024 EMEA Kickoff_csvs
297409,BBL Esports vs Movistar KOI(KOI),Champions Tour 2024: EMEA Kickoff,2024-02-23 10:10:00,Bo3,BBL Esports vs Movistar KOI(KOI),0 - 2,2,Patch 8.02,BBL ban Sunset; MKOI ban Lotus; BBL pick Bind; MKOI pick Split; BBL ban Breeze; MKOI ban Ascent; Icebox remains,Champions Tour 2024 EMEA Kickoff_csvs
297414,Team Vitality vs FNATIC,Champions Tour 2024: EMEA Kickoff,2024-02-23 12:20:00,Bo3,Team Vitality vs FNATIC,0 - 2,2,Patch 8.02,FNC ban Sunset; VIT ban Icebox; FNC pick Lotus; VIT pick Ascent; FNC ban Split; VIT ban Breeze; Bind remains,Champions Tour 2024 EMEA Kickoff_csvs
297416,Team Vitality vs Gentle Mates,Champions Tour 2024: EMEA Kickoff,2024-02-25 08:05:00,Bo3,Team Vitality vs Gentle Mates,2 - 1,3,Patch 8.03,M8 ban Bind; VIT ban Icebox; M8 pick Breeze; VIT pick Lotus; M8 ban Ascent; VIT ban Split; Sunset remains,Champions Tour 2024 EMEA Kickoff_csvs
297405,Karmine Corp vs FUT Esports,Champions Tour 2024: EMEA Kickoff,2024-02-25 11:15:00,Bo3,Karmine Corp vs FUT Esports,2 - 1,3,Patch 8.03,FUT ban Breeze; KC ban Ascent; FUT pick Lotus; KC pick Bind; FUT ban Split; KC ban Icebox; Sunset remains,Champions Tour 2024 EMEA Kickoff_csvs
297410,Team Liquid vs Movistar KOI(KOI),Champions Tour 2024: EMEA Kickoff,2024-02-25 14:45:00,Bo3,Team Liquid vs Movistar KOI(KOI),1 - 2,3,Patch 8.03,MKOI ban Lotus; TL ban Breeze; MKOI pick Sunset; TL pick Icebox; MKOI ban Ascent; TL ban Bind; Split remains,Champions Tour 2024 EMEA Kickoff_csvs
307567,Karmine Corp vs Team Vitality,Champions Tour 2024: EMEA Kickoff,2024-02-26 08:00:00,Bo3,Karmine Corp vs Team Vitality,2 - 0,2,Patch 8.03,KC ban Breeze; VIT ban Icebox; KC pick Sunset; VIT pick Ascent; KC ban Bind; VIT ban Split; Lotus remains,Champions Tour 2024 EMEA Kickoff_csvs
307565,KOI vs Team Vitality,Champions Tour 2024: EMEA Kickoff,2024-02-26 10:45:00,Bo3,KOI vs Team Vitality,0 - 2,2,Patch 8.03,MKOI ban Lotus; VIT ban Icebox; MKOI pick Sunset; VIT pick Breeze; MKOI ban Ascent; VIT ban Split; Bind remains,Champions Tour 2024 EMEA Kickoff_csvs
307564,Karmine Corp vs KOI,Champions Tour 2024: EMEA Kickoff,2024-02-26 12:45:00,Bo3,Karmine Corp vs KOI,2 - 0,2,Patch 8.03,KC ban Breeze; MKOI ban Lotus; KC pick Sunset; MKOI pick Bind; KC ban Ascent; MKOI ban Split; Icebox remains,Champions Tour 2024 EMEA Kickoff_csvs
303093,Team Heretics vs Natus Vincere,Champions Tour 2024: EMEA Kickoff,2024-02-29 11:00:00,Bo3,Team Heretics vs Natus Vincere,2 - 0,2,Patch 8.03,TH ban Ascent; NAVI ban Lotus; TH pick Sunset; NAVI pick Breeze; TH ban Bind; NAVI ban Icebox; Split remains,Champions Tour 2024 EMEA Kickoff_csvs
303094,FNATIC vs Karmine Corp,Champions Tour 2024: EMEA Kickoff,2024-02-29 13:20:00,Bo3,FNATIC vs Karmine Corp,0 - 2,2,Patch 8.03,FNC ban Sunset; KC ban Ascent; FNC pick Lotus; KC pick Split; FNC ban Icebox; KC ban Breeze; Bind remains,Champions Tour 2024 EMEA Kickoff_csvs
303095,Team Heretics vs Karmine Corp,Champions Tour 2024: EMEA Kickoff,2024-03-01 11:00:00,Bo5,Team Heretics vs Karmine Corp,1 - 3,4,Patch 8.03,KC ban Breeze; TH ban Ascent; KC pick Sunset; TH pick Lotus; KC pick Icebox; TH pick Split; Bind remains,Champions Tour 2024 EMEA Kickoff_csvs
318911,Karmine Corp vs GIANTX,Champions Tour 2024: EMEA Stage 1,2024-04-03 11:00:00,Bo3,Karmine Corp vs GIANTX,2 - 0,2,Patch 8.05,GX ban Lotus; KC ban Ascent; GX pick Breeze; KC pick Sunset; GX ban Split; KC ban Icebox; Bind remains,Champions Tour 2024 EMEA Stage 1_csvs
318913,Movistar KOI(KOI) vs Team Liquid,Champions Tour 2024: EMEA Stage 1,2024-04-03 13:05:00,Bo3,Movistar KOI(KOI) vs Team Liquid,0 - 2,2,Patch 8.05,MKOI ban Lotus; TL ban Breeze; MKOI pick Split; TL pick Ascent; MKOI ban Bind; TL ban Sunset; Icebox remains,Champions Tour 2024 EMEA Stage 1_csvs
318914,Team Vitality vs Natus Vincere,Champions Tour 2024: EMEA Stage 1,2024-04-04 11:00:00,Bo3,Team Vitality vs Natus Vincere,0 - 2,2,Patch 8.05,NAVI ban Sunset; VIT ban Ascent; NAVI pick Bind; VIT pick Lotus; NAVI ban Breeze; VIT ban Split; Icebox remains,Champions Tour 2024 EMEA Stage 1_csvs
318915,FNATIC vs Team Heretics,Champions Tour 2024: EMEA Stage 1,2024-04-04 13:10:00,Bo3,FNATIC vs Team Heretics,0 - 2,2,Patch 8.05,FNC ban Sunset; TH ban Ascent; FNC pick Icebox; TH pick Lotus; FNC ban Split; TH ban Breeze; Bind remains,Champions Tour 2024 EMEA Stage 1_csvs
318916,Team Liquid vs FUT Esports,Champions Tour 2024: EMEA Stage 1,2024-04-05 11:00:00,Bo3,Team Liquid vs FUT Esports,0 - 2,2,Patch 8.05,FUT ban Breeze; TL ban Bind; FUT pick Split; TL pick Icebox; FUT ban Ascent; TL ban Sunset; Lotus remains,Champions Tour 2024 EMEA Stage 1_csvs
318917,BBL Esports vs Gentle Mates,Champions Tour 2024: EMEA Stage 1,2024-04-05 13:00:00,Bo3,BBL Esports vs Gentle Mates,0 - 2,2,Patch 8.05,BBL ban Lotus; M8 ban Bind; BBL pick Ascent; M8 pick Sunset; BBL ban Breeze; M8 ban Split; Icebox remains,Champions Tour 2024 EMEA Stage 1_csvs
318918,Karmine Corp vs FUT Esports,Champions Tour 2024: EMEA Stage 1,2024-04-10 11:00:00,Bo3,Karmine Corp vs FUT Esports,1 - 2,3,Patch 8.05,FUT ban Sunset; KC ban Ascent; FUT pick Bind; KC pick Lotus; FUT ban Split; KC ban Icebox; Breeze remains,Champions Tour 2024 EMEA Stage 1_csvs
318919,Team Vitality vs Team Heretics,Champions Tour 2024: EMEA Stage 1,2024-04-10 14:10:00,Bo3,Team Vitality vs Team Heretics,2 - 1,3,Patch 8.05,VIT ban Lotus; TH ban Ascent; VIT pick Breeze; TH pick Sunset; VIT ban Bind; TH ban Split; Icebox remains,Champions Tour 2024 EMEA Stage 1_csvs
318920,Team Liquid vs Natus Vincere,Champions Tour 2024: EMEA Stage 1,2024-04-11 11:00:00,Bo3,Team Liquid vs Natus Vincere,1 - 2,3,Patch 8.05,TL ban Breeze; NAVI ban Sunset; TL pick Lotus; NAVI pick Split; TL ban Bind; NAVI ban Icebox; Ascent remains,Champions Tour 2024 EMEA Stage 1_csvs
318921,BBL Esports vs Movistar KOI(KOI),Champions Tour 2024: EMEA Stage 1,2024-04-11 14:20:00,Bo3,BBL Esports vs Movistar KOI(KOI),2 - 0,2,Patch 8.05,MKOI ban Split; BBL ban Bind; MKOI pick Breeze; BBL pick Icebox; MKOI ban Lotus; BBL ban Sunset; Ascent remains,Champions Tour 2024 EMEA Stage 1_csvs
318922,FNATIC vs GIANTX,Champions Tour 2024: EMEA Stage 1,2024-04-12 11:00:00,Bo3,FNATIC vs GIANTX,2 - 1,3,Patch 8.05,GX ban Lotus; FNC ban Sunset; GX pick Bind; FNC pick Breeze; GX ban Ascent; FNC ban Icebox; Split remains,Champions Tour 2024 EMEA Stage 1_csvs
318923,Karmine Corp vs Gentle Mates,Champions Tour 2024: EMEA Stage 1,2024-04-12 13:45:00,Bo3,Karmine Corp vs Gentle Mates,2 - 0,2,Patch 8.05,KC ban Ascent; M8 ban Bind; KC pick Split; M8 pick Icebox; KC ban Breeze; M8 ban Lotus; Sunset remains,Champions Tour 2024 EMEA Stage 1_csvs
318924,Gentle Mates vs FNATIC,Champions Tour 2024: EMEA Stage 1,2024-04-17 11:00:00,Bo3,Gentle Mates vs FNATIC,0 - 2,2,Patch 8.05,M8 ban Bind; FNC ban Sunset; M8 pick Breeze; FNC pick Lotus; M8 ban Icebox; FNC ban Ascent; Split remains,Champions Tour 2024 EMEA Stage 1_csvs
318925,Karmine Corp vs Natus Vincere,Champions Tour 2024: EMEA Stage 1,2024-04-17 13:00:00,Bo3,Karmine Corp vs Natus Vincere,1 - 2,3,Patch 8.05,NAVI ban Breeze; KC ban Ascent; NAVI pick Bind; KC pick Sunset; NAVI ban Lotus; KC ban Icebox; Split remains,Champions Tour 2024 EMEA Stage 1_csvs
318926,BBL Esports vs Team Heretics,Champions Tour 2024: EMEA Stage 1,2024-04-18 11:00:00,Bo3,BBL Esports vs Team Heretics,2 - 0,2,Patch 8.05,BBL ban Lotus; TH ban Ascent; BBL pick Split; TH pick Sunset; BBL ban Bind; TH ban Breeze; Icebox remains,Champions Tour 2024 EMEA Stage 1_csvs
318927,Team Vitality vs FUT Esports,Champions Tour 2024: EMEA Stage 1,2024-04-18 13:15:00,Bo3,Team Vitality vs FUT Esports,2 - 1,3,Patch 8.05,FUT ban Breeze; VIT ban Bind; FUT pick Ascent; VIT pick Icebox; FUT ban Lotus; VIT ban Split; Sunset remains,Champions Tour 2024 EMEA Stage 1_csvs
318928,Team Liquid vs GIANTX,Champions Tour 2024: EMEA Stage 1,2024-04-19 11:00:00,Bo3,Team Liquid vs GIANTX,2 - 1,3,Patch 8.05,GX ban Split; TL ban Breeze; GX pick Lotus; TL pick Icebox; GX ban Sunset; TL ban Bind; Ascent remains,Champions Tour 2024 EMEA Stage 1_csvs
318929,FNATIC vs Movistar KOI(KOI),Champions Tour 2024: EMEA Stage 1,2024-04-19 14:55:00,Bo3,FNATIC vs Movistar KOI(KOI),2 - 0,2,Patch 8.05,FNC ban Sunset; MKOI ban Lotus; FNC pick Bind; MKOI pick Icebox; FNC ban Split; MKOI ban Ascent; Breeze remains,Champions Tour 2024 EMEA Stage 1_csvs
318930,Team Liquid vs Team Heretics,Champions Tour 2024: EMEA Stage 1,2024-04-24 11:00:00,Bo3,Team Liquid vs Team Heretics,0 - 2,2,Patch 8.07,TH ban Split; TL ban Breeze; TH pick Sunset; TL pick Bind; TH ban Ascent; TL ban Icebox; Lotus remains,Champions Tour 2024 EMEA Stage 1_csvs
318931,Team Vitality vs Gentle Mates,Champions Tour 2024: EMEA Stage 1,2024-04-24 13:00:00,Bo3,Team Vitality vs Gentle Mates,0 - 2,2,Patch 8.07,VIT ban Ascent; M8 ban Bind; VIT pick Icebox; M8 pick Sunset; VIT ban Lotus; M8 ban Split; Breeze remains,Champions Tour 2024 EMEA Stage 1_csvs
318932,FNATIC vs FUT Esports,Champions Tour 2024: EMEA Stage 1,2024-04-25 11:00:00,Bo3,FNATIC vs FUT Esports,0 - 2,2,Patch 8.07,FUT ban Breeze; FNC ban Sunset; FUT pick Split; FNC pick Lotus; FUT ban Icebox; FNC ban Ascent; Bind remains,Champions Tour 2024 EMEA Stage 1_csvs
318933,BBL Esports vs Natus Vincere,Champions Tour 2024: EMEA Stage 1,2024-04-25 13:30:00,Bo3,BBL Esports vs Natus Vincere,2 - 1,3,Patch 8.07,NAVI ban Icebox; BBL ban Breeze; NAVI pick Ascent; BBL pick Sunset; NAVI ban Lotus; BBL ban Bind; Split remains,Champions Tour 2024 EMEA Stage 1_csvs
318934,Team Vitality vs GIANTX,Champions Tour 2024: EMEA Stage 1,2024-04-26 11:00:00,Bo3,Team Vitality vs GIANTX,2 - 1,3,Patch 8.07,GX ban Bind; VIT ban Ascent; GX pick Lotus; VIT pick Breeze; GX ban Icebox; VIT ban Split; Sunset remains,Champions Tour 2024 EMEA Stage 1_csvs
318935,Karmine Corp vs Movistar KOI(KOI),Champions Tour 2024: EMEA Stage 1,2024-04-26 14:10:00,Bo3,Karmine Corp vs Movistar KOI(KOI),2 - 1,3,Patch 8.07,MKOI ban Lotus; KC ban Ascent; MKOI pick Sunset; KC pick Icebox; MKOI ban Split; KC ban Breeze; Bind remains,Champions Tour 2024 EMEA Stage 1_csvs
318936,BBL Esports vs GIANTX,Champions Tour 2024: EMEA Stage 1,2024-05-01 11:00:00,Bo3,BBL Esports vs GIANTX,0 - 2,2,Patch 8.07,GX ban Icebox; BBL ban Lotus; GX pick Bind; BBL pick Sunset; GX ban Ascent; BBL ban Breeze; Split remains,Champions Tour 2024 EMEA Stage 1_csvs
318937,Karmine Corp vs Team Heretics,Champions Tour 2024: EMEA Stage 1,2024-05-01 13:00:00,Bo3,Karmine Corp vs Team Heretics,1 - 2,3,Patch 8.07,KC ban Sunset; TH ban Split; KC pick Icebox; TH pick Lotus; KC ban Ascent; TH ban Breeze; Bind remains,Champions Tour 2024 EMEA Stage 1_csvs
318938,Team Vitality vs Movistar KOI(KOI),Champions Tour 2024: EMEA Stage 1,2024-05-02 11:00:00,Bo3,Team Vitality vs Movistar KOI(KOI),1 - 2,3,Patch 8.07,MKOI ban Lotus; VIT ban Bind; MKOI pick Split; VIT pick Breeze; MKOI ban Sunset; VIT ban Ascent; Icebox remains,Champions Tour 2024 EMEA Stage 1_csvs
318939,Natus Vincere vs FNATIC,Champions Tour 2024: EMEA Stage 1,2024-05-02 13:55:00,Bo3,Natus Vincere vs FNATIC,2 - 1,3,Patch 8.07,FNC ban Sunset; NAVI ban Icebox; FNC pick Breeze; NAVI pick Ascent; FNC ban Split; NAVI ban Lotus; Bind remains,Champions Tour 2024 EMEA Stage 1_csvs
318940,Team Liquid vs Gentle Mates,Champions Tour 2024: EMEA Stage 1,2024-05-03 11:00:00,Bo3,Team Liquid vs Gentle Mates,2 - 0,2,Patch 8.07,TL ban Breeze; M8 ban Bind; TL pick Lotus; M8 pick Icebox; TL ban Split; M8 ban Ascent; Sunset remains,Champions Tour 2024 EMEA Stage 1_csvs
318941,BBL Esports vs FUT Esports,Champions Tour 2024: EMEA Stage 1,2024-05-03 12:50:00,Bo3,BBL Esports vs FUT Esports,0 - 2,2,Patch 8.07,FUT ban Sunset; BBL ban Lotus; FUT pick Bind; BBL pick Icebox; FUT ban Breeze; BBL ban Split; Ascent remains,Champions Tour 2024 EMEA Stage 1_csvs
341816,FNATIC vs Team Liquid,Champions Tour 2024: EMEA Stage 1,2024-05-08 11:00:00,Bo3,FNATIC vs Team Liquid,2 - 1,3,Patch 8.07,TL ban Breeze; FNC ban Sunset; TL pick Ascent; FNC pick Icebox; TL ban Split; FNC ban Bind; Lotus remains,Champions Tour 2024 EMEA Stage 1_csvs
341817,Natus Vincere vs Team Heretics,Champions Tour 2024: EMEA Stage 1,2024-05-08 14:20:00,Bo3,Natus Vincere vs Team Heretics,0 - 2,2,Patch 8.07,TH ban Ascent; NAVI ban Breeze; TH pick Lotus; NAVI pick Split; TH ban Icebox; NAVI ban Sunset; Bind remains,Champions Tour 2024 EMEA Stage 1_csvs
341818,Karmine Corp vs FNATIC,Champions Tour 2024: EMEA Stage 1,2024-05-09 11:00:00,Bo3,Karmine Corp vs FNATIC,0 - 2,2,Patch 8.07,FNC ban Sunset; KC ban Ascent; FNC pick Breeze; KC pick Bind; FNC ban Split; KC ban Icebox; Lotus remains,Champions Tour 2024 EMEA Stage 1_csvs
341819,FUT Esports vs Team Heretics,Champions Tour 2024: EMEA Stage 1,2024-05-09 13:30:00,Bo3,FUT Esports vs Team Heretics,0 - 2,2,Patch 8.07,TH ban Ascent; FUT ban Breeze; TH pick Lotus; FUT pick Split; TH ban Icebox; FUT ban Bind; Sunset remains,Champions Tour 2024 EMEA Stage 1_csvs
341820,FNATIC vs Team Heretics,Champions Tour 2024: EMEA Stage 1,2024-05-10 11:00:00,Bo3,FNATIC vs Team Heretics,0 - 2,2,Patch 8.07,TH ban Ascent; FNC ban Sunset; TH pick Lotus; FNC pick Breeze; TH ban Icebox; FNC ban Bind; Split remains,Champions Tour 2024 EMEA Stage 1_csvs
341822,Karmine Corp vs FUT Esports,Champions Tour 2024: EMEA Stage 1,2024-05-10 13:30:00,Bo3,Karmine Corp vs FUT Esports,0 - 2,2,Patch 8.07,KC ban Ascent; FUT ban Breeze; KC pick Icebox; FUT pick Sunset; KC ban Split; FUT ban Bind; Lotus remains,Champions Tour 2024 EMEA Stage 1_csvs
341823,FNATIC vs FUT Esports,Champions Tour 2024: EMEA Stage 1,2024-05-11 11:00:00,Bo5,FNATIC vs FUT Esports,3 - 1,4,Patch 8.07,FNC ban Sunset; FUT ban Lotus; FNC pick Icebox; FUT pick Bind; FNC pick Breeze; FUT pick Split; Ascent remains,Champions Tour 2024 EMEA Stage 1_csvs
341821,Team Heretics vs FNATIC,Champions Tour 2024: EMEA Stage 1,2024-05-12 11:00:00,Bo5,Team Heretics vs FNATIC,2 - 3,5,Patch 8.07,TH ban Ascent; TH ban Icebox; TH pick Sunset; FNC pick Bind; TH pick Lotus; FNC pick Split; Breeze remains,Champions Tour 2024 EMEA Stage 1_csvs
353153,FUT Esports vs KOI,Champions Tour 2024: EMEA Stage 2,2024-06-18 14:00:00,Bo3,FUT Esports vs KOI,2 - 1,3,Patch 8.10,MKOI ban Ascent; FUT ban Breeze; MKOI pick Split; FUT pick Lotus; MKOI ban Bind; FUT ban Icebox; Sunset remains,Champions Tour 2024 EMEA Stage 2_csvs
353154,BBL Esports vs FNATIC,Champions Tour 2024: EMEA Stage 2,2024-06-19 12:00:00,Bo3,BBL Esports vs FNATIC,1 - 2,3,Patch 8.10,BBL ban Breeze; FNC ban Sunset; BBL pick Ascent; FNC pick Bind; BBL ban Icebox; FNC ban Split; Lotus remains,Champions Tour 2024 EMEA Stage 2_csvs
353155,Team Heretics vs Natus Vincere,Champions Tour 2024: EMEA Stage 2,2024-06-19 15:30:00,Bo3,Team Heretics vs Natus Vincere,2 - 0,2,Patch 8.10,TH ban Breeze; NAVI ban Lotus; TH pick Sunset; NAVI pick Bind; TH ban Split; NAVI ban Icebox; Ascent remains,Champions Tour 2024 EMEA Stage 2_csvs
353157,GIANTX vs Gentle Mates,Champions Tour 2024: EMEA Stage 2,2024-06-20 12:00:00,Bo3,GIANTX vs Gentle Mates,2 - 1,3,Patch 8.10,M8 ban Bind; GX ban Icebox; M8 pick Split; GX pick Sunset; M8 ban Lotus; GX ban Ascent; Breeze remains,Champions Tour 2024 EMEA Stage 2_csvs
353156,Team Vitality vs Team Liquid,Champions Tour 2024: EMEA Stage 2,2024-06-20 15:10:00,Bo3,Team Vitality vs Team Liquid,2 - 0,2,Patch 8.10,TL ban Breeze; VIT ban Split; TL pick Lotus; VIT pick Icebox; TL ban Sunset; VIT ban Bind; Ascent remains,Champions Tour 2024 EMEA Stage 2_csvs
353159,BBL Esports vs Karmine Corp,Champions Tour 2024: EMEA Stage 2,2024-06-21 12:00:00,Bo3,BBL Esports vs Karmine Corp,0 - 2,2,Patch 8.10,KC ban Ascent; BBL ban Breeze; KC pick Lotus; BBL pick Sunset; KC ban Icebox; BBL ban Bind; Split remains,Champions Tour 2024 EMEA Stage 2_csvs
353158,Natus Vincere vs FUT Esports,Champions Tour 2024: EMEA Stage 2,2024-06-21 13:50:00,Bo3,Natus Vincere vs FUT Esports,0 - 2,2,Patch 8.10,NAVI ban Sunset; FUT ban Breeze; NAVI pick Ascent; FUT pick Lotus; NAVI ban Bind; FUT ban Split; Icebox remains,Champions Tour 2024 EMEA Stage 2_csvs
353202,KOI vs GIANTX,Champions Tour 2024: EMEA Stage 2,2024-06-25 14:00:00,Bo3,KOI vs GIANTX,2 - 0,2,Patch 8.11,GX ban Split; MKOI ban Bind; GX pick Sunset; MKOI pick Icebox; GX ban Haven; MKOI ban Ascent; Lotus remains,Champions Tour 2024 EMEA Stage 2_csvs
353161,Team Heretics vs FUT Esports,Champions Tour 2024: EMEA Stage 2,2024-06-26 12:00:00,Bo3,Team Heretics vs FUT Esports,2 - 0,2,Patch 8.11,TH ban Ascent; FUT ban Icebox; TH pick Sunset; FUT pick Split; TH ban Lotus; FUT ban Haven; Bind remains,Champions Tour 2024 EMEA Stage 2_csvs
353160,FNATIC vs Team Vitality,Champions Tour 2024: EMEA Stage 2,2024-06-26 14:15:00,Bo3,FNATIC vs Team Vitality,2 - 1,3,Patch 8.11,FNC ban Sunset; VIT ban Split; FNC pick Haven; VIT pick Icebox; FNC ban Ascent; VIT ban Bind; Lotus remains,Champions Tour 2024 EMEA Stage 2_csvs
353162,BBL Esports vs Team Liquid,Champions Tour 2024: EMEA Stage 2,2024-06-27 12:00:00,Bo3,BBL Esports vs Team Liquid,2 - 0,2,Patch 8.11,TL ban Split; BBL ban Icebox; TL pick Lotus; BBL pick Ascent; TL ban Bind; BBL ban Haven; Sunset remains,Champions Tour 2024 EMEA Stage 2_csvs
353163,Natus Vincere vs GIANTX,Champions Tour 2024: EMEA Stage 2,2024-06-27 14:00:00,Bo3,Natus Vincere vs GIANTX,0 - 2,2,Patch 8.11,GX ban Split; NAVI ban Sunset; GX pick Lotus; NAVI pick Ascent; GX ban Icebox; NAVI ban Bind; Haven remains,Champions Tour 2024 EMEA Stage 2_csvs
353164,KOI vs Gentle Mates,Champions Tour 2024: EMEA Stage 2,2024-06-28 12:00:00,Bo3,KOI vs Gentle Mates,0 - 2,2,Patch 8.11,MKOI ban Ascent; M8 ban Bind; MKOI pick Sunset; M8 pick Split; MKOI ban Haven; M8 ban Icebox; Lotus remains,Champions Tour 2024 EMEA Stage 2_csvs
353165,FNATIC vs Karmine Corp,Champions Tour 2024: EMEA Stage 2,2024-06-28 14:30:00,Bo3,FNATIC vs Karmine Corp,2 - 0,2,Patch 8.11,FNC ban Sunset; KC ban Ascent; FNC pick Haven; KC pick Lotus; FNC ban Split; KC ban Icebox; Bind remains,Champions Tour 2024 EMEA Stage 2_csvs
353166,Team Heretics vs GIANTX,Champions Tour 2024: EMEA Stage 2,2024-07-03 12:00:00,Bo3,Team Heretics vs GIANTX,2 - 1,3,Patch 9.0,TH ban Ascent; GX ban Sunset; TH pick Bind; GX pick Split; TH ban Lotus; GX ban Icebox; Haven remains,Champions Tour 2024 EMEA Stage 2_csvs
353167,FUT Esports vs Gentle Mates,Champions Tour 2024: EMEA Stage 2,2024-07-03 15:25:00,Bo3,FUT Esports vs Gentle Mates,2 - 0,2,Patch 9.0,FUT ban Icebox; M8 ban Bind; FUT pick Sunset; M8 pick Split; FUT ban Haven; M8 ban Ascent; Lotus remains,Champions Tour 2024 EMEA Stage 2_csvs
353168,KOI vs Natus Vincere,Champions Tour 2024: EMEA Stage 2,2024-07-04 12:00:00,Bo3,KOI vs Natus Vincere,2 - 0,2,Patch 9.0,NAVI ban Lotus; MKOI ban Ascent; NAVI pick Split; MKOI pick Icebox; NAVI ban Bind; MKOI ban Haven; Sunset remains,Champions Tour 2024 EMEA Stage 2_csvs
353169,Team Liquid vs Karmine Corp,Champions Tour 2024: EMEA Stage 2,2024-07-04 14:05:00,Bo3,Team Liquid vs Karmine Corp,2 - 0,2,Patch 9.0,KC ban Ascent; TL ban Split; KC pick Bind; TL pick Sunset; KC ban Icebox; TL ban Lotus; Haven remains,Champions Tour 2024 EMEA Stage 2_csvs
353170,BBL Esports vs Team Vitality,Champions Tour 2024: EMEA Stage 2,2024-07-05 12:00:00,Bo3,BBL Esports vs Team Vitality,1 - 2,3,Patch 9.0,BBL ban Icebox; VIT ban Split; BBL pick Ascent; VIT pick Sunset; BBL ban Haven; VIT ban Bind; Lotus remains,Champions Tour 2024 EMEA Stage 2_csvs
353171,Team Heretics vs Gentle Mates,Champions Tour 2024: EMEA Stage 2,2024-07-05 15:00:00,Bo3,Team Heretics vs Gentle Mates,2 - 1,3,Patch 9.0,TH ban Split; M8 ban Bind; TH pick Sunset; M8 pick Icebox; TH ban Ascent; M8 ban Haven; Lotus remains,Champions Tour 2024 EMEA Stage 2_csvs
353172,FUT Esports vs GIANTX,Champions Tour 2024: EMEA Stage 2,2024-07-09 14:00:00,Bo3,FUT Esports vs GIANTX,2 - 0,2,Patch 9.0,GX ban Ascent; FUT ban Haven; GX pick Split; FUT pick Lotus; GX ban Bind; FUT ban Sunset; Icebox remains,Champions Tour 2024 EMEA Stage 2_csvs
353173,Team Heretics vs KOI,Champions Tour 2024: EMEA Stage 2,2024-07-10 12:00:00,Bo3,Team Heretics vs KOI,2 - 1,3,Patch 9.0,MKOI ban Sunset; TH ban Split; MKOI pick Icebox; TH pick Bind; MKOI ban Lotus; TH ban Ascent; Haven remains,Champions Tour 2024 EMEA Stage 2_csvs
353174,FNATIC vs Team Liquid,Champions Tour 2024: EMEA Stage 2,2024-07-10 15:20:00,Bo3,FNATIC vs Team Liquid,2 - 0,2,Patch 9.0,TL ban Lotus; FNC ban Sunset; TL pick Icebox; FNC pick Haven; TL ban Split; FNC ban Bind; Ascent remains,Champions Tour 2024 EMEA Stage 2_csvs
353175,Natus Vincere vs Gentle Mates,Champions Tour 2024: EMEA Stage 2,2024-07-11 12:00:00,Bo3,Natus Vincere vs Gentle Mates,2 - 1,3,Patch 9.0,M8 ban Bind; NAVI ban Lotus; M8 pick Sunset; NAVI pick Ascent; M8 ban Haven; NAVI ban Icebox; Split remains,Champions Tour 2024 EMEA Stage 2_csvs
353203,Team Vitality vs Karmine Corp,Champions Tour 2024: EMEA Stage 2,2024-07-11 15:10:00,Bo3,Team Vitality vs Karmine Corp,2 - 1,3,Patch 9.0,VIT ban Split; KC ban Ascent; VIT pick Icebox; KC pick Lotus; VIT ban Haven; KC ban Bind; Sunset remains,Champions Tour 2024 EMEA Stage 2_csvs
371278,Team Vitality vs Natus Vincere,Champions Tour 2024: EMEA Stage 2,2024-07-15 12:00:00,Bo3,Team Vitality vs Natus Vincere,2 - 1,3,Patch 9.0,NAVI ban Icebox; VIT ban Abyss; NAVI pick Haven; VIT pick Sunset; NAVI ban Lotus; VIT ban Bind; Ascent remains,Champions Tour 2024 EMEA Stage 2_csvs
371279,FNATIC vs Karmine Corp,Champions Tour 2024: EMEA Stage 2,2024-07-15 14:50:00,Bo3,FNATIC vs Karmine Corp,2 - 1,3,Patch 9.0,FNC ban Abyss; KC ban Haven; FNC pick Icebox; KC pick Sunset; FNC ban Bind; KC ban Ascent; Lotus remains,Champions Tour 2024 EMEA Stage 2_csvs
371280,Team Heretics vs Team Vitality,Champions Tour 2024: EMEA Stage 2,2024-07-16 12:00:00,Bo3,Team Heretics vs Team Vitality,1 - 2,3,Patch 9.0,VIT ban Abyss; TH ban Ascent; VIT pick Icebox; TH pick Sunset; VIT ban Haven; TH ban Lotus; Bind remains,Champions Tour 2024 EMEA Stage 2_csvs
371281,FUT Esports vs FNATIC,Champions Tour 2024: EMEA Stage 2,2024-07-16 15:45:00,Bo3,FUT Esports vs FNATIC,0 - 2,2,Patch 9.0,FUT ban Icebox; FNC ban Abyss; FUT pick Sunset; FNC pick Haven; FUT ban Bind; FNC ban Ascent; Lotus remains,Champions Tour 2024 EMEA Stage 2_csvs
371282,Team Vitality vs FNATIC,Champions Tour 2024: EMEA Stage 2,2024-07-17 12:00:00,Bo3,Team Vitality vs FNATIC,0 - 2,2,Patch 9.0,FNC ban Icebox; VIT ban Haven; FNC pick Lotus; VIT pick Sunset; FNC ban Bind; VIT ban Abyss; Ascent remains,Champions Tour 2024 EMEA Stage 2_csvs
371284,Team Heretics vs FUT Esports,Champions Tour 2024: EMEA Stage 2,2024-07-17 14:15:00,Bo3,Team Heretics vs FUT Esports,2 - 0,2,Patch 9.0,FUT ban Haven; TH ban Ascent; FUT pick Abyss; TH pick Sunset; FUT ban Icebox; TH ban Lotus; Bind remains,Champions Tour 2024 EMEA Stage 2_csvs
371285,Team Vitality vs Team Heretics,Champions Tour 2024: EMEA Stage 2,2024-07-19 12:00:00,Bo5,Team Vitality vs Team Heretics,3 - 1,4,Patch 9.0,VIT ban Abyss; TH ban Ascent; VIT pick Icebox; TH pick Sunset; VIT pick Lotus; TH pick Haven; Bind remains,Champions Tour 2024 EMEA Stage 2_csvs
371283,FNATIC vs Team Vitality,Champions Tour 2024: EMEA Stage 2,2024-07-20 12:00:00,Bo5,FNATIC vs Team Vitality,3 - 1,4,Patch 9.0,FNC ban Icebox; FNC ban Sunset; FNC pick Haven; VIT pick Ascent; FNC pick Lotus; VIT pick Bind; Abyss remains,Champions Tour 2024 EMEA Stage 2_csvs
312765,Karmine Corp vs FunPlus Phoenix,Champions Tour 2024: Masters Madrid,2024-03-14 11:00:00,Bo3,Karmine Corp vs FunPlus Phoenix,2 - 0,2,Patch 8.04,FPX ban Split; KC ban Breeze; FPX pick Icebox; KC pick Lotus; FPX ban Bind; KC ban Ascent; Sunset remains,Champions Tour 2024 Masters Madrid_csvs
312766,Gen.G vs LOUD,Champions Tour 2024: Masters Madrid,2024-03-14 13:25:00,Bo3,Gen.G vs LOUD,2 - 1,3,Patch 8.04,LOUD ban Lotus; GEN ban Sunset; LOUD pick Icebox; GEN pick Breeze; LOUD ban Split; GEN ban Bind; Ascent remains,Champions Tour 2024 Masters Madrid_csvs
312767,EDward Gaming vs Paper Rex,Champions Tour 2024: Masters Madrid,2024-03-15 11:00:00,Bo3,EDward Gaming vs Paper Rex,2 - 1,3,Patch 8.04,PRX ban Breeze; EDG ban Lotus; PRX pick Sunset; EDG pick Bind; PRX ban Icebox; EDG ban Ascent; Split remains,Champions Tour 2024 Masters Madrid_csvs
312768,Sentinels vs Team Heretics,Champions Tour 2024: Masters Madrid,2024-03-15 14:15:00,Bo3,Sentinels vs Team Heretics,2 - 1,3,Patch 8.04,SEN ban Breeze; TH ban Ascent; SEN pick Lotus; TH pick Sunset; SEN ban Icebox; TH ban Split; Bind remains,Champions Tour 2024 Masters Madrid_csvs
312798,Sentinels vs Karmine Corp,Champions Tour 2024: Masters Madrid,2024-03-16 11:00:00,Bo3,Sentinels vs Karmine Corp,2 - 0,2,Patch 8.04,SEN ban Icebox; KC ban Sunset; SEN pick Split; KC pick Lotus; SEN ban Ascent; KC ban Breeze; Bind remains,Champions Tour 2024 Masters Madrid_csvs
312797,EDward Gaming vs Gen.G,Champions Tour 2024: Masters Madrid,2024-03-16 13:25:00,Bo3,EDward Gaming vs Gen.G,1 - 2,3,Patch 8.04,GEN ban Bind; EDG ban Lotus; GEN pick Icebox; EDG pick Split; GEN ban Sunset; EDG ban Ascent; Breeze remains,Champions Tour 2024 Masters Madrid_csvs
312800,FunPlus Phoenix vs LOUD,Champions Tour 2024: Masters Madrid,2024-03-17 11:00:00,Bo3,FunPlus Phoenix vs LOUD,0 - 2,2,Patch 8.04,LOUD ban Lotus; FPX ban Split; LOUD pick Sunset; FPX pick Breeze; LOUD ban Bind; FPX ban Ascent; Icebox remains,Champions Tour 2024 Masters Madrid_csvs
312799,Team Heretics vs Paper Rex,Champions Tour 2024: Masters Madrid,2024-03-17 13:20:00,Bo3,Team Heretics vs Paper Rex,1 - 2,3,Patch 8.04,PRX ban Breeze; TH ban Ascent; PRX pick Sunset; TH pick Lotus; PRX ban Icebox; TH ban Bind; Split remains,Champions Tour 2024 Masters Madrid_csvs
312803,LOUD vs EDward Gaming,Champions Tour 2024: Masters Madrid,2024-03-18 11:00:00,Bo3,LOUD vs EDward Gaming,2 - 0,2,Patch 8.04,EDG ban Ascent; LOUD ban Split; EDG pick Icebox; LOUD pick Sunset; EDG ban Lotus; LOUD ban Bind; Breeze remains,Champions Tour 2024 Masters Madrid_csvs
312802,Karmine Corp vs Paper Rex,Champions Tour 2024: Masters Madrid,2024-03-18 12:55:00,Bo3,Karmine Corp vs Paper Rex,1 - 2,3,Patch 8.04,PRX ban Icebox; KC ban Sunset; PRX pick Bind; KC pick Lotus; PRX ban Split; KC ban Breeze; Ascent remains,Champions Tour 2024 Masters Madrid_csvs
312777,Gen.G vs Paper Rex,Champions Tour 2024: Masters Madrid,2024-03-21 11:00:00,Bo3,Gen.G vs Paper Rex,2 - 0,2,Patch 8.04,PRX ban Icebox; GEN ban Sunset; PRX pick Split; GEN pick Lotus; PRX ban Breeze; GEN ban Bind; Ascent remains,Champions Tour 2024 Masters Madrid_csvs
312776,Sentinels vs LOUD,Champions Tour 2024: Masters Madrid,2024-03-21 13:10:00,Bo3,Sentinels vs LOUD,2 - 1,3,Patch 8.04,SEN ban Breeze; LOUD ban Lotus; SEN pick Split; LOUD pick Icebox; SEN ban Ascent; LOUD ban Bind; Sunset remains,Champions Tour 2024 Masters Madrid_csvs
312778,Gen.G vs Sentinels,Champions Tour 2024: Masters Madrid,2024-03-22 11:00:00,Bo3,Gen.G vs Sentinels,2 - 1,3,Patch 8.04,SEN ban Icebox; GEN ban Sunset; SEN pick Split; GEN pick Lotus; SEN ban Ascent; GEN ban Bind; Breeze remains,Champions Tour 2024 Masters Madrid_csvs
312780,Paper Rex vs LOUD,Champions Tour 2024: Masters Madrid,2024-03-22 13:55:00,Bo3,Paper Rex vs LOUD,2 - 0,2,Patch 8.04,LOUD ban Split; PRX ban Icebox; LOUD pick Ascent; PRX pick Sunset; LOUD ban Lotus; PRX ban Breeze; Bind remains,Champions Tour 2024 Masters Madrid_csvs
312781,Sentinels vs Paper Rex,Champions Tour 2024: Masters Madrid,2024-03-23 11:00:00,Bo5,Sentinels vs Paper Rex,3 - 1,4,Patch 8.04,SEN ban Breeze; PRX ban Icebox; SEN pick Lotus; PRX pick Ascent; SEN pick Split; PRX pick Sunset; Bind remains,Champions Tour 2024 Masters Madrid_csvs
321373,Team International vs Team Spain,Champions Tour 2024: Masters Madrid,2024-03-24 11:00:00,Bo1,Team International vs Team Spain,0 - 1,1,,,Champions Tour 2024 Masters Madrid_csvs
312779,Gen.G vs Sentinels,Champions Tour 2024: Masters Madrid,2024-03-24 12:15:00,Bo5,Gen.G vs Sentinels,2 - 3,5,Patch 8.04,GEN ban Lotus; GEN ban Sunset; GEN pick Breeze; SEN pick Bind; GEN pick Ascent; SEN pick Split; Icebox remains,Champions Tour 2024 Masters Madrid_csvs
348063,G2 Esports vs T1,Champions Tour 2024: Masters Shanghai,2024-05-23 04:00:00,Bo3,G2 Esports vs T1,2 - 1,3,Patch 8.09,T1 ban Split; G2 ban Sunset; T1 pick Breeze; G2 pick Icebox; T1 ban Bind; G2 ban Ascent; Lotus remains,Champions Tour 2024 Masters Shanghai_csvs
348061,FunPlus Phoenix vs FUT Esports,Champions Tour 2024: Masters Shanghai,2024-05-23 07:10:00,Bo3,FunPlus Phoenix vs FUT Esports,2 - 1,3,Patch 8.09,FUT ban Breeze; FPX ban Split; FUT pick Sunset; FPX pick Lotus; FUT ban Ascent; FPX ban Bind; Icebox remains,Champions Tour 2024 Masters Shanghai_csvs
348064,Gen.G vs LEVIATÁN,Champions Tour 2024: Masters Shanghai,2024-05-24 04:00:00,Bo3,Gen.G vs LEVIATÁN,2 - 1,3,Patch 8.09,LEV ban Ascent; GEN ban Sunset; LEV pick Icebox; GEN pick Lotus; LEV ban Split; GEN ban Bind; Breeze remains,Champions Tour 2024 Masters Shanghai_csvs
348059,Team Heretics vs Dragon Ranger Gaming,Champions Tour 2024: Masters Shanghai,2024-05-24 07:00:00,Bo3,Team Heretics vs Dragon Ranger Gaming,2 - 0,2,Patch 8.09,DRG ban Lotus; TH ban Ascent; DRG pick Icebox; TH pick Sunset; DRG ban Bind; TH ban Breeze; Split remains,Champions Tour 2024 Masters Shanghai_csvs
348458,FunPlus Phoenix vs Gen.G,Champions Tour 2024: Masters Shanghai,2024-05-25 04:00:00,Bo3,FunPlus Phoenix vs Gen.G,1 - 2,3,Patch 8.09,GEN ban Icebox; FPX ban Breeze; GEN pick Lotus; FPX pick Sunset; GEN ban Bind; FPX ban Split; Ascent remains,Champions Tour 2024 Masters Shanghai_csvs
348457,G2 Esports vs Team Heretics,Champions Tour 2024: Masters Shanghai,2024-05-25 07:40:00,Bo3,G2 Esports vs Team Heretics,2 - 1,3,Patch 8.09,TH ban Ascent; G2 ban Sunset; TH pick Lotus; G2 pick Bind; TH ban Breeze; G2 ban Icebox; Split remains,Champions Tour 2024 Masters Shanghai_csvs
348459,LEVIATÁN vs T1,Champions Tour 2024: Masters Shanghai,2024-05-26 04:00:00,Bo3,LEVIATÁN vs T1,2 - 0,2,Patch 8.09,T1 ban Bind; LEV ban Ascent; T1 pick Breeze; LEV pick Sunset; T1 ban Split; LEV ban Lotus; Icebox remains,Champions Tour 2024 Masters Shanghai_csvs
348460,Dragon Ranger Gaming vs FUT Esports,Champions Tour 2024: Masters Shanghai,2024-05-26 06:10:00,Bo3,Dragon Ranger Gaming vs FUT Esports,0 - 2,2,Patch 8.09,FUT ban Breeze; DRG ban Lotus; FUT pick Bind; DRG pick Ascent; FUT ban Sunset; DRG ban Split; Icebox remains,Champions Tour 2024 Masters Shanghai_csvs
348462,FunPlus Phoenix vs Team Heretics,Champions Tour 2024: Masters Shanghai,2024-05-27 04:00:00,Bo3,FunPlus Phoenix vs Team Heretics,1 - 2,3,Patch 8.09,TH ban Ascent; FPX ban Split; TH pick Sunset; FPX pick Lotus; TH ban Breeze; FPX ban Bind; Icebox remains,Champions Tour 2024 Masters Shanghai_csvs
348461,FUT Esports vs LEVIATÁN,Champions Tour 2024: Masters Shanghai,2024-05-27 07:35:00,Bo3,FUT Esports vs LEVIATÁN,2 - 1,3,Patch 8.09,LEV ban Split; FUT ban Breeze; LEV pick Sunset; FUT pick Lotus; LEV ban Ascent; FUT ban Icebox; Bind remains,Champions Tour 2024 Masters Shanghai_csvs
348465,100 Thieves vs FUT Esports,Champions Tour 2024: Masters Shanghai,2024-05-30 04:00:00,Bo3,100 Thieves vs FUT Esports,2 - 0,2,Patch 8.09,FUT ban Breeze; 100T ban Lotus; FUT pick Icebox; 100T pick Bind; FUT ban Split; 100T ban Sunset; Ascent remains,Champions Tour 2024 Masters Shanghai_csvs
348466,FNATIC vs Gen.G,Champions Tour 2024: Masters Shanghai,2024-05-30 06:00:00,Bo3,FNATIC vs Gen.G,1 - 2,3,Patch 8.09,GEN ban Split; FNC ban Sunset; GEN pick Lotus; FNC pick Bind; GEN ban Icebox; FNC ban Ascent; Breeze remains,Champions Tour 2024 Masters Shanghai_csvs
348463,Paper Rex vs G2 Esports,Champions Tour 2024: Masters Shanghai,2024-05-31 04:00:00,Bo3,Paper Rex vs G2 Esports,1 - 2,3,Patch 8.09,G2 ban Sunset; PRX ban Breeze; G2 pick Split; PRX pick Lotus; G2 ban Icebox; PRX ban Ascent; Bind remains,Champions Tour 2024 Masters Shanghai_csvs
348464,EDward Gaming vs Team Heretics,Champions Tour 2024: Masters Shanghai,2024-05-31 07:00:00,Bo3,EDward Gaming vs Team Heretics,0 - 2,2,Patch 8.09,TH ban Ascent; EDG ban Lotus; TH pick Sunset; EDG pick Split; TH ban Bind; EDG ban Icebox; Breeze remains,Champions Tour 2024 Masters Shanghai_csvs
348468,FUT Esports vs FNATIC,Champions Tour 2024: Masters Shanghai,2024-06-01 04:00:00,Bo3,FUT Esports vs FNATIC,2 - 1,3,Patch 8.09,FUT ban Breeze; FNC ban Sunset; FUT pick Split; FNC pick Lotus; FUT ban Bind; FNC ban Icebox; Ascent remains,Champions Tour 2024 Masters Shanghai_csvs
348467,Paper Rex vs EDward Gaming,Champions Tour 2024: Masters Shanghai,2024-06-01 07:00:00,Bo3,Paper Rex vs EDward Gaming,2 - 0,2,Patch 8.09,EDG ban Lotus; PRX ban Breeze; EDG pick Bind; PRX pick Sunset; EDG ban Ascent; PRX ban Icebox; Split remains,Champions Tour 2024 Masters Shanghai_csvs
348470,100 Thieves vs Gen.G,Champions Tour 2024: Masters Shanghai,2024-06-02 04:00:00,Bo3,100 Thieves vs Gen.G,0 - 2,2,Patch 8.09,100T ban Lotus; GEN ban Bind; 100T pick Icebox; GEN pick Ascent; 100T ban Sunset; GEN ban Split; Breeze remains,Champions Tour 2024 Masters Shanghai_csvs
348469,G2 Esports vs Team Heretics,Champions Tour 2024: Masters Shanghai,2024-06-02 06:15:00,Bo3,G2 Esports vs Team Heretics,2 - 1,3,Patch 8.09,TH ban Bind; G2 ban Sunset; TH pick Icebox; G2 pick Ascent; TH ban Split; G2 ban Breeze; Lotus remains,Champions Tour 2024 Masters Shanghai_csvs
348471,100 Thieves vs Paper Rex,Champions Tour 2024: Masters Shanghai,2024-06-03 04:00:00,Bo3,100 Thieves vs Paper Rex,2 - 1,3,Patch 8.09,100T ban Lotus; PRX ban Bind; 100T pick Breeze; PRX pick Sunset; 100T ban Split; PRX ban Ascent; Icebox remains,Champions Tour 2024 Masters Shanghai_csvs
348472,Team Heretics vs FUT Esports,Champions Tour 2024: Masters Shanghai,2024-06-03 07:10:00,Bo3,Team Heretics vs FUT Esports,2 - 0,2,Patch 8.09,FUT ban Breeze; TH ban Ascent; FUT pick Bind; TH pick Sunset; FUT ban Split; TH ban Lotus; Icebox remains,Champions Tour 2024 Masters Shanghai_csvs
348473,G2 Esports vs Gen.G,Champions Tour 2024: Masters Shanghai,2024-06-07 03:00:00,Bo3,G2 Esports vs Gen.G,0 - 2,2,Patch 8.09,G2 ban Sunset; GEN ban Bind; G2 pick Lotus; GEN pick Ascent; G2 ban Breeze; GEN ban Split; Icebox remains,Champions Tour 2024 Masters Shanghai_csvs
348474,100 Thieves vs Team Heretics,Champions Tour 2024: Masters Shanghai,2024-06-07 05:25:00,Bo3,100 Thieves vs Team Heretics,0 - 2,2,Patch 8.09,100T ban Lotus; TH ban Ascent; 100T pick Bind; TH pick Sunset; 100T ban Split; TH ban Breeze; Icebox remains,Champions Tour 2024 Masters Shanghai_csvs
348475,G2 Esports vs Team Heretics,Champions Tour 2024: Masters Shanghai,2024-06-08 03:00:00,Bo5,G2 Esports vs Team Heretics,0 - 3,3,Patch 8.09,G2 ban Sunset; TH ban Ascent; G2 pick Bind; TH pick Icebox; G2 pick Lotus; TH pick Split; Breeze remains,Champions Tour 2024 Masters Shanghai_csvs
359463,Team International vs Team China,Champions Tour 2024: Masters Shanghai,2024-06-09 03:00:00,Bo1,Team International vs Team China,0 - 1,1,,,Champions Tour 2024 Masters Shanghai_csvs
348476,Gen.G vs Team Heretics,Champions Tour 2024: Masters Shanghai,2024-06-09 04:15:00,Bo5,Gen.G vs Team Heretics,3 - 2,5,Patch 8.09,GEN ban Bind; GEN ban Sunset; GEN pick Breeze; TH pick Icebox; GEN pick Ascent; TH pick Lotus; Split remains,Champions Tour 2024 Masters Shanghai_csvs
296735,T1 vs BLEED,Champions Tour 2024: Pacific Kickoff,2024-02-17 01:00:00,Bo3,T1 vs BLEED,2 - 0,2,Patch 8.02,BLD ban Ascent; T1 ban Icebox; BLD pick Breeze; T1 pick Lotus; BLD ban Sunset; T1 ban Bind; Split remains,Champions Tour 2024 Pacific Kickoff_csvs
296745,Gen.G vs Rex Regum Qeon,Champions Tour 2024: Pacific Kickoff,2024-02-17 08:45:00,Bo3,Gen.G vs Rex Regum Qeon,2 - 1,3,Patch 8.02,RRQ ban Ascent; GEN ban Bind; RRQ pick Icebox; GEN pick Split; RRQ ban Lotus; GEN ban Breeze; Sunset remains,Champions Tour 2024 Pacific Kickoff_csvs
296730,ZETA DIVISION vs Global Esports,Champions Tour 2024: Pacific Kickoff,2024-02-18 01:00:00,Bo3,ZETA DIVISION vs Global Esports,2 - 0,2,Patch 8.02,GE ban Lotus; ZETA ban Breeze; GE pick Bind; ZETA pick Icebox; GE ban Ascent; ZETA ban Split; Sunset remains,Champions Tour 2024 Pacific Kickoff_csvs
296731,Team Secret vs TALON,Champions Tour 2024: Pacific Kickoff,2024-02-18 03:30:00,Bo3,Team Secret vs TALON,0 - 2,2,Patch 8.02,TLN ban Icebox; TS ban Split; TLN pick Breeze; TS pick Ascent; TLN ban Bind; TS ban Lotus; Sunset remains,Champions Tour 2024 Pacific Kickoff_csvs
296736,DRX vs DetonatioN FocusMe,Champions Tour 2024: Pacific Kickoff,2024-02-18 05:30:00,Bo3,DRX vs DetonatioN FocusMe,2 - 0,2,Patch 8.02,DFM ban Icebox; DRX ban Sunset; DFM pick Lotus; DRX pick Breeze; DFM ban Split; DRX ban Ascent; Bind remains,Champions Tour 2024 Pacific Kickoff_csvs
296747,Gen.G vs Paper Rex,Champions Tour 2024: Pacific Kickoff,2024-02-19 01:00:00,Bo3,Gen.G vs Paper Rex,1 - 2,3,Patch 8.02,GEN ban Split; PRX ban Icebox; GEN pick Breeze; PRX pick Lotus; GEN ban Bind; PRX ban Ascent; Sunset remains,Champions Tour 2024 Pacific Kickoff_csvs
296738,BLEED vs Global Esports,Champions Tour 2024: Pacific Kickoff,2024-02-19 04:15:00,Bo3,BLEED vs Global Esports,1 - 2,3,Patch 8.02,GE ban Lotus; BLD ban Ascent; GE pick Sunset; BLD pick Icebox; GE ban Breeze; BLD ban Bind; Split remains,Champions Tour 2024 Pacific Kickoff_csvs
296737,T1 vs ZETA DIVISION,Champions Tour 2024: Pacific Kickoff,2024-02-19 08:00:00,Bo3,T1 vs ZETA DIVISION,2 - 1,3,Patch 8.02,ZETA ban Breeze; T1 ban Icebox; ZETA pick Ascent; T1 pick Lotus; ZETA ban Split; T1 ban Bind; Sunset remains,Champions Tour 2024 Pacific Kickoff_csvs
296733,DetonatioN FocusMe vs Team Secret,Champions Tour 2024: Pacific Kickoff,2024-02-20 03:00:00,Bo3,DetonatioN FocusMe vs Team Secret,0 - 2,2,Patch 8.02,DFM ban Icebox; TS ban Split; DFM pick Lotus; TS pick Breeze; DFM ban Sunset; TS ban Bind; Ascent remains,Champions Tour 2024 Pacific Kickoff_csvs
296732,DRX vs TALON,Champions Tour 2024: Pacific Kickoff,2024-02-20 05:20:00,Bo3,DRX vs TALON,2 - 0,2,Patch 8.02,DRX ban Lotus; TLN ban Bind; DRX pick Split; TLN pick Ascent; DRX ban Sunset; TLN ban Icebox; Breeze remains,Champions Tour 2024 Pacific Kickoff_csvs
296749,Gen.G vs Rex Regum Qeon,Champions Tour 2024: Pacific Kickoff,2024-02-21 01:00:00,Bo3,Gen.G vs Rex Regum Qeon,2 - 1,3,Patch 8.02,RRQ ban Ascent; GEN ban Bind; RRQ pick Lotus; GEN pick Breeze; RRQ ban Sunset; GEN ban Split; Icebox remains,Champions Tour 2024 Pacific Kickoff_csvs
296734,TALON vs Team Secret,Champions Tour 2024: Pacific Kickoff,2024-02-21 04:30:00,Bo3,TALON vs Team Secret,0 - 2,2,Patch 8.02,TS ban Split; TLN ban Icebox; TS pick Breeze; TLN pick Ascent; TS ban Bind; TLN ban Sunset; Lotus remains,Champions Tour 2024 Pacific Kickoff_csvs
296739,ZETA DIVISION vs Global Esports,Champions Tour 2024: Pacific Kickoff,2024-02-21 07:15:00,Bo3,ZETA DIVISION vs Global Esports,2 - 0,2,Patch 8.02,GE ban Icebox; ZETA ban Breeze; GE pick Bind; ZETA pick Lotus; GE ban Ascent; ZETA ban Split; Sunset remains,Champions Tour 2024 Pacific Kickoff_csvs
297254,Team Secret vs Gen.G,Champions Tour 2024: Pacific Kickoff,2024-02-22 01:00:00,Bo3,Team Secret vs Gen.G,1 - 2,3,Patch 8.02,TS ban Split; GEN ban Ascent; TS pick Breeze; GEN pick Lotus; TS ban Bind; GEN ban Sunset; Icebox remains,Champions Tour 2024 Pacific Kickoff_csvs
297253,ZETA DIVISION vs Team Secret,Champions Tour 2024: Pacific Kickoff,2024-02-22 04:20:00,Bo3,ZETA DIVISION vs Team Secret,0 - 2,2,Patch 8.02,TS ban Split; ZETA ban Breeze; TS pick Icebox; ZETA pick Ascent; TS ban Bind; ZETA ban Sunset; Lotus remains,Champions Tour 2024 Pacific Kickoff_csvs
297255,Gen.G vs ZETA DIVISION,Champions Tour 2024: Pacific Kickoff,2024-02-22 06:30:00,Bo3,Gen.G vs ZETA DIVISION,2 - 0,2,Patch 8.02,GEN ban Bind; ZETA ban Breeze; GEN pick Icebox; ZETA pick Ascent; GEN ban Sunset; ZETA ban Split; Lotus remains,Champions Tour 2024 Pacific Kickoff_csvs
297256,T1 vs Paper Rex,Champions Tour 2024: Pacific Kickoff,2024-02-24 03:00:00,Bo3,T1 vs Paper Rex,0 - 2,2,Patch 8.03,PRX ban Breeze; T1 ban Icebox; PRX pick Split; T1 pick Ascent; PRX ban Bind; T1 ban Lotus; Sunset remains,Champions Tour 2024 Pacific Kickoff_csvs
297257,DRX vs Gen.G,Champions Tour 2024: Pacific Kickoff,2024-02-24 05:25:00,Bo3,DRX vs Gen.G,0 - 2,2,Patch 8.03,DRX ban Icebox; GEN ban Breeze; DRX pick Bind; GEN pick Lotus; DRX ban Split; GEN ban Sunset; Ascent remains,Champions Tour 2024 Pacific Kickoff_csvs
297258,Paper Rex vs Gen.G,Champions Tour 2024: Pacific Kickoff,2024-02-25 03:00:00,Bo5,Paper Rex vs Gen.G,1 - 3,4,Patch 8.03,GEN ban Sunset; PRX ban Icebox; GEN pick Ascent; PRX pick Split; GEN pick Lotus; PRX pick Bind; Breeze remains,Champions Tour 2024 Pacific Kickoff_csvs
314301.0,Global Esports vs ZETA DIVISION,Champions Tour 2024: Pacific Stage 1,2024-04-06 04:00:00,Bo3,Global Esports vs ZETA DIVISION,1 - 2,3,Patch 8.05,ZETA ban Breeze; GE ban Bind; ZETA pick Sunset; GE pick Icebox; ZETA ban Split; GE ban Lotus; Ascent remains,Champions Tour 2024 Pacific Stage 1_csvs
314302.0,Team Secret vs DRX,Champions Tour 2024: Pacific Stage 1,2024-04-06 07:00:00,Bo3,Team Secret vs DRX,0 - 2,2,Patch 8.05,TS ban Bind; DRX ban Icebox; TS pick Sunset; DRX pick Lotus; TS ban Split; DRX ban Ascent; Breeze remains,Champions Tour 2024 Pacific Stage 1_csvs
314303.0,BLEED vs TALON,Champions Tour 2024: Pacific Stage 1,2024-04-07 04:00:00,Bo3,BLEED vs TALON,1 - 2,3,Patch 8.05,TLN ban Breeze; BLD ban Ascent; TLN pick Lotus; BLD pick Bind; TLN ban Split; BLD ban Sunset; Icebox remains,Champions Tour 2024 Pacific Stage 1_csvs
314304.0,T1 vs Paper Rex,Champions Tour 2024: Pacific Stage 1,2024-04-07 07:15:00,Bo3,T1 vs Paper Rex,0 - 2,2,Patch 8.05,T1 ban Icebox; PRX ban Breeze; T1 pick Lotus; PRX pick Bind; T1 ban Split; PRX ban Ascent; Sunset remains,Champions Tour 2024 Pacific Stage 1_csvs
314305.0,Team Secret vs Rex Regum Qeon,Champions Tour 2024: Pacific Stage 1,2024-04-08 04:00:00,Bo3,Team Secret vs Rex Regum Qeon,1 - 2,3,Patch 8.05,TS ban Bind; RRQ ban Sunset; TS pick Breeze; RRQ pick Split; TS ban Lotus; RRQ ban Ascent; Icebox remains,Champions Tour 2024 Pacific Stage 1_csvs
314306.0,Global Esports vs DRX,Champions Tour 2024: Pacific Stage 1,2024-04-08 07:20:00,Bo3,Global Esports vs DRX,0 - 2,2,Patch 8.05,GE ban Bind; DRX ban Icebox; GE pick Ascent; DRX pick Lotus; GE ban Sunset; DRX ban Split; Breeze remains,Champions Tour 2024 Pacific Stage 1_csvs
314307.0,Gen.G vs TALON,Champions Tour 2024: Pacific Stage 1,2024-04-09 04:00:00,Bo3,Gen.G vs TALON,2 - 0,2,Patch 8.05,GEN ban Sunset; TLN ban Breeze; GEN pick Lotus; TLN pick Ascent; GEN ban Icebox; TLN ban Split; Bind remains,Champions Tour 2024 Pacific Stage 1_csvs
314308.0,T1 vs DetonatioN FocusMe,Champions Tour 2024: Pacific Stage 1,2024-04-09 06:10:00,Bo3,T1 vs DetonatioN FocusMe,1 - 2,3,Patch 8.05,DFM ban Bind; T1 ban Icebox; DFM pick Ascent; T1 pick Lotus; DFM ban Breeze; T1 ban Split; Sunset remains,Champions Tour 2024 Pacific Stage 1_csvs
314309.0,Gen.G vs Paper Rex,Champions Tour 2024: Pacific Stage 1,2024-04-13 04:00:00,Bo3,Gen.G vs Paper Rex,1 - 2,3,Patch 8.05,GEN ban Sunset; PRX ban Breeze; GEN pick Lotus; PRX pick Icebox; GEN ban Split; PRX ban Ascent; Bind remains,Champions Tour 2024 Pacific Stage 1_csvs
314310.0,T1 vs DRX,Champions Tour 2024: Pacific Stage 1,2024-04-13 07:10:00,Bo3,T1 vs DRX,1 - 2,3,Patch 8.05,T1 ban Icebox; DRX ban Lotus; T1 pick Breeze; DRX pick Split; T1 ban Sunset; DRX ban Ascent; Bind remains,Champions Tour 2024 Pacific Stage 1_csvs
314311.0,Team Secret vs ZETA DIVISION,Champions Tour 2024: Pacific Stage 1,2024-04-14 04:00:00,Bo3,Team Secret vs ZETA DIVISION,2 - 1,3,Patch 8.05,TS ban Bind; ZETA ban Breeze; TS pick Icebox; ZETA pick Lotus; TS ban Ascent; ZETA ban Split; Sunset remains,Champions Tour 2024 Pacific Stage 1_csvs
314312.0,BLEED vs Rex Regum Qeon,Champions Tour 2024: Pacific Stage 1,2024-04-14 07:00:00,Bo3,BLEED vs Rex Regum Qeon,0 - 2,2,Patch 8.05,BLD ban Ascent; RRQ ban Sunset; BLD pick Lotus; RRQ pick Icebox; BLD ban Split; RRQ ban Bind; Breeze remains,Champions Tour 2024 Pacific Stage 1_csvs
314313.0,Gen.G vs DetonatioN FocusMe,Champions Tour 2024: Pacific Stage 1,2024-04-15 04:00:00,Bo3,Gen.G vs DetonatioN FocusMe,2 - 0,2,Patch 8.05,DFM ban Bind; GEN ban Sunset; DFM pick Split; GEN pick Lotus; DFM ban Icebox; GEN ban Ascent; Breeze remains,Champions Tour 2024 Pacific Stage 1_csvs
314314.0,Global Esports vs TALON,Champions Tour 2024: Pacific Stage 1,2024-04-15 06:10:00,Bo3,Global Esports vs TALON,1 - 2,3,Patch 8.05,TLN ban Split; GE ban Bind; TLN pick Icebox; GE pick Breeze; TLN ban Ascent; GE ban Sunset; Lotus remains,Champions Tour 2024 Pacific Stage 1_csvs
314315.0,T1 vs Rex Regum Qeon,Champions Tour 2024: Pacific Stage 1,2024-04-16 04:00:00,Bo3,T1 vs Rex Regum Qeon,2 - 0,2,Patch 8.05,RRQ ban Sunset; T1 ban Icebox; RRQ pick Ascent; T1 pick Lotus; RRQ ban Split; T1 ban Bind; Breeze remains,Champions Tour 2024 Pacific Stage 1_csvs
314316.0,BLEED vs ZETA DIVISION,Champions Tour 2024: Pacific Stage 1,2024-04-16 06:00:00,Bo3,BLEED vs ZETA DIVISION,1 - 2,3,Patch 8.05,BLD ban Icebox; ZETA ban Breeze; BLD pick Sunset; ZETA pick Ascent; BLD ban Split; ZETA ban Bind; Lotus remains,Champions Tour 2024 Pacific Stage 1_csvs
314317.0,Gen.G vs DRX,Champions Tour 2024: Pacific Stage 1,2024-04-20 04:00:00,Bo3,Gen.G vs DRX,1 - 2,3,Patch 8.07,DRX ban Lotus; GEN ban Sunset; DRX pick Bind; GEN pick Ascent; DRX ban Breeze; GEN ban Icebox; Split remains,Champions Tour 2024 Pacific Stage 1_csvs
314318.0,BLEED vs DetonatioN FocusMe,Champions Tour 2024: Pacific Stage 1,2024-04-20 07:15:00,Bo3,BLEED vs DetonatioN FocusMe,2 - 1,3,Patch 8.07,BLD ban Icebox; DFM ban Bind; BLD pick Lotus; DFM pick Split; BLD ban Sunset; DFM ban Breeze; Ascent remains,Champions Tour 2024 Pacific Stage 1_csvs
314319.0,Global Esports vs Rex Regum Qeon,Champions Tour 2024: Pacific Stage 1,2024-04-21 04:00:00,Bo3,Global Esports vs Rex Regum Qeon,2 - 0,2,Patch 8.07,RRQ ban Sunset; GE ban Bind; RRQ pick Lotus; GE pick Icebox; RRQ ban Split; GE ban Breeze; Ascent remains,Champions Tour 2024 Pacific Stage 1_csvs
314320.0,Team Secret vs Paper Rex,Champions Tour 2024: Pacific Stage 1,2024-04-21 07:00:00,Bo3,Team Secret vs Paper Rex,2 - 0,2,Patch 8.07,TS ban Bind; PRX ban Breeze; TS pick Icebox; PRX pick Sunset; TS ban Lotus; PRX ban Ascent; Split remains,Champions Tour 2024 Pacific Stage 1_csvs
314321.0,T1 vs TALON,Champions Tour 2024: Pacific Stage 1,2024-04-22 04:00:00,Bo3,T1 vs TALON,0 - 2,2,Patch 8.07,T1 ban Icebox; TLN ban Breeze; T1 pick Lotus; TLN pick Bind; T1 ban Split; TLN ban Sunset; Ascent remains,Champions Tour 2024 Pacific Stage 1_csvs
314322.0,Gen.G vs ZETA DIVISION,Champions Tour 2024: Pacific Stage 1,2024-04-22 06:15:00,Bo3,Gen.G vs ZETA DIVISION,2 - 0,2,Patch 8.07,ZETA ban Breeze; GEN ban Sunset; ZETA pick Split; GEN pick Ascent; ZETA ban Icebox; GEN ban Bind; Lotus remains,Champions Tour 2024 Pacific Stage 1_csvs
314323.0,Team Secret vs DetonatioN FocusMe,Champions Tour 2024: Pacific Stage 1,2024-04-23 04:00:00,Bo3,Team Secret vs DetonatioN FocusMe,2 - 1,3,Patch 8.07,DFM ban Icebox; TS ban Bind; DFM pick Lotus; TS pick Breeze; DFM ban Ascent; TS ban Split; Sunset remains,Champions Tour 2024 Pacific Stage 1_csvs
314324.0,Global Esports vs Paper Rex,Champions Tour 2024: Pacific Stage 1,2024-04-23 06:50:00,Bo3,Global Esports vs Paper Rex,0 - 2,2,Patch 8.07,PRX ban Breeze; GE ban Bind; PRX pick Sunset; GE pick Icebox; PRX ban Ascent; GE ban Lotus; Split remains,Champions Tour 2024 Pacific Stage 1_csvs
314325.0,BLEED vs Paper Rex,Champions Tour 2024: Pacific Stage 1,2024-04-27 04:00:00,Bo3,BLEED vs Paper Rex,0 - 2,2,Patch 8.07,BLD ban Sunset; PRX ban Breeze; BLD pick Ascent; PRX pick Bind; BLD ban Split; PRX ban Icebox; Lotus remains,Champions Tour 2024 Pacific Stage 1_csvs
,Team 1 vs Team 2,,,,Team 1 vs Team 2,0 - 0,0,,,Champions Tour 2024 Pacific Stage 1_csvs
314327.0,T1 vs ZETA DIVISION,Champions Tour 2024: Pacific Stage 1,2024-04-28 04:00:00,Bo3,T1 vs ZETA DIVISION,2 - 1,3,Patch 8.07,ZETA ban Breeze; T1 ban Icebox; ZETA pick Bind; T1 pick Lotus; ZETA ban Split; T1 ban Ascent; Sunset remains,Champions Tour 2024 Pacific Stage 1_csvs
314328.0,Team Secret vs TALON,Champions Tour 2024: Pacific Stage 1,2024-04-28 07:10:00,Bo3,Team Secret vs TALON,1 - 2,3,Patch 8.07,TS ban Bind; TLN ban Icebox; TS pick Sunset; TLN pick Lotus; TS ban Split; TLN ban Ascent; Breeze remains,Champions Tour 2024 Pacific Stage 1_csvs
314329.0,BLEED vs DRX,Champions Tour 2024: Pacific Stage 1,2024-04-29 04:00:00,Bo3,BLEED vs DRX,0 - 2,2,Patch 8.07,DRX ban Ascent; BLD ban Sunset; DRX pick Bind; BLD pick Breeze; DRX ban Icebox; BLD ban Lotus; Split remains,Champions Tour 2024 Pacific Stage 1_csvs
314330.0,Gen.G vs Rex Regum Qeon,Champions Tour 2024: Pacific Stage 1,2024-04-29 06:05:00,Bo3,Gen.G vs Rex Regum Qeon,1 - 2,3,Patch 8.07,RRQ ban Sunset; GEN ban Icebox; RRQ pick Breeze; GEN pick Ascent; RRQ ban Lotus; GEN ban Bind; Split remains,Champions Tour 2024 Pacific Stage 1_csvs
329907.0,Team Secret vs T1,Champions Tour 2024: Pacific Stage 1,2024-05-03 04:00:00,Bo3,Team Secret vs T1,0 - 2,2,Patch 8.07,T1 ban Icebox; TS ban Bind; T1 pick Lotus; TS pick Sunset; T1 ban Ascent; TS ban Split; Breeze remains,Champions Tour 2024 Pacific Stage 1_csvs
329908.0,Paper Rex vs TALON,Champions Tour 2024: Pacific Stage 1,2024-05-03 06:10:00,Bo3,Paper Rex vs TALON,2 - 1,3,Patch 8.07,TLN ban Split; PRX ban Breeze; TLN pick Lotus; PRX pick Bind; TLN ban Ascent; PRX ban Icebox; Sunset remains,Champions Tour 2024 Pacific Stage 1_csvs
329909.0,Gen.G vs T1,Champions Tour 2024: Pacific Stage 1,2024-05-04 04:00:00,Bo3,Gen.G vs T1,1 - 2,3,Patch 8.07,GEN ban Lotus; T1 ban Icebox; GEN pick Ascent; T1 pick Sunset; GEN ban Bind; T1 ban Split; Breeze remains,Champions Tour 2024 Pacific Stage 1_csvs
329910.0,DRX vs Paper Rex,Champions Tour 2024: Pacific Stage 1,2024-05-04 07:10:00,Bo3,DRX vs Paper Rex,1 - 2,3,Patch 8.07,PRX ban Breeze; DRX ban Sunset; PRX pick Lotus; DRX pick Ascent; PRX ban Icebox; DRX ban Split; Bind remains,Champions Tour 2024 Pacific Stage 1_csvs
329912.0,T1 vs Paper Rex,Champions Tour 2024: Pacific Stage 1,2024-05-05 04:00:00,Bo3,T1 vs Paper Rex,0 - 2,2,Patch 8.07,T1 ban Icebox; PRX ban Breeze; T1 pick Lotus; PRX pick Sunset; T1 ban Bind; PRX ban Ascent; Split remains,Champions Tour 2024 Pacific Stage 1_csvs
329911.0,Gen.G vs DRX,Champions Tour 2024: Pacific Stage 1,2024-05-05 06:00:00,Bo3,Gen.G vs DRX,2 - 1,3,Patch 8.07,DRX ban Lotus; GEN ban Icebox; DRX pick Bind; GEN pick Sunset; DRX ban Breeze; GEN ban Split; Ascent remains,Champions Tour 2024 Pacific Stage 1_csvs
329913.0,T1 vs Gen.G,Champions Tour 2024: Pacific Stage 1,2024-05-11 04:00:00,Bo5,T1 vs Gen.G,0 - 3,3,Patch 8.07,T1 ban Sunset; GEN ban Breeze; T1 pick Lotus; GEN pick Icebox; T1 pick Bind; GEN pick Split; Ascent remains,Champions Tour 2024 Pacific Stage 1_csvs
329914.0,Paper Rex vs Gen.G,Champions Tour 2024: Pacific Stage 1,2024-05-12 04:00:00,Bo5,Paper Rex vs Gen.G,3 - 2,5,Patch 8.07,PRX ban Breeze; PRX ban Ascent; PRX pick Lotus; GEN pick Sunset; PRX pick Icebox; GEN pick Bind; Split remains,Champions Tour 2024 Pacific Stage 1_csvs
314340,ZETA DIVISION vs DRX,Champions Tour 2024: Pacific Stage 2,2024-06-15 04:00:00,Bo3,ZETA DIVISION vs DRX,1 - 2,3,Patch 8.10,DRX ban Bind; ZETA ban Split; DRX pick Icebox; ZETA pick Sunset; DRX ban Ascent; ZETA ban Lotus; Breeze remains,Champions Tour 2024 Pacific Stage 2_csvs
314341,Team Secret vs BLEED,Champions Tour 2024: Pacific Stage 2,2024-06-15 06:40:00,Bo3,Team Secret vs BLEED,2 - 1,3,Patch 8.10,BLD ban Icebox; TS ban Bind; BLD pick Ascent; TS pick Sunset; BLD ban Breeze; TS ban Lotus; Split remains,Champions Tour 2024 Pacific Stage 2_csvs
314342,T1 vs Gen.G,Champions Tour 2024: Pacific Stage 2,2024-06-16 04:00:00,Bo3,T1 vs Gen.G,1 - 2,3,Patch 8.10,T1 ban Breeze; GEN ban Icebox; T1 pick Split; GEN pick Lotus; T1 ban Bind; GEN ban Ascent; Sunset remains,Champions Tour 2024 Pacific Stage 2_csvs
314343,Paper Rex vs TALON,Champions Tour 2024: Pacific Stage 2,2024-06-16 07:30:00,Bo3,Paper Rex vs TALON,2 - 0,2,Patch 8.10,TLN ban Split; PRX ban Breeze; TLN pick Icebox; PRX pick Sunset; TLN ban Lotus; PRX ban Ascent; Bind remains,Champions Tour 2024 Pacific Stage 2_csvs
314344,Rex Regum Qeon vs DetonatioN FocusMe,Champions Tour 2024: Pacific Stage 2,2024-06-17 04:00:00,Bo3,Rex Regum Qeon vs DetonatioN FocusMe,2 - 0,2,Patch 8.10,RRQ ban Bind; DFM ban Breeze; RRQ pick Icebox; DFM pick Ascent; RRQ ban Sunset; DFM ban Split; Lotus remains,Champions Tour 2024 Pacific Stage 2_csvs
314345,Team Secret vs Global Esports,Champions Tour 2024: Pacific Stage 2,2024-06-17 06:35:00,Bo3,Team Secret vs Global Esports,2 - 0,2,Patch 8.10,TS ban Bind; GE ban Breeze; TS pick Sunset; GE pick Ascent; TS ban Lotus; GE ban Split; Icebox remains,Champions Tour 2024 Pacific Stage 2_csvs
314346,TALON vs Rex Regum Qeon,Champions Tour 2024: Pacific Stage 2,2024-06-22 04:00:00,Bo3,TALON vs Rex Regum Qeon,2 - 1,3,Patch 8.11,TLN ban Split; RRQ ban Bind; TLN pick Lotus; RRQ pick Ascent; TLN ban Sunset; RRQ ban Haven; Icebox remains,Champions Tour 2024 Pacific Stage 2_csvs
314347,Paper Rex vs DRX,Champions Tour 2024: Pacific Stage 2,2024-06-22 07:50:00,Bo3,Paper Rex vs DRX,2 - 1,3,Patch 8.11,PRX ban Ascent; DRX ban Sunset; PRX pick Split; DRX pick Haven; PRX ban Bind; DRX ban Lotus; Icebox remains,Champions Tour 2024 Pacific Stage 2_csvs
314348,Global Esports vs BLEED,Champions Tour 2024: Pacific Stage 2,2024-06-23 04:00:00,Bo3,Global Esports vs BLEED,2 - 0,2,Patch 8.11,GE ban Split; BLD ban Icebox; GE pick Lotus; BLD pick Sunset; GE ban Bind; BLD ban Ascent; Haven remains,Champions Tour 2024 Pacific Stage 2_csvs
314349,DetonatioN FocusMe vs ZETA DIVISION,Champions Tour 2024: Pacific Stage 2,2024-06-23 06:05:00,Bo3,DetonatioN FocusMe vs ZETA DIVISION,2 - 1,3,Patch 8.11,DFM ban Bind; ZETA ban Split; DFM pick Haven; ZETA pick Sunset; DFM ban Lotus; ZETA ban Icebox; Ascent remains,Champions Tour 2024 Pacific Stage 2_csvs
314350,DRX vs Rex Regum Qeon,Champions Tour 2024: Pacific Stage 2,2024-06-24 04:00:00,Bo3,DRX vs Rex Regum Qeon,0 - 2,2,Patch 8.11,DRX ban Icebox; RRQ ban Bind; DRX pick Split; RRQ pick Sunset; DRX ban Lotus; RRQ ban Ascent; Haven remains,Champions Tour 2024 Pacific Stage 2_csvs
314351,Team Secret vs T1,Champions Tour 2024: Pacific Stage 2,2024-06-24 06:20:00,Bo3,Team Secret vs T1,2 - 1,3,Patch 8.11,TS ban Bind; T1 ban Sunset; TS pick Haven; T1 pick Split; TS ban Ascent; T1 ban Lotus; Icebox remains,Champions Tour 2024 Pacific Stage 2_csvs
314352,TALON vs DetonatioN FocusMe,Champions Tour 2024: Pacific Stage 2,2024-06-29 04:00:00,Bo3,TALON vs DetonatioN FocusMe,2 - 0,2,Patch 9.0,TLN ban Split; DFM ban Bind; TLN pick Lotus; DFM pick Sunset; TLN ban Haven; DFM ban Icebox; Ascent remains,Champions Tour 2024 Pacific Stage 2_csvs
314353,ZETA DIVISION vs Rex Regum Qeon,Champions Tour 2024: Pacific Stage 2,2024-06-29 06:10:00,Bo3,ZETA DIVISION vs Rex Regum Qeon,0 - 2,2,Patch 9.0,RRQ ban Bind; ZETA ban Icebox; RRQ pick Split; ZETA pick Sunset; RRQ ban Haven; ZETA ban Lotus; Ascent remains,Champions Tour 2024 Pacific Stage 2_csvs
314354,Global Esports vs T1,Champions Tour 2024: Pacific Stage 2,2024-06-30 04:00:00,Bo3,Global Esports vs T1,1 - 2,3,Patch 9.0,GE ban Bind; T1 ban Sunset; GE pick Icebox; T1 pick Lotus; GE ban Split; T1 ban Haven; Ascent remains,Champions Tour 2024 Pacific Stage 2_csvs
314355,BLEED vs Gen.G,Champions Tour 2024: Pacific Stage 2,2024-06-30 07:15:00,Bo3,BLEED vs Gen.G,1 - 2,3,Patch 9.0,BLD ban Lotus; GEN ban Bind; BLD pick Ascent; GEN pick Sunset; BLD ban Split; GEN ban Haven; Icebox remains,Champions Tour 2024 Pacific Stage 2_csvs
314356,Paper Rex vs DetonatioN FocusMe,Champions Tour 2024: Pacific Stage 2,2024-07-01 04:00:00,Bo3,Paper Rex vs DetonatioN FocusMe,2 - 0,2,Patch 9.0,DFM ban Split; PRX ban Ascent; DFM pick Icebox; PRX pick Sunset; DFM ban Bind; PRX ban Haven; Lotus remains,Champions Tour 2024 Pacific Stage 2_csvs
314357,DRX vs TALON,Champions Tour 2024: Pacific Stage 2,2024-07-01 06:00:00,Bo3,DRX vs TALON,2 - 1,3,Patch 9.0,DRX ban Lotus; TLN ban Split; DRX pick Ascent; TLN pick Haven; DRX ban Sunset; TLN ban Bind; Icebox remains,Champions Tour 2024 Pacific Stage 2_csvs
314358,Paper Rex vs Rex Regum Qeon,Champions Tour 2024: Pacific Stage 2,2024-07-05 04:00:00,Bo3,Paper Rex vs Rex Regum Qeon,2 - 1,3,Patch 9.0,PRX ban Split; RRQ ban Bind; PRX pick Lotus; RRQ pick Ascent; PRX ban Haven; RRQ ban Icebox; Sunset remains,Champions Tour 2024 Pacific Stage 2_csvs
314359,Gen.G vs Global Esports,Champions Tour 2024: Pacific Stage 2,2024-07-05 07:00:00,Bo3,Gen.G vs Global Esports,2 - 0,2,Patch 9.0,GE ban Bind; GEN ban Icebox; GE pick Lotus; GEN pick Ascent; GE ban Split; GEN ban Haven; Sunset remains,Champions Tour 2024 Pacific Stage 2_csvs
314360,DRX vs DetonatioN FocusMe,Champions Tour 2024: Pacific Stage 2,2024-07-06 04:00:00,Bo3,DRX vs DetonatioN FocusMe,2 - 1,3,Patch 9.0,DRX ban Sunset; DFM ban Split; DRX pick Icebox; DFM pick Ascent; DRX ban Bind; DFM ban Lotus; Haven remains,Champions Tour 2024 Pacific Stage 2_csvs
314361,ZETA DIVISION vs TALON,Champions Tour 2024: Pacific Stage 2,2024-07-06 06:45:00,Bo3,ZETA DIVISION vs TALON,2 - 1,3,Patch 9.0,ZETA ban Icebox; TLN ban Split; ZETA pick Ascent; TLN pick Lotus; ZETA ban Sunset; TLN ban Bind; Haven remains,Champions Tour 2024 Pacific Stage 2_csvs
314362,Gen.G vs Team Secret,Champions Tour 2024: Pacific Stage 2,2024-07-07 04:00:00,Bo3,Gen.G vs Team Secret,1 - 2,3,Patch 9.0,TS ban Bind; GEN ban Icebox; TS pick Sunset; GEN pick Lotus; TS ban Ascent; GEN ban Haven; Split remains,Champions Tour 2024 Pacific Stage 2_csvs
314363,Paper Rex vs ZETA DIVISION,Champions Tour 2024: Pacific Stage 2,2024-07-07 07:00:00,Bo3,Paper Rex vs ZETA DIVISION,2 - 1,3,Patch 9.0,ZETA ban Icebox; PRX ban Haven; ZETA pick Ascent; PRX pick Lotus; ZETA ban Split; PRX ban Bind; Sunset remains,Champions Tour 2024 Pacific Stage 2_csvs
314364,T1 vs BLEED,Champions Tour 2024: Pacific Stage 2,2024-07-08 04:00:00,Bo3,T1 vs BLEED,2 - 1,3,Patch 9.0,BLD ban Split; T1 ban Sunset; BLD pick Bind; T1 pick Lotus; BLD ban Icebox; T1 ban Haven; Ascent remains,Champions Tour 2024 Pacific Stage 2_csvs
365316,Gen.G vs Rex Regum Qeon,Champions Tour 2024: Pacific Stage 2,2024-07-12 04:00:00,Bo3,Gen.G vs Rex Regum Qeon,2 - 0,2,Patch 9.0,RRQ ban Lotus; GEN ban Abyss; RRQ pick Haven; GEN pick Bind; RRQ ban Ascent; GEN ban Icebox; Sunset remains,Champions Tour 2024 Pacific Stage 2_csvs
365317,Team Secret vs TALON,Champions Tour 2024: Pacific Stage 2,2024-07-12 06:15:00,Bo3,Team Secret vs TALON,0 - 2,2,Patch 9.0,TLN ban Sunset; TS ban Bind; TLN pick Lotus; TS pick Abyss; TLN ban Icebox; TS ban Ascent; Haven remains,Champions Tour 2024 Pacific Stage 2_csvs
365318,Paper Rex vs Gen.G,Champions Tour 2024: Pacific Stage 2,2024-07-13 04:00:00,Bo3,Paper Rex vs Gen.G,0 - 2,2,Patch 9.0,GEN ban Abyss; PRX ban Haven; GEN pick Ascent; PRX pick Icebox; GEN ban Sunset; PRX ban Bind; Lotus remains,Champions Tour 2024 Pacific Stage 2_csvs
365319,DRX vs TALON,Champions Tour 2024: Pacific Stage 2,2024-07-13 06:05:00,Bo3,DRX vs TALON,2 - 0,2,Patch 9.0,TLN ban Icebox; DRX ban Lotus; TLN pick Ascent; DRX pick Abyss; TLN ban Bind; DRX ban Haven; Sunset remains,Champions Tour 2024 Pacific Stage 2_csvs
365320,Gen.G vs DRX,Champions Tour 2024: Pacific Stage 2,2024-07-14 04:00:00,Bo3,Gen.G vs DRX,2 - 1,3,Patch 9.0,GEN ban Abyss; DRX ban Lotus; GEN pick Haven; DRX pick Sunset; GEN ban Icebox; DRX ban Ascent; Bind remains,Champions Tour 2024 Pacific Stage 2_csvs
365322,Paper Rex vs TALON,Champions Tour 2024: Pacific Stage 2,2024-07-14 07:15:00,Bo3,Paper Rex vs TALON,2 - 0,2,Patch 9.0,TLN ban Abyss; PRX ban Haven; TLN pick Ascent; PRX pick Sunset; TLN ban Icebox; PRX ban Bind; Lotus remains,Champions Tour 2024 Pacific Stage 2_csvs
365323,DRX vs Paper Rex,Champions Tour 2024: Pacific Stage 2,2024-07-20 04:00:00,Bo5,DRX vs Paper Rex,3 - 2,5,Patch 9.0,DRX ban Sunset; PRX ban Haven; DRX pick Abyss; PRX pick Lotus; DRX pick Bind; PRX pick Icebox; Ascent remains,Champions Tour 2024 Pacific Stage 2_csvs
365321,Gen.G vs DRX,Champions Tour 2024: Pacific Stage 2,2024-07-21 04:00:00,Bo5,Gen.G vs DRX,3 - 1,4,Patch 9.0,GEN ban Sunset; GEN ban Abyss; GEN pick Haven; DRX pick Bind; GEN pick Lotus; DRX pick Icebox; Ascent remains,Champions Tour 2024 Pacific Stage 2_csvs
427991,Evil Geniuses vs LOUD,VCT 2025: Americas Kickoff,2025-01-16 17:00:00,Bo3,Evil Geniuses vs LOUD,0 - 2,2,Patch 10.0,LOUD ban Fracture; EG ban Haven; LOUD pick Split; EG pick Pearl; LOUD ban Abyss; EG ban Bind; Lotus remains,VCT 2025 Americas Kickoff_csvs
427992,MIBR vs 100 Thieves,VCT 2025: Americas Kickoff,2025-01-16 19:45:00,Bo3,MIBR vs 100 Thieves,0 - 2,2,Patch 10.0,MIBR ban Fracture; 100T ban Abyss; MIBR pick Lotus; 100T pick Bind; MIBR ban Split; 100T ban Pearl; Haven remains,VCT 2025 Americas Kickoff_csvs
427994,2Game Esports vs FURIA,VCT 2025: Americas Kickoff,2025-01-17 17:00:00,Bo3,2Game Esports vs FURIA,0 - 2,2,Patch 10.0,2G ban Fracture; FUR ban Pearl; 2G pick Haven; FUR pick Lotus; 2G ban Abyss; FUR ban Split; Bind remains,VCT 2025 Americas Kickoff_csvs
427993,NRG vs Cloud9,VCT 2025: Americas Kickoff,2025-01-17 19:05:00,Bo3,NRG vs Cloud9,0 - 2,2,Patch 10.0,NRG ban Abyss; C9 ban Haven; NRG pick Fracture; C9 pick Lotus; NRG ban Pearl; C9 ban Split; Bind remains,VCT 2025 Americas Kickoff_csvs
427995,KRÜ Esports vs LOUD,VCT 2025: Americas Kickoff,2025-01-18 17:00:00,Bo3,KRÜ Esports vs LOUD,0 - 2,2,Patch 10.0,LOUD ban Fracture; KRÜ ban Pearl; LOUD pick Haven; KRÜ pick Split; LOUD ban Abyss; KRÜ ban Lotus; Bind remains,VCT 2025 Americas Kickoff_csvs
427996,Sentinels vs 100 Thieves,VCT 2025: Americas Kickoff,2025-01-18 19:25:00,Bo3,Sentinels vs 100 Thieves,2 - 1,3,Patch 10.0,SEN ban Fracture; 100T ban Abyss; SEN pick Split; 100T pick Bind; SEN ban Haven; 100T ban Lotus; Pearl remains,VCT 2025 Americas Kickoff_csvs
427998,LEVIATÁN vs FURIA,VCT 2025: Americas Kickoff,2025-01-19 17:00:00,Bo3,LEVIATÁN vs FURIA,2 - 0,2,Patch 10.0,FUR ban Abyss; LEV ban Bind; FUR pick Haven; LEV pick Split; FUR ban Pearl; LEV ban Lotus; Fracture remains,VCT 2025 Americas Kickoff_csvs
427997,G2 Esports vs Cloud9,VCT 2025: Americas Kickoff,2025-01-19 19:20:00,Bo3,G2 Esports vs Cloud9,2 - 0,2,Patch 10.0,C9 ban Haven; G2 ban Fracture; C9 pick Lotus; G2 pick Abyss; C9 ban Bind; G2 ban Pearl; Split remains,VCT 2025 Americas Kickoff_csvs
428003,FURIA vs Evil Geniuses,VCT 2025: Americas Kickoff,2025-01-23 17:00:00,Bo3,FURIA vs Evil Geniuses,0 - 2,2,Patch 10.0,EG ban Haven; FUR ban Split; EG pick Abyss; FUR pick Fracture; EG ban Bind; FUR ban Pearl; Lotus remains,VCT 2025 Americas Kickoff_csvs
428004,Cloud9 vs MIBR,VCT 2025: Americas Kickoff,2025-01-23 19:20:00,Bo3,Cloud9 vs MIBR,1 - 2,3,Patch 10.0,C9 ban Haven; MIBR ban Fracture; C9 pick Lotus; MIBR pick Abyss; C9 ban Bind; MIBR ban Split; Pearl remains,VCT 2025 Americas Kickoff_csvs
428006,KRÜ Esports vs 2Game Esports,VCT 2025: Americas Kickoff,2025-01-24 17:00:00,Bo3,KRÜ Esports vs 2Game Esports,2 - 0,2,Patch 10.0,2G ban Fracture; KRÜ ban Pearl; 2G pick Abyss; KRÜ pick Split; 2G ban Lotus; KRÜ ban Haven; Bind remains,VCT 2025 Americas Kickoff_csvs
428005,100 Thieves vs NRG,VCT 2025: Americas Kickoff,2025-01-24 19:00:00,Bo3,100 Thieves vs NRG,1 - 2,3,Patch 10.0,100T ban Abyss; NRG ban Split; 100T pick Lotus; NRG pick Pearl; 100T ban Haven; NRG ban Fracture; Bind remains,VCT 2025 Americas Kickoff_csvs
427999,LOUD vs Sentinels,VCT 2025: Americas Kickoff,2025-01-31 17:00:00,Bo3,LOUD vs Sentinels,1 - 2,3,Patch 10.01,LOUD ban Fracture; SEN ban Haven; LOUD pick Lotus; SEN pick Pearl; LOUD ban Abyss; SEN ban Bind; Split remains,VCT 2025 Americas Kickoff_csvs
428000,G2 Esports vs LEVIATÁN,VCT 2025: Americas Kickoff,2025-01-31 21:00:00,Bo3,G2 Esports vs LEVIATÁN,2 - 0,2,Patch 10.01,G2 ban Haven; LEV ban Bind; G2 pick Pearl; LEV pick Fracture; G2 ban Lotus; LEV ban Split; Abyss remains,VCT 2025 Americas Kickoff_csvs
428007,Evil Geniuses vs MIBR,VCT 2025: Americas Kickoff,2025-02-01 17:00:00,Bo3,Evil Geniuses vs MIBR,0 - 2,2,Patch 10.01,MIBR ban Fracture; EG ban Haven; MIBR pick Abyss; EG pick Split; MIBR ban Lotus; EG ban Bind; Pearl remains,VCT 2025 Americas Kickoff_csvs
428008,NRG vs KRÜ Esports,VCT 2025: Americas Kickoff,2025-02-01 19:30:00,Bo3,NRG vs KRÜ Esports,1 - 2,3,Patch 10.01,KRÜ ban Fracture; NRG ban Split; KRÜ pick Abyss; NRG pick Haven; KRÜ ban Pearl; NRG ban Lotus; Bind remains,VCT 2025 Americas Kickoff_csvs
428009,LEVIATÁN vs MIBR,VCT 2025: Americas Kickoff,2025-02-02 17:00:00,Bo3,LEVIATÁN vs MIBR,1 - 2,3,Patch 10.01,LEV ban Bind; MIBR ban Fracture; LEV pick Lotus; MIBR pick Pearl; LEV ban Abyss; MIBR ban Haven; Split remains,VCT 2025 Americas Kickoff_csvs
428010,LOUD vs KRÜ Esports,VCT 2025: Americas Kickoff,2025-02-02 20:30:00,Bo3,LOUD vs KRÜ Esports,0 - 2,2,Patch 10.01,KRÜ ban Fracture; LOUD ban Abyss; KRÜ pick Bind; LOUD pick Haven; KRÜ ban Pearl; LOUD ban Split; Lotus remains,VCT 2025 Americas Kickoff_csvs
428001,Sentinels vs G2 Esports,VCT 2025: Americas Kickoff,2025-02-06 17:00:00,Bo3,Sentinels vs G2 Esports,0 - 2,2,Patch 10.01,G2 ban Lotus; SEN ban Split; G2 pick Abyss; SEN pick Pearl; G2 ban Haven; SEN ban Bind; Fracture remains,VCT 2025 Americas Kickoff_csvs
428011,MIBR vs KRÜ Esports,VCT 2025: Americas Kickoff,2025-02-06 19:20:00,Bo3,MIBR vs KRÜ Esports,2 - 1,3,Patch 10.01,KRÜ ban Pearl; MIBR ban Lotus; KRÜ pick Bind; MIBR pick Abyss; KRÜ ban Fracture; MIBR ban Haven; Split remains,VCT 2025 Americas Kickoff_csvs
428012,Sentinels vs MIBR,VCT 2025: Americas Kickoff,2025-02-07 17:00:00,Bo5,Sentinels vs MIBR,3 - 1,4,Patch 10.01,SEN ban Haven; MIBR ban Fracture; SEN pick Lotus; MIBR pick Abyss; SEN pick Pearl; MIBR pick Split; Bind remains,VCT 2025 Americas Kickoff_csvs
428002,G2 Esports vs Sentinels,VCT 2025: Americas Kickoff,2025-02-08 17:00:00,Bo5,G2 Esports vs Sentinels,3 - 2,5,Patch 10.01,G2 ban Bind; G2 ban Lotus; G2 pick Split; SEN pick Pearl; G2 pick Abyss; SEN pick Fracture; Haven remains,VCT 2025 Americas Kickoff_csvs
459517,Cloud9 vs NRG,VCT 2025: Americas Stage 1,2025-03-21 17:00:00,Bo3,Cloud9 vs NRG,2 - 1,3,Patch 10.05,NRG ban Split; C9 ban Haven; NRG pick Lotus; C9 pick Fracture; NRG ban Icebox; C9 ban Ascent; Pearl remains,VCT 2025 Americas Stage 1_csvs
459518,VISA KRÜ(KRÜ Esports) vs LOUD,VCT 2025: Americas Stage 1,2025-03-21 20:25:00,Bo3,VISA KRÜ(KRÜ Esports) vs LOUD,2 - 1,3,Patch 10.05,KRÜ ban Ascent; LOUD ban Icebox; KRÜ pick Fracture; LOUD pick Haven; KRÜ ban Pearl; LOUD ban Lotus; Split remains,VCT 2025 Americas Stage 1_csvs
459519,G2 Esports vs FURIA,VCT 2025: Americas Stage 1,2025-03-22 17:00:00,Bo3,G2 Esports vs FURIA,2 - 0,2,Patch 10.05,G2 ban Fracture; FUR ban Icebox; G2 pick Lotus; FUR pick Ascent; G2 ban Haven; FUR ban Pearl; Split remains,VCT 2025 Americas Stage 1_csvs
459520,MIBR vs LEVIATÁN,VCT 2025: Americas Stage 1,2025-03-22 19:25:00,Bo3,MIBR vs LEVIATÁN,2 - 0,2,Patch 10.05,LEV ban Pearl; MIBR ban Fracture; LEV pick Split; MIBR pick Icebox; LEV ban Lotus; MIBR ban Haven; Ascent remains,VCT 2025 Americas Stage 1_csvs
459521,2Game Esports vs Evil Geniuses,VCT 2025: Americas Stage 1,2025-03-23 17:00:00,Bo3,2Game Esports vs Evil Geniuses,0 - 2,2,Patch 10.05,2G ban Fracture; EG ban Ascent; 2G pick Haven; EG pick Lotus; 2G ban Pearl; EG ban Icebox; Split remains,VCT 2025 Americas Stage 1_csvs
459522,Sentinels vs 100 Thieves,VCT 2025: Americas Stage 1,2025-03-23 19:30:00,Bo3,Sentinels vs 100 Thieves,2 - 1,3,Patch 10.05,SEN ban Fracture; 100T ban Lotus; SEN pick Pearl; 100T pick Haven; SEN ban Ascent; 100T ban Icebox; Split remains,VCT 2025 Americas Stage 1_csvs
459523,NRG vs FURIA,VCT 2025: Americas Stage 1,2025-03-28 17:00:00,Bo3,NRG vs FURIA,2 - 1,3,Patch 10.05,NRG ban Split; FUR ban Icebox; NRG pick Lotus; FUR pick Pearl; NRG ban Haven; FUR ban Ascent; Fracture remains,VCT 2025 Americas Stage 1_csvs
459524,Sentinels vs VISA KRÜ(KRÜ Esports),VCT 2025: Americas Stage 1,2025-03-28 20:00:00,Bo3,Sentinels vs VISA KRÜ(KRÜ Esports),0 - 2,2,Patch 10.05,SEN ban Fracture; KRÜ ban Pearl; SEN pick Lotus; KRÜ pick Icebox; SEN ban Ascent; KRÜ ban Haven; Split remains,VCT 2025 Americas Stage 1_csvs
459525,100 Thieves vs Evil Geniuses,VCT 2025: Americas Stage 1,2025-03-29 17:00:00,Bo3,100 Thieves vs Evil Geniuses,2 - 0,2,Patch 10.05,EG ban Ascent; 100T ban Lotus; EG pick Fracture; 100T pick Haven; EG ban Icebox; 100T ban Pearl; Split remains,VCT 2025 Americas Stage 1_csvs
459526,G2 Esports vs MIBR,VCT 2025: Americas Stage 1,2025-03-29 19:15:00,Bo3,G2 Esports vs MIBR,2 - 1,3,Patch 10.05,MIBR ban Lotus; G2 ban Icebox; MIBR pick Pearl; G2 pick Haven; MIBR ban Fracture; G2 ban Split; Ascent remains,VCT 2025 Americas Stage 1_csvs
459527,LOUD vs 2Game Esports,VCT 2025: Americas Stage 1,2025-03-30 17:00:00,Bo3,LOUD vs 2Game Esports,0 - 2,2,Patch 10.05,LOUD ban Ascent; 2G ban Fracture; LOUD pick Lotus; 2G pick Pearl; LOUD ban Haven; 2G ban Icebox; Split remains,VCT 2025 Americas Stage 1_csvs
459528,LEVIATÁN vs Cloud9,VCT 2025: Americas Stage 1,2025-03-30 19:50:00,Bo3,LEVIATÁN vs Cloud9,0 - 2,2,Patch 10.05,C9 ban Haven; LEV ban Fracture; C9 pick Split; LEV pick Ascent; C9 ban Icebox; LEV ban Pearl; Lotus remains,VCT 2025 Americas Stage 1_csvs
459529,Evil Geniuses vs Sentinels,VCT 2025: Americas Stage 1,2025-04-04 17:00:00,Bo3,Evil Geniuses vs Sentinels,0 - 2,2,Patch 10.06,EG ban Split; SEN ban Fracture; EG pick Haven; SEN pick Pearl; EG ban Icebox; SEN ban Ascent; Lotus remains,VCT 2025 Americas Stage 1_csvs
459530,100 Thieves vs LOUD,VCT 2025: Americas Stage 1,2025-04-04 19:10:00,Bo3,100 Thieves vs LOUD,2 - 1,3,Patch 10.06,100T ban Lotus; LOUD ban Ascent; 100T pick Haven; LOUD pick Icebox; 100T ban Pearl; LOUD ban Fracture; Split remains,VCT 2025 Americas Stage 1_csvs
459531,2Game Esports vs VISA KRÜ(KRÜ Esports),VCT 2025: Americas Stage 1,2025-04-05 17:00:00,Bo3,2Game Esports vs VISA KRÜ(KRÜ Esports),1 - 2,3,Patch 10.06,KRÜ ban Haven; 2G ban Fracture; KRÜ pick Icebox; 2G pick Ascent; KRÜ ban Split; 2G ban Lotus; Pearl remains,VCT 2025 Americas Stage 1_csvs
459532,G2 Esports vs NRG,VCT 2025: Americas Stage 1,2025-04-05 20:10:00,Bo3,G2 Esports vs NRG,2 - 0,2,Patch 10.06,NRG ban Split; G2 ban Fracture; NRG pick Lotus; G2 pick Ascent; NRG ban Icebox; G2 ban Haven; Pearl remains,VCT 2025 Americas Stage 1_csvs
459533,FURIA vs LEVIATÁN,VCT 2025: Americas Stage 1,2025-04-06 17:00:00,Bo3,FURIA vs LEVIATÁN,0 - 2,2,Patch 10.06,FUR ban Fracture; LEV ban Lotus; FUR pick Ascent; LEV pick Pearl; FUR ban Icebox; LEV ban Split; Haven remains,VCT 2025 Americas Stage 1_csvs
459534,Cloud9 vs MIBR,VCT 2025: Americas Stage 1,2025-04-06 19:15:00,Bo3,Cloud9 vs MIBR,1 - 2,3,Patch 10.06,MIBR ban Fracture; C9 ban Icebox; MIBR pick Pearl; C9 pick Lotus; MIBR ban Split; C9 ban Ascent; Haven remains,VCT 2025 Americas Stage 1_csvs
459535,100 Thieves vs 2Game Esports,VCT 2025: Americas Stage 1,2025-04-11 17:00:00,Bo3,100 Thieves vs 2Game Esports,2 - 0,2,Patch 10.06,2G ban Fracture; 100T ban Lotus; 2G pick Ascent; 100T pick Icebox; 2G ban Haven; 100T ban Pearl; Split remains,VCT 2025 Americas Stage 1_csvs
459536,G2 Esports vs LEVIATÁN,VCT 2025: Americas Stage 1,2025-04-11 19:30:00,Bo3,G2 Esports vs LEVIATÁN,2 - 1,3,Patch 10.06,G2 ban Icebox; LEV ban Ascent; G2 pick Lotus; LEV pick Fracture; G2 ban Pearl; LEV ban Split; Haven remains,VCT 2025 Americas Stage 1_csvs
459537,FURIA vs Cloud9,VCT 2025: Americas Stage 1,2025-04-12 17:00:00,Bo3,FURIA vs Cloud9,0 - 2,2,Patch 10.06,FUR ban Fracture; C9 ban Haven; FUR pick Lotus; C9 pick Pearl; FUR ban Icebox; C9 ban Ascent; Split remains,VCT 2025 Americas Stage 1_csvs
459538,Sentinels vs LOUD,VCT 2025: Americas Stage 1,2025-04-12 19:25:00,Bo3,Sentinels vs LOUD,2 - 1,3,Patch 10.06,SEN ban Fracture; LOUD ban Pearl; SEN pick Split; LOUD pick Lotus; SEN ban Icebox; LOUD ban Ascent; Haven remains,VCT 2025 Americas Stage 1_csvs
459539,VISA KRÜ(KRÜ Esports) vs Evil Geniuses,VCT 2025: Americas Stage 1,2025-04-13 17:00:00,Bo3,VISA KRÜ(KRÜ Esports) vs Evil Geniuses,0 - 2,2,Patch 10.06,KRÜ ban Fracture; EG ban Icebox; KRÜ pick Lotus; EG pick Pearl; KRÜ ban Ascent; EG ban Haven; Split remains,VCT 2025 Americas Stage 1_csvs
459540,NRG vs MIBR,VCT 2025: Americas Stage 1,2025-04-13 19:10:00,Bo3,NRG vs MIBR,0 - 2,2,Patch 10.06,NRG ban Split; MIBR ban Fracture; NRG pick Haven; MIBR pick Icebox; NRG ban Lotus; MIBR ban Ascent; Pearl remains,VCT 2025 Americas Stage 1_csvs
459541,G2 Esports vs Cloud9,VCT 2025: Americas Stage 1,2025-04-18 17:00:00,Bo3,G2 Esports vs Cloud9,2 - 1,3,Patch 10.07,C9 ban Lotus; G2 ban Fracture; C9 pick Icebox; G2 pick Haven; C9 ban Split; G2 ban Ascent; Pearl remains,VCT 2025 Americas Stage 1_csvs
459542,MIBR vs FURIA,VCT 2025: Americas Stage 1,2025-04-18 20:00:00,Bo3,MIBR vs FURIA,2 - 1,3,Patch 10.07,MIBR ban Fracture; FUR ban Pearl; MIBR pick Icebox; FUR pick Ascent; MIBR ban Lotus; FUR ban Haven; Split remains,VCT 2025 Americas Stage 1_csvs
459543,Sentinels vs 2Game Esports,VCT 2025: Americas Stage 1,2025-04-19 17:00:00,Bo3,Sentinels vs 2Game Esports,2 - 0,2,Patch 10.07,2G ban Fracture; SEN ban Ascent; 2G pick Haven; SEN pick Pearl; 2G ban Lotus; SEN ban Icebox; Split remains,VCT 2025 Americas Stage 1_csvs
459544,VISA KRÜ(KRÜ Esports) vs 100 Thieves,VCT 2025: Americas Stage 1,2025-04-19 19:10:00,Bo3,VISA KRÜ(KRÜ Esports) vs 100 Thieves,2 - 0,2,Patch 10.07,100T ban Lotus; KRÜ ban Haven; 100T pick Fracture; KRÜ pick Icebox; 100T ban Pearl; KRÜ ban Ascent; Split remains,VCT 2025 Americas Stage 1_csvs
459545,Evil Geniuses vs LOUD,VCT 2025: Americas Stage 1,2025-04-20 17:00:00,Bo3,Evil Geniuses vs LOUD,2 - 1,3,Patch 10.07,LOUD ban Ascent; EG ban Haven; LOUD pick Lotus; EG pick Pearl; LOUD ban Fracture; EG ban Icebox; Split remains,VCT 2025 Americas Stage 1_csvs
459546,LEVIATÁN vs NRG,VCT 2025: Americas Stage 1,2025-04-20 21:00:00,Bo3,LEVIATÁN vs NRG,0 - 2,2,Patch 10.07,NRG ban Split; LEV ban Pearl; NRG pick Fracture; LEV pick Icebox; NRG ban Haven; LEV ban Ascent; Lotus remains,VCT 2025 Americas Stage 1_csvs
475897,MIBR vs 100 Thieves,VCT 2025: Americas Stage 1,2025-04-24 17:00:00,Bo3,MIBR vs 100 Thieves,2 - 0,2,Patch 10.07,100T ban Lotus; MIBR ban Fracture; 100T pick Split; MIBR pick Icebox; 100T ban Pearl; MIBR ban Ascent; Haven remains,VCT 2025 Americas Stage 1_csvs
475898,Sentinels vs Cloud9,VCT 2025: Americas Stage 1,2025-04-24 19:15:00,Bo3,Sentinels vs Cloud9,2 - 0,2,Patch 10.07,C9 ban Split; SEN ban Fracture; C9 pick Ascent; SEN pick Pearl; C9 ban Haven; SEN ban Lotus; Icebox remains,VCT 2025 Americas Stage 1_csvs
475903,100 Thieves vs NRG,VCT 2025: Americas Stage 1,2025-04-25 17:00:00,Bo3,100 Thieves vs NRG,2 - 0,2,Patch 10.07,100T ban Lotus; NRG ban Split; 100T pick Fracture; NRG pick Haven; 100T ban Pearl; NRG ban Ascent; Icebox remains,VCT 2025 Americas Stage 1_csvs
475904,Cloud9 vs Evil Geniuses,VCT 2025: Americas Stage 1,2025-04-25 19:15:00,Bo3,Cloud9 vs Evil Geniuses,0 - 2,2,Patch 10.07,EG ban Haven; C9 ban Lotus; EG pick Fracture; C9 pick Icebox; EG ban Ascent; C9 ban Pearl; Split remains,VCT 2025 Americas Stage 1_csvs
475899,VISA KRÜ(KRÜ Esports) vs MIBR,VCT 2025: Americas Stage 1,2025-04-26 17:00:00,Bo3,VISA KRÜ(KRÜ Esports) vs MIBR,0 - 2,2,Patch 10.07,KRÜ ban Pearl; MIBR ban Fracture; KRÜ pick Lotus; MIBR pick Icebox; KRÜ ban Haven; MIBR ban Split; Ascent remains,VCT 2025 Americas Stage 1_csvs
475900,G2 Esports vs Sentinels,VCT 2025: Americas Stage 1,2025-04-26 19:05:00,Bo3,G2 Esports vs Sentinels,1 - 2,3,Patch 10.07,SEN ban Fracture; G2 ban Haven; SEN pick Split; G2 pick Icebox; SEN ban Lotus; G2 ban Pearl; Ascent remains,VCT 2025 Americas Stage 1_csvs
475906,VISA KRÜ(KRÜ Esports) vs Evil Geniuses,VCT 2025: Americas Stage 1,2025-04-27 17:00:00,Bo3,VISA KRÜ(KRÜ Esports) vs Evil Geniuses,0 - 2,2,Patch 10.07,EG ban Haven; KRÜ ban Pearl; EG pick Lotus; KRÜ pick Icebox; EG ban Ascent; KRÜ ban Fracture; Split remains,VCT 2025 Americas Stage 1_csvs
475905,G2 Esports vs 100 Thieves,VCT 2025: Americas Stage 1,2025-04-27 19:40:00,Bo3,G2 Esports vs 100 Thieves,2 - 1,3,Patch 10.07,100T ban Lotus; G2 ban Fracture; 100T pick Haven; G2 pick Split; 100T ban Ascent; G2 ban Icebox; Pearl remains,VCT 2025 Americas Stage 1_csvs
475901,MIBR vs Sentinels,VCT 2025: Americas Stage 1,2025-05-02 17:00:00,Bo3,MIBR vs Sentinels,0 - 2,2,Patch 10.07,MIBR ban Pearl; SEN ban Icebox; MIBR pick Lotus; SEN pick Split; MIBR ban Ascent; SEN ban Fracture; Haven remains,VCT 2025 Americas Stage 1_csvs
475907,G2 Esports vs Evil Geniuses,VCT 2025: Americas Stage 1,2025-05-02 19:50:00,Bo3,G2 Esports vs Evil Geniuses,2 - 1,3,Patch 10.07,EG ban Haven; G2 ban Fracture; EG pick Lotus; G2 pick Split; EG ban Icebox; G2 ban Ascent; Pearl remains,VCT 2025 Americas Stage 1_csvs
475908,MIBR vs G2 Esports,VCT 2025: Americas Stage 1,2025-05-03 17:00:00,Bo5,MIBR vs G2 Esports,1 - 3,4,Patch 10.07,MIBR ban Pearl; G2 ban Icebox; MIBR pick Haven; G2 pick Lotus; MIBR pick Split; G2 pick Ascent; Fracture remains,VCT 2025 Americas Stage 1_csvs
475902,Sentinels vs G2 Esports,VCT 2025: Americas Stage 1,2025-05-04 17:00:00,Bo5,Sentinels vs G2 Esports,1 - 3,4,Patch 10.07,SEN ban Fracture; SEN ban Lotus; SEN pick Haven; G2 pick Split; SEN pick Pearl; G2 pick Ascent; Icebox remains,VCT 2025 Americas Stage 1_csvs
509801,Cloud9 vs FURIA,VCT 2025: Americas Stage 2,2025-07-18 17:00:00,Bo3,Cloud9 vs FURIA,2 - 0,2,Patch 11.0,FUR ban Lotus; C9 ban Icebox; FUR pick Haven; C9 pick Bind; FUR ban Sunset; C9 ban Ascent; Corrode remains,VCT 2025 Americas Stage 2_csvs
509802,LEVIATÁN vs LOUD,VCT 2025: Americas Stage 2,2025-07-18 19:10:00,Bo3,LEVIATÁN vs LOUD,1 - 2,3,Patch 11.0,LEV ban Corrode; LOUD ban Lotus; LEV pick Bind; LOUD pick Ascent; LEV ban Sunset; LOUD ban Haven; Icebox remains,VCT 2025 Americas Stage 2_csvs
509803,Evil Geniuses vs 2Game Esports,VCT 2025: Americas Stage 2,2025-07-19 17:00:00,Bo3,Evil Geniuses vs 2Game Esports,2 - 1,3,Patch 11.0,2G ban Icebox; EG ban Corrode; 2G pick Sunset; EG pick Lotus; 2G ban Bind; EG ban Haven; Ascent remains,VCT 2025 Americas Stage 2_csvs
509804,MIBR vs VISA KRÜ(KRÜ Esports),VCT 2025: Americas Stage 2,2025-07-19 20:25:00,Bo3,MIBR vs VISA KRÜ(KRÜ Esports),1 - 2,3,Patch 11.0,KRÜ ban Icebox; MIBR ban Bind; KRÜ pick Corrode; MIBR pick Ascent; KRÜ ban Lotus; MIBR ban Sunset; Haven remains,VCT 2025 Americas Stage 2_csvs
509805,100 Thieves vs NRG,VCT 2025: Americas Stage 2,2025-07-20 17:00:00,Bo3,100 Thieves vs NRG,2 - 0,2,Patch 11.0,100T ban Lotus; NRG ban Haven; 100T pick Bind; NRG pick Sunset; 100T ban Icebox; NRG ban Ascent; Corrode remains,VCT 2025 Americas Stage 2_csvs
509806,Sentinels vs G2 Esports,VCT 2025: Americas Stage 2,2025-07-20 19:00:00,Bo3,Sentinels vs G2 Esports,2 - 1,3,Patch 11.0,SEN ban Bind; G2 ban Sunset; SEN pick Corrode; G2 pick Ascent; SEN ban Icebox; G2 ban Haven; Lotus remains,VCT 2025 Americas Stage 2_csvs
509807,2Game Esports vs G2 Esports,VCT 2025: Americas Stage 2,2025-07-25 17:00:00,Bo3,2Game Esports vs G2 Esports,0 - 2,2,Patch 11.0,2G ban Icebox; G2 ban Sunset; 2G pick Ascent; G2 pick Haven; 2G ban Corrode; G2 ban Bind; Lotus remains,VCT 2025 Americas Stage 2_csvs
509808,FURIA vs Sentinels,VCT 2025: Americas Stage 2,2025-07-25 19:10:00,Bo3,FURIA vs Sentinels,0 - 2,2,Patch 11.0,SEN ban Ascent; FUR ban Lotus; SEN pick Sunset; FUR pick Icebox; SEN ban Bind; FUR ban Haven; Corrode remains,VCT 2025 Americas Stage 2_csvs
509809,100 Thieves vs VISA KRÜ(KRÜ Esports),VCT 2025: Americas Stage 2,2025-07-26 17:00:00,Bo3,100 Thieves vs VISA KRÜ(KRÜ Esports),2 - 0,2,Patch 11.0,KRÜ ban Haven; 100T ban Lotus; KRÜ pick Corrode; 100T pick Bind; KRÜ ban Icebox; 100T ban Ascent; Sunset remains,VCT 2025 Americas Stage 2_csvs
509810,NRG vs LOUD,VCT 2025: Americas Stage 2,2025-07-26 19:00:00,Bo3,NRG vs LOUD,2 - 0,2,Patch 11.0,LOUD ban Lotus; NRG ban Sunset; LOUD pick Haven; NRG pick Corrode; LOUD ban Icebox; NRG ban Ascent; Bind remains,VCT 2025 Americas Stage 2_csvs
509811,Cloud9 vs Evil Geniuses,VCT 2025: Americas Stage 2,2025-07-27 17:00:00,Bo3,Cloud9 vs Evil Geniuses,2 - 0,2,Patch 11.0,EG ban Sunset; C9 ban Icebox; EG pick Lotus; C9 pick Haven; EG ban Corrode; C9 ban Ascent; Bind remains,VCT 2025 Americas Stage 2_csvs
509812,MIBR vs LEVIATÁN,VCT 2025: Americas Stage 2,2025-07-27 19:25:00,Bo3,MIBR vs LEVIATÁN,0 - 2,2,Patch 11.0,MIBR ban Ascent; LEV ban Icebox; MIBR pick Lotus; LEV pick Sunset; MIBR ban Haven; LEV ban Corrode; Bind remains,VCT 2025 Americas Stage 2_csvs
509813,2Game Esports vs FURIA,VCT 2025: Americas Stage 2,2025-08-01 17:00:00,Bo3,2Game Esports vs FURIA,2 - 1,3,Patch 11.0,FUR ban Lotus; 2G ban Icebox; FUR pick Corrode; 2G pick Sunset; FUR ban Haven; 2G ban Bind; Ascent remains,VCT 2025 Americas Stage 2_csvs
509814,LEVIATÁN vs NRG,VCT 2025: Americas Stage 2,2025-08-01 20:05:00,Bo3,LEVIATÁN vs NRG,1 - 2,3,Patch 11.0,NRG ban Sunset; LEV ban Corrode; NRG pick Lotus; LEV pick Haven; NRG ban Bind; LEV ban Ascent; Icebox remains,VCT 2025 Americas Stage 2_csvs
509815,Sentinels vs Cloud9,VCT 2025: Americas Stage 2,2025-08-02 17:00:00,Bo3,Sentinels vs Cloud9,2 - 0,2,Patch 11.0,SEN ban Ascent; C9 ban Sunset; SEN pick Lotus; C9 pick Haven; SEN ban Bind; C9 ban Icebox; Corrode remains,VCT 2025 Americas Stage 2_csvs
509816,MIBR vs 100 Thieves,VCT 2025: Americas Stage 2,2025-08-02 19:15:00,Bo3,MIBR vs 100 Thieves,2 - 0,2,Patch 11.0,MIBR ban Ascent; 100T ban Lotus; MIBR pick Icebox; 100T pick Bind; MIBR ban Sunset; 100T ban Corrode; Haven remains,VCT 2025 Americas Stage 2_csvs
509817,G2 Esports vs Evil Geniuses,VCT 2025: Americas Stage 2,2025-08-03 17:00:00,Bo3,G2 Esports vs Evil Geniuses,2 - 1,3,Patch 11.0,G2 ban Lotus; EG ban Sunset; G2 pick Corrode; EG pick Haven; G2 ban Bind; EG ban Icebox; Ascent remains,VCT 2025 Americas Stage 2_csvs
509818,LOUD vs VISA KRÜ(KRÜ Esports),VCT 2025: Americas Stage 2,2025-08-03 20:15:00,Bo3,LOUD vs VISA KRÜ(KRÜ Esports),1 - 2,3,Patch 11.0,LOUD ban Lotus; KRÜ ban Sunset; LOUD pick Haven; KRÜ pick Bind; LOUD ban Icebox; KRÜ ban Corrode; Ascent remains,VCT 2025 Americas Stage 2_csvs
509819,Cloud9 vs 2Game Esports,VCT 2025: Americas Stage 2,2025-08-08 17:00:00,Bo3,Cloud9 vs 2Game Esports,2 - 0,2,Patch 11.0,C9 ban Sunset; 2G ban Icebox; C9 pick Bind; 2G pick Lotus; C9 ban Haven; 2G ban Corrode; Ascent remains,VCT 2025 Americas Stage 2_csvs
509820,MIBR vs NRG,VCT 2025: Americas Stage 2,2025-08-08 19:00:00,Bo3,MIBR vs NRG,0 - 2,2,Patch 11.0,NRG ban Icebox; MIBR ban Corrode; NRG pick Lotus; MIBR pick Bind; NRG ban Sunset; MIBR ban Ascent; Haven remains,VCT 2025 Americas Stage 2_csvs
509821,Sentinels vs Evil Geniuses,VCT 2025: Americas Stage 2,2025-08-09 17:00:00,Bo3,Sentinels vs Evil Geniuses,2 - 0,2,Patch 11.0,SEN ban Ascent; EG ban Sunset; SEN pick Lotus; EG pick Corrode; SEN ban Icebox; EG ban Haven; Bind remains,VCT 2025 Americas Stage 2_csvs
509822,LEVIATÁN vs VISA KRÜ(KRÜ Esports),VCT 2025: Americas Stage 2,2025-08-09 19:15:00,Bo3,LEVIATÁN vs VISA KRÜ(KRÜ Esports),2 - 1,3,Patch 11.0,LEV ban Icebox; KRÜ ban Sunset; LEV pick Bind; KRÜ pick Haven; LEV ban Corrode; KRÜ ban Lotus; Ascent remains,VCT 2025 Americas Stage 2_csvs
509823,FURIA vs G2 Esports,VCT 2025: Americas Stage 2,2025-08-10 17:00:00,Bo3,FURIA vs G2 Esports,0 - 2,2,Patch 11.0,FUR ban Lotus; G2 ban Icebox; FUR pick Corrode; G2 pick Ascent; FUR ban Haven; G2 ban Bind; Sunset remains,VCT 2025 Americas Stage 2_csvs
509824,LOUD vs 100 Thieves,VCT 2025: Americas Stage 2,2025-08-10 19:00:00,Bo3,LOUD vs 100 Thieves,1 - 2,3,Patch 11.0,LOUD ban Haven; 100T ban Icebox; LOUD pick Sunset; 100T pick Bind; LOUD ban Corrode; 100T ban Ascent; Lotus remains,VCT 2025 Americas Stage 2_csvs
509825,VISA KRÜ(KRÜ Esports) vs NRG,VCT 2025: Americas Stage 2,2025-08-15 17:00:00,Bo3,VISA KRÜ(KRÜ Esports) vs NRG,1 - 2,3,Patch 11.0,KRÜ ban Icebox; NRG ban Bind; KRÜ pick Sunset; NRG pick Lotus; KRÜ ban Corrode; NRG ban Ascent; Haven remains,VCT 2025 Americas Stage 2_csvs
509826,100 Thieves vs LEVIATÁN,VCT 2025: Americas Stage 2,2025-08-15 20:05:00,Bo3,100 Thieves vs LEVIATÁN,1 - 2,3,Patch 11.0,100T ban Icebox; LEV ban Bind; 100T pick Haven; LEV pick Sunset; 100T ban Ascent; LEV ban Corrode; Lotus remains,VCT 2025 Americas Stage 2_csvs
509827,FURIA vs Evil Geniuses,VCT 2025: Americas Stage 2,2025-08-16 17:00:00,Bo3,FURIA vs Evil Geniuses,0 - 2,2,Patch 11.0,EG ban Sunset; FUR ban Lotus; EG pick Corrode; FUR pick Ascent; EG ban Haven; FUR ban Bind; Icebox remains,VCT 2025 Americas Stage 2_csvs
509829,2Game Esports vs Sentinels,VCT 2025: Americas Stage 2,2025-08-16 19:20:00,Bo3,2Game Esports vs Sentinels,1 - 2,3,Patch 11.0,2G ban Icebox; SEN ban Ascent; 2G pick Sunset; SEN pick Lotus; 2G ban Corrode; SEN ban Bind; Haven remains,VCT 2025 Americas Stage 2_csvs
509830,G2 Esports vs Cloud9,VCT 2025: Americas Stage 2,2025-08-17 17:00:00,Bo3,G2 Esports vs Cloud9,2 - 0,2,Patch 11.0,G2 ban Bind; C9 ban Corrode; G2 pick Ascent; C9 pick Lotus; G2 ban Icebox; C9 ban Sunset; Haven remains,VCT 2025 Americas Stage 2_csvs
509831,MIBR vs LOUD,VCT 2025: Americas Stage 2,2025-08-17 19:30:00,Bo3,MIBR vs LOUD,2 - 0,2,Patch 11.0,MIBR ban Corrode; LOUD ban Haven; MIBR pick Icebox; LOUD pick Sunset; MIBR ban Ascent; LOUD ban Bind; Lotus remains,VCT 2025 Americas Stage 2_csvs
530902,LEVIATÁN vs Cloud9,VCT 2025: Americas Stage 2,2025-08-21 17:00:00,Bo3,LEVIATÁN vs Cloud9,1 - 2,3,Patch 11.0,C9 ban Sunset; LEV ban Bind; C9 pick Corrode; LEV pick Haven; C9 ban Ascent; LEV ban Icebox; Lotus remains,VCT 2025 Americas Stage 2_csvs
530903,G2 Esports vs 100 Thieves,VCT 2025: Americas Stage 2,2025-08-21 20:45:00,Bo3,G2 Esports vs 100 Thieves,2 - 0,2,Patch 11.0,100T ban Lotus; G2 ban Bind; 100T pick Sunset; G2 pick Haven; 100T ban Ascent; G2 ban Icebox; Corrode remains,VCT 2025 Americas Stage 2_csvs
530906,Sentinels vs Cloud9,VCT 2025: Americas Stage 2,2025-08-22 17:00:00,Bo3,Sentinels vs Cloud9,2 - 1,3,Patch 11.0,SEN ban Ascent; C9 ban Sunset; SEN pick Corrode; C9 pick Icebox; SEN ban Bind; C9 ban Haven; Lotus remains,VCT 2025 Americas Stage 2_csvs
530907,NRG vs G2 Esports,VCT 2025: Americas Stage 2,2025-08-22 20:35:00,Bo3,NRG vs G2 Esports,1 - 2,3,Patch 11.0,NRG ban Ascent; G2 ban Icebox; NRG pick Corrode; G2 pick Sunset; NRG ban Lotus; G2 ban Haven; Bind remains,VCT 2025 Americas Stage 2_csvs
530904,LEVIATÁN vs VISA KRÜ(KRÜ Esports),VCT 2025: Americas Stage 2,2025-08-23 17:00:00,Bo3,LEVIATÁN vs VISA KRÜ(KRÜ Esports),2 - 1,3,Patch 11.0,LEV ban Bind; KRÜ ban Icebox; LEV pick Lotus; KRÜ pick Sunset; LEV ban Corrode; KRÜ ban Ascent; Haven remains,VCT 2025 Americas Stage 2_csvs
530905,100 Thieves vs Evil Geniuses,VCT 2025: Americas Stage 2,2025-08-23 20:25:00,Bo3,100 Thieves vs Evil Geniuses,2 - 0,2,Patch 11.0,100T ban Lotus; EG ban Sunset; 100T pick Bind; EG pick Corrode; 100T ban Icebox; EG ban Haven; Ascent remains,VCT 2025 Americas Stage 2_csvs
530908,NRG vs LEVIATÁN,VCT 2025: Americas Stage 2,2025-08-24 17:00:00,Bo3,NRG vs LEVIATÁN,2 - 0,2,Patch 11.0,LEV ban Corrode; NRG ban Bind; LEV pick Ascent; NRG pick Icebox; LEV ban Lotus; NRG ban Sunset; Haven remains,VCT 2025 Americas Stage 2_csvs
530909,Cloud9 vs 100 Thieves,VCT 2025: Americas Stage 2,2025-08-24 18:50:00,Bo3,Cloud9 vs 100 Thieves,2 - 0,2,Patch 11.0,100T ban Lotus; C9 ban Bind; 100T pick Haven; C9 pick Icebox; 100T ban Ascent; C9 ban Sunset; Corrode remains,VCT 2025 Americas Stage 2_csvs
530910,Sentinels vs G2 Esports,VCT 2025: Americas Stage 2,2025-08-29 17:00:00,Bo3,Sentinels vs G2 Esports,0 - 2,2,Patch 11.0,G2 ban Corrode; SEN ban Ascent; G2 pick Bind; SEN pick Sunset; G2 ban Lotus; SEN ban Icebox; Haven remains,VCT 2025 Americas Stage 2_csvs
530911,NRG vs Cloud9,VCT 2025: Americas Stage 2,2025-08-29 19:30:00,Bo3,NRG vs Cloud9,2 - 1,3,Patch 11.0,NRG ban Bind; C9 ban Icebox; NRG pick Haven; C9 pick Corrode; NRG ban Sunset; C9 ban Ascent; Lotus remains,VCT 2025 Americas Stage 2_csvs
536985,Team Alpha vs Team Omega,VCT 2025: Americas Stage 2,2025-08-30 17:00:00,Bo1,Team Alpha vs Team Omega,1 - 0,1,Patch 11.0,,VCT 2025 Americas Stage 2_csvs
530912,Sentinels vs NRG,VCT 2025: Americas Stage 2,2025-08-30 18:00:00,Bo5,Sentinels vs NRG,1 - 3,4,Patch 11.0,SEN ban Ascent; NRG ban Bind; SEN pick Lotus; NRG pick Icebox; SEN pick Sunset; NRG pick Corrode; Haven remains,VCT 2025 Americas Stage 2_csvs
530913,G2 Esports vs NRG,VCT 2025: Americas Stage 2,2025-08-31 17:00:00,Bo5,G2 Esports vs NRG,3 - 0,3,Patch 11.0,G2 ban Corrode; G2 ban Icebox; G2 pick Bind; NRG pick Lotus; G2 pick Ascent; NRG pick Haven; Sunset remains,VCT 2025 Americas Stage 2_csvs
430838,TYLOO vs Titan Esports Club,VCT 2025: China Kickoff,2025-01-11 04:00:00,Bo3,TYLOO vs Titan Esports Club,0 - 2,2,,TEC ban Split; TYL ban Lotus; TEC pick Fracture; TYL pick Abyss; TEC ban Bind; TYL ban Haven; Pearl remains,VCT 2025 China Kickoff_csvs
430837,Xi Lai Gaming vs Wolves Esports,VCT 2025: China Kickoff,2025-01-11 06:35:00,Bo3,Xi Lai Gaming vs Wolves Esports,2 - 0,2,,XLG ban Fracture; WOL ban Bind; XLG pick Lotus; WOL pick Split; XLG ban Pearl; WOL ban Haven; Abyss remains,VCT 2025 China Kickoff_csvs
430839,JD Mall JDG Esports(JDG Esports) vs Dragon Ranger Gaming,VCT 2025: China Kickoff,2025-01-12 04:00:00,Bo3,JD Mall JDG Esports(JDG Esports) vs Dragon Ranger Gaming,1 - 2,3,,JDG ban Lotus; DRG ban Fracture; JDG pick Abyss; DRG pick Haven; JDG ban Split; DRG ban Pearl; Bind remains,VCT 2025 China Kickoff_csvs
430840,All Gamers vs Nova Esports,VCT 2025: China Kickoff,2025-01-12 07:25:00,Bo3,All Gamers vs Nova Esports,0 - 2,2,,NOVA ban Haven; AG ban Fracture; NOVA pick Abyss; AG pick Bind; NOVA ban Lotus; AG ban Pearl; Split remains,VCT 2025 China Kickoff_csvs
430842,FunPlus Phoenix vs Titan Esports Club,VCT 2025: China Kickoff,2025-01-16 04:00:00,Bo3,FunPlus Phoenix vs Titan Esports Club,2 - 1,3,,TEC ban Lotus; FPX ban Split; TEC pick Abyss; FPX pick Fracture; TEC ban Haven; FPX ban Bind; Pearl remains,VCT 2025 China Kickoff_csvs
430841,Bilibili Gaming vs Xi Lai Gaming,VCT 2025: China Kickoff,2025-01-16 07:20:00,Bo3,Bilibili Gaming vs Xi Lai Gaming,2 - 1,3,,XLG ban Fracture; BLG ban Bind; XLG pick Haven; BLG pick Lotus; XLG ban Pearl; BLG ban Split; Abyss remains,VCT 2025 China Kickoff_csvs
430843,Trace Esports vs Dragon Ranger Gaming,VCT 2025: China Kickoff,2025-01-17 04:00:00,Bo3,Trace Esports vs Dragon Ranger Gaming,2 - 0,2,,TE ban Haven; DRG ban Fracture; TE pick Pearl; DRG pick Abyss; TE ban Split; DRG ban Lotus; Bind remains,VCT 2025 China Kickoff_csvs
430844,EDward Gaming vs Nova Esports,VCT 2025: China Kickoff,2025-01-17 06:10:00,Bo3,EDward Gaming vs Nova Esports,2 - 0,2,,NOVA ban Haven; EDG ban Abyss; NOVA pick Split; EDG pick Fracture; NOVA ban Pearl; EDG ban Lotus; Bind remains,VCT 2025 China Kickoff_csvs
430851,Titan Esports Club vs JD Mall JDG Esports(JDG Esports),VCT 2025: China Kickoff,2025-01-18 04:00:00,Bo3,Titan Esports Club vs JD Mall JDG Esports(JDG Esports),0 - 2,2,,JDG ban Lotus; TEC ban Split; JDG pick Fracture; TEC pick Abyss; JDG ban Bind; TEC ban Haven; Pearl remains,VCT 2025 China Kickoff_csvs
430853,Xi Lai Gaming vs All Gamers,VCT 2025: China Kickoff,2025-01-18 06:20:00,Bo3,Xi Lai Gaming vs All Gamers,2 - 1,3,,AG ban Haven; XLG ban Fracture; AG pick Abyss; XLG pick Bind; AG ban Pearl; XLG ban Split; Lotus remains,VCT 2025 China Kickoff_csvs
430850,Dragon Ranger Gaming vs TYLOO,VCT 2025: China Kickoff,2025-01-19 04:00:00,Bo3,Dragon Ranger Gaming vs TYLOO,2 - 0,2,,TYL ban Lotus; DRG ban Fracture; TYL pick Pearl; DRG pick Haven; TYL ban Split; DRG ban Bind; Abyss remains,VCT 2025 China Kickoff_csvs
430849,Nova Esports vs Wolves Esports,VCT 2025: China Kickoff,2025-01-19 06:15:00,Bo3,Nova Esports vs Wolves Esports,2 - 1,3,,WOL ban Bind; NOVA ban Haven; WOL pick Fracture; NOVA pick Abyss; WOL ban Lotus; NOVA ban Pearl; Split remains,VCT 2025 China Kickoff_csvs
430845,Bilibili Gaming vs FunPlus Phoenix,VCT 2025: China Kickoff,2025-01-20 04:00:00,Bo3,Bilibili Gaming vs FunPlus Phoenix,2 - 0,2,,BLG ban Fracture; FPX ban Split; BLG pick Bind; FPX pick Lotus; BLG ban Pearl; FPX ban Haven; Abyss remains,VCT 2025 China Kickoff_csvs
430846,Trace Esports vs EDward Gaming,VCT 2025: China Kickoff,2025-01-20 06:25:00,Bo3,Trace Esports vs EDward Gaming,2 - 0,2,,TE ban Haven; EDG ban Abyss; TE pick Lotus; EDG pick Bind; TE ban Split; EDG ban Pearl; Fracture remains,VCT 2025 China Kickoff_csvs
430854,Nova Esports vs Dragon Ranger Gaming,VCT 2025: China Kickoff,2025-01-21 04:00:00,Bo3,Nova Esports vs Dragon Ranger Gaming,0 - 2,2,,DRG ban Fracture; NOVA ban Haven; DRG pick Pearl; NOVA pick Bind; DRG ban Split; NOVA ban Lotus; Abyss remains,VCT 2025 China Kickoff_csvs
430855,JD Mall JDG Esports(JDG Esports) vs Xi Lai Gaming,VCT 2025: China Kickoff,2025-01-21 06:15:00,Bo3,JD Mall JDG Esports(JDG Esports) vs Xi Lai Gaming,1 - 2,3,,JDG ban Lotus; XLG ban Fracture; JDG pick Pearl; XLG pick Bind; JDG ban Split; XLG ban Abyss; Haven remains,VCT 2025 China Kickoff_csvs
430856,FunPlus Phoenix vs Dragon Ranger Gaming,VCT 2025: China Kickoff,2025-01-22 04:00:00,Bo3,FunPlus Phoenix vs Dragon Ranger Gaming,1 - 2,3,,DRG ban Fracture; FPX ban Split; DRG pick Abyss; FPX pick Pearl; DRG ban Lotus; FPX ban Bind; Haven remains,VCT 2025 China Kickoff_csvs
430857,EDward Gaming vs Xi Lai Gaming,VCT 2025: China Kickoff,2025-01-22 07:05:00,Bo3,EDward Gaming vs Xi Lai Gaming,2 - 1,3,,EDG ban Abyss; XLG ban Fracture; EDG pick Lotus; XLG pick Bind; EDG ban Split; XLG ban Pearl; Haven remains,VCT 2025 China Kickoff_csvs
430847,Bilibili Gaming vs Trace Esports,VCT 2025: China Kickoff,2025-01-23 04:00:00,Bo3,Bilibili Gaming vs Trace Esports,1 - 2,3,,TE ban Abyss; BLG ban Fracture; TE pick Bind; BLG pick Haven; TE ban Pearl; BLG ban Split; Lotus remains,VCT 2025 China Kickoff_csvs
430858,Dragon Ranger Gaming vs EDward Gaming,VCT 2025: China Kickoff,2025-01-23 07:15:00,Bo3,Dragon Ranger Gaming vs EDward Gaming,0 - 2,2,,DRG ban Fracture; EDG ban Abyss; DRG pick Haven; EDG pick Pearl; DRG ban Bind; EDG ban Split; Lotus remains,VCT 2025 China Kickoff_csvs
430860,Bilibili Gaming vs EDward Gaming,VCT 2025: China Kickoff,2025-01-24 04:00:00,Bo5,Bilibili Gaming vs EDward Gaming,0 - 3,3,,BLG ban Fracture; EDG ban Abyss; BLG pick Pearl; EDG pick Haven; BLG pick Lotus; EDG pick Bind; Split remains,VCT 2025 China Kickoff_csvs
430848,Trace Esports vs EDward Gaming,VCT 2025: China Kickoff,2025-01-25 04:00:00,Bo5,Trace Esports vs EDward Gaming,1 - 3,4,,TE ban Haven; TE ban Split; TE pick Lotus; EDG pick Bind; TE pick Abyss; EDG pick Fracture; Pearl remains,VCT 2025 China Kickoff_csvs
450047,Xi Lai Gaming vs Bilibili Gaming,VCT 2025: China Stage 1,2025-03-13 07:00:00,Bo3,Xi Lai Gaming vs Bilibili Gaming,1 - 2,3,,BLG ban Lotus; XLG ban Ascent; BLG pick Pearl; XLG pick Icebox; BLG ban Split; XLG ban Haven; Fracture remains,VCT 2025 China Stage 1_csvs
450048,Trace Esports vs All Gamers,VCT 2025: China Stage 1,2025-03-14 07:00:00,Bo3,Trace Esports vs All Gamers,2 - 1,3,,TE ban Icebox; AG ban Fracture; TE pick Pearl; AG pick Lotus; TE ban Haven; AG ban Ascent; Split remains,VCT 2025 China Stage 1_csvs
450049,Dragon Ranger Gaming vs Nova Esports,VCT 2025: China Stage 1,2025-03-15 05:00:00,Bo3,Dragon Ranger Gaming vs Nova Esports,2 - 0,2,,NOVA ban Ascent; DRG ban Split; NOVA pick Fracture; DRG pick Lotus; NOVA ban Icebox; DRG ban Pearl; Haven remains,VCT 2025 China Stage 1_csvs
450050,TYLOO vs EDward Gaming,VCT 2025: China Stage 1,2025-03-15 07:05:00,Bo3,TYLOO vs EDward Gaming,0 - 2,2,,TYL ban Ascent; EDG ban Lotus; TYL pick Fracture; EDG pick Haven; TYL ban Icebox; EDG ban Pearl; Split remains,VCT 2025 China Stage 1_csvs
450051,JD Mall JDG Esports(JDG Esports) vs Wolves Esports,VCT 2025: China Stage 1,2025-03-16 05:00:00,Bo3,JD Mall JDG Esports(JDG Esports) vs Wolves Esports,0 - 2,2,,WOL ban Icebox; JDG ban Ascent; WOL pick Pearl; JDG pick Haven; WOL ban Lotus; JDG ban Fracture; Split remains,VCT 2025 China Stage 1_csvs
450052,FunPlus Phoenix vs Titan Esports Club,VCT 2025: China Stage 1,2025-03-16 07:25:00,Bo3,FunPlus Phoenix vs Titan Esports Club,2 - 0,2,,TEC ban Pearl; FPX ban Fracture; TEC pick Icebox; FPX pick Haven; TEC ban Split; FPX ban Lotus; Ascent remains,VCT 2025 China Stage 1_csvs
450053,Nova Esports vs EDward Gaming,VCT 2025: China Stage 1,2025-03-20 07:00:00,Bo3,Nova Esports vs EDward Gaming,2 - 0,2,,NOVA ban Haven; EDG ban Lotus; NOVA pick Ascent; EDG pick Fracture; NOVA ban Icebox; EDG ban Split; Pearl remains,VCT 2025 China Stage 1_csvs
450054,TYLOO vs FunPlus Phoenix,VCT 2025: China Stage 1,2025-03-21 07:00:00,Bo3,TYLOO vs FunPlus Phoenix,1 - 2,3,,TYL ban Ascent; FPX ban Fracture; TYL pick Pearl; FPX pick Icebox; TYL ban Lotus; FPX ban Split; Haven remains,VCT 2025 China Stage 1_csvs
450055,Xi Lai Gaming vs All Gamers,VCT 2025: China Stage 1,2025-03-22 05:00:00,Bo3,Xi Lai Gaming vs All Gamers,2 - 0,2,,XLG ban Haven; AG ban Icebox; XLG pick Fracture; AG pick Lotus; XLG ban Ascent; AG ban Split; Pearl remains,VCT 2025 China Stage 1_csvs
450056,Wolves Esports vs Trace Esports,VCT 2025: China Stage 1,2025-03-22 07:20:00,Bo3,Wolves Esports vs Trace Esports,2 - 0,2,,TE ban Icebox; WOL ban Lotus; TE pick Fracture; WOL pick Pearl; TE ban Haven; WOL ban Split; Ascent remains,VCT 2025 China Stage 1_csvs
450057,Titan Esports Club vs Dragon Ranger Gaming,VCT 2025: China Stage 1,2025-03-23 05:00:00,Bo3,Titan Esports Club vs Dragon Ranger Gaming,2 - 1,3,,DRG ban Haven; TEC ban Pearl; DRG pick Lotus; TEC pick Fracture; DRG ban Ascent; TEC ban Split; Icebox remains,VCT 2025 China Stage 1_csvs
450058,Bilibili Gaming vs JD Mall JDG Esports(JDG Esports),VCT 2025: China Stage 1,2025-03-23 08:15:00,Bo3,Bilibili Gaming vs JD Mall JDG Esports(JDG Esports),2 - 1,3,,JDG ban Ascent; BLG ban Split; JDG pick Pearl; BLG pick Icebox; JDG ban Lotus; BLG ban Haven; Fracture remains,VCT 2025 China Stage 1_csvs
450059,JD Mall JDG Esports(JDG Esports) vs Trace Esports,VCT 2025: China Stage 1,2025-03-27 07:00:00,Bo3,JD Mall JDG Esports(JDG Esports) vs Trace Esports,0 - 2,2,,TE ban Icebox; JDG ban Ascent; TE pick Lotus; JDG pick Haven; TE ban Pearl; JDG ban Split; Fracture remains,VCT 2025 China Stage 1_csvs
450060,Wolves Esports vs Xi Lai Gaming,VCT 2025: China Stage 1,2025-03-28 07:00:00,Bo3,Wolves Esports vs Xi Lai Gaming,0 - 2,2,,XLG ban Ascent; WOL ban Lotus; XLG pick Fracture; WOL pick Icebox; XLG ban Pearl; WOL ban Split; Haven remains,VCT 2025 China Stage 1_csvs
450061,TYLOO vs Titan Esports Club,VCT 2025: China Stage 1,2025-03-29 05:00:00,Bo3,TYLOO vs Titan Esports Club,1 - 2,3,,TEC ban Pearl; TYL ban Ascent; TEC pick Fracture; TYL pick Icebox; TEC ban Haven; TYL ban Lotus; Split remains,VCT 2025 China Stage 1_csvs
450062,Dragon Ranger Gaming vs EDward Gaming,VCT 2025: China Stage 1,2025-03-29 08:15:00,Bo3,Dragon Ranger Gaming vs EDward Gaming,1 - 2,3,,EDG ban Lotus; DRG ban Haven; EDG pick Icebox; DRG pick Ascent; EDG ban Fracture; DRG ban Split; Pearl remains,VCT 2025 China Stage 1_csvs
450063,Nova Esports vs FunPlus Phoenix,VCT 2025: China Stage 1,2025-03-30 05:00:00,Bo3,Nova Esports vs FunPlus Phoenix,2 - 0,2,,FPX ban Fracture; NOVA ban Haven; FPX pick Icebox; NOVA pick Split; FPX ban Lotus; NOVA ban Pearl; Ascent remains,VCT 2025 China Stage 1_csvs
450064,All Gamers vs Bilibili Gaming,VCT 2025: China Stage 1,2025-03-30 07:30:00,Bo3,All Gamers vs Bilibili Gaming,0 - 2,2,,BLG ban Lotus; AG ban Haven; BLG pick Pearl; AG pick Fracture; BLG ban Icebox; AG ban Split; Ascent remains,VCT 2025 China Stage 1_csvs
450065,FunPlus Phoenix vs Dragon Ranger Gaming,VCT 2025: China Stage 1,2025-04-03 07:00:00,Bo3,FunPlus Phoenix vs Dragon Ranger Gaming,0 - 2,2,,DRG ban Icebox; FPX ban Lotus; DRG pick Ascent; FPX pick Haven; DRG ban Split; FPX ban Fracture; Pearl remains,VCT 2025 China Stage 1_csvs
450066,Bilibili Gaming vs Wolves Esports,VCT 2025: China Stage 1,2025-04-04 07:00:00,Bo3,Bilibili Gaming vs Wolves Esports,2 - 1,3,,WOL ban Pearl; BLG ban Icebox; WOL pick Lotus; BLG pick Haven; WOL ban Fracture; BLG ban Split; Ascent remains,VCT 2025 China Stage 1_csvs
450067,All Gamers vs JD Mall JDG Esports(JDG Esports),VCT 2025: China Stage 1,2025-04-05 05:00:00,Bo3,All Gamers vs JD Mall JDG Esports(JDG Esports),0 - 2,2,,AG ban Haven; JDG ban Ascent; AG pick Split; JDG pick Pearl; AG ban Icebox; JDG ban Lotus; Fracture remains,VCT 2025 China Stage 1_csvs
450068,EDward Gaming vs Titan Esports Club,VCT 2025: China Stage 1,2025-04-05 07:30:00,Bo3,EDward Gaming vs Titan Esports Club,2 - 1,3,,EDG ban Fracture; TEC ban Pearl; EDG pick Lotus; TEC pick Icebox; EDG ban Split; TEC ban Ascent; Haven remains,VCT 2025 China Stage 1_csvs
450069,Nova Esports vs TYLOO,VCT 2025: China Stage 1,2025-04-06 05:00:00,Bo3,Nova Esports vs TYLOO,2 - 1,3,,NOVA ban Haven; TYL ban Ascent; NOVA pick Split; TYL pick Icebox; NOVA ban Fracture; TYL ban Lotus; Pearl remains,VCT 2025 China Stage 1_csvs
450070,Trace Esports vs Xi Lai Gaming,VCT 2025: China Stage 1,2025-04-06 08:00:00,Bo3,Trace Esports vs Xi Lai Gaming,1 - 2,3,,TE ban Icebox; XLG ban Ascent; TE pick Split; XLG pick Lotus; TE ban Haven; XLG ban Fracture; Pearl remains,VCT 2025 China Stage 1_csvs
450071,JD Mall JDG Esports(JDG Esports) vs Xi Lai Gaming,VCT 2025: China Stage 1,2025-04-10 07:00:00,Bo3,JD Mall JDG Esports(JDG Esports) vs Xi Lai Gaming,1 - 2,3,,XLG ban Haven; JDG ban Ascent; XLG pick Lotus; JDG pick Icebox; XLG ban Split; JDG ban Pearl; Fracture remains,VCT 2025 China Stage 1_csvs
450072,Dragon Ranger Gaming vs TYLOO,VCT 2025: China Stage 1,2025-04-11 07:00:00,Bo3,Dragon Ranger Gaming vs TYLOO,1 - 2,3,,DRG ban Icebox; TYL ban Ascent; DRG pick Haven; TYL pick Split; DRG ban Pearl; TYL ban Lotus; Fracture remains,VCT 2025 China Stage 1_csvs
450073,Wolves Esports vs All Gamers,VCT 2025: China Stage 1,2025-04-12 05:00:00,Bo3,Wolves Esports vs All Gamers,2 - 1,3,,WOL ban Split; AG ban Haven; WOL pick Pearl; AG pick Fracture; WOL ban Ascent; AG ban Icebox; Lotus remains,VCT 2025 China Stage 1_csvs
450074,Bilibili Gaming vs Trace Esports,VCT 2025: China Stage 1,2025-04-12 08:05:00,Bo3,Bilibili Gaming vs Trace Esports,1 - 2,3,,BLG ban Lotus; TE ban Icebox; BLG pick Haven; TE pick Ascent; BLG ban Fracture; TE ban Pearl; Split remains,VCT 2025 China Stage 1_csvs
450075,Titan Esports Club vs Nova Esports,VCT 2025: China Stage 1,2025-04-13 05:00:00,Bo3,Titan Esports Club vs Nova Esports,2 - 0,2,,TEC ban Pearl; NOVA ban Haven; TEC pick Fracture; NOVA pick Split; TEC ban Ascent; NOVA ban Icebox; Lotus remains,VCT 2025 China Stage 1_csvs
450076,EDward Gaming vs FunPlus Phoenix,VCT 2025: China Stage 1,2025-04-13 07:10:00,Bo3,EDward Gaming vs FunPlus Phoenix,2 - 0,2,,EDG ban Lotus; FPX ban Haven; EDG pick Split; FPX pick Fracture; EDG ban Icebox; FPX ban Ascent; Pearl remains,VCT 2025 China Stage 1_csvs
473233,Titan Esports Club vs Wolves Esports,VCT 2025: China Stage 1,2025-04-17 05:00:00,Bo3,Titan Esports Club vs Wolves Esports,0 - 2,2,,WOL ban Fracture; TEC ban Pearl; TEC pick Haven; WOL pick Icebox; TEC ban Lotus; WOL ban Ascent; Split remains,VCT 2025 China Stage 1_csvs
473234,Xi Lai Gaming vs Nova Esports,VCT 2025: China Stage 1,2025-04-17 07:30:00,Bo3,Xi Lai Gaming vs Nova Esports,2 - 0,2,,XLG ban Split; NOVA ban Haven; XLG pick Lotus; NOVA pick Ascent; XLG ban Pearl; NOVA ban Fracture; Icebox remains,VCT 2025 China Stage 1_csvs
473235,Titan Esports Club vs Dragon Ranger Gaming,VCT 2025: China Stage 1,2025-04-18 05:00:00,Bo3,Titan Esports Club vs Dragon Ranger Gaming,1 - 2,3,,DRG ban Icebox; TEC ban Pearl; DRG pick Ascent; TEC pick Fracture; DRG ban Split; TEC ban Haven; Lotus remains; Lotus remains,VCT 2025 China Stage 1_csvs
473236,Nova Esports vs Trace Esports,VCT 2025: China Stage 1,2025-04-18 08:50:00,Bo3,Nova Esports vs Trace Esports,0 - 2,2,,NOVA ban Haven; TE ban Icebox; NOVA pick Split; TE pick Lotus; NOVA ban Fracture; TE ban Ascent; Pearl remains,VCT 2025 China Stage 1_csvs
473237,Bilibili Gaming vs Wolves Esports,VCT 2025: China Stage 1,2025-04-19 05:00:00,Bo3,Bilibili Gaming vs Wolves Esports,0 - 2,2,,WOL ban Ascent; BLG ban Lotus; WOL pick Split; BLG pick Haven; WOL ban Fracture; BLG ban Pearl; Icebox remains,VCT 2025 China Stage 1_csvs
473238,EDward Gaming vs Xi Lai Gaming,VCT 2025: China Stage 1,2025-04-19 07:15:00,Bo3,EDward Gaming vs Xi Lai Gaming,0 - 2,2,,XLG ban Split; EDG ban Icebox; XLG pick Lotus; EDG pick Haven; XLG ban Pearl; EDG ban Ascent; Fracture remains,VCT 2025 China Stage 1_csvs
473240,Bilibili Gaming vs Trace Esports,VCT 2025: China Stage 1,2025-04-20 05:00:00,Bo3,Bilibili Gaming vs Trace Esports,2 - 0,2,,BLG ban Split; TE ban Icebox; BLG pick Fracture; TE pick Lotus; BLG ban Pearl; TE ban Ascent; Haven remains,VCT 2025 China Stage 1_csvs
473239,EDward Gaming vs Dragon Ranger Gaming,VCT 2025: China Stage 1,2025-04-20 07:10:00,Bo3,EDward Gaming vs Dragon Ranger Gaming,2 - 1,3,,DRG ban Icebox; EDG ban Fracture; DRG pick Lotus; EDG pick Split; DRG ban Haven; EDG ban Pearl; Ascent remains,VCT 2025 China Stage 1_csvs
473241,Wolves Esports vs Xi Lai Gaming,VCT 2025: China Stage 1,2025-05-02 05:00:00,Bo3,Wolves Esports vs Xi Lai Gaming,0 - 2,2,,WOL ban Fracture; XLG ban Split; WOL pick Pearl; XLG pick Lotus; WOL ban Haven; XLG ban Icebox; Ascent remains,VCT 2025 China Stage 1_csvs
473242,EDward Gaming vs Bilibili Gaming,VCT 2025: China Stage 1,2025-05-02 07:35:00,Bo3,EDward Gaming vs Bilibili Gaming,1 - 2,3,,BLG ban Split; EDG ban Ascent; BLG pick Fracture; EDG pick Icebox; BLG ban Haven; EDG ban Lotus; Pearl remains,VCT 2025 China Stage 1_csvs
473243,Wolves Esports vs Bilibili Gaming,VCT 2025: China Stage 1,2025-05-03 05:00:00,Bo5,Wolves Esports vs Bilibili Gaming,0 - 3,3,,BLG ban Split; WOL ban Fracture; BLG pick Pearl; WOL pick Lotus; BLG pick Icebox; WOL pick Haven; Ascent remains,VCT 2025 China Stage 1_csvs
473244,Xi Lai Gaming vs Bilibili Gaming,VCT 2025: China Stage 1,2025-05-04 05:00:00,Bo5,Xi Lai Gaming vs Bilibili Gaming,3 - 1,4,,XLG ban Split; XLG ban Icebox; BLG pick Fracture; XLG pick Lotus; BLG pick Pearl; XLG pick Haven; Ascent remains,VCT 2025 China Stage 1_csvs
506930,EDward Gaming vs Titan Esports Club,VCT 2025: China Stage 2,2025-07-03 07:00:00,Bo3,EDward Gaming vs Titan Esports Club,2 - 0,2,,EDG ban Bind; TEC ban Haven; EDG pick Sunset; TEC pick Corrode; EDG ban Lotus; TEC ban Ascent; Icebox remains,VCT 2025 China Stage 2_csvs
506931,Guangzhou Huadu Bilibili Gaming(Bilibili Gaming) vs TYLOO,VCT 2025: China Stage 2,2025-07-04 07:00:00,Bo3,Guangzhou Huadu Bilibili Gaming(Bilibili Gaming) vs TYLOO,2 - 0,2,,TYL ban Sunset; BLG ban Corrode; TYL pick Bind; BLG pick Lotus; TYL ban Ascent; BLG ban Haven; Icebox remains,VCT 2025 China Stage 2_csvs
506932,All Gamers vs Xi Lai Gaming,VCT 2025: China Stage 2,2025-07-05 05:00:00,Bo3,All Gamers vs Xi Lai Gaming,1 - 2,3,,XLG ban Corrode; AG ban Bind; XLG pick Sunset; AG pick Lotus; XLG ban Haven; AG ban Icebox; Ascent remains,VCT 2025 China Stage 2_csvs
506933,Wolves Esports vs FunPlus Phoenix,VCT 2025: China Stage 2,2025-07-05 07:45:00,Bo3,Wolves Esports vs FunPlus Phoenix,0 - 2,2,,FPX ban Lotus; WOL ban Haven; FPX pick Sunset; WOL pick Corrode; FPX ban Icebox; WOL ban Ascent; Bind remains,VCT 2025 China Stage 2_csvs
506934,Dragon Ranger Gaming vs Nova Esports,VCT 2025: China Stage 2,2025-07-06 05:00:00,Bo3,Dragon Ranger Gaming vs Nova Esports,2 - 1,3,,DRG ban Corrode; NOVA ban Bind; DRG pick Lotus; NOVA pick Icebox; DRG ban Haven; NOVA ban Sunset; Ascent remains,VCT 2025 China Stage 2_csvs
506935,JD Mall JDG Esports(JDG Esports) vs Trace Esports,VCT 2025: China Stage 2,2025-07-06 08:05:00,Bo3,JD Mall JDG Esports(JDG Esports) vs Trace Esports,1 - 2,3,,JDG ban Bind; TE ban Corrode; JDG pick Icebox; TE pick Lotus; JDG ban Sunset; TE ban Ascent; Haven remains,VCT 2025 China Stage 2_csvs
506936,Trace Esports vs TYLOO,VCT 2025: China Stage 2,2025-07-16 07:00:00,Bo3,Trace Esports vs TYLOO,0 - 2,2,,TYL ban Sunset; TE ban Icebox; TYL pick Corrode; TE pick Bind; TYL ban Ascent; TE ban Lotus; Haven remains,VCT 2025 China Stage 2_csvs
506937,FunPlus Phoenix vs Nova Esports,VCT 2025: China Stage 2,2025-07-17 07:00:00,Bo3,FunPlus Phoenix vs Nova Esports,2 - 1,3,,NOVA ban Sunset; FPX ban Icebox; NOVA pick Haven; FPX pick Ascent; NOVA ban Corrode; FPX ban Lotus; Bind remains,VCT 2025 China Stage 2_csvs
506938,All Gamers vs Wolves Esports,VCT 2025: China Stage 2,2025-07-18 05:00:00,Bo3,All Gamers vs Wolves Esports,2 - 0,2,,WOL ban Sunset; AG ban Ascent; WOL pick Bind; AG pick Corrode; WOL ban Lotus; AG ban Icebox; Haven remains,VCT 2025 China Stage 2_csvs
506939,JD Mall JDG Esports(JDG Esports) vs Guangzhou Huadu Bilibili Gaming(Bilibili Gaming),VCT 2025: China Stage 2,2025-07-18 07:00:00,Bo3,JD Mall JDG Esports(JDG Esports) vs Guangzhou Huadu Bilibili Gaming(Bilibili Gaming),1 - 2,3,,BLG ban Corrode; JDG ban Bind; BLG pick Sunset; JDG pick Ascent; BLG ban Haven; JDG ban Lotus; Icebox remains,VCT 2025 China Stage 2_csvs
506940,TYLOO vs Titan Esports Club,VCT 2025: China Stage 2,2025-07-19 05:00:00,Bo3,TYLOO vs Titan Esports Club,2 - 0,2,,TYL ban Sunset; TEC ban Corrode; TYL pick Haven; TEC pick Lotus; TYL ban Ascent; TEC ban Bind; Icebox remains,VCT 2025 China Stage 2_csvs
506941,Trace Esports vs EDward Gaming,VCT 2025: China Stage 2,2025-07-19 07:10:00,Bo3,Trace Esports vs EDward Gaming,2 - 1,3,,EDG ban Haven; TE ban Corrode; EDG pick Sunset; TE pick Bind; EDG ban Ascent; TE ban Lotus; Icebox remains,VCT 2025 China Stage 2_csvs
506942,Dragon Ranger Gaming vs All Gamers,VCT 2025: China Stage 2,2025-07-20 05:00:00,Bo3,Dragon Ranger Gaming vs All Gamers,2 - 1,3,,DRG ban Bind; AG ban Ascent; DRG pick Lotus; AG pick Corrode; DRG ban Haven; AG ban Icebox; Sunset remains,VCT 2025 China Stage 2_csvs
506943,Xi Lai Gaming vs Wolves Esports,VCT 2025: China Stage 2,2025-07-20 08:10:00,Bo3,Xi Lai Gaming vs Wolves Esports,2 - 0,2,,XLG ban Icebox; WOL ban Sunset; XLG pick Haven; WOL pick Lotus; XLG ban Corrode; WOL ban Ascent; Bind remains,VCT 2025 China Stage 2_csvs
506945,Titan Esports Club vs Guangzhou Huadu Bilibili Gaming(Bilibili Gaming),VCT 2025: China Stage 2,2025-07-23 07:00:00,Bo3,Titan Esports Club vs Guangzhou Huadu Bilibili Gaming(Bilibili Gaming),0 - 2,2,,BLG ban Corrode; TEC ban Sunset; BLG pick Bind; TEC pick Ascent; BLG ban Icebox; TEC ban Haven; Lotus remains,VCT 2025 China Stage 2_csvs
506946,FunPlus Phoenix vs Dragon Ranger Gaming,VCT 2025: China Stage 2,2025-07-24 07:00:00,Bo3,FunPlus Phoenix vs Dragon Ranger Gaming,2 - 1,3,,DRG ban Bind; FPX ban Lotus; DRG pick Haven; FPX pick Ascent; DRG ban Corrode; FPX ban Icebox; Sunset remains,VCT 2025 China Stage 2_csvs
506947,Nova Esports vs All Gamers,VCT 2025: China Stage 2,2025-07-25 05:00:00,Bo3,Nova Esports vs All Gamers,1 - 2,3,,NOVA ban Sunset; AG ban Ascent; NOVA pick Haven; AG pick Corrode; NOVA ban Bind; AG ban Icebox; Lotus remains,VCT 2025 China Stage 2_csvs
506948,TYLOO vs EDward Gaming,VCT 2025: China Stage 2,2025-07-25 08:30:00,Bo3,TYLOO vs EDward Gaming,0 - 2,2,,TYL ban Sunset; EDG ban Icebox; TYL pick Corrode; EDG pick Ascent; TYL ban Bind; EDG ban Haven; Lotus remains,VCT 2025 China Stage 2_csvs
506949,Titan Esports Club vs JD Mall JDG Esports(JDG Esports),VCT 2025: China Stage 2,2025-07-26 05:00:00,Bo3,Titan Esports Club vs JD Mall JDG Esports(JDG Esports),1 - 2,3,,JDG ban Bind; TEC ban Corrode; JDG pick Lotus; TEC pick Haven; JDG ban Icebox; TEC ban Ascent; Sunset remains,VCT 2025 China Stage 2_csvs
506950,Guangzhou Huadu Bilibili Gaming(Bilibili Gaming) vs Trace Esports,VCT 2025: China Stage 2,2025-07-26 08:25:00,Bo3,Guangzhou Huadu Bilibili Gaming(Bilibili Gaming) vs Trace Esports,1 - 2,3,,TE ban Lotus; BLG ban Corrode; TE pick Haven; BLG pick Icebox; TE ban Sunset; BLG ban Bind; Ascent remains,VCT 2025 China Stage 2_csvs
506951,Wolves Esports vs Dragon Ranger Gaming,VCT 2025: China Stage 2,2025-07-27 05:00:00,Bo3,Wolves Esports vs Dragon Ranger Gaming,2 - 1,3,,DRG ban Bind; WOL ban Sunset; DRG pick Lotus; WOL pick Icebox; DRG ban Haven; WOL ban Corrode; Ascent remains,VCT 2025 China Stage 2_csvs
506952,Xi Lai Gaming vs FunPlus Phoenix,VCT 2025: China Stage 2,2025-07-27 08:35:00,Bo3,Xi Lai Gaming vs FunPlus Phoenix,2 - 0,2,,XLG ban Corrode; FPX ban Lotus; XLG pick Haven; FPX pick Sunset; XLG ban Icebox; FPX ban Bind; Ascent remains,VCT 2025 China Stage 2_csvs
506953,Nova Esports vs Xi Lai Gaming,VCT 2025: China Stage 2,2025-07-31 05:00:00,Bo3,Nova Esports vs Xi Lai Gaming,0 - 2,2,,XLG ban Corrode; NOVA ban Lotus; XLG pick Sunset; NOVA pick Haven; XLG ban Icebox; NOVA ban Ascent; Bind remains,VCT 2025 China Stage 2_csvs
506954,EDward Gaming vs JD Mall JDG Esports(JDG Esports),VCT 2025: China Stage 2,2025-07-31 07:00:00,Bo3,EDward Gaming vs JD Mall JDG Esports(JDG Esports),2 - 1,3,,EDG ban Icebox; JDG ban Bind; EDG pick Corrode; JDG pick Lotus; EDG ban Ascent; JDG ban Sunset; Haven remains,VCT 2025 China Stage 2_csvs
506955,All Gamers vs FunPlus Phoenix,VCT 2025: China Stage 2,2025-08-01 05:00:00,Bo3,All Gamers vs FunPlus Phoenix,2 - 0,2,,AG ban Ascent; FPX ban Lotus; AG pick Icebox; FPX pick Bind; AG ban Haven; FPX ban Corrode; Sunset remains,VCT 2025 China Stage 2_csvs
506956,Trace Esports vs Titan Esports Club,VCT 2025: China Stage 2,2025-08-01 07:40:00,Bo3,Trace Esports vs Titan Esports Club,0 - 2,2,,TE ban Corrode; TEC ban Icebox; TE pick Sunset; TEC pick Haven; TE ban Bind; TEC ban Ascent; Lotus remains,VCT 2025 China Stage 2_csvs
506957,Nova Esports vs Wolves Esports,VCT 2025: China Stage 2,2025-08-02 05:00:00,Bo3,Nova Esports vs Wolves Esports,2 - 1,3,,NOVA ban Lotus; WOL ban Sunset; NOVA pick Haven; WOL pick Corrode; NOVA ban Ascent; WOL ban Icebox; Bind remains,VCT 2025 China Stage 2_csvs
506958,Dragon Ranger Gaming vs Xi Lai Gaming,VCT 2025: China Stage 2,2025-08-02 08:20:00,Bo3,Dragon Ranger Gaming vs Xi Lai Gaming,2 - 1,3,,DRG ban Bind; XLG ban Corrode; DRG pick Ascent; XLG pick Haven; DRG ban Sunset; XLG ban Icebox; Lotus remains,VCT 2025 China Stage 2_csvs
506959,TYLOO vs JD Mall JDG Esports(JDG Esports),VCT 2025: China Stage 2,2025-08-03 05:00:00,Bo3,TYLOO vs JD Mall JDG Esports(JDG Esports),2 - 1,3,,TYL ban Sunset; JDG ban Bind; TYL pick Haven; JDG pick Ascent; TYL ban Lotus; JDG ban Icebox; Corrode remains,VCT 2025 China Stage 2_csvs
506960,Guangzhou Huadu Bilibili Gaming(Bilibili Gaming) vs EDward Gaming,VCT 2025: China Stage 2,2025-08-03 08:00:00,Bo3,Guangzhou Huadu Bilibili Gaming(Bilibili Gaming) vs EDward Gaming,2 - 0,2,,BLG ban Ascent; EDG ban Icebox; BLG pick Lotus; EDG pick Sunset; BLG ban Bind; EDG ban Corrode; Haven remains,VCT 2025 China Stage 2_csvs
527577,All Gamers vs TYLOO,VCT 2025: China Stage 2,2025-08-09 05:00:00,Bo3,All Gamers vs TYLOO,0 - 2,2,,AG ban Ascent; TYL ban Sunset; AG pick Lotus; TYL pick Icebox; AG ban Corrode; TYL ban Bind; Haven remains,VCT 2025 China Stage 2_csvs
527576,EDward Gaming vs Dragon Ranger Gaming,VCT 2025: China Stage 2,2025-08-09 07:20:00,Bo3,EDward Gaming vs Dragon Ranger Gaming,0 - 2,2,,DRG ban Haven; EDG ban Icebox; DRG pick Lotus; EDG pick Corrode; DRG ban Sunset; EDG ban Bind; Ascent remains,VCT 2025 China Stage 2_csvs
527584,All Gamers vs FunPlus Phoenix,VCT 2025: China Stage 2,2025-08-10 05:00:00,Bo3,All Gamers vs FunPlus Phoenix,2 - 1,3,,AG ban Ascent; FPX ban Lotus; AG pick Sunset; FPX pick Haven; AG ban Corrode; FPX ban Bind; Icebox remains,VCT 2025 China Stage 2_csvs
527583,EDward Gaming vs Trace Esports,VCT 2025: China Stage 2,2025-08-10 08:15:00,Bo3,EDward Gaming vs Trace Esports,2 - 1,3,,TE ban Corrode; EDG ban Icebox; TE pick Lotus; EDG pick Sunset; TE ban Haven; EDG ban Bind; Ascent remains,VCT 2025 China Stage 2_csvs
527580,Guangzhou Huadu Bilibili Gaming(Bilibili Gaming) vs TYLOO,VCT 2025: China Stage 2,2025-08-20 05:00:00,Bo3,Guangzhou Huadu Bilibili Gaming(Bilibili Gaming) vs TYLOO,2 - 1,3,,BLG ban Corrode; TYL ban Sunset; BLG pick Bind; TYL pick Icebox; BLG ban Ascent; TYL ban Haven; Lotus remains,VCT 2025 China Stage 2_csvs
527579,Xi Lai Gaming vs Dragon Ranger Gaming,VCT 2025: China Stage 2,2025-08-20 08:20:00,Bo3,Xi Lai Gaming vs Dragon Ranger Gaming,1 - 2,3,,DRG ban Haven; XLG ban Ascent; DRG pick Lotus; XLG pick Bind; DRG ban Icebox; XLG ban Corrode; Sunset remains,VCT 2025 China Stage 2_csvs
527585,TYLOO vs EDward Gaming,VCT 2025: China Stage 2,2025-08-21 05:00:00,Bo3,TYLOO vs EDward Gaming,0 - 2,2,,TYL ban Sunset; EDG ban Icebox; TYL pick Haven; EDG pick Ascent; TYL ban Corrode; EDG ban Bind; Lotus remains,VCT 2025 China Stage 2_csvs
527586,Xi Lai Gaming vs All Gamers,VCT 2025: China Stage 2,2025-08-21 07:10:00,Bo3,Xi Lai Gaming vs All Gamers,2 - 1,3,,XLG ban Corrode; AG ban Haven; XLG pick Ascent; AG pick Icebox; XLG ban Sunset; AG ban Bind; Lotus remains,VCT 2025 China Stage 2_csvs
536176,Pure Aim vs Precise Defeat,VCT 2025: China Stage 2,2025-08-22 04:00:00,Bo1,Pure Aim vs Precise Defeat,0 - 1,1,,,VCT 2025 China Stage 2_csvs
527581,Dragon Ranger Gaming vs Guangzhou Huadu Bilibili Gaming(Bilibili Gaming),VCT 2025: China Stage 2,2025-08-22 05:00:00,Bo3,Dragon Ranger Gaming vs Guangzhou Huadu Bilibili Gaming(Bilibili Gaming),2 - 1,3,,BLG ban Corrode; DRG ban Bind; BLG pick Haven; DRG pick Lotus; BLG ban Ascent; DRG ban Icebox; Sunset remains,VCT 2025 China Stage 2_csvs
527587,EDward Gaming vs Xi Lai Gaming,VCT 2025: China Stage 2,2025-08-22 08:40:00,Bo3,EDward Gaming vs Xi Lai Gaming,2 - 0,2,,XLG ban Sunset; EDG ban Icebox; XLG pick Lotus; EDG pick Corrode; XLG ban Ascent; EDG ban Haven; Bind remains,VCT 2025 China Stage 2_csvs
527588,Guangzhou Huadu Bilibili Gaming(Bilibili Gaming) vs EDward Gaming,VCT 2025: China Stage 2,2025-08-23 05:00:00,Bo5,Guangzhou Huadu Bilibili Gaming(Bilibili Gaming) vs EDward Gaming,3 - 1,4,,BLG ban Corrode; EDG ban Icebox; BLG pick Bind; EDG pick Haven; BLG pick Lotus; EDG pick Ascent; Sunset remains,VCT 2025 China Stage 2_csvs
527582,Dragon Ranger Gaming vs Guangzhou Huadu Bilibili Gaming(Bilibili Gaming),VCT 2025: China Stage 2,2025-08-24 05:00:00,Bo5,Dragon Ranger Gaming vs Guangzhou Huadu Bilibili Gaming(Bilibili Gaming),1 - 3,4,,DRG ban Bind; DRG ban Icebox; DRG pick Sunset; BLG pick Haven; DRG pick Corrode; BLG pick Lotus; Ascent remains,VCT 2025 China Stage 2_csvs
429381,BBL Esports vs GIANTX,VCT 2025: EMEA Kickoff,2025-01-15 12:00:00,Bo3,BBL Esports vs GIANTX,2 - 1,3,Patch 10.0,GX ban Abyss; BBL ban Fracture; GX pick Lotus; BBL pick Haven; GX ban Split; BBL ban Bind; Pearl remains,VCT 2025 EMEA Kickoff_csvs
429380,Karmine Corp vs Natus Vincere,VCT 2025: EMEA Kickoff,2025-01-15 15:30:00,Bo3,Karmine Corp vs Natus Vincere,2 - 1,3,Patch 10.0,NAVI ban Fracture; KC ban Split; NAVI pick Abyss; KC pick Bind; NAVI ban Haven; KC ban Pearl; Lotus remains,VCT 2025 EMEA Kickoff_csvs
429379,Team Liquid vs Movistar KOI(KOI),VCT 2025: EMEA Kickoff,2025-01-16 12:00:00,Bo3,Team Liquid vs Movistar KOI(KOI),2 - 1,3,Patch 10.0,TL ban Lotus; MKOI ban Haven; TL pick Fracture; MKOI pick Abyss; TL ban Pearl; MKOI ban Split; Bind remains,VCT 2025 EMEA Kickoff_csvs
429382,Apeks vs Gentle Mates,VCT 2025: EMEA Kickoff,2025-01-16 15:10:00,Bo3,Apeks vs Gentle Mates,0 - 2,2,Patch 10.0,M8 ban Lotus; APK ban Split; M8 pick Pearl; APK pick Haven; M8 ban Fracture; APK ban Abyss; Bind remains,VCT 2025 EMEA Kickoff_csvs
429385,FNATIC vs BBL Esports,VCT 2025: EMEA Kickoff,2025-01-17 12:00:00,Bo3,FNATIC vs BBL Esports,1 - 2,3,Patch 10.0,BBL ban Bind; FNC ban Pearl; BBL pick Abyss; FNC pick Fracture; BBL ban Haven; FNC ban Lotus; Split remains,VCT 2025 EMEA Kickoff_csvs
429384,Team Vitality vs Karmine Corp,VCT 2025: EMEA Kickoff,2025-01-17 16:00:00,Bo3,Team Vitality vs Karmine Corp,2 - 1,3,Patch 10.0,VIT ban Pearl; KC ban Split; VIT pick Haven; KC pick Bind; VIT ban Lotus; KC ban Fracture; Abyss remains,VCT 2025 EMEA Kickoff_csvs
429383,FUT Esports vs Team Liquid,VCT 2025: EMEA Kickoff,2025-01-22 12:00:00,Bo3,FUT Esports vs Team Liquid,2 - 0,2,Patch 10.0,FUT ban Bind; TL ban Lotus; FUT pick Pearl; TL pick Fracture; FUT ban Abyss; TL ban Haven; Split remains,VCT 2025 EMEA Kickoff_csvs
429386,Team Heretics vs Gentle Mates,VCT 2025: EMEA Kickoff,2025-01-22 14:10:00,Bo3,Team Heretics vs Gentle Mates,2 - 1,3,Patch 10.0,M8 ban Lotus; TH ban Split; M8 pick Abyss; TH pick Fracture; M8 ban Bind; TH ban Haven; Pearl remains,VCT 2025 EMEA Kickoff_csvs
429393,Karmine Corp vs GIANTX,VCT 2025: EMEA Kickoff,2025-01-23 12:00:00,Bo3,Karmine Corp vs GIANTX,1 - 2,3,Patch 10.0,KC ban Haven; GX ban Abyss; KC pick Bind; GX pick Lotus; KC ban Split; GX ban Pearl; Fracture remains,VCT 2025 EMEA Kickoff_csvs
429392,FNATIC vs Natus Vincere,VCT 2025: EMEA Kickoff,2025-01-23 15:30:00,Bo3,FNATIC vs Natus Vincere,2 - 1,3,Patch 10.0,NAVI ban Bind; FNC ban Abyss; NAVI pick Pearl; FNC pick Fracture; NAVI ban Lotus; FNC ban Split; Haven remains,VCT 2025 EMEA Kickoff_csvs
429394,Team Liquid vs Apeks,VCT 2025: EMEA Kickoff,2025-01-24 12:00:00,Bo3,Team Liquid vs Apeks,2 - 1,3,Patch 10.0,TL ban Lotus; APK ban Split; TL pick Abyss; APK pick Pearl; TL ban Fracture; APK ban Bind; Haven remains,VCT 2025 EMEA Kickoff_csvs
429391,Gentle Mates vs Movistar KOI(KOI),VCT 2025: EMEA Kickoff,2025-01-24 15:10:00,Bo3,Gentle Mates vs Movistar KOI(KOI),2 - 1,3,Patch 10.0,M8 ban Fracture; MKOI ban Abyss; M8 pick Haven; MKOI pick Lotus; M8 ban Split; MKOI ban Bind; Pearl remains,VCT 2025 EMEA Kickoff_csvs
429388,BBL Esports vs Team Heretics,VCT 2025: EMEA Kickoff,2025-01-29 12:00:00,Bo3,BBL Esports vs Team Heretics,0 - 2,2,Patch 10.01,BBL ban Fracture; TH ban Split; BBL pick Pearl; TH pick Lotus; BBL ban Haven; TH ban Bind; Abyss remains,VCT 2025 EMEA Kickoff_csvs
429387,FUT Esports vs Team Vitality,VCT 2025: EMEA Kickoff,2025-01-29 14:25:00,Bo3,FUT Esports vs Team Vitality,0 - 2,2,Patch 10.01,FUT ban Haven; VIT ban Pearl; FUT pick Bind; VIT pick Split; FUT ban Fracture; VIT ban Abyss; Lotus remains,VCT 2025 EMEA Kickoff_csvs
429395,Gentle Mates vs FNATIC,VCT 2025: EMEA Kickoff,2025-01-30 12:00:00,Bo3,Gentle Mates vs FNATIC,0 - 2,2,Patch 10.01,M8 ban Lotus; FNC ban Bind; M8 pick Abyss; FNC pick Fracture; M8 ban Split; FNC ban Pearl; Haven remains,VCT 2025 EMEA Kickoff_csvs
429396,GIANTX vs Team Liquid,VCT 2025: EMEA Kickoff,2025-01-30 14:15:00,Bo3,GIANTX vs Team Liquid,0 - 2,2,Patch 10.01,GX ban Abyss; TL ban Lotus; GX pick Fracture; TL pick Split; GX ban Haven; TL ban Pearl; Bind remains,VCT 2025 EMEA Kickoff_csvs
429397,FUT Esports vs FNATIC,VCT 2025: EMEA Kickoff,2025-01-31 12:00:00,Bo3,FUT Esports vs FNATIC,2 - 0,2,Patch 10.01,FUT ban Split; FNC ban Bind; FUT pick Abyss; FNC pick Fracture; FUT ban Haven; FNC ban Lotus; Pearl remains,VCT 2025 EMEA Kickoff_csvs
429398,BBL Esports vs Team Liquid,VCT 2025: EMEA Kickoff,2025-01-31 14:15:00,Bo3,BBL Esports vs Team Liquid,1 - 2,3,Patch 10.01,TL ban Lotus; BBL ban Fracture; TL pick Bind; BBL pick Pearl; TL ban Abyss; BBL ban Haven; Split remains,VCT 2025 EMEA Kickoff_csvs
429389,Team Vitality vs Team Heretics,VCT 2025: EMEA Kickoff,2025-02-07 12:00:00,Bo3,Team Vitality vs Team Heretics,2 - 0,2,Patch 10.01,VIT ban Pearl; TH ban Split; VIT pick Haven; TH pick Abyss; VIT ban Lotus; TH ban Fracture; Bind remains,VCT 2025 EMEA Kickoff_csvs
429400,FUT Esports vs Team Liquid,VCT 2025: EMEA Kickoff,2025-02-07 14:10:00,Bo3,FUT Esports vs Team Liquid,1 - 2,3,Patch 10.01,FUT ban Split; TL ban Pearl; FUT pick Abyss; TL pick Bind; FUT ban Fracture; TL ban Lotus; Haven remains,VCT 2025 EMEA Kickoff_csvs
429401,Team Heretics vs Team Liquid,VCT 2025: EMEA Kickoff,2025-02-08 12:00:00,Bo5,Team Heretics vs Team Liquid,0 - 3,3,Patch 10.01,TH ban Split; TL ban Pearl; TH pick Lotus; TL pick Abyss; TH pick Fracture; TL pick Haven; Bind remains,VCT 2025 EMEA Kickoff_csvs
429390,Team Vitality vs Team Liquid,VCT 2025: EMEA Kickoff,2025-02-09 12:00:00,Bo5,Team Vitality vs Team Liquid,3 - 2,5,Patch 10.01,VIT ban Pearl; VIT ban Abyss; VIT pick Split; TL pick Haven; VIT pick Lotus; TL pick Bind; Fracture remains,VCT 2025 EMEA Kickoff_csvs
459826,Team Vitality vs GIANTX,VCT 2025: EMEA Stage 1,2025-03-26 12:00:00,Bo3,Team Vitality vs GIANTX,2 - 0,2,Patch 10.05,VIT ban Pearl; GX ban Icebox; VIT pick Split; GX pick Lotus; VIT ban Ascent; GX ban Fracture; Haven remains,VCT 2025 EMEA Stage 1_csvs
459827,BBL Esports vs Karmine Corp,VCT 2025: EMEA Stage 1,2025-03-26 14:15:00,Bo3,BBL Esports vs Karmine Corp,2 - 1,3,Patch 10.05,KC ban Haven; BBL ban Lotus; KC pick Icebox; BBL pick Pearl; KC ban Ascent; BBL ban Split; Fracture remains,VCT 2025 EMEA Stage 1_csvs
459828,Team Heretics vs Apeks,VCT 2025: EMEA Stage 1,2025-03-27 12:00:00,Bo3,Team Heretics vs Apeks,2 - 1,3,Patch 10.05,TH ban Pearl; APK ban Fracture; TH pick Ascent; APK pick Split; TH ban Lotus; APK ban Haven; Icebox remains,VCT 2025 EMEA Stage 1_csvs
459829,FUT Esports vs Movistar KOI(KOI),VCT 2025: EMEA Stage 1,2025-03-27 15:15:00,Bo3,FUT Esports vs Movistar KOI(KOI),2 - 0,2,Patch 10.05,FUT ban Fracture; MKOI ban Haven; FUT pick Pearl; MKOI pick Lotus; FUT ban Ascent; MKOI ban Icebox; Split remains,VCT 2025 EMEA Stage 1_csvs
459830,FNATIC vs Natus Vincere,VCT 2025: EMEA Stage 1,2025-03-28 12:00:00,Bo3,FNATIC vs Natus Vincere,2 - 0,2,Patch 10.05,FNC ban Pearl; NAVI ban Ascent; FNC pick Split; NAVI pick Fracture; FNC ban Lotus; NAVI ban Icebox; Haven remains,VCT 2025 EMEA Stage 1_csvs
459831,Team Liquid vs Gentle Mates,VCT 2025: EMEA Stage 1,2025-03-28 14:30:00,Bo3,Team Liquid vs Gentle Mates,1 - 2,3,Patch 10.05,TL ban Pearl; M8 ban Ascent; TL pick Split; M8 pick Haven; TL ban Lotus; M8 ban Fracture; Icebox remains,VCT 2025 EMEA Stage 1_csvs
459832,Team Liquid vs BBL Esports,VCT 2025: EMEA Stage 1,2025-04-02 11:00:00,Bo3,Team Liquid vs BBL Esports,2 - 1,3,Patch 10.05,TL ban Pearl; BBL ban Split; TL pick Fracture; BBL pick Haven; TL ban Icebox; BBL ban Lotus; Ascent remains,VCT 2025 EMEA Stage 1_csvs
459833,Apeks vs Natus Vincere,VCT 2025: EMEA Stage 1,2025-04-02 13:50:00,Bo3,Apeks vs Natus Vincere,1 - 2,3,Patch 10.05,NAVI ban Ascent; APK ban Fracture; NAVI pick Lotus; APK pick Haven; NAVI ban Pearl; APK ban Icebox; Split remains,VCT 2025 EMEA Stage 1_csvs
459834,FUT Esports vs Gentle Mates,VCT 2025: EMEA Stage 1,2025-04-03 11:00:00,Bo3,FUT Esports vs Gentle Mates,2 - 1,3,Patch 10.05,M8 ban Ascent; FUT ban Haven; M8 pick Icebox; FUT pick Fracture; M8 ban Split; FUT ban Pearl; Lotus remains,VCT 2025 EMEA Stage 1_csvs
459835,Team Heretics vs GIANTX,VCT 2025: EMEA Stage 1,2025-04-03 14:25:00,Bo3,Team Heretics vs GIANTX,2 - 1,3,Patch 10.05,GX ban Icebox; TH ban Pearl; GX pick Haven; TH pick Split; GX ban Ascent; TH ban Fracture; Lotus remains,VCT 2025 EMEA Stage 1_csvs
459836,Team Vitality vs FNATIC,VCT 2025: EMEA Stage 1,2025-04-04 11:00:00,Bo3,Team Vitality vs FNATIC,1 - 2,3,Patch 10.05,FNC ban Icebox; VIT ban Pearl; FNC pick Split; VIT pick Lotus; FNC ban Fracture; VIT ban Ascent; Haven remains,VCT 2025 EMEA Stage 1_csvs
459837,Movistar KOI(KOI) vs Karmine Corp,VCT 2025: EMEA Stage 1,2025-04-04 15:10:00,Bo3,Movistar KOI(KOI) vs Karmine Corp,0 - 2,2,Patch 10.05,MKOI ban Pearl; KC ban Fracture; MKOI pick Lotus; KC pick Icebox; MKOI ban Haven; KC ban Split; Ascent remains,VCT 2025 EMEA Stage 1_csvs
459839,Movistar KOI(KOI) vs BBL Esports,VCT 2025: EMEA Stage 1,2025-04-09 11:00:00,Bo3,Movistar KOI(KOI) vs BBL Esports,0 - 2,2,Patch 10.06,BBL ban Lotus; MKOI ban Haven; BBL pick Pearl; MKOI pick Icebox; BBL ban Fracture; MKOI ban Ascent; Split remains,VCT 2025 EMEA Stage 1_csvs
459840,Natus Vincere vs GIANTX,VCT 2025: EMEA Stage 1,2025-04-09 13:15:00,Bo3,Natus Vincere vs GIANTX,2 - 1,3,Patch 10.06,NAVI ban Ascent; GX ban Icebox; NAVI pick Fracture; GX pick Pearl; NAVI ban Lotus; GX ban Haven; Split remains,VCT 2025 EMEA Stage 1_csvs
459841,Team Liquid vs FUT Esports,VCT 2025: EMEA Stage 1,2025-04-10 11:00:00,Bo3,Team Liquid vs FUT Esports,2 - 0,2,Patch 10.06,FUT ban Fracture; TL ban Pearl; FUT pick Lotus; TL pick Split; FUT ban Ascent; TL ban Icebox; Haven remains,VCT 2025 EMEA Stage 1_csvs
459842,Team Vitality vs Team Heretics,VCT 2025: EMEA Stage 1,2025-04-10 12:50:00,Bo3,Team Vitality vs Team Heretics,0 - 2,2,Patch 10.06,TH ban Fracture; VIT ban Pearl; TH pick Haven; VIT pick Icebox; TH ban Lotus; VIT ban Ascent; Split remains,VCT 2025 EMEA Stage 1_csvs
459843,Apeks vs FNATIC,VCT 2025: EMEA Stage 1,2025-04-11 11:00:00,Bo3,Apeks vs FNATIC,0 - 2,2,Patch 10.06,APK ban Fracture; FNC ban Pearl; APK pick Lotus; FNC pick Split; APK ban Haven; FNC ban Icebox; Ascent remains,VCT 2025 EMEA Stage 1_csvs
459844,Karmine Corp vs Gentle Mates,VCT 2025: EMEA Stage 1,2025-04-11 14:00:00,Bo3,Karmine Corp vs Gentle Mates,2 - 0,2,Patch 10.06,M8 ban Lotus; KC ban Fracture; M8 pick Haven; KC pick Pearl; M8 ban Split; KC ban Ascent; Icebox remains,VCT 2025 EMEA Stage 1_csvs
459845,Team Vitality vs Apeks,VCT 2025: EMEA Stage 1,2025-04-16 11:00:00,Bo3,Team Vitality vs Apeks,2 - 0,2,Patch 10.06,APK ban Fracture; VIT ban Pearl; APK pick Ascent; VIT pick Lotus; APK ban Icebox; VIT ban Split; Haven remains,VCT 2025 EMEA Stage 1_csvs
459846,Team Liquid vs Movistar KOI(KOI),VCT 2025: EMEA Stage 1,2025-04-16 13:20:00,Bo3,Team Liquid vs Movistar KOI(KOI),2 - 0,2,Patch 10.06,MKOI ban Haven; TL ban Pearl; MKOI pick Lotus; TL pick Split; MKOI ban Fracture; TL ban Ascent; Icebox remains,VCT 2025 EMEA Stage 1_csvs
459847,Gentle Mates vs BBL Esports,VCT 2025: EMEA Stage 1,2025-04-17 11:00:00,Bo3,Gentle Mates vs BBL Esports,0 - 2,2,Patch 10.06,BBL ban Icebox; M8 ban Pearl; BBL pick Lotus; M8 pick Haven; BBL ban Fracture; M8 ban Split; Ascent remains,VCT 2025 EMEA Stage 1_csvs
459848,GIANTX vs FNATIC,VCT 2025: EMEA Stage 1,2025-04-17 13:10:00,Bo3,GIANTX vs FNATIC,1 - 2,3,Patch 10.06,GX ban Split; FNC ban Pearl; GX pick Ascent; FNC pick Lotus; GX ban Icebox; FNC ban Fracture; Haven remains,VCT 2025 EMEA Stage 1_csvs
459849,Karmine Corp vs FUT Esports,VCT 2025: EMEA Stage 1,2025-04-18 11:00:00,Bo3,Karmine Corp vs FUT Esports,1 - 2,3,Patch 10.06,FUT ban Icebox; KC ban Fracture; FUT pick Pearl; KC pick Lotus; FUT ban Split; KC ban Haven; Ascent remains,VCT 2025 EMEA Stage 1_csvs
459850,Natus Vincere vs Team Heretics,VCT 2025: EMEA Stage 1,2025-04-18 15:20:00,Bo3,Natus Vincere vs Team Heretics,0 - 2,2,Patch 10.06,TH ban Fracture; NAVI ban Lotus; TH pick Haven; NAVI pick Pearl; TH ban Ascent; NAVI ban Icebox; Split remains,VCT 2025 EMEA Stage 1_csvs
459852,BBL Esports vs FUT Esports,VCT 2025: EMEA Stage 1,2025-04-23 11:00:00,Bo3,BBL Esports vs FUT Esports,2 - 0,2,Patch 10.07,BBL ban Lotus; FUT ban Haven; BBL pick Ascent; FUT pick Icebox; BBL ban Pearl; FUT ban Split; Fracture remains,VCT 2025 EMEA Stage 1_csvs
459853,GIANTX vs Apeks,VCT 2025: EMEA Stage 1,2025-04-23 15:00:00,Bo3,GIANTX vs Apeks,2 - 0,2,Patch 10.07,APK ban Fracture; GX ban Split; APK pick Lotus; GX pick Ascent; APK ban Haven; GX ban Pearl; Icebox remains,VCT 2025 EMEA Stage 1_csvs
459854,Gentle Mates vs Movistar KOI(KOI),VCT 2025: EMEA Stage 1,2025-04-24 11:00:00,Bo3,Gentle Mates vs Movistar KOI(KOI),1 - 2,3,Patch 10.07,M8 ban Lotus; MKOI ban Haven; M8 pick Split; MKOI pick Icebox; M8 ban Ascent; MKOI ban Pearl; Fracture remains,VCT 2025 EMEA Stage 1_csvs
459855,Team Vitality vs Natus Vincere,VCT 2025: EMEA Stage 1,2025-04-24 14:05:00,Bo3,Team Vitality vs Natus Vincere,0 - 2,2,Patch 10.07,VIT ban Pearl; NAVI ban Lotus; VIT pick Haven; NAVI pick Icebox; VIT ban Split; NAVI ban Fracture; Ascent remains,VCT 2025 EMEA Stage 1_csvs
459856,Team Liquid vs Karmine Corp,VCT 2025: EMEA Stage 1,2025-05-02 11:00:00,Bo3,Team Liquid vs Karmine Corp,2 - 1,3,Patch 10.07,Map 1 stats unavailable due to lobby remake.,VCT 2025 EMEA Stage 1_csvs
459857,FNATIC vs Team Heretics,VCT 2025: EMEA Stage 1,2025-05-02 13:30:00,Bo3,FNATIC vs Team Heretics,0 - 2,2,Patch 10.07,FNC ban Pearl; TH ban Split; FNC pick Lotus; TH pick Haven; FNC ban Ascent; TH ban Fracture; Icebox remains,VCT 2025 EMEA Stage 1_csvs
482503,BBL Esports vs Natus Vincere,VCT 2025: EMEA Stage 1,2025-05-08 11:00:00,Bo3,BBL Esports vs Natus Vincere,2 - 0,2,Patch 10.08,BBL ban Split; NAVI ban Pearl; BBL pick Lotus; NAVI pick Fracture; BBL ban Icebox; NAVI ban Haven; Ascent remains,VCT 2025 EMEA Stage 1_csvs
482504,FNATIC vs FUT Esports,VCT 2025: EMEA Stage 1,2025-05-08 14:00:00,Bo3,FNATIC vs FUT Esports,2 - 0,2,Patch 10.08,FUT ban Icebox; FNC ban Pearl; FUT pick Lotus; FNC pick Split; FUT ban Fracture; FNC ban Ascent; Haven remains,VCT 2025 EMEA Stage 1_csvs
482505,Natus Vincere vs Karmine Corp,VCT 2025: EMEA Stage 1,2025-05-09 11:00:00,Bo3,Natus Vincere vs Karmine Corp,2 - 1,3,Patch 10.08,KC ban Fracture; NAVI ban Pearl; KC pick Icebox; NAVI pick Split; KC ban Lotus; NAVI ban Haven; Ascent remains,VCT 2025 EMEA Stage 1_csvs
482506,FUT Esports vs Team Vitality,VCT 2025: EMEA Stage 1,2025-05-09 15:05:00,Bo3,FUT Esports vs Team Vitality,2 - 0,2,Patch 10.08,FUT ban Icebox; VIT ban Pearl; FUT pick Fracture; VIT pick Split; FUT ban Haven; VIT ban Lotus; Ascent remains,VCT 2025 EMEA Stage 1_csvs
482507,Team Heretics vs BBL Esports,VCT 2025: EMEA Stage 1,2025-05-10 11:00:00,Bo3,Team Heretics vs BBL Esports,2 - 0,2,Patch 10.08,BBL ban Lotus; TH ban Fracture; BBL pick Ascent; TH pick Icebox; BBL ban Split; TH ban Pearl; Haven remains,VCT 2025 EMEA Stage 1_csvs
482508,Team Liquid vs FNATIC,VCT 2025: EMEA Stage 1,2025-05-10 13:25:00,Bo3,Team Liquid vs FNATIC,1 - 2,3,Patch 10.08,TL ban Pearl; FNC ban Ascent; TL pick Split; FNC pick Icebox; TL ban Haven; FNC ban Lotus; Fracture remains,VCT 2025 EMEA Stage 1_csvs
482510,BBL Esports vs FUT Esports,VCT 2025: EMEA Stage 1,2025-05-11 11:00:00,Bo3,BBL Esports vs FUT Esports,2 - 1,3,Patch 10.08,Map 1 stats are unavailable due to lobby remake.,VCT 2025 EMEA Stage 1_csvs
482509,Team Liquid vs Natus Vincere,VCT 2025: EMEA Stage 1,2025-05-11 14:45:00,Bo3,Team Liquid vs Natus Vincere,2 - 1,3,Patch 10.08,NAVI ban Lotus; TL ban Pearl; NAVI pick Icebox; TL pick Split; NAVI ban Fracture; TL ban Haven; Ascent remains,VCT 2025 EMEA Stage 1_csvs
482515,Team Heretics vs FNATIC,VCT 2025: EMEA Stage 1,2025-05-16 11:00:00,Bo3,Team Heretics vs FNATIC,0 - 2,2,Patch 10.08,FNC ban Pearl; TH ban Split; FNC pick Fracture; TH pick Icebox; FNC ban Haven; TH ban Ascent; Lotus remains,VCT 2025 EMEA Stage 1_csvs
482511,Team Liquid vs BBL Esports,VCT 2025: EMEA Stage 1,2025-05-16 13:20:00,Bo3,Team Liquid vs BBL Esports,2 - 1,3,Patch 10.08,BBL ban Lotus; TL ban Pearl; BBL pick Haven; TL pick Split; BBL ban Ascent; TL ban Icebox; Fracture remains,VCT 2025 EMEA Stage 1_csvs
482512,Team Heretics vs Team Liquid,VCT 2025: EMEA Stage 1,2025-05-17 12:00:00,Bo5,Team Heretics vs Team Liquid,3 - 0,3,Patch 10.08,TH ban Fracture; TL ban Pearl; TH pick Haven; TL pick Ascent; TH pick Icebox; TL pick Lotus; Split remains,VCT 2025 EMEA Stage 1_csvs
482513,FNATIC vs Team Heretics,VCT 2025: EMEA Stage 1,2025-05-18 12:00:00,Bo5,FNATIC vs Team Heretics,3 - 0,3,Patch 10.08,FNC ban Pearl; FNC ban Haven; FNC pick Split; TH pick Icebox; FNC pick Fracture; TH pick Lotus; Ascent remains,VCT 2025 EMEA Stage 1_csvs
511543,Natus Vincere vs Apeks,VCT 2025: EMEA Stage 2,2025-07-16 11:00:00,Bo3,Natus Vincere vs Apeks,2 - 1,3,Patch 11.0,NAVI ban Lotus; APK ban Bind; NAVI pick Icebox; APK pick Sunset; NAVI ban Haven; APK ban Ascent; Corrode remains,VCT 2025 EMEA Stage 2_csvs
511544,Team Vitality vs GIANTX,VCT 2025: EMEA Stage 2,2025-07-16 13:50:00,Bo3,Team Vitality vs GIANTX,0 - 2,2,Patch 11.0,VIT ban Ascent; GX ban Corrode; VIT pick Sunset; GX pick Bind; VIT ban Icebox; GX ban Haven; Lotus remains,VCT 2025 EMEA Stage 2_csvs
511545,FUT Esports vs Gentle Mates,VCT 2025: EMEA Stage 2,2025-07-17 11:00:00,Bo3,FUT Esports vs Gentle Mates,2 - 1,3,Patch 11.0,FUT ban Icebox; M8 ban Corrode; FUT pick Bind; M8 pick Sunset; FUT ban Haven; M8 ban Ascent; Lotus remains,VCT 2025 EMEA Stage 2_csvs
511546,Team Liquid vs Movistar KOI(KOI),VCT 2025: EMEA Stage 2,2025-07-17 14:30:00,Bo3,Team Liquid vs Movistar KOI(KOI),2 - 1,3,Patch 11.0,TL ban Haven; MKOI ban Corrode; TL pick Bind; MKOI pick Icebox; TL ban Sunset; MKOI ban Ascent; Lotus remains,VCT 2025 EMEA Stage 2_csvs
511547,Team Heretics vs BBL Esports,VCT 2025: EMEA Stage 2,2025-07-18 11:00:00,Bo3,Team Heretics vs BBL Esports,2 - 1,3,Patch 11.0,BBL ban Bind; TH ban Corrode; BBL pick Icebox; TH pick Haven; BBL ban Ascent; TH ban Lotus; Sunset remains,VCT 2025 EMEA Stage 2_csvs
511548,FNATIC vs Karmine Corp,VCT 2025: EMEA Stage 2,2025-07-18 14:15:00,Bo3,FNATIC vs Karmine Corp,2 - 1,3,Patch 11.0,KC ban Ascent; FNC ban Corrode; KC pick Bind; FNC pick Lotus; KC ban Sunset; FNC ban Haven; Icebox remains,VCT 2025 EMEA Stage 2_csvs
511549,Apeks vs Karmine Corp,VCT 2025: EMEA Stage 2,2025-07-23 11:00:00,Bo3,Apeks vs Karmine Corp,1 - 2,3,Patch 11.0,KC ban Ascent; APK ban Bind; KC pick Icebox; APK pick Sunset; KC ban Corrode; APK ban Haven; Lotus remains,VCT 2025 EMEA Stage 2_csvs
511550,GIANTX vs BBL Esports,VCT 2025: EMEA Stage 2,2025-07-23 14:30:00,Bo3,GIANTX vs BBL Esports,2 - 1,3,Patch 11.0,BBL ban Bind; GX ban Ascent; BBL pick Icebox; GX pick Lotus; BBL ban Sunset; GX ban Haven; Corrode remains,VCT 2025 EMEA Stage 2_csvs
511551,Team Liquid vs Natus Vincere,VCT 2025: EMEA Stage 2,2025-07-24 11:00:00,Bo3,Team Liquid vs Natus Vincere,2 - 0,2,Patch 11.0,NAVI ban Lotus; TL ban Icebox; NAVI pick Corrode; TL pick Sunset; NAVI ban Haven; TL ban Ascent; Bind remains,VCT 2025 EMEA Stage 2_csvs
511552,Gentle Mates vs Team Heretics,VCT 2025: EMEA Stage 2,2025-07-24 13:05:00,Bo3,Gentle Mates vs Team Heretics,1 - 2,3,Patch 11.0,M8 ban Sunset; TH ban Icebox; M8 pick Corrode; TH pick Ascent; M8 ban Haven; TH ban Lotus; Bind remains,VCT 2025 EMEA Stage 2_csvs
511553,FUT Esports vs Team Vitality,VCT 2025: EMEA Stage 2,2025-07-25 11:00:00,Bo3,FUT Esports vs Team Vitality,0 - 2,2,Patch 11.0,FUT ban Icebox; VIT ban Ascent; FUT pick Haven; VIT pick Lotus; FUT ban Corrode; VIT ban Sunset; Bind remains,VCT 2025 EMEA Stage 2_csvs
511554,Movistar KOI(KOI) vs FNATIC,VCT 2025: EMEA Stage 2,2025-07-25 12:55:00,Bo3,Movistar KOI(KOI) vs FNATIC,0 - 2,2,Patch 11.0,FNC ban Corrode; MKOI ban Bind; FNC pick Ascent; MKOI pick Haven; FNC ban Icebox; MKOI ban Lotus; Sunset remains,VCT 2025 EMEA Stage 2_csvs
511562,FUT Esports vs GIANTX,VCT 2025: EMEA Stage 2,2025-07-30 11:00:00,Bo3,FUT Esports vs GIANTX,2 - 1,3,Patch 11.0,FUT ban Icebox; GX ban Ascent; FUT pick Sunset; GX pick Haven; FUT ban Lotus; GX ban Corrode; Bind remains,VCT 2025 EMEA Stage 2_csvs
511563,Gentle Mates vs BBL Esports,VCT 2025: EMEA Stage 2,2025-07-30 14:10:00,Bo3,Gentle Mates vs BBL Esports,0 - 2,2,Patch 11.0,BBL ban Bind; M8 ban Icebox; BBL pick Sunset; M8 pick Lotus; BBL ban Corrode; M8 ban Haven; Ascent remains,VCT 2025 EMEA Stage 2_csvs
511564,Team Liquid vs Apeks,VCT 2025: EMEA Stage 2,2025-07-31 11:00:00,Bo3,Team Liquid vs Apeks,2 - 1,3,Patch 11.0,APK ban Bind; TL ban Sunset; APK pick Ascent; TL pick Corrode; APK ban Icebox; TL ban Haven; Lotus remains,VCT 2025 EMEA Stage 2_csvs
511565,Movistar KOI(KOI) vs Karmine Corp,VCT 2025: EMEA Stage 2,2025-07-31 14:40:00,Bo3,Movistar KOI(KOI) vs Karmine Corp,1 - 2,3,Patch 11.0,MKOI ban Bind; KC ban Ascent; MKOI pick Lotus; KC pick Sunset; MKOI ban Icebox; KC ban Corrode; Haven remains,VCT 2025 EMEA Stage 2_csvs
511566,Natus Vincere vs FNATIC,VCT 2025: EMEA Stage 2,2025-08-01 11:00:00,Bo3,Natus Vincere vs FNATIC,1 - 2,3,Patch 11.0,NAVI ban Lotus; FNC ban Corrode; NAVI pick Bind; FNC pick Ascent; NAVI ban Sunset; FNC ban Haven; Icebox remains,VCT 2025 EMEA Stage 2_csvs
511567,Team Vitality vs Team Heretics,VCT 2025: EMEA Stage 2,2025-08-01 14:40:00,Bo3,Team Vitality vs Team Heretics,0 - 2,2,Patch 11.0,TH ban Icebox; VIT ban Sunset; TH pick Haven; VIT pick Ascent; TH ban Corrode; VIT ban Bind; Lotus remains,VCT 2025 EMEA Stage 2_csvs
511568,FUT Esports vs Team Heretics,VCT 2025: EMEA Stage 2,2025-08-06 11:00:00,Bo3,FUT Esports vs Team Heretics,0 - 2,2,Patch 11.0,TH ban Corrode; FUT ban Sunset; TH pick Haven; FUT pick Bind; TH ban Icebox; FUT ban Lotus; Ascent remains,VCT 2025 EMEA Stage 2_csvs
511569,Movistar KOI(KOI) vs Apeks,VCT 2025: EMEA Stage 2,2025-08-06 13:35:00,Bo3,Movistar KOI(KOI) vs Apeks,2 - 1,3,Patch 11.0,MKOI ban Sunset; APK ban Icebox; MKOI pick Lotus; APK pick Ascent; MKOI ban Corrode; APK ban Bind; Haven remains,VCT 2025 EMEA Stage 2_csvs
511570,Gentle Mates vs GIANTX,VCT 2025: EMEA Stage 2,2025-08-07 11:00:00,Bo3,Gentle Mates vs GIANTX,1 - 2,3,Patch 11.0,M8 ban Sunset; GX ban Lotus; M8 pick Corrode; GX pick Ascent; M8 ban Bind; GX ban Icebox; Haven remains,VCT 2025 EMEA Stage 2_csvs
511571,Natus Vincere vs Karmine Corp,VCT 2025: EMEA Stage 2,2025-08-07 14:00:00,Bo3,Natus Vincere vs Karmine Corp,2 - 0,2,Patch 11.0,KC ban Icebox; NAVI ban Lotus; KC pick Sunset; NAVI pick Corrode; KC ban Ascent; NAVI ban Haven; Bind remains,VCT 2025 EMEA Stage 2_csvs
511572,Team Vitality vs BBL Esports,VCT 2025: EMEA Stage 2,2025-08-08 11:00:00,Bo3,Team Vitality vs BBL Esports,1 - 2,3,Patch 11.0,VIT ban Sunset; BBL ban Haven; VIT pick Lotus; BBL pick Icebox; VIT ban Ascent; BBL ban Corrode; Bind remains,VCT 2025 EMEA Stage 2_csvs
511573,Team Liquid vs FNATIC,VCT 2025: EMEA Stage 2,2025-08-08 14:40:00,Bo3,Team Liquid vs FNATIC,2 - 0,2,Patch 11.0,TL ban Icebox; FNC ban Sunset; TL pick Bind; FNC pick Ascent; TL ban Haven; FNC ban Lotus; Corrode remains,VCT 2025 EMEA Stage 2_csvs
511575,Movistar KOI(KOI) vs Natus Vincere,VCT 2025: EMEA Stage 2,2025-08-13 11:00:00,Bo3,Movistar KOI(KOI) vs Natus Vincere,1 - 2,3,Patch 11.0,MKOI ban Sunset; NAVI ban Lotus; MKOI pick Icebox; NAVI pick Corrode; MKOI ban Bind; NAVI ban Haven; Ascent remains,VCT 2025 EMEA Stage 2_csvs
511576,Apeks vs FNATIC,VCT 2025: EMEA Stage 2,2025-08-13 14:20:00,Bo3,Apeks vs FNATIC,0 - 2,2,Patch 11.0,FNC ban Sunset; APK ban Icebox; FNC pick Bind; APK pick Lotus; FNC ban Haven; APK ban Corrode; Ascent remains,VCT 2025 EMEA Stage 2_csvs
511577,GIANTX vs Team Heretics,VCT 2025: EMEA Stage 2,2025-08-14 11:00:00,Bo3,GIANTX vs Team Heretics,0 - 2,2,Patch 11.0,GX ban Bind; TH ban Corrode; GX pick Abyss; TH pick Haven; GX ban Icebox; TH ban Lotus; Ascent remains,VCT 2025 EMEA Stage 2_csvs
511579,Gentle Mates vs Team Vitality,VCT 2025: EMEA Stage 2,2025-08-14 13:05:00,Bo3,Gentle Mates vs Team Vitality,1 - 2,3,Patch 11.0,M8 ban Haven; VIT ban Icebox; M8 pick Corrode; VIT pick Lotus; M8 ban Sunset; VIT ban Bind; Ascent remains,VCT 2025 EMEA Stage 2_csvs
511580,FUT Esports vs BBL Esports,VCT 2025: EMEA Stage 2,2025-08-15 11:00:00,Bo3,FUT Esports vs BBL Esports,0 - 2,2,Patch 11.0,BBL ban Corrode; FUT ban Icebox; BBL pick Sunset; FUT pick Ascent; BBL ban Bind; FUT ban Lotus; Haven remains,VCT 2025 EMEA Stage 2_csvs
511581,Team Liquid vs Karmine Corp,VCT 2025: EMEA Stage 2,2025-08-15 13:30:00,Bo3,Team Liquid vs Karmine Corp,1 - 2,3,Patch 11.0,TL ban Haven; KC ban Ascent; TL pick Lotus; KC pick Bind; TL ban Icebox; KC ban Corrode; Sunset remains,VCT 2025 EMEA Stage 2_csvs
530924,FNATIC vs BBL Esports,VCT 2025: EMEA Stage 2,2025-08-21 11:00:00,Bo3,FNATIC vs BBL Esports,1 - 2,3,Patch 11.0,FNC ban Sunset; BBL ban Lotus; FNC pick Corrode; BBL pick Ascent; FNC ban Icebox; BBL ban Bind; Haven remains,VCT 2025 EMEA Stage 2_csvs
530925,GIANTX vs Natus Vincere,VCT 2025: EMEA Stage 2,2025-08-21 14:15:00,Bo3,GIANTX vs Natus Vincere,2 - 1,3,Patch 11.0,NAVI ban Lotus; GX ban Icebox; NAVI pick Bind; GX pick Haven; NAVI ban Sunset; GX ban Corrode; Ascent remains,VCT 2025 EMEA Stage 2_csvs
530928,Team Heretics vs BBL Esports,VCT 2025: EMEA Stage 2,2025-08-22 11:00:00,Bo3,Team Heretics vs BBL Esports,0 - 2,2,Patch 11.0,BBL ban Bind; TH ban Corrode; BBL pick Icebox; TH pick Ascent; BBL ban Lotus; TH ban Sunset; Haven remains,VCT 2025 EMEA Stage 2_csvs
530929,Team Liquid vs GIANTX,VCT 2025: EMEA Stage 2,2025-08-22 13:20:00,Bo3,Team Liquid vs GIANTX,2 - 1,3,Patch 11.0,GX ban Bind; TL ban Haven; GX pick Sunset; TL pick Corrode; GX ban Lotus; TL ban Icebox; Ascent remains,VCT 2025 EMEA Stage 2_csvs
530926,FNATIC vs Karmine Corp,VCT 2025: EMEA Stage 2,2025-08-23 11:00:00,Bo3,FNATIC vs Karmine Corp,2 - 1,3,Patch 11.0,KC ban Ascent; FNC ban Sunset; KC pick Haven; FNC pick Corrode; KC ban Icebox; FNC ban Lotus; Bind remains,VCT 2025 EMEA Stage 2_csvs
530927,Natus Vincere vs Team Vitality,VCT 2025: EMEA Stage 2,2025-08-23 14:55:00,Bo3,Natus Vincere vs Team Vitality,2 - 0,2,Patch 11.0,VIT ban Icebox; NAVI ban Lotus; VIT pick Haven; NAVI pick Bind; VIT ban Sunset; NAVI ban Ascent; Corrode remains,VCT 2025 EMEA Stage 2_csvs
530930,GIANTX vs FNATIC,VCT 2025: EMEA Stage 2,2025-08-24 11:00:00,Bo3,GIANTX vs FNATIC,2 - 0,2,Patch 11.0,FNC ban Ascent; GX ban Bind; FNC pick Lotus; GX pick Sunset; FNC ban Haven; GX ban Icebox; Corrode remains,VCT 2025 EMEA Stage 2_csvs
530931,Team Heretics vs Natus Vincere,VCT 2025: EMEA Stage 2,2025-08-24 13:25:00,Bo3,Team Heretics vs Natus Vincere,0 - 2,2,Patch 11.0,NAVI ban Lotus; TH ban Corrode; NAVI pick Icebox; TH pick Haven; NAVI ban Ascent; TH ban Sunset; Bind remains,VCT 2025 EMEA Stage 2_csvs
530932,BBL Esports vs Team Liquid,VCT 2025: EMEA Stage 2,2025-08-29 11:00:00,Bo3,BBL Esports vs Team Liquid,1 - 2,3,Patch 11.0,BBL ban Corrode; TL ban Icebox; BBL pick Ascent; TL pick Sunset; BBL ban Haven; TL ban Lotus; Bind remains,VCT 2025 EMEA Stage 2_csvs
530933,GIANTX vs Natus Vincere,VCT 2025: EMEA Stage 2,2025-08-29 14:40:00,Bo3,GIANTX vs Natus Vincere,2 - 1,3,Patch 11.0,NAVI ban Lotus; GX ban Bind; NAVI pick Icebox; GX pick Sunset; NAVI ban Ascent; GX ban Corrode; Haven remains,VCT 2025 EMEA Stage 2_csvs
530934,BBL Esports vs GIANTX,VCT 2025: EMEA Stage 2,2025-08-30 12:00:00,Bo5,BBL Esports vs GIANTX,0 - 3,3,Patch 11.0,BBL ban Corrode; GX ban Icebox; BBL pick Ascent; GX pick Sunset; BBL pick Bind; GX pick Lotus; Haven remains,VCT 2025 EMEA Stage 2_csvs
538583,Team France vs Team EMEA,VCT 2025: EMEA Stage 2,2025-08-31 11:00:00,Bo1,Team France vs Team EMEA,0 - 1,1,Patch 11.0,,VCT 2025 EMEA Stage 2_csvs
530935,Team Liquid vs GIANTX,VCT 2025: EMEA Stage 2,2025-08-31 12:00:00,Bo5,Team Liquid vs GIANTX,3 - 0,3,Patch 11.0,TL ban Icebox; TL ban Haven; TL pick Bind; GX pick Lotus; TL pick Sunset; GX pick Ascent; Corrode remains,VCT 2025 EMEA Stage 2_csvs
430514,BOOM Esports vs T1,VCT 2025: Pacific Kickoff,2025-01-18 03:00:00,Bo3,BOOM Esports vs T1,1 - 2,3,Patch 10.0,BME ban Split; T1 ban Abyss; BME pick Pearl; T1 pick Bind; BME ban Haven; T1 ban Lotus; Fracture remains,VCT 2025 Pacific Kickoff_csvs
430515,ZETA DIVISION vs Nongshim RedForce,VCT 2025: Pacific Kickoff,2025-01-18 06:15:00,Bo3,ZETA DIVISION vs Nongshim RedForce,0 - 2,2,Patch 10.0,NS ban Abyss; ZETA ban Bind; NS pick Split; ZETA pick Haven; NS ban Pearl; ZETA ban Fracture; Lotus remains,VCT 2025 Pacific Kickoff_csvs
430516,Global Esports vs Team Secret,VCT 2025: Pacific Kickoff,2025-01-19 03:00:00,Bo3,Global Esports vs Team Secret,2 - 1,3,Patch 10.0,TS ban Bind; GE ban Haven; TS pick Abyss; GE pick Split; TS ban Lotus; GE ban Fracture; Pearl remains,VCT 2025 Pacific Kickoff_csvs
430517,DetonatioN FocusMe vs Rex Regum Qeon,VCT 2025: Pacific Kickoff,2025-01-19 06:00:00,Bo3,DetonatioN FocusMe vs Rex Regum Qeon,1 - 2,3,Patch 10.0,RRQ ban Bind; DFM ban Fracture; RRQ pick Abyss; DFM pick Pearl; RRQ ban Lotus; DFM ban Split; Haven remains,VCT 2025 Pacific Kickoff_csvs
430521,DRX vs Nongshim RedForce,VCT 2025: Pacific Kickoff,2025-01-20 03:00:00,Bo3,DRX vs Nongshim RedForce,2 - 1,3,Patch 10.0,NS ban Abyss; DRX ban Bind; NS pick Lotus; DRX pick Pearl; NS ban Split; DRX ban Haven; Fracture remains,VCT 2025 Pacific Kickoff_csvs
430518,Paper Rex vs T1,VCT 2025: Pacific Kickoff,2025-01-20 06:15:00,Bo3,Paper Rex vs T1,1 - 2,3,Patch 10.0,T1 ban Pearl; PRX ban Haven; T1 pick Bind; PRX pick Fracture; T1 ban Lotus; PRX ban Abyss; Split remains,VCT 2025 Pacific Kickoff_csvs
430519,TALON vs Global Esports,VCT 2025: Pacific Kickoff,2025-01-25 03:00:00,Bo3,TALON vs Global Esports,2 - 1,3,Patch 10.0,GE ban Haven; TLN ban Pearl; GE pick Split; TLN pick Abyss; GE ban Fracture; TLN ban Bind; Lotus remains,VCT 2025 Pacific Kickoff_csvs
430520,Gen.G vs Rex Regum Qeon,VCT 2025: Pacific Kickoff,2025-01-25 06:00:00,Bo3,Gen.G vs Rex Regum Qeon,2 - 1,3,Patch 10.0,RRQ ban Bind; GEN ban Split; RRQ pick Fracture; GEN pick Lotus; RRQ ban Pearl; GEN ban Abyss; Haven remains,VCT 2025 Pacific Kickoff_csvs
430526,Nongshim RedForce vs BOOM Esports,VCT 2025: Pacific Kickoff,2025-01-26 03:00:00,Bo3,Nongshim RedForce vs BOOM Esports,2 - 1,3,Patch 10.01,BME ban Split; NS ban Abyss; BME pick Pearl; NS pick Bind; BME ban Haven; NS ban Fracture; Lotus remains,VCT 2025 Pacific Kickoff_csvs
430529,Paper Rex vs ZETA DIVISION,VCT 2025: Pacific Kickoff,2025-01-26 06:00:00,Bo3,Paper Rex vs ZETA DIVISION,2 - 0,2,Patch 10.01,ZETA ban Bind; PRX ban Haven; ZETA pick Lotus; PRX pick Fracture; ZETA ban Abyss; PRX ban Split; Pearl remains,VCT 2025 Pacific Kickoff_csvs
430527,Rex Regum Qeon vs Team Secret,VCT 2025: Pacific Kickoff,2025-01-27 03:00:00,Bo3,Rex Regum Qeon vs Team Secret,2 - 1,3,Patch 10.01,TS ban Bind; RRQ ban Split; TS pick Lotus; RRQ pick Pearl; TS ban Fracture; RRQ ban Abyss; Haven remains,VCT 2025 Pacific Kickoff_csvs
430528,Global Esports vs DetonatioN FocusMe,VCT 2025: Pacific Kickoff,2025-01-27 06:00:00,Bo3,Global Esports vs DetonatioN FocusMe,0 - 2,2,Patch 10.01,DFM ban Bind; GE ban Haven; DFM pick Abyss; GE pick Split; DFM ban Pearl; GE ban Fracture; Lotus remains,VCT 2025 Pacific Kickoff_csvs
430522,T1 vs TALON,VCT 2025: Pacific Kickoff,2025-01-31 03:00:00,Bo3,T1 vs TALON,2 - 1,3,Patch 10.01,TLN ban Split; T1 ban Lotus; TLN pick Fracture; T1 pick Bind; TLN ban Pearl; T1 ban Abyss; Haven remains,VCT 2025 Pacific Kickoff_csvs
430523,Gen.G vs DRX,VCT 2025: Pacific Kickoff,2025-01-31 05:45:00,Bo3,Gen.G vs DRX,0 - 2,2,Patch 10.01,DRX ban Lotus; GEN ban Fracture; DRX pick Abyss; GEN pick Bind; DRX ban Split; GEN ban Pearl; Haven remains,VCT 2025 Pacific Kickoff_csvs
430530,Nongshim RedForce vs Rex Regum Qeon,VCT 2025: Pacific Kickoff,2025-02-01 03:00:00,Bo3,Nongshim RedForce vs Rex Regum Qeon,2 - 1,3,Patch 10.01,RRQ ban Bind; NS ban Abyss; RRQ pick Fracture; NS pick Lotus; RRQ ban Split; NS ban Haven; Pearl remains,VCT 2025 Pacific Kickoff_csvs
430531,DetonatioN FocusMe vs Paper Rex,VCT 2025: Pacific Kickoff,2025-02-01 07:10:00,Bo3,DetonatioN FocusMe vs Paper Rex,2 - 0,2,Patch 10.01,DFM ban Bind; PRX ban Haven; DFM pick Abyss; PRX pick Pearl; DFM ban Split; PRX ban Lotus; Fracture remains,VCT 2025 Pacific Kickoff_csvs
430532,TALON vs Nongshim RedForce,VCT 2025: Pacific Kickoff,2025-02-02 03:00:00,Bo3,TALON vs Nongshim RedForce,2 - 1,3,Patch 10.01,NS ban Abyss; TLN ban Pearl; NS pick Lotus; TLN pick Bind; NS ban Haven; TLN ban Fracture; Split remains,VCT 2025 Pacific Kickoff_csvs
430533,Gen.G vs DetonatioN FocusMe,VCT 2025: Pacific Kickoff,2025-02-02 06:00:00,Bo3,Gen.G vs DetonatioN FocusMe,2 - 0,2,Patch 10.01,DFM ban Bind; GEN ban Fracture; DFM pick Abyss; GEN pick Lotus; DFM ban Split; GEN ban Pearl; Haven remains,VCT 2025 Pacific Kickoff_csvs
430524,T1 vs DRX,VCT 2025: Pacific Kickoff,2025-02-07 03:00:00,Bo3,T1 vs DRX,1 - 2,3,Patch 10.01,DRX ban Pearl; T1 ban Abyss; DRX pick Lotus; T1 pick Haven; DRX ban Bind; T1 ban Split; Fracture remains,VCT 2025 Pacific Kickoff_csvs
430534,TALON vs Gen.G,VCT 2025: Pacific Kickoff,2025-02-07 06:30:00,Bo3,TALON vs Gen.G,0 - 2,2,Patch 10.01,TLN ban Pearl; GEN ban Fracture; TLN pick Bind; GEN pick Lotus; TLN ban Haven; GEN ban Split; Abyss remains,VCT 2025 Pacific Kickoff_csvs
430535,T1 vs Gen.G,VCT 2025: Pacific Kickoff,2025-02-08 03:00:00,Bo5,T1 vs Gen.G,3 - 2,5,Patch 10.01,T1 ban Abyss; GEN ban Fracture; T1 pick Pearl; GEN pick Lotus; T1 pick Haven; GEN pick Split; Bind remains,VCT 2025 Pacific Kickoff_csvs
430525,DRX vs T1,VCT 2025: Pacific Kickoff,2025-02-09 03:00:00,Bo5,DRX vs T1,3 - 2,5,Patch 10.01,DRX ban Pearl; DRX ban Haven; DRX pick Abyss; T1 pick Lotus; DRX pick Fracture; T1 pick Bind; Split remains,VCT 2025 Pacific Kickoff_csvs
458805,DetonatioN FocusMe vs Global Esports,VCT 2025: Pacific Stage 1,2025-03-22 04:00:00,Bo3,DetonatioN FocusMe vs Global Esports,0 - 2,2,Patch 10.05,GE ban Ascent; DFM ban Icebox; GE pick Lotus; DFM pick Pearl; GE ban Haven; DFM ban Fracture; Split remains,VCT 2025 Pacific Stage 1_csvs
458806,T1 vs ZETA DIVISION,VCT 2025: Pacific Stage 1,2025-03-22 06:40:00,Bo3,T1 vs ZETA DIVISION,2 - 1,3,Patch 10.05,ZETA ban Icebox; T1 ban Ascent; ZETA pick Fracture; T1 pick Split; ZETA ban Pearl; T1 ban Lotus; Haven remains,VCT 2025 Pacific Stage 1_csvs
458807,DRX vs Paper Rex,VCT 2025: Pacific Stage 1,2025-03-23 04:00:00,Bo3,DRX vs Paper Rex,2 - 1,3,Patch 10.05,DRX ban Pearl; PRX ban Ascent; DRX pick Haven; PRX pick Icebox; DRX ban Fracture; PRX ban Split; Lotus remains,VCT 2025 Pacific Stage 1_csvs
458808,TALON vs Team Secret,VCT 2025: Pacific Stage 1,2025-03-23 07:05:00,Bo3,TALON vs Team Secret,2 - 1,3,Patch 10.05,TS ban Ascent; TLN ban Lotus; TS pick Pearl; TLN pick Fracture; TS ban Icebox; TLN ban Split; Haven remains,VCT 2025 Pacific Stage 1_csvs
458809,Gen.G vs BOOM Esports,VCT 2025: Pacific Stage 1,2025-03-24 04:00:00,Bo3,Gen.G vs BOOM Esports,0 - 2,2,Patch 10.05,BME ban Split; GEN ban Pearl; BME pick Ascent; GEN pick Haven; BME ban Lotus; GEN ban Icebox; Fracture remains,VCT 2025 Pacific Stage 1_csvs
458810,Nongshim RedForce vs Rex Regum Qeon,VCT 2025: Pacific Stage 1,2025-03-24 06:50:00,Bo3,Nongshim RedForce vs Rex Regum Qeon,2 - 1,3,Patch 10.05,RRQ ban Lotus; NS ban Fracture; RRQ pick Ascent; NS pick Split; RRQ ban Icebox; NS ban Haven; Pearl remains,VCT 2025 Pacific Stage 1_csvs
458811,Team Secret vs ZETA DIVISION,VCT 2025: Pacific Stage 1,2025-03-29 04:00:00,Bo3,Team Secret vs ZETA DIVISION,0 - 2,2,Patch 10.05,ZETA ban Pearl; TS ban Fracture; ZETA pick Lotus; TS pick Icebox; ZETA ban Split; TS ban Ascent; Haven remains,VCT 2025 Pacific Stage 1_csvs
458812,T1 vs Nongshim RedForce,VCT 2025: Pacific Stage 1,2025-03-29 06:35:00,Bo3,T1 vs Nongshim RedForce,2 - 0,2,Patch 10.05,T1 ban Lotus; NS ban Haven; T1 pick Icebox; NS pick Split; T1 ban Pearl; NS ban Fracture; Ascent remains,VCT 2025 Pacific Stage 1_csvs
458813,Gen.G vs Paper Rex,VCT 2025: Pacific Stage 1,2025-03-30 04:00:00,Bo3,Gen.G vs Paper Rex,2 - 1,3,Patch 10.05,GEN ban Icebox; PRX ban Ascent; GEN pick Lotus; PRX pick Fracture; GEN ban Split; PRX ban Pearl; Haven remains,VCT 2025 Pacific Stage 1_csvs
458814,DRX vs DetonatioN FocusMe,VCT 2025: Pacific Stage 1,2025-03-30 06:55:00,Bo3,DRX vs DetonatioN FocusMe,2 - 0,2,Patch 10.05,DRX ban Pearl; DFM ban Icebox; DRX pick Lotus; DFM pick Ascent; DRX ban Split; DFM ban Haven; Fracture remains,VCT 2025 Pacific Stage 1_csvs
458815,TALON vs Rex Regum Qeon,VCT 2025: Pacific Stage 1,2025-03-31 04:00:00,Bo3,TALON vs Rex Regum Qeon,0 - 2,2,Patch 10.05,TLN ban Pearl; RRQ ban Fracture; TLN pick Lotus; RRQ pick Ascent; TLN ban Icebox; RRQ ban Split; Haven remains,VCT 2025 Pacific Stage 1_csvs
458816,BOOM Esports vs Global Esports,VCT 2025: Pacific Stage 1,2025-03-31 06:10:00,Bo3,BOOM Esports vs Global Esports,2 - 0,2,Patch 10.05,GE ban Ascent; BME ban Split; GE pick Lotus; BME pick Haven; GE ban Icebox; BME ban Pearl; Fracture remains,VCT 2025 Pacific Stage 1_csvs
458817,Gen.G vs DetonatioN FocusMe,VCT 2025: Pacific Stage 1,2025-04-05 04:00:00,Bo3,Gen.G vs DetonatioN FocusMe,2 - 0,2,Patch 10.06,GEN ban Ascent; DFM ban Icebox; GEN pick Lotus; DFM pick Fracture; GEN ban Pearl; DFM ban Split; Haven remains,VCT 2025 Pacific Stage 1_csvs
458818,Rex Regum Qeon vs ZETA DIVISION,VCT 2025: Pacific Stage 1,2025-04-05 06:00:00,Bo3,Rex Regum Qeon vs ZETA DIVISION,2 - 0,2,Patch 10.06,ZETA ban Ascent; RRQ ban Lotus; ZETA pick Split; RRQ pick Haven; ZETA ban Icebox; RRQ ban Pearl; Fracture remains,VCT 2025 Pacific Stage 1_csvs
458819,Paper Rex vs BOOM Esports,VCT 2025: Pacific Stage 1,2025-04-06 04:00:00,Bo3,Paper Rex vs BOOM Esports,1 - 2,3,Patch 10.06,PRX ban Haven; BME ban Split; PRX pick Pearl; BME pick Ascent; PRX ban Icebox; BME ban Lotus; Fracture remains,VCT 2025 Pacific Stage 1_csvs
458820,TALON vs Nongshim RedForce,VCT 2025: Pacific Stage 1,2025-04-06 07:45:00,Bo3,TALON vs Nongshim RedForce,2 - 1,3,Patch 10.06,TLN ban Pearl; NS ban Ascent; TLN pick Haven; NS pick Lotus; TLN ban Split; NS ban Icebox; Fracture remains,VCT 2025 Pacific Stage 1_csvs
458821,DRX vs Global Esports,VCT 2025: Pacific Stage 1,2025-04-07 04:00:00,Bo3,DRX vs Global Esports,2 - 0,2,Patch 10.06,DRX ban Pearl; GE ban Icebox; DRX pick Ascent; GE pick Split; DRX ban Haven; GE ban Lotus; Fracture remains,VCT 2025 Pacific Stage 1_csvs
458822,T1 vs Team Secret,VCT 2025: Pacific Stage 1,2025-04-07 06:00:00,Bo3,T1 vs Team Secret,2 - 1,3,Patch 10.06,T1 ban Pearl; TS ban Fracture; T1 pick Haven; TS pick Icebox; T1 ban Split; TS ban Ascent; Lotus remains,VCT 2025 Pacific Stage 1_csvs
458823,Nongshim RedForce vs Team Secret,VCT 2025: Pacific Stage 1,2025-04-12 04:00:00,Bo3,Nongshim RedForce vs Team Secret,2 - 0,2,Patch 10.06,NS ban Icebox; TS ban Haven; NS pick Pearl; TS pick Split; NS ban Fracture; TS ban Ascent; Fracture remains,VCT 2025 Pacific Stage 1_csvs
458824,DRX vs BOOM Esports,VCT 2025: Pacific Stage 1,2025-04-12 06:15:00,Bo3,DRX vs BOOM Esports,1 - 2,3,Patch 10.06,DRX ban Pearl; BME ban Split; DRX pick Icebox; BME pick Haven; DRX ban Fracture; BME ban Lotus; Ascent remains,VCT 2025 Pacific Stage 1_csvs
458825,T1 vs Rex Regum Qeon,VCT 2025: Pacific Stage 1,2025-04-13 04:00:00,Bo3,T1 vs Rex Regum Qeon,1 - 2,3,Patch 10.06,T1 ban Ascent; RRQ ban Haven; T1 pick Pearl; RRQ pick Icebox; T1 ban Fracture; RRQ ban Split; Lotus remains,VCT 2025 Pacific Stage 1_csvs
458826,Gen.G vs Global Esports,VCT 2025: Pacific Stage 1,2025-04-13 07:10:00,Bo3,Gen.G vs Global Esports,2 - 0,2,Patch 10.06,GEN ban Split; GE ban Lotus; GEN pick Haven; GE pick Pearl; GEN ban Fracture; GE ban Icebox; Ascent remains,VCT 2025 Pacific Stage 1_csvs
458827,TALON vs ZETA DIVISION,VCT 2025: Pacific Stage 1,2025-04-14 04:00:00,Bo3,TALON vs ZETA DIVISION,0 - 2,2,Patch 10.06,TLN ban Pearl; ZETA ban Fracture; TLN pick Lotus; ZETA pick Split; TLN ban Haven; ZETA ban Ascent; Icebox remains,VCT 2025 Pacific Stage 1_csvs
458828,DetonatioN FocusMe vs Paper Rex,VCT 2025: Pacific Stage 1,2025-04-14 06:10:00,Bo3,DetonatioN FocusMe vs Paper Rex,1 - 2,3,Patch 10.06,DFM ban Icebox; PRX ban Haven; DFM pick Ascent; PRX pick Lotus; DFM ban Split; PRX ban Fracture; Pearl remains,VCT 2025 Pacific Stage 1_csvs
458830,Paper Rex vs Global Esports,VCT 2025: Pacific Stage 1,2025-04-19 04:00:00,Bo3,Paper Rex vs Global Esports,2 - 0,2,Patch 10.07,GE ban Fracture; PRX ban Haven; GE pick Split; PRX pick Lotus; GE ban Icebox; PRX ban Ascent; Pearl remains,VCT 2025 Pacific Stage 1_csvs
458831,T1 vs TALON,VCT 2025: Pacific Stage 1,2025-04-19 06:00:00,Bo3,T1 vs TALON,0 - 2,2,Patch 10.07,TLN ban Pearl; T1 ban Fracture; TLN pick Icebox; T1 pick Haven; TLN ban Split; T1 ban Ascent; Lotus remains,VCT 2025 Pacific Stage 1_csvs
458832,DRX vs Gen.G,VCT 2025: Pacific Stage 1,2025-04-20 04:00:00,Bo3,DRX vs Gen.G,2 - 1,3,Patch 10.07,GEN ban Fracture; DRX ban Pearl; GEN pick Lotus; DRX pick Split; GEN ban Icebox; DRX ban Haven; Ascent remains,VCT 2025 Pacific Stage 1_csvs
458833,Nongshim RedForce vs ZETA DIVISION,VCT 2025: Pacific Stage 1,2025-04-20 07:30:00,Bo3,Nongshim RedForce vs ZETA DIVISION,2 - 1,3,Patch 10.07,ZETA ban Haven; NS ban Fracture; ZETA pick Lotus; NS pick Pearl; ZETA ban Ascent; NS ban Icebox; Split remains,VCT 2025 Pacific Stage 1_csvs
458834,DetonatioN FocusMe vs BOOM Esports,VCT 2025: Pacific Stage 1,2025-04-21 04:00:00,Bo3,DetonatioN FocusMe vs BOOM Esports,0 - 2,2,Patch 10.07,BME ban Split; DFM ban Icebox; BME pick Fracture; DFM pick Ascent; BME ban Pearl; DFM ban Lotus; Haven remains,VCT 2025 Pacific Stage 1_csvs
458835,Rex Regum Qeon vs Team Secret,VCT 2025: Pacific Stage 1,2025-04-21 06:00:00,Bo3,Rex Regum Qeon vs Team Secret,1 - 2,3,Patch 10.07,RRQ ban Pearl; TS ban Fracture; RRQ pick Haven; TS pick Ascent; RRQ ban Split; TS ban Icebox; Lotus remains,VCT 2025 Pacific Stage 1_csvs
473833,TALON vs Gen.G,VCT 2025: Pacific Stage 1,2025-04-26 04:00:00,Bo3,TALON vs Gen.G,1 - 2,3,Patch 10.07,GEN ban Fracture; TLN ban Lotus; GEN pick Haven; TLN pick Icebox; GEN ban Ascent; TLN ban Split; Pearl remains,VCT 2025 Pacific Stage 1_csvs
473834,DRX vs T1,VCT 2025: Pacific Stage 1,2025-04-26 07:00:00,Bo3,DRX vs T1,2 - 0,2,Patch 10.07,T1 ban Icebox; DRX ban Pearl; T1 pick Lotus; DRX pick Fracture; T1 ban Ascent; DRX ban Split; Haven remains,VCT 2025 Pacific Stage 1_csvs
473837,BOOM Esports vs Gen.G,VCT 2025: Pacific Stage 1,2025-04-27 04:00:00,Bo3,BOOM Esports vs Gen.G,0 - 2,2,Patch 10.07,GEN ban Fracture; BME ban Lotus; GEN pick Split; BME pick Ascent; GEN ban Icebox; BME ban Pearl; Haven remains,VCT 2025 Pacific Stage 1_csvs
473838,Rex Regum Qeon vs DRX,VCT 2025: Pacific Stage 1,2025-04-27 06:10:00,Bo3,Rex Regum Qeon vs DRX,2 - 1,3,Patch 10.07,DRX ban Pearl; RRQ ban Split; DRX pick Fracture; RRQ pick Icebox; DRX ban Haven; RRQ ban Ascent; Lotus remains,VCT 2025 Pacific Stage 1_csvs
473835,TALON vs Nongshim RedForce,VCT 2025: Pacific Stage 1,2025-05-03 04:00:00,Bo3,TALON vs Nongshim RedForce,2 - 1,3,Patch 10.07,TLN ban Split; NS ban Fracture; TLN pick Haven; NS pick Pearl; TLN ban Lotus; NS ban Icebox; Ascent remains,VCT 2025 Pacific Stage 1_csvs
473836,T1 vs Paper Rex,VCT 2025: Pacific Stage 1,2025-05-03 07:25:00,Bo3,T1 vs Paper Rex,1 - 2,3,Patch 10.07,PRX ban Haven; T1 ban Icebox; PRX pick Fracture; T1 pick Ascent; PRX ban Pearl; T1 ban Split; Lotus remains,VCT 2025 Pacific Stage 1_csvs
473839,DRX vs TALON,VCT 2025: Pacific Stage 1,2025-05-04 04:00:00,Bo3,DRX vs TALON,2 - 0,2,Patch 10.07,TLN ban Split; DRX ban Pearl; TLN pick Icebox; DRX pick Fracture; TLN ban Ascent; DRX ban Haven; Lotus remains,VCT 2025 Pacific Stage 1_csvs
473840,BOOM Esports vs Paper Rex,VCT 2025: Pacific Stage 1,2025-05-04 06:00:00,Bo3,BOOM Esports vs Paper Rex,0 - 2,2,Patch 10.07,PRX ban Haven; BME ban Split; PRX pick Lotus; BME pick Fracture; PRX ban Pearl; BME ban Icebox; Ascent remains,VCT 2025 Pacific Stage 1_csvs
473841,Gen.G vs Rex Regum Qeon,VCT 2025: Pacific Stage 1,2025-05-09 04:00:00,Bo3,Gen.G vs Rex Regum Qeon,2 - 0,2,Patch 10.07,GEN ban Fracture; RRQ ban Haven; GEN pick Lotus; RRQ pick Icebox; GEN ban Pearl; RRQ ban Ascent; Split remains,VCT 2025 Pacific Stage 1_csvs
473842,DRX vs Paper Rex,VCT 2025: Pacific Stage 1,2025-05-09 06:00:00,Bo3,DRX vs Paper Rex,0 - 2,2,Patch 10.07,PRX ban Haven; DRX ban Pearl; PRX pick Lotus; DRX pick Icebox; PRX ban Ascent; DRX ban Split; Fracture remains,VCT 2025 Pacific Stage 1_csvs
473843,Rex Regum Qeon vs Paper Rex,VCT 2025: Pacific Stage 1,2025-05-10 04:00:00,Bo5,Rex Regum Qeon vs Paper Rex,3 - 2,5,Patch 10.07,RRQ ban Lotus; PRX ban Haven; RRQ pick Fracture; PRX pick Split; RRQ pick Pearl; PRX pick Icebox; Ascent remains,VCT 2025 Pacific Stage 1_csvs
473844,Gen.G vs Rex Regum Qeon,VCT 2025: Pacific Stage 1,2025-05-11 04:00:00,Bo5,Gen.G vs Rex Regum Qeon,1 - 3,4,Patch 10.07,GEN ban Fracture; GEN ban Pearl; GEN pick Haven; RRQ pick Ascent; GEN pick Lotus; RRQ pick Icebox; Split remains,VCT 2025 Pacific Stage 1_csvs
,Team 1 vs Team 2,,,,Team 1 vs Team 2,0 - 0,0,,,VCT 2025 Pacific Stage 2_csvs
508816.0,Nongshim RedForce vs Team Secret,VCT 2025: Pacific Stage 2,2025-07-15 06:15:00,Bo3,Nongshim RedForce vs Team Secret,2 - 1,3,Patch 11.0,NS ban Icebox; TS ban Bind; NS pick Sunset; TS pick Ascent; NS ban Corrode; TS ban Haven; Lotus remains,VCT 2025 Pacific Stage 2_csvs
508817.0,T1 vs Paper Rex,VCT 2025: Pacific Stage 2,2025-07-16 04:00:00,Bo3,T1 vs Paper Rex,0 - 2,2,Patch 11.0,T1 ban Icebox; PRX ban Corrode; T1 pick Haven; PRX pick Lotus; T1 ban Bind; PRX ban Ascent; Sunset remains,VCT 2025 Pacific Stage 2_csvs
508818.0,DRX vs Gen.G,VCT 2025: Pacific Stage 2,2025-07-16 06:35:00,Bo3,DRX vs Gen.G,0 - 2,2,Patch 11.0,DRX ban Sunset; GEN ban Bind; DRX pick Corrode; GEN pick Haven; DRX ban Lotus; GEN ban Ascent; Icebox remains,VCT 2025 Pacific Stage 2_csvs
508819.0,Rex Regum Qeon vs Global Esports,VCT 2025: Pacific Stage 2,2025-07-17 04:00:00,Bo3,Rex Regum Qeon vs Global Esports,0 - 2,2,Patch 11.0,RRQ ban Lotus; GE ban Sunset; RRQ pick Haven; GE pick Corrode; RRQ ban Icebox; GE ban Ascent; Bind remains,VCT 2025 Pacific Stage 2_csvs
508820.0,ZETA DIVISION vs DetonatioN FocusMe,VCT 2025: Pacific Stage 2,2025-07-17 06:15:00,Bo3,ZETA DIVISION vs DetonatioN FocusMe,1 - 2,3,Patch 11.0,ZETA ban Ascent; DFM ban Bind; ZETA pick Haven; DFM pick Lotus; ZETA ban Corrode; DFM ban Sunset; Icebox remains,VCT 2025 Pacific Stage 2_csvs
508821.0,DRX vs Nongshim RedForce,VCT 2025: Pacific Stage 2,2025-07-18 04:00:00,Bo3,DRX vs Nongshim RedForce,2 - 1,3,Patch 11.0,DRX ban Sunset; NS ban Corrode; DRX pick Icebox; NS pick Bind; DRX ban Ascent; NS ban Haven; Lotus remains,VCT 2025 Pacific Stage 2_csvs
508822.0,BOOM Esports vs T1,VCT 2025: Pacific Stage 2,2025-07-18 07:10:00,Bo3,BOOM Esports vs T1,0 - 2,2,Patch 11.0,T1 ban Bind; BME ban Icebox; T1 pick Ascent; BME pick Corrode; T1 ban Haven; BME ban Lotus; Sunset remains,VCT 2025 Pacific Stage 2_csvs
508823.0,Global Esports vs Team Secret,VCT 2025: Pacific Stage 2,2025-07-19 04:00:00,Bo3,Global Esports vs Team Secret,1 - 2,3,Patch 11.0,GE ban Sunset; TS ban Haven; GE pick Bind; TS pick Corrode; GE ban Ascent; TS ban Icebox; Lotus remains,VCT 2025 Pacific Stage 2_csvs
508824.0,Paper Rex vs DetonatioN FocusMe,VCT 2025: Pacific Stage 2,2025-07-19 07:20:00,Bo3,Paper Rex vs DetonatioN FocusMe,2 - 0,2,Patch 11.0,PRX ban Corrode; DFM ban Bind; PRX pick Lotus; DFM pick Haven; PRX ban Ascent; DFM ban Sunset; Icebox remains,VCT 2025 Pacific Stage 2_csvs
508825.0,TALON vs ZETA DIVISION,VCT 2025: Pacific Stage 2,2025-07-20 04:00:00,Bo3,TALON vs ZETA DIVISION,2 - 0,2,Patch 11.0,TLN ban Ascent; ZETA ban Corrode; TLN pick Icebox; ZETA pick Bind; TLN ban Lotus; ZETA ban Sunset; Haven remains,VCT 2025 Pacific Stage 2_csvs
508826.0,Rex Regum Qeon vs Gen.G,VCT 2025: Pacific Stage 2,2025-07-20 06:00:00,Bo3,Rex Regum Qeon vs Gen.G,2 - 1,3,Patch 11.0,GEN ban Bind; RRQ ban Lotus; GEN pick Sunset; RRQ pick Ascent; GEN ban Corrode; RRQ ban Icebox; Haven remains,VCT 2025 Pacific Stage 2_csvs
508828.0,Gen.G vs Global Esports,VCT 2025: Pacific Stage 2,2025-07-25 04:00:00,Bo3,Gen.G vs Global Esports,2 - 1,3,Patch 11.0,GE ban Lotus; GEN ban Bind; GE pick Icebox; GEN pick Haven; GE ban Sunset; GEN ban Ascent; Corrode remains,VCT 2025 Pacific Stage 2_csvs
508829.0,TALON vs DetonatioN FocusMe,VCT 2025: Pacific Stage 2,2025-07-25 06:50:00,Bo3,TALON vs DetonatioN FocusMe,1 - 2,3,Patch 11.0,TLN ban Ascent; DFM ban Bind; TLN pick Sunset; DFM pick Corrode; TLN ban Haven; DFM ban Lotus; Icebox remains,VCT 2025 Pacific Stage 2_csvs
508830.0,T1 vs ZETA DIVISION,VCT 2025: Pacific Stage 2,2025-07-26 04:00:00,Bo3,T1 vs ZETA DIVISION,2 - 0,2,Patch 11.0,ZETA ban Ascent; T1 ban Lotus; ZETA pick Corrode; T1 pick Sunset; ZETA ban Icebox; T1 ban Bind; Haven remains,VCT 2025 Pacific Stage 2_csvs
508831.0,Rex Regum Qeon vs Nongshim RedForce,VCT 2025: Pacific Stage 2,2025-07-26 06:05:00,Bo3,Rex Regum Qeon vs Nongshim RedForce,2 - 1,3,Patch 11.0,NS ban Sunset; RRQ ban Lotus; NS pick Corrode; RRQ pick Haven; NS ban Bind; RRQ ban Ascent; Icebox remains,VCT 2025 Pacific Stage 2_csvs
508832.0,DRX vs Team Secret,VCT 2025: Pacific Stage 2,2025-07-27 04:00:00,Bo3,DRX vs Team Secret,2 - 0,2,Patch 11.0,DRX ban Sunset; TS ban Haven; DRX pick Icebox; TS pick Corrode; DRX ban Bind; TS ban Lotus; Ascent remains,VCT 2025 Pacific Stage 2_csvs
508833.0,BOOM Esports vs Paper Rex,VCT 2025: Pacific Stage 2,2025-07-27 06:00:00,Bo3,BOOM Esports vs Paper Rex,0 - 2,2,Patch 11.0,BME ban Icebox; PRX ban Ascent; BME pick Bind; PRX pick Lotus; BME ban Sunset; PRX ban Haven; Corrode remains,VCT 2025 Pacific Stage 2_csvs
508834.0,Gen.G vs Team Secret,VCT 2025: Pacific Stage 2,2025-08-01 04:00:00,Bo3,Gen.G vs Team Secret,2 - 0,2,Patch 11.0,GEN ban Sunset; TS ban Haven; GEN pick Lotus; TS pick Ascent; GEN ban Bind; TS ban Icebox; Corrode remains,VCT 2025 Pacific Stage 2_csvs
508835.0,TALON vs T1,VCT 2025: Pacific Stage 2,2025-08-01 06:00:00,Bo3,TALON vs T1,2 - 0,2,Patch 11.0,TLN ban Ascent; T1 ban Icebox; TLN pick Corrode; T1 pick Lotus; TLN ban Haven; T1 ban Bind; Sunset remains,VCT 2025 Pacific Stage 2_csvs
508836.0,BOOM Esports vs DetonatioN FocusMe,VCT 2025: Pacific Stage 2,2025-08-02 04:00:00,Bo3,BOOM Esports vs DetonatioN FocusMe,0 - 2,2,Patch 11.0,BME ban Icebox; DFM ban Bind; BME pick Lotus; DFM pick Corrode; BME ban Sunset; DFM ban Haven; Ascent remains,VCT 2025 Pacific Stage 2_csvs
508837.0,Rex Regum Qeon vs DRX,VCT 2025: Pacific Stage 2,2025-08-02 06:05:00,Bo3,Rex Regum Qeon vs DRX,0 - 2,2,Patch 11.0,RRQ ban Lotus; DRX ban Sunset; RRQ pick Bind; DRX pick Ascent; RRQ ban Corrode; DRX ban Icebox; Haven remains,VCT 2025 Pacific Stage 2_csvs
508838.0,Nongshim RedForce vs Global Esports,VCT 2025: Pacific Stage 2,2025-08-03 04:00:00,Bo3,Nongshim RedForce vs Global Esports,2 - 0,2,Patch 11.0,GE ban Sunset; NS ban Icebox; GE pick Corrode; NS pick Bind; GE ban Haven; NS ban Lotus; Ascent remains,VCT 2025 Pacific Stage 2_csvs
508839.0,Paper Rex vs ZETA DIVISION,VCT 2025: Pacific Stage 2,2025-08-03 06:10:00,Bo3,Paper Rex vs ZETA DIVISION,0 - 2,2,Patch 11.0,ZETA ban Icebox; PRX ban Ascent; ZETA pick Lotus; PRX pick Sunset; ZETA ban Corrode; PRX ban Bind; Haven remains,VCT 2025 Pacific Stage 2_csvs
508840.0,Gen.G vs Nongshim RedForce,VCT 2025: Pacific Stage 2,2025-08-08 04:00:00,Bo3,Gen.G vs Nongshim RedForce,0 - 2,2,Patch 11.0,GEN ban Bind; NS ban Haven; GEN pick Lotus; NS pick Ascent; GEN ban Sunset; NS ban Icebox; Corrode remains,VCT 2025 Pacific Stage 2_csvs
508841.0,TALON vs Paper Rex,VCT 2025: Pacific Stage 2,2025-08-08 06:30:00,Bo3,TALON vs Paper Rex,0 - 2,2,Patch 11.0,TLN ban Sunset; PRX ban Corrode; TLN pick Bind; PRX pick Icebox; TLN ban Haven; PRX ban Ascent; Lotus remains,VCT 2025 Pacific Stage 2_csvs
508842.0,DRX vs Global Esports,VCT 2025: Pacific Stage 2,2025-08-09 04:00:00,Bo3,DRX vs Global Esports,2 - 0,2,Patch 11.0,DRX ban Sunset; GE ban Bind; DRX pick Lotus; GE pick Icebox; DRX ban Ascent; GE ban Haven; Corrode remains,VCT 2025 Pacific Stage 2_csvs
508843.0,BOOM Esports vs ZETA DIVISION,VCT 2025: Pacific Stage 2,2025-08-09 06:25:00,Bo3,BOOM Esports vs ZETA DIVISION,1 - 2,3,Patch 11.0,BME ban Icebox; ZETA ban Bind; BME pick Lotus; ZETA pick Corrode; BME ban Haven; ZETA ban Sunset; Ascent remains,VCT 2025 Pacific Stage 2_csvs
508844.0,Rex Regum Qeon vs Team Secret,VCT 2025: Pacific Stage 2,2025-08-10 04:00:00,Bo3,Rex Regum Qeon vs Team Secret,2 - 1,3,Patch 11.0,TS ban Haven; RRQ ban Lotus; TS pick Ascent; RRQ pick Icebox; TS ban Corrode; RRQ ban Bind; Sunset remains,VCT 2025 Pacific Stage 2_csvs
508845.0,T1 vs DetonatioN FocusMe,VCT 2025: Pacific Stage 2,2025-08-10 07:05:00,Bo3,T1 vs DetonatioN FocusMe,2 - 0,2,Patch 11.0,DFM ban Bind; T1 ban Icebox; DFM pick Sunset; T1 pick Haven; DFM ban Lotus; T1 ban Ascent; Corrode remains,VCT 2025 Pacific Stage 2_csvs
530354.0,TALON vs Nongshim RedForce,VCT 2025: Pacific Stage 2,2025-08-13 04:00:00,Bo3,TALON vs Nongshim RedForce,2 - 0,2,Patch 11.0,NS ban Icebox; TLN ban Ascent; NS pick Lotus; TLN pick Corrode; NS ban Haven; TLN ban Sunset; Bind remains,VCT 2025 Pacific Stage 2_csvs
530355.0,Rex Regum Qeon vs T1,VCT 2025: Pacific Stage 2,2025-08-13 06:35:00,Bo3,Rex Regum Qeon vs T1,1 - 2,3,Patch 11.0,T1 ban Icebox; RRQ ban Lotus; T1 pick Bind; RRQ pick Haven; T1 ban Corrode; RRQ ban Ascent; Sunset remains,VCT 2025 Pacific Stage 2_csvs
530356.0,DRX vs TALON,VCT 2025: Pacific Stage 2,2025-08-14 04:00:00,Bo3,DRX vs TALON,1 - 2,3,Patch 11.0,TLN ban Ascent; DRX ban Sunset; TLN pick Bind; DRX pick Haven; TLN ban Corrode; DRX ban Icebox; Lotus remains,VCT 2025 Pacific Stage 2_csvs
530357.0,Paper Rex vs T1,VCT 2025: Pacific Stage 2,2025-08-14 07:10:00,Bo3,Paper Rex vs T1,2 - 0,2,Patch 11.0,T1 ban Icebox; PRX ban Corrode; T1 pick Sunset; PRX pick Bind; T1 ban Lotus; PRX ban Haven; Ascent remains,VCT 2025 Pacific Stage 2_csvs
530358.0,Nongshim RedForce vs DetonatioN FocusMe,VCT 2025: Pacific Stage 2,2025-08-15 04:00:00,Bo3,Nongshim RedForce vs DetonatioN FocusMe,2 - 0,2,Patch 11.0,DFM ban Bind; NS ban Icebox; DFM pick Lotus; NS pick Ascent; DFM ban Haven; NS ban Sunset; Corrode remains,VCT 2025 Pacific Stage 2_csvs
530359.0,Rex Regum Qeon vs Gen.G,VCT 2025: Pacific Stage 2,2025-08-15 06:05:00,Bo3,Rex Regum Qeon vs Gen.G,2 - 1,3,Patch 11.0,GEN ban Icebox; RRQ ban Lotus; GEN pick Haven; RRQ pick Sunset; GEN ban Bind; RRQ ban Ascent; Corrode remains,VCT 2025 Pacific Stage 2_csvs
530360.0,T1 vs Nongshim RedForce,VCT 2025: Pacific Stage 2,2025-08-16 04:00:00,Bo3,T1 vs Nongshim RedForce,2 - 0,2,Patch 11.0,NS ban Sunset; T1 ban Corrode; NS pick Lotus; T1 pick Ascent; NS ban Bind; T1 ban Icebox; Haven remains,VCT 2025 Pacific Stage 2_csvs
530361.0,DRX vs Rex Regum Qeon,VCT 2025: Pacific Stage 2,2025-08-16 06:05:00,Bo3,DRX vs Rex Regum Qeon,0 - 2,2,Patch 11.0,RRQ ban Lotus; DRX ban Sunset; RRQ pick Icebox; DRX pick Corrode; RRQ ban Bind; DRX ban Haven; Ascent remains,VCT 2025 Pacific Stage 2_csvs
530362.0,TALON vs Paper Rex,VCT 2025: Pacific Stage 2,2025-08-17 04:00:00,Bo3,TALON vs Paper Rex,0 - 2,2,Patch 11.0,TLN ban Ascent; PRX ban Corrode; TLN pick Haven; PRX pick Bind; TLN ban Sunset; PRX ban Icebox; Lotus remains,VCT 2025 Pacific Stage 2_csvs
530363.0,T1 vs Rex Regum Qeon,VCT 2025: Pacific Stage 2,2025-08-17 06:00:00,Bo3,T1 vs Rex Regum Qeon,1 - 2,3,Patch 11.0,T1 ban Icebox; RRQ ban Lotus; T1 pick Ascent; RRQ pick Sunset; T1 ban Corrode; RRQ ban Bind; Haven remains,VCT 2025 Pacific Stage 2_csvs
530514.0,Team World vs Glory Once Again,VCT 2025: Pacific Stage 2,2025-08-30 01:00:00,Bo1,Team World vs Glory Once Again,1 - 0,1,Patch 11.0,,VCT 2025 Pacific Stage 2_csvs
530364.0,TALON vs Rex Regum Qeon,VCT 2025: Pacific Stage 2,2025-08-30 02:00:00,Bo5,TALON vs Rex Regum Qeon,2 - 3,5,Patch 11.0,TLN ban Ascent; RRQ ban Lotus; TLN pick Bind; RRQ pick Haven; TLN pick Corrode; RRQ pick Icebox; Sunset remains,VCT 2025 Pacific Stage 2_csvs
530365.0,Paper Rex vs Rex Regum Qeon,VCT 2025: Pacific Stage 2,2025-08-31 01:50:00,Bo5,Paper Rex vs Rex Regum Qeon,3 - 1,4,Patch 11.0,PRX ban Corrode; PRX ban Icebox; PRX pick Bind; RRQ pick Ascent; PRX pick Lotus; RRQ pick Haven; Sunset remains,VCT 2025 Pacific Stage 2_csvs
378662,Gen.G vs Sentinels,Valorant Champions 2024,2024-08-01 04:00:00,Bo3,Gen.G vs Sentinels,2 - 0,2,Patch 9.02,SEN ban Icebox; GEN ban Sunset; SEN pick Haven; GEN pick Ascent; SEN ban Bind; GEN ban Lotus; Abyss remains,Valorant Champions 2024_csvs
378663,FunPlus Phoenix vs Team Heretics,Valorant Champions 2024,2024-08-01 06:25:00,Bo3,FunPlus Phoenix vs Team Heretics,1 - 2,3,Patch 9.02,FPX ban Sunset; TH ban Icebox; FPX pick Abyss; TH pick Bind; FPX ban Ascent; TH ban Haven; Lotus remains,Valorant Champions 2024_csvs
378657,DRX vs KRÜ Esports,Valorant Champions 2024,2024-08-02 04:00:00,Bo3,DRX vs KRÜ Esports,2 - 1,3,Patch 9.02,KRÜ ban Icebox; DRX ban Lotus; KRÜ pick Haven; DRX pick Abyss; KRÜ ban Ascent; DRX ban Sunset; Bind remains,Valorant Champions 2024_csvs
378656,FNATIC vs Bilibili Gaming,Valorant Champions 2024,2024-08-02 07:00:00,Bo3,FNATIC vs Bilibili Gaming,2 - 0,2,Patch 9.02,BLG ban Haven; FNC ban Sunset; BLG pick Bind; FNC pick Lotus; BLG ban Abyss; FNC ban Icebox; Ascent remains,Valorant Champions 2024_csvs
378667,LEVIATÁN vs TALON,Valorant Champions 2024,2024-08-03 04:00:00,Bo3,LEVIATÁN vs TALON,2 - 0,2,Patch 9.02,TLN ban Icebox; LEV ban Lotus; TLN pick Bind; LEV pick Ascent; TLN ban Haven; LEV ban Abyss; Sunset remains,Valorant Champions 2024_csvs
378669,Team Vitality vs Trace Esports,Valorant Champions 2024,2024-08-03 06:30:00,Bo3,Team Vitality vs Trace Esports,1 - 2,3,Patch 9.02,TE ban Icebox; VIT ban Lotus; TE pick Ascent; VIT pick Sunset; TE ban Abyss; VIT ban Haven; Bind remains,Valorant Champions 2024_csvs
378674,G2 Esports vs Paper Rex,Valorant Champions 2024,2024-08-04 04:00:00,Bo3,G2 Esports vs Paper Rex,2 - 0,2,Patch 9.02,PRX ban Ascent; G2 ban Sunset; PRX pick Icebox; G2 pick Lotus; PRX ban Haven; G2 ban Abyss; Bind remains,Valorant Champions 2024_csvs
378673,EDward Gaming vs FUT Esports,Valorant Champions 2024,2024-08-04 06:15:00,Bo3,EDward Gaming vs FUT Esports,2 - 0,2,Patch 9.02,FUT ban Haven; EDG ban Ascent; FUT pick Lotus; EDG pick Bind; FUT ban Abyss; EDG ban Icebox; Sunset remains,Valorant Champions 2024_csvs
378664,Gen.G vs Team Heretics,Valorant Champions 2024,2024-08-06 04:00:00,Bo3,Gen.G vs Team Heretics,1 - 2,3,Patch 9.02,TH ban Ascent; GEN ban Sunset; TH pick Abyss; GEN pick Lotus; TH ban Icebox; GEN ban Haven; Bind remains,Valorant Champions 2024_csvs
378658,FNATIC vs DRX,Valorant Champions 2024,2024-08-06 07:35:00,Bo3,FNATIC vs DRX,0 - 2,2,Patch 9.02,DRX ban Haven; FNC ban Icebox; DRX pick Abyss; FNC pick Lotus; DRX ban Ascent; FNC ban Sunset; Bind remains,Valorant Champions 2024_csvs
378670,LEVIATÁN vs Trace Esports,Valorant Champions 2024,2024-08-07 04:00:00,Bo3,LEVIATÁN vs Trace Esports,1 - 2,3,Patch 9.02,TE ban Icebox; LEV ban Lotus; TE pick Bind; LEV pick Sunset; TE ban Haven; LEV ban Abyss; Ascent remains,Valorant Champions 2024_csvs
378675,EDward Gaming vs G2 Esports,Valorant Champions 2024,2024-08-07 07:15:00,Bo3,EDward Gaming vs G2 Esports,1 - 2,3,Patch 9.02,G2 ban Sunset; EDG ban Ascent; G2 pick Icebox; EDG pick Haven; G2 ban Lotus; EDG ban Abyss; Bind remains,Valorant Champions 2024_csvs
378665,Sentinels vs FunPlus Phoenix,Valorant Champions 2024,2024-08-08 04:00:00,Bo3,Sentinels vs FunPlus Phoenix,2 - 0,2,Patch 9.02,FPX ban Sunset; SEN ban Icebox; FPX pick Bind; SEN pick Lotus; FPX ban Haven; SEN ban Ascent; Abyss remains,Valorant Champions 2024_csvs
378659,Bilibili Gaming vs KRÜ Esports,Valorant Champions 2024,2024-08-08 06:10:00,Bo3,Bilibili Gaming vs KRÜ Esports,0 - 2,2,Patch 9.02,KRÜ ban Bind; BLG ban Haven; KRÜ pick Lotus; BLG pick Icebox; KRÜ ban Abyss; BLG ban Ascent; Sunset remains,Valorant Champions 2024_csvs
378671,TALON vs Team Vitality,Valorant Champions 2024,2024-08-09 04:00:00,Bo3,TALON vs Team Vitality,0 - 2,2,Patch 9.02,TLN ban Icebox; VIT ban Abyss; TLN pick Lotus; VIT pick Sunset; TLN ban Ascent; VIT ban Haven; Bind remains,Valorant Champions 2024_csvs
378676,FUT Esports vs Paper Rex,Valorant Champions 2024,2024-08-09 06:25:00,Bo3,FUT Esports vs Paper Rex,0 - 2,2,Patch 9.02,FUT ban Haven; PRX ban Ascent; FUT pick Sunset; PRX pick Bind; FUT ban Abyss; PRX ban Icebox; Lotus remains,Valorant Champions 2024_csvs
378666,Gen.G vs Sentinels,Valorant Champions 2024,2024-08-10 04:00:00,Bo3,Gen.G vs Sentinels,0 - 2,2,Patch 9.02,SEN ban Ascent; GEN ban Sunset; SEN pick Lotus; GEN pick Icebox; SEN ban Abyss; GEN ban Bind; Haven remains,Valorant Champions 2024_csvs
378660,FNATIC vs KRÜ Esports,Valorant Champions 2024,2024-08-10 06:15:00,Bo3,FNATIC vs KRÜ Esports,2 - 1,3,Patch 9.02,KRÜ ban Bind; FNC ban Icebox; KRÜ pick Sunset; FNC pick Haven; KRÜ ban Abyss; FNC ban Ascent; Lotus remains,Valorant Champions 2024_csvs
378672,LEVIATÁN vs Team Vitality,Valorant Champions 2024,2024-08-11 04:00:00,Bo3,LEVIATÁN vs Team Vitality,2 - 0,2,Patch 9.02,LEV ban Bind; VIT ban Abyss; LEV pick Icebox; VIT pick Sunset; LEV ban Lotus; VIT ban Haven; Ascent remains,Valorant Champions 2024_csvs
378677,EDward Gaming vs Paper Rex,Valorant Champions 2024,2024-08-11 06:15:00,Bo3,EDward Gaming vs Paper Rex,2 - 1,3,Patch 9.02,EDG ban Bind; PRX ban Haven; EDG pick Icebox; PRX pick Sunset; EDG ban Ascent; PRX ban Abyss; Lotus remains,Valorant Champions 2024_csvs
378822,DRX vs Sentinels,Valorant Champions 2024,2024-08-14 04:00:00,Bo3,DRX vs Sentinels,0 - 2,2,Patch 9.02,SEN ban Ascent; DRX ban Lotus; SEN pick Sunset; DRX pick Haven; SEN ban Bind; DRX ban Abyss; Icebox remains,Valorant Champions 2024_csvs
378823,Trace Esports vs EDward Gaming,Valorant Champions 2024,2024-08-14 06:25:00,Bo3,Trace Esports vs EDward Gaming,0 - 2,2,Patch 9.02,TE ban Icebox; EDG ban Ascent; TE pick Bind; EDG pick Sunset; TE ban Haven; EDG ban Abyss; Lotus remains,Valorant Champions 2024_csvs
378824,G2 Esports vs LEVIATÁN,Valorant Champions 2024,2024-08-15 04:00:00,Bo3,G2 Esports vs LEVIATÁN,0 - 2,2,Patch 9.02,LEV ban Bind; G2 ban Sunset; LEV pick Icebox; G2 pick Abyss; LEV ban Lotus; G2 ban Ascent; Haven remains,Valorant Champions 2024_csvs
378825,Team Heretics vs FNATIC,Valorant Champions 2024,2024-08-15 06:35:00,Bo3,Team Heretics vs FNATIC,2 - 0,2,Patch 9.02,FNC ban Icebox; TH ban Ascent; FNC pick Lotus; TH pick Abyss; FNC ban Sunset; TH ban Bind; Haven remains,Valorant Champions 2024_csvs
378831,DRX vs Trace Esports,Valorant Champions 2024,2024-08-16 04:00:00,Bo3,DRX vs Trace Esports,2 - 0,2,Patch 9.02,TE ban Icebox; DRX ban Ascent; TE pick Lotus; DRX pick Abyss; TE ban Bind; DRX ban Haven; Sunset remains,Valorant Champions 2024_csvs
378832,G2 Esports vs FNATIC,Valorant Champions 2024,2024-08-16 05:50:00,Bo3,G2 Esports vs FNATIC,0 - 2,2,Patch 9.02,FNC ban Icebox; G2 ban Sunset; FNC pick Haven; G2 pick Bind; FNC ban Abyss; G2 ban Ascent; Lotus remains,Valorant Champions 2024_csvs
378826,Sentinels vs EDward Gaming,Valorant Champions 2024,2024-08-17 04:00:00,Bo3,Sentinels vs EDward Gaming,1 - 2,3,Patch 9.02,EDG ban Icebox; SEN ban Bind; EDG pick Haven; SEN pick Lotus; EDG ban Ascent; SEN ban Abyss; Sunset remains,Valorant Champions 2024_csvs
378827,LEVIATÁN vs Team Heretics,Valorant Champions 2024,2024-08-17 07:15:00,Bo3,LEVIATÁN vs Team Heretics,2 - 0,2,Patch 9.02,LEV ban Bind; TH ban Ascent; LEV pick Icebox; TH pick Lotus; LEV ban Abyss; TH ban Sunset; Haven remains,Valorant Champions 2024_csvs
378834,Sentinels vs FNATIC,Valorant Champions 2024,2024-08-18 04:00:00,Bo3,Sentinels vs FNATIC,2 - 1,3,Patch 9.02,SEN ban Haven; FNC ban Icebox; SEN pick Sunset; FNC pick Bind; SEN ban Abyss; FNC ban Ascent; Lotus remains,Valorant Champions 2024_csvs
378833,Team Heretics vs DRX,Valorant Champions 2024,2024-08-18 07:25:00,Bo3,Team Heretics vs DRX,2 - 1,3,Patch 9.02,DRX ban Bind; TH ban Ascent; DRX pick Abyss; TH pick Sunset; DRX ban Lotus; TH ban Haven; Icebox remains,Valorant Champions 2024_csvs
378828,EDward Gaming vs LEVIATÁN,Valorant Champions 2024,2024-08-23 03:00:00,Bo3,EDward Gaming vs LEVIATÁN,2 - 1,3,Patch 9.02,LEV ban Bind; EDG ban Ascent; LEV pick Icebox; EDG pick Lotus; LEV ban Haven; EDG ban Sunset; Abyss remains,Valorant Champions 2024_csvs
378835,Team Heretics vs Sentinels,Valorant Champions 2024,2024-08-23 06:45:00,Bo3,Team Heretics vs Sentinels,2 - 1,3,Patch 9.02,SEN ban Sunset; TH ban Lotus; SEN pick Haven; TH pick Icebox; SEN ban Bind; TH ban Ascent; Abyss remains,Valorant Champions 2024_csvs
378836,LEVIATÁN vs Team Heretics,Valorant Champions 2024,2024-08-24 03:00:00,Bo5,LEVIATÁN vs Team Heretics,1 - 3,4,Patch 9.02,LEV ban Bind; TH ban Ascent; LEV pick Icebox; TH pick Sunset; LEV pick Abyss; TH pick Lotus; Haven remains,Valorant Champions 2024_csvs
378829,EDward Gaming vs Team Heretics,Valorant Champions 2024,2024-08-25 03:00:00,Bo5,EDward Gaming vs Team Heretics,3 - 2,5,Patch 9.02,EDG ban Ascent; EDG ban Icebox; EDG pick Haven; TH pick Sunset; EDG pick Lotus; TH pick Bind; Abyss remains,Valorant Champions 2024_csvs
542195,Paper Rex vs Xi Lai Gaming,Valorant Champions 2025,2025-09-12 09:00:00,Bo3,Paper Rex vs Xi Lai Gaming,2 - 0,2,Patch 11.05,XLG ban Lotus; PRX ban Abyss; XLG pick Bind; PRX pick Sunset; XLG ban Corrode; PRX ban Haven; Ascent remains,Valorant Champions 2025_csvs
542196,GIANTX vs Sentinels,Valorant Champions 2025,2025-09-12 11:25:00,Bo3,GIANTX vs Sentinels,2 - 1,3,Patch 11.05,SEN ban Ascent; GX ban Lotus; SEN pick Corrode; GX pick Sunset; SEN ban Bind; GX ban Abyss; Haven remains,Valorant Champions 2025_csvs
542207,NRG vs EDward Gaming,Valorant Champions 2025,2025-09-13 09:00:00,Bo3,NRG vs EDward Gaming,2 - 0,2,Patch 11.05,EDG ban Lotus; NRG ban Sunset; EDG pick Abyss; NRG pick Corrode; EDG ban Ascent; NRG ban Bind; Haven remains,Valorant Champions 2025_csvs
542205,Team Liquid vs DRX,Valorant Champions 2025,2025-09-13 11:55:00,Bo3,Team Liquid vs DRX,0 - 2,2,Patch 11.05,DRX ban Sunset; TL ban Haven; DRX pick Abyss; TL pick Bind; DRX ban Corrode; TL ban Ascent; Lotus remains,Valorant Champions 2025_csvs
542212,Dragon Ranger Gaming vs T1,Valorant Champions 2025,2025-09-14 09:00:00,Bo3,Dragon Ranger Gaming vs T1,0 - 2,2,Patch 11.05,DRG ban Bind; T1 ban Haven; DRG pick Lotus; T1 pick Sunset; DRG ban Abyss; T1 ban Corrode; Ascent remains,Valorant Champions 2025_csvs
542211,G2 Esports vs Team Heretics,Valorant Champions 2025,2025-09-14 12:20:00,Bo3,G2 Esports vs Team Heretics,0 - 2,2,Patch 11.05,TH ban Abyss; G2 ban Sunset; TH pick Corrode; G2 pick Lotus; TH ban Bind; G2 ban Ascent; Haven remains,Valorant Champions 2025_csvs
542200,Guangzhou Huadu Bilibili Gaming(Bilibili Gaming) vs MIBR,Valorant Champions 2025,2025-09-15 09:00:00,Bo3,Guangzhou Huadu Bilibili Gaming(Bilibili Gaming) vs MIBR,0 - 2,2,Patch 11.05,BLG ban Abyss; MIBR ban Lotus; BLG pick Haven; MIBR pick Corrode; BLG ban Ascent; MIBR ban Bind; Sunset remains,Valorant Champions 2025_csvs
542201,Rex Regum Qeon vs FNATIC,Valorant Champions 2025,2025-09-15 11:10:00,Bo3,Rex Regum Qeon vs FNATIC,0 - 2,2,Patch 11.05,FNC ban Sunset; RRQ ban Bind; FNC pick Ascent; RRQ pick Abyss; FNC ban Haven; RRQ ban Lotus; Corrode remains,Valorant Champions 2025_csvs
542197,Paper Rex vs GIANTX,Valorant Champions 2025,2025-09-17 09:00:00,Bo3,Paper Rex vs GIANTX,2 - 1,3,Patch 11.05,GX ban Bind; PRX ban Corrode; GX pick Ascent; PRX pick Lotus; GX ban Abyss; PRX ban Haven; Sunset remains,Valorant Champions 2025_csvs
542208,DRX vs NRG,Valorant Champions 2025,2025-09-17 12:10:00,Bo3,DRX vs NRG,1 - 2,3,Patch 11.05,DRX ban Sunset; NRG ban Abyss; DRX pick Haven; NRG pick Corrode; DRX ban Ascent; NRG ban Bind; Lotus remains,Valorant Champions 2025_csvs
542213,Team Heretics vs T1,Valorant Champions 2025,2025-09-18 09:00:00,Bo3,Team Heretics vs T1,2 - 0,2,Patch 11.05,TH ban Abyss; T1 ban Haven; TH pick Lotus; T1 pick Sunset; TH ban Bind; T1 ban Corrode; Ascent remains,Valorant Champions 2025_csvs
542202,MIBR vs FNATIC,Valorant Champions 2025,2025-09-18 11:25:00,Bo3,MIBR vs FNATIC,1 - 2,3,Patch 11.05,FNC ban Sunset; MIBR ban Lotus; FNC pick Bind; MIBR pick Abyss; FNC ban Corrode; MIBR ban Ascent; Haven remains,Valorant Champions 2025_csvs
542209,Team Liquid vs EDward Gaming,Valorant Champions 2025,2025-09-19 09:00:00,Bo3,Team Liquid vs EDward Gaming,2 - 1,3,Patch 11.05,TL ban Haven; EDG ban Lotus; TL pick Sunset; EDG pick Abyss; TL ban Corrode; EDG ban Ascent; Bind remains,Valorant Champions 2025_csvs
542198,Xi Lai Gaming vs Sentinels,Valorant Champions 2025,2025-09-19 12:30:00,Bo3,Xi Lai Gaming vs Sentinels,2 - 1,3,Patch 11.05,XLG ban Corrode; SEN ban Ascent; XLG pick Abyss; SEN pick Lotus; XLG ban Sunset; SEN ban Bind; Haven remains,Valorant Champions 2025_csvs
542203,Guangzhou Huadu Bilibili Gaming(Bilibili Gaming) vs Rex Regum Qeon,Valorant Champions 2025,2025-09-20 09:00:00,Bo3,Guangzhou Huadu Bilibili Gaming(Bilibili Gaming) vs Rex Regum Qeon,1 - 2,3,Patch 11.05,RRQ ban Bind; BLG ban Corrode; RRQ pick Sunset; BLG pick Lotus; RRQ ban Ascent; BLG ban Haven; Abyss remains,Valorant Champions 2025_csvs
542214,G2 Esports vs Dragon Ranger Gaming,Valorant Champions 2025,2025-09-20 12:00:00,Bo3,G2 Esports vs Dragon Ranger Gaming,2 - 0,2,Patch 11.05,DRG ban Bind; G2 ban Corrode; DRG pick Lotus; G2 pick Abyss; DRG ban Haven; G2 ban Sunset; Ascent remains,Valorant Champions 2025_csvs
542210,DRX vs Team Liquid,Valorant Champions 2025,2025-09-21 09:00:00,Bo3,DRX vs Team Liquid,2 - 0,2,Patch 11.05,TL ban Haven; DRX ban Sunset; TL pick Corrode; DRX pick Abyss; TL ban Lotus; DRX ban Ascent; Bind remains,Valorant Champions 2025_csvs
542199,GIANTX vs Xi Lai Gaming,Valorant Champions 2025,2025-09-21 11:20:00,Bo3,GIANTX vs Xi Lai Gaming,2 - 0,2,Patch 11.05,XLG ban Sunset; GX ban Abyss; XLG pick Bind; GX pick Ascent; XLG ban Corrode; GX ban Haven; Lotus remains,Valorant Champions 2025_csvs
542215,T1 vs G2 Esports,Valorant Champions 2025,2025-09-22 09:00:00,Bo3,T1 vs G2 Esports,0 - 2,2,Patch 11.05,G2 ban Bind; T1 ban Abyss; G2 pick Lotus; T1 pick Corrode; G2 ban Ascent; T1 ban Haven; Sunset remains,Valorant Champions 2025_csvs
542204,MIBR vs Rex Regum Qeon,Valorant Champions 2025,2025-09-22 11:15:00,Bo3,MIBR vs Rex Regum Qeon,2 - 0,2,Patch 11.05,RRQ ban Bind; MIBR ban Lotus; RRQ pick Corrode; MIBR pick Abyss; RRQ ban Sunset; MIBR ban Ascent; Haven remains,Valorant Champions 2025_csvs
542265,Paper Rex vs G2 Esports,Valorant Champions 2025,2025-09-25 09:00:00,Bo3,Paper Rex vs G2 Esports,2 - 1,3,Patch 11.05,PRX ban Abyss; G2 ban Bind; PRX pick Lotus; G2 pick Corrode; PRX ban Haven; G2 ban Sunset; Ascent remains,Valorant Champions 2025_csvs
542264,FNATIC vs DRX,Valorant Champions 2025,2025-09-25 12:50:00,Bo3,FNATIC vs DRX,2 - 1,3,Patch 11.05,DRX ban Sunset; FNC ban Abyss; DRX pick Haven; FNC pick Ascent; DRX ban Bind; FNC ban Corrode; Lotus remains,Valorant Champions 2025_csvs
542266,Team Heretics vs MIBR,Valorant Champions 2025,2025-09-26 09:00:00,Bo3,Team Heretics vs MIBR,0 - 2,2,Patch 11.05,MIBR ban Lotus; TH ban Abyss; MIBR pick Corrode; TH pick Sunset; MIBR ban Ascent; TH ban Bind; Haven remains,Valorant Champions 2025_csvs
542267,NRG vs GIANTX,Valorant Champions 2025,2025-09-26 11:35:00,Bo3,NRG vs GIANTX,2 - 0,2,Patch 11.05,GX ban Corrode; NRG ban Sunset; GX pick Haven; NRG pick Lotus; GX ban Bind; NRG ban Ascent; Abyss remains,Valorant Champions 2025_csvs
542273,DRX vs G2 Esports,Valorant Champions 2025,2025-09-27 09:00:00,Bo3,DRX vs G2 Esports,2 - 1,3,Patch 11.05,G2 ban Haven; DRX ban Sunset; G2 pick Lotus; DRX pick Abyss; G2 ban Ascent; DRX ban Corrode; Bind remains,Valorant Champions 2025_csvs
542274,Team Heretics vs GIANTX,Valorant Champions 2025,2025-09-27 12:20:00,Bo3,Team Heretics vs GIANTX,2 - 1,3,Patch 11.05,GX ban Corrode; TH ban Abyss; GX pick Ascent; TH pick Lotus; GX ban Haven; TH ban Sunset; Bind remains,Valorant Champions 2025_csvs
542268,FNATIC vs Paper Rex,Valorant Champions 2025,2025-09-28 09:00:00,Bo3,FNATIC vs Paper Rex,2 - 1,3,Patch 11.05,PRX ban Abyss; FNC ban Sunset; PRX pick Bind; FNC pick Haven; PRX ban Ascent; FNC ban Corrode; Lotus remains,Valorant Champions 2025_csvs
542269,MIBR vs NRG,Valorant Champions 2025,2025-09-28 12:20:00,Bo3,MIBR vs NRG,1 - 2,3,Patch 11.05,MIBR ban Lotus; NRG ban Sunset; MIBR pick Abyss; NRG pick Haven; MIBR ban Ascent; NRG ban Bind; Corrode remains,Valorant Champions 2025_csvs
542277,Paper Rex vs Team Heretics,Valorant Champions 2025,2025-09-29 09:00:00,Bo3,Paper Rex vs Team Heretics,2 - 1,3,Patch 11.05,TH ban Sunset; PRX ban Haven; TH pick Ascent; PRX pick Bind; TH ban Abyss; PRX ban Corrode; Lotus remains,Valorant Champions 2025_csvs
542276,MIBR vs DRX,Valorant Champions 2025,2025-09-29 12:20:00,Bo3,MIBR vs DRX,1 - 2,3,Patch 11.05,MIBR ban Abyss; DRX ban Corrode; MIBR pick Sunset; DRX pick Ascent; MIBR ban Haven; DRX ban Lotus; Bind remains,Valorant Champions 2025_csvs
542270,FNATIC vs NRG,Valorant Champions 2025,2025-10-03 07:00:00,Bo3,FNATIC vs NRG,0 - 2,2,Patch 11.05,FNC ban Corrode; NRG ban Haven; FNC pick Ascent; NRG pick Abyss; FNC ban Sunset; NRG ban Bind; Lotus remains,Valorant Champions 2025_csvs
542278,DRX vs Paper Rex,Valorant Champions 2025,2025-10-03 09:35:00,Bo3,DRX vs Paper Rex,2 - 0,2,Patch 11.05,DRX ban Sunset; PRX ban Abyss; DRX pick Ascent; PRX pick Lotus; DRX ban Bind; PRX ban Haven; Corrode remains,Valorant Champions 2025_csvs
542279,FNATIC vs DRX,Valorant Champions 2025,2025-10-04 07:00:00,Bo5,FNATIC vs DRX,3 - 1,4,Patch 11.05,FNC ban Abyss; DRX ban Lotus; FNC pick Sunset; DRX pick Corrode; FNC pick Haven; DRX pick Bind; Ascent remains,Valorant Champions 2025_csvs
542272,NRG vs FNATIC,Valorant Champions 2025,2025-10-05 07:00:00,Bo5,NRG vs FNATIC,3 - 2,5,Patch 11.05,NRG ban Haven; NRG ban Bind; NRG pick Corrode; FNC pick Lotus; NRG pick Abyss; FNC pick Ascent; Sunset remains,Valorant Champions 2025_csvs
448598,EDward Gaming vs Team Liquid,Valorant Masters Bangkok 2025,2025-02-20 05:00:00,Bo3,EDward Gaming vs Team Liquid,2 - 0,2,Patch 10.02,TL ban Lotus; EDG ban Abyss; TL pick Split; EDG pick Pearl; TL ban Fracture; EDG ban Haven; Bind remains,Valorant Masters Bangkok 2025_csvs
448600,DRX vs Sentinels,Valorant Masters Bangkok 2025,2025-02-20 08:00:00,Bo3,DRX vs Sentinels,2 - 0,2,Patch 10.02,SEN ban Fracture; DRX ban Pearl; SEN pick Lotus; DRX pick Haven; SEN ban Bind; DRX ban Split; Abyss remains,Valorant Masters Bangkok 2025_csvs
448599,Team Vitality vs T1,Valorant Masters Bangkok 2025,2025-02-21 05:00:00,Bo3,Team Vitality vs T1,2 - 0,2,Patch 10.02,VIT ban Pearl; T1 ban Abyss; VIT pick Fracture; T1 pick Bind; VIT ban Lotus; T1 ban Haven; Split remains,Valorant Masters Bangkok 2025_csvs
448597,G2 Esports vs Trace Esports,Valorant Masters Bangkok 2025,2025-02-21 07:25:00,Bo3,G2 Esports vs Trace Esports,2 - 0,2,Patch 10.02,TE ban Fracture; G2 ban Bind; TE pick Lotus; G2 pick Abyss; TE ban Haven; G2 ban Split; Pearl remains,Valorant Masters Bangkok 2025_csvs
449000,DRX vs Team Vitality,Valorant Masters Bangkok 2025,2025-02-22 05:00:00,Bo3,DRX vs Team Vitality,1 - 2,3,Patch 10.02,VIT ban Pearl; DRX ban Haven; VIT pick Bind; DRX pick Abyss; VIT ban Fracture; DRX ban Lotus; Split remains,Valorant Masters Bangkok 2025_csvs
449001,EDward Gaming vs G2 Esports,Valorant Masters Bangkok 2025,2025-02-22 08:25:00,Bo3,EDward Gaming vs G2 Esports,2 - 1,3,Patch 10.02,G2 ban Haven; EDG ban Abyss; G2 pick Pearl; EDG pick Bind; G2 ban Split; EDG ban Lotus; Fracture remains,Valorant Masters Bangkok 2025_csvs
449002,T1 vs Trace Esports,Valorant Masters Bangkok 2025,2025-02-23 05:00:00,Bo3,T1 vs Trace Esports,2 - 0,2,Patch 10.02,TE ban Fracture; T1 ban Abyss; TE pick Lotus; T1 pick Haven; TE ban Pearl; T1 ban Bind; Split remains,Valorant Masters Bangkok 2025_csvs
449003,Team Liquid vs Sentinels,Valorant Masters Bangkok 2025,2025-02-23 06:55:00,Bo3,Team Liquid vs Sentinels,2 - 1,3,Patch 10.02,SEN ban Fracture; TL ban Pearl; SEN pick Lotus; TL pick Abyss; SEN ban Haven; TL ban Split; Bind remains,Valorant Masters Bangkok 2025_csvs
449004,T1 vs DRX,Valorant Masters Bangkok 2025,2025-02-24 05:00:00,Bo3,T1 vs DRX,2 - 0,2,Patch 10.02,DRX ban Lotus; T1 ban Abyss; DRX pick Fracture; T1 pick Pearl; DRX ban Split; T1 ban Bind; Haven remains,Valorant Masters Bangkok 2025_csvs
449005,G2 Esports vs Team Liquid,Valorant Masters Bangkok 2025,2025-02-24 07:10:00,Bo3,G2 Esports vs Team Liquid,2 - 0,2,Patch 10.02,TL ban Pearl; G2 ban Split; TL pick Haven; G2 pick Lotus; TL ban Fracture; G2 ban Bind; Abyss remains,Valorant Masters Bangkok 2025_csvs
449008,EDward Gaming vs T1,Valorant Masters Bangkok 2025,2025-02-27 05:00:00,Bo3,EDward Gaming vs T1,2 - 1,3,Patch 10.02,T1 ban Abyss; EDG ban Lotus; T1 pick Split; EDG pick Bind; T1 ban Fracture; EDG ban Haven; Pearl remains,Valorant Masters Bangkok 2025_csvs
449009,Team Vitality vs G2 Esports,Valorant Masters Bangkok 2025,2025-02-27 08:15:00,Bo3,Team Vitality vs G2 Esports,0 - 2,2,Patch 10.02,VIT ban Pearl; G2 ban Fracture; VIT pick Bind; G2 pick Lotus; VIT ban Abyss; G2 ban Split; Haven remains,Valorant Masters Bangkok 2025_csvs
449010,EDward Gaming vs G2 Esports,Valorant Masters Bangkok 2025,2025-02-28 05:00:00,Bo3,EDward Gaming vs G2 Esports,0 - 2,2,Patch 10.02,G2 ban Fracture; EDG ban Abyss; G2 pick Lotus; EDG pick Split; G2 ban Haven; EDG ban Pearl; Bind remains,Valorant Masters Bangkok 2025_csvs
449012,T1 vs Team Vitality,Valorant Masters Bangkok 2025,2025-02-28 07:05:00,Bo3,T1 vs Team Vitality,2 - 1,3,Patch 10.02,T1 ban Abyss; VIT ban Pearl; T1 pick Lotus; VIT pick Haven; T1 ban Fracture; VIT ban Bind; Split remains,Valorant Masters Bangkok 2025_csvs
449013,EDward Gaming vs T1,Valorant Masters Bangkok 2025,2025-03-01 05:00:00,Bo5,EDward Gaming vs T1,1 - 3,4,Patch 10.02,EDG ban Lotus; T1 ban Abyss; EDG pick Bind; T1 pick Haven; EDG pick Fracture; T1 pick Split; Pearl remains,Valorant Masters Bangkok 2025_csvs
450589,Team International vs Team Thailand,Valorant Masters Bangkok 2025,2025-03-02 05:00:00,Bo1,Team International vs Team Thailand,0 - 1,1,,,Valorant Masters Bangkok 2025_csvs
449011,G2 Esports vs T1,Valorant Masters Bangkok 2025,2025-03-02 06:15:00,Bo5,G2 Esports vs T1,2 - 3,5,Patch 10.02,G2 ban Fracture; G2 ban Bind; G2 pick Lotus; T1 pick Haven; G2 pick Abyss; T1 pick Split; Pearl remains,Valorant Masters Bangkok 2025_csvs
490309,Team Heretics vs Paper Rex,Valorant Masters Toronto 2025,2025-06-07 12:00:00,Bo3,Team Heretics vs Paper Rex,0 - 2,2,Patch 10.10,PRX ban Haven; TH ban Split; PRX pick Pearl; TH pick Icebox; PRX ban Ascent; TH ban Sunset; Lotus remains,Valorant Masters Toronto 2025_csvs
490307,Guangzhou Huadu Bilibili Gaming(Bilibili Gaming) vs Team Liquid,Valorant Masters Toronto 2025,2025-06-07 14:10:00,Bo3,Guangzhou Huadu Bilibili Gaming(Bilibili Gaming) vs Team Liquid,2 - 1,3,Patch 10.10,BLG ban Split; TL ban Pearl; BLG pick Icebox; TL pick Haven; BLG ban Lotus; TL ban Ascent; Sunset remains,Valorant Masters Toronto 2025_csvs
490308,Sentinels vs Wolves Esports,Valorant Masters Toronto 2025,2025-06-08 12:00:00,Bo3,Sentinels vs Wolves Esports,2 - 0,2,Patch 10.10,WOL ban Haven; SEN ban Sunset; WOL pick Split; SEN pick Lotus; WOL ban Pearl; SEN ban Ascent; Icebox remains,Valorant Masters Toronto 2025_csvs
490306,Gen.G vs MIBR,Valorant Masters Toronto 2025,2025-06-08 14:45:00,Bo3,Gen.G vs MIBR,2 - 0,2,Patch 10.10,MIBR ban Lotus; GEN ban Icebox; MIBR pick Sunset; GEN pick Haven; MIBR ban Pearl; GEN ban Split; Ascent remains,Valorant Masters Toronto 2025_csvs
490311,Guangzhou Huadu Bilibili Gaming(Bilibili Gaming) vs Sentinels,Valorant Masters Toronto 2025,2025-06-09 12:00:00,Bo3,Guangzhou Huadu Bilibili Gaming(Bilibili Gaming) vs Sentinels,1 - 2,3,Patch 10.10,BLG ban Haven; SEN ban Ascent; BLG pick Icebox; SEN pick Sunset; BLG ban Pearl; SEN ban Split; Lotus remains,Valorant Masters Toronto 2025_csvs
490310,Paper Rex vs Gen.G,Valorant Masters Toronto 2025,2025-06-09 15:30:00,Bo3,Paper Rex vs Gen.G,0 - 2,2,Patch 10.10,GEN ban Pearl; PRX ban Haven; GEN pick Ascent; PRX pick Icebox; GEN ban Sunset; PRX ban Lotus; Split remains,Valorant Masters Toronto 2025_csvs
490312,Team Heretics vs Wolves Esports,Valorant Masters Toronto 2025,2025-06-10 12:00:00,Bo3,Team Heretics vs Wolves Esports,0 - 2,2,Patch 10.10,WOL ban Haven; TH ban Split; WOL pick Pearl; TH pick Lotus; WOL ban Sunset; TH ban Icebox; Ascent remains,Valorant Masters Toronto 2025_csvs
490313,Team Liquid vs MIBR,Valorant Masters Toronto 2025,2025-06-10 14:30:00,Bo3,Team Liquid vs MIBR,2 - 0,2,Patch 10.10,MIBR ban Haven; TL ban Pearl; MIBR pick Icebox; TL pick Sunset; MIBR ban Lotus; TL ban Ascent; Split remains,Valorant Masters Toronto 2025_csvs
490315,Guangzhou Huadu Bilibili Gaming(Bilibili Gaming) vs Wolves Esports,Valorant Masters Toronto 2025,2025-06-11 12:00:00,Bo3,Guangzhou Huadu Bilibili Gaming(Bilibili Gaming) vs Wolves Esports,0 - 2,2,Patch 10.10,BLG ban Haven; WOL ban Icebox; BLG pick Ascent; WOL pick Split; BLG ban Lotus; WOL ban Sunset; Pearl remains,Valorant Masters Toronto 2025_csvs
490314,Paper Rex vs Team Liquid,Valorant Masters Toronto 2025,2025-06-11 14:30:00,Bo3,Paper Rex vs Team Liquid,2 - 1,3,Patch 10.10,PRX ban Haven; TL ban Pearl; PRX pick Split; TL pick Sunset; PRX ban Ascent; TL ban Icebox; Lotus remains,Valorant Masters Toronto 2025_csvs
498622,G2 Esports vs Paper Rex,Valorant Masters Toronto 2025,2025-06-13 12:00:00,Bo3,G2 Esports vs Paper Rex,0 - 2,2,Patch 10.10,PRX ban Haven; G2 ban Sunset; PRX pick Split; G2 pick Lotus; PRX ban Ascent; G2 ban Pearl; Icebox remains,Valorant Masters Toronto 2025_csvs
498621,Xi Lai Gaming vs Sentinels,Valorant Masters Toronto 2025,2025-06-13 14:25:00,Bo3,Xi Lai Gaming vs Sentinels,0 - 2,2,Patch 10.10,XLG ban Split; SEN ban Haven; XLG pick Sunset; SEN pick Lotus; XLG ban Ascent; SEN ban Icebox; Pearl remains,Valorant Masters Toronto 2025_csvs
498623,Rex Regum Qeon vs Wolves Esports,Valorant Masters Toronto 2025,2025-06-14 12:00:00,Bo3,Rex Regum Qeon vs Wolves Esports,0 - 2,2,Patch 10.10,WOL ban Haven; RRQ ban Split; WOL pick Ascent; RRQ pick Icebox; WOL ban Sunset; RRQ ban Pearl; Lotus remains,Valorant Masters Toronto 2025_csvs
498624,FNATIC vs Gen.G,Valorant Masters Toronto 2025,2025-06-14 14:30:00,Bo3,FNATIC vs Gen.G,1 - 2,3,Patch 10.10,GEN ban Icebox; FNC ban Pearl; GEN pick Haven; FNC pick Split; GEN ban Lotus; FNC ban Ascent; Sunset remains,Valorant Masters Toronto 2025_csvs
498629,Xi Lai Gaming vs G2 Esports,Valorant Masters Toronto 2025,2025-06-15 12:00:00,Bo3,Xi Lai Gaming vs G2 Esports,0 - 2,2,Patch 10.10,XLG ban Split; G2 ban Sunset; XLG pick Icebox; G2 pick Haven; XLG ban Lotus; G2 ban Ascent; Pearl remains,Valorant Masters Toronto 2025_csvs
498630,Rex Regum Qeon vs FNATIC,Valorant Masters Toronto 2025,2025-06-15 14:10:00,Bo3,Rex Regum Qeon vs FNATIC,1 - 2,3,Patch 10.10,FNC ban Pearl; RRQ ban Split; FNC pick Lotus; RRQ pick Haven; FNC ban Sunset; RRQ ban Icebox; Ascent remains,Valorant Masters Toronto 2025_csvs
498626,Wolves Esports vs Gen.G,Valorant Masters Toronto 2025,2025-06-16 12:00:00,Bo3,Wolves Esports vs Gen.G,2 - 0,2,Patch 10.10,WOL ban Haven; GEN ban Pearl; WOL pick Split; GEN pick Sunset; WOL ban Icebox; GEN ban Ascent; Lotus remains,Valorant Masters Toronto 2025_csvs
498625,Sentinels vs Paper Rex,Valorant Masters Toronto 2025,2025-06-16 14:30:00,Bo3,Sentinels vs Paper Rex,0 - 2,2,Patch 10.10,PRX ban Haven; SEN ban Icebox; PRX pick Split; SEN pick Sunset; PRX ban Ascent; SEN ban Lotus; Pearl remains,Valorant Masters Toronto 2025_csvs
498631,Gen.G vs G2 Esports,Valorant Masters Toronto 2025,2025-06-17 12:00:00,Bo3,Gen.G vs G2 Esports,1 - 2,3,Patch 10.10,G2 ban Sunset; GEN ban Pearl; G2 pick Lotus; GEN pick Haven; G2 ban Split; GEN ban Ascent; Icebox remains,Valorant Masters Toronto 2025_csvs
498632,Sentinels vs FNATIC,Valorant Masters Toronto 2025,2025-06-17 15:35:00,Bo3,Sentinels vs FNATIC,1 - 2,3,Patch 10.10,SEN ban Split; FNC ban Pearl; SEN pick Sunset; FNC pick Ascent; SEN ban Haven; FNC ban Lotus; Icebox remains,Valorant Masters Toronto 2025_csvs
498627,Paper Rex vs Wolves Esports,Valorant Masters Toronto 2025,2025-06-20 12:00:00,Bo3,Paper Rex vs Wolves Esports,2 - 0,2,Patch 10.10,PRX ban Haven; WOL ban Icebox; PRX pick Lotus; WOL pick Ascent; PRX ban Pearl; WOL ban Sunset; Split remains,Valorant Masters Toronto 2025_csvs
498633,G2 Esports vs FNATIC,Valorant Masters Toronto 2025,2025-06-20 14:40:00,Bo3,G2 Esports vs FNATIC,0 - 2,2,Patch 10.10,G2 ban Ascent; FNC ban Pearl; G2 pick Lotus; FNC pick Split; G2 ban Icebox; FNC ban Sunset; Haven remains,Valorant Masters Toronto 2025_csvs
498634,Wolves Esports vs FNATIC,Valorant Masters Toronto 2025,2025-06-21 12:00:00,Bo5,Wolves Esports vs FNATIC,1 - 3,4,Patch 10.10,FNC ban Pearl; WOL ban Haven; FNC pick Split; WOL pick Icebox; FNC pick Lotus; WOL pick Ascent; Sunset remains,Valorant Masters Toronto 2025_csvs
507067,Team tarik vs Team Toast,Valorant Masters Toronto 2025,2025-06-22 12:00:00,Bo1,Team tarik vs Team Toast,0 - 1,1,,,Valorant Masters Toronto 2025_csvs
498628,Paper Rex vs FNATIC,Valorant Masters Toronto 2025,2025-06-22 13:15:00,Bo5,Paper Rex vs FNATIC,3 - 1,4,Patch 10.10,PRX ban Haven; PRX ban Ascent; PRX pick Sunset; FNC pick Icebox; PRX pick Pearl; FNC pick Lotus; Split remains,Valorant Masters Toronto 2025_csvs
