match_id,map_name,map_order,score,winner,duration,picked_by,tournament_name
295605,Breeze,1,13 - 10,NRG,55:08,FURIA,Champions Tour 2024 Americas Kickoff_csvs
295605,Ascent,2,13 - 8,NRG,48:14,NRG,Champions Tour 2024 Americas Kickoff_csvs
295606,Bind,1,13 - 11,Cloud9,1:06:54,Cloud9,Champions Tour 2024 Americas Kickoff_csvs
295606,Split,2,8 - 13,MIBR,47:29,MIBR,Champions Tour 2024 Americas Kickoff_csvs
295606,Lotus,3,13 - 10,Cloud9,57:07,Decider,Champions Tour 2024 Americas Kickoff_csvs
295610,Split,1,13 - 11,LOUD,1:12:09,Sentinels,Champions Tour 2024 Americas Kickoff_csvs
295610,Ascent,2,13 - 9,LOUD,51:45,LOUD,Champions Tour 2024 Americas Kickoff_csvs
295611,Bind,1,13 - 9,LEVIATÁN,1:03:18,100 Thieves,Champions Tour 2024 Americas Kickoff_csvs
295611,Split,2,3 - 13,100 Thieves,36:37,LEVIATÁN,Champions Tour 2024 Americas Kickoff_csvs
295611,Icebox,3,13 - 11,LEVIATÁN,53:07,Decider,Champions Tour 2024 Americas Kickoff_csvs
295615,Icebox,1,13 - 9,KRÜ Esports,1:06:10,G2 Esports,Champions Tour 2024 Americas Kickoff_csvs
295615,Sunset,2,9 - 13,G2 Esports,53:13,KRÜ Esports,Champions Tour 2024 Americas Kickoff_csvs
295615,Ascent,3,11 - 13,G2 Esports,56:40,Decider,Champions Tour 2024 Americas Kickoff_csvs
295608,Split,1,9 - 13,MIBR,1:14:12,MIBR,Champions Tour 2024 Americas Kickoff_csvs
295608,Breeze,2,11 - 13,MIBR,56:26,FURIA,Champions Tour 2024 Americas Kickoff_csvs
295613,Lotus,1,13 - 5,Sentinels,49:56,100 Thieves,Champions Tour 2024 Americas Kickoff_csvs
295613,Bind,2,6 - 13,100 Thieves,44:57,Sentinels,Champions Tour 2024 Americas Kickoff_csvs
295613,Split,3,13 - 8,Sentinels,45:29,Decider,Champions Tour 2024 Americas Kickoff_csvs
295607,Sunset,1,13 - 7,NRG,1:00:41,Cloud9,Champions Tour 2024 Americas Kickoff_csvs
295607,Ascent,2,14 - 12,NRG,58:34,NRG,Champions Tour 2024 Americas Kickoff_csvs
295612,Bind,1,11 - 13,LEVIATÁN,1:11:38,LEVIATÁN,Champions Tour 2024 Americas Kickoff_csvs
295612,Split,2,13 - 10,LOUD,58:10,LOUD,Champions Tour 2024 Americas Kickoff_csvs
295612,Ascent,3,13 - 7,LOUD,50:10,Decider,Champions Tour 2024 Americas Kickoff_csvs
295617,Sunset,1,13 - 15,Evil Geniuses,1:18:54,G2 Esports,Champions Tour 2024 Americas Kickoff_csvs
295617,Icebox,2,11 - 13,Evil Geniuses,1:01:40,Evil Geniuses,Champions Tour 2024 Americas Kickoff_csvs
295609,Bind,1,12 - 14,MIBR,1:16:03,Cloud9,Champions Tour 2024 Americas Kickoff_csvs
295609,Ascent,2,9 - 13,MIBR,56:21,MIBR,Champions Tour 2024 Americas Kickoff_csvs
295614,Split,1,3 - 13,Sentinels,50:11,Sentinels,Champions Tour 2024 Americas Kickoff_csvs
295614,Breeze,2,13 - 6,LEVIATÁN,45:00,LEVIATÁN,Champions Tour 2024 Americas Kickoff_csvs
295614,Bind,3,9 - 13,Sentinels,52:54,Decider,Champions Tour 2024 Americas Kickoff_csvs
295619,Split,1,13 - 8,G2 Esports,58:24,KRÜ Esports,Champions Tour 2024 Americas Kickoff_csvs
295619,Sunset,2,13 - 8,G2 Esports,45:29,G2 Esports,Champions Tour 2024 Americas Kickoff_csvs
307572,Split,1,7 - 13,Sentinels,1:01:27,Sentinels,Champions Tour 2024 Americas Kickoff_csvs
307572,Ascent,2,6 - 13,Sentinels,45:03,MIBR,Champions Tour 2024 Americas Kickoff_csvs
307573,Sunset,1,9 - 13,MIBR,1:00:34,G2 Esports,Champions Tour 2024 Americas Kickoff_csvs
307573,Split,2,15 - 13,G2 Esports,1:08:34,MIBR,Champions Tour 2024 Americas Kickoff_csvs
307573,Breeze,3,10 - 13,MIBR,59:07,Decider,Champions Tour 2024 Americas Kickoff_csvs
307574,Sunset,1,13 - 8,Sentinels,54:28,Sentinels,Champions Tour 2024 Americas Kickoff_csvs
307574,Breeze,2,9 - 13,G2 Esports,47:08,G2 Esports,Champions Tour 2024 Americas Kickoff_csvs
307574,Split,3,9 - 13,G2 Esports,52:50,Decider,Champions Tour 2024 Americas Kickoff_csvs
303087,Ascent,1,13 - 7,Evil Geniuses,58:24,LOUD,Champions Tour 2024 Americas Kickoff_csvs
303087,Icebox,2,7 - 13,LOUD,47:45,Evil Geniuses,Champions Tour 2024 Americas Kickoff_csvs
303087,Sunset,3,5 - 13,LOUD,40:45,Decider,Champions Tour 2024 Americas Kickoff_csvs
303088,Sunset,1,14 - 16,Sentinels,1:17:21,Sentinels,Champions Tour 2024 Americas Kickoff_csvs
303088,Ascent,2,13 - 8,NRG,53:29,NRG,Champions Tour 2024 Americas Kickoff_csvs
303088,Split,3,3 - 13,Sentinels,40:57,Decider,Champions Tour 2024 Americas Kickoff_csvs
303086,Sunset,1,9 - 13,Sentinels,1:11:51,LOUD,Champions Tour 2024 Americas Kickoff_csvs
303086,Split,2,3 - 13,Sentinels,41:08,Sentinels,Champions Tour 2024 Americas Kickoff_csvs
303086,Icebox,3,13 - 11,LOUD,53:28,LOUD,Champions Tour 2024 Americas Kickoff_csvs
303086,Bind,4,13 - 8,LOUD,51:03,Sentinels,Champions Tour 2024 Americas Kickoff_csvs
303086,Lotus,5,4 - 13,Sentinels,44:02,Decider,Champions Tour 2024 Americas Kickoff_csvs
314622,Icebox,1,7 - 13,LEVIATÁN,1:10:08,Cloud9,Champions Tour 2024 Americas Stage 1_csvs
314622,Sunset,2,13 - 7,Cloud9,46:48,LEVIATÁN,Champions Tour 2024 Americas Stage 1_csvs
314622,Ascent,3,18 - 16,Cloud9,1:24:47,Decider,Champions Tour 2024 Americas Stage 1_csvs
314623,Breeze,1,13 - 10,NRG,1:00:38,NRG,Champions Tour 2024 Americas Stage 1_csvs
314623,Sunset,2,13 - 2,NRG,34:00,LOUD,Champions Tour 2024 Americas Stage 1_csvs
314624,Lotus,1,13 - 8,G2 Esports,1:07:29,G2 Esports,Champions Tour 2024 Americas Stage 1_csvs
314624,Icebox,2,13 - 3,G2 Esports,35:03,Evil Geniuses,Champions Tour 2024 Americas Stage 1_csvs
314625,Icebox,1,13 - 10,Sentinels,58:12,100 Thieves,Champions Tour 2024 Americas Stage 1_csvs
314625,Split,2,13 - 6,Sentinels,42:13,Sentinels,Champions Tour 2024 Americas Stage 1_csvs
314626,Lotus,1,13 - 7,KRÜ Esports,1:04:32,FURIA,Champions Tour 2024 Americas Stage 1_csvs
314626,Icebox,2,11 - 13,FURIA,57:28,KRÜ Esports,Champions Tour 2024 Americas Stage 1_csvs
314626,Breeze,3,13 - 7,KRÜ Esports,46:56,Decider,Champions Tour 2024 Americas Stage 1_csvs
314628,Bind,1,9 - 13,100 Thieves,1:05:47,100 Thieves,Champions Tour 2024 Americas Stage 1_csvs
314628,Split,2,8 - 13,100 Thieves,51:54,G2 Esports,Champions Tour 2024 Americas Stage 1_csvs
314629,Lotus,1,17 - 19,LEVIATÁN,1:34:28,Sentinels,Champions Tour 2024 Americas Stage 1_csvs
314629,Icebox,2,11 - 13,LEVIATÁN,57:07,LEVIATÁN,Champions Tour 2024 Americas Stage 1_csvs
314630,Icebox,1,13 - 6,KRÜ Esports,57:37,KRÜ Esports,Champions Tour 2024 Americas Stage 1_csvs
314630,Sunset,2,13 - 8,KRÜ Esports,50:56,MIBR,Champions Tour 2024 Americas Stage 1_csvs
314631,Split,1,13 - 2,NRG,39:25,FURIA,Champions Tour 2024 Americas Stage 1_csvs
314631,Breeze,2,13 - 8,NRG,49:22,NRG,Champions Tour 2024 Americas Stage 1_csvs
314632,Lotus,1,9 - 13,Evil Geniuses,1:05:20,Cloud9,Champions Tour 2024 Americas Stage 1_csvs
314632,Sunset,2,13 - 8,Cloud9,47:01,Evil Geniuses,Champions Tour 2024 Americas Stage 1_csvs
314632,Split,3,13 - 4,Cloud9,43:01,Decider,Champions Tour 2024 Americas Stage 1_csvs
314634,Lotus,1,13 - 3,Sentinels,1:12:29,Sentinels,Champions Tour 2024 Americas Stage 1_csvs
314634,Bind,2,13 - 7,Sentinels,47:40,MIBR,Champions Tour 2024 Americas Stage 1_csvs
314635,Bind,1,11 - 13,LOUD,1:07:22,Cloud9,Champions Tour 2024 Americas Stage 1_csvs
314635,Icebox,2,13 - 4,Cloud9,42:07,LOUD,Champions Tour 2024 Americas Stage 1_csvs
314635,Lotus,3,13 - 9,Cloud9,53:49,Decider,Champions Tour 2024 Americas Stage 1_csvs
314636,Lotus,1,13 - 5,KRÜ Esports,59:35,Evil Geniuses,Champions Tour 2024 Americas Stage 1_csvs
314636,Breeze,2,13 - 9,KRÜ Esports,47:45,KRÜ Esports,Champions Tour 2024 Americas Stage 1_csvs
314637,Sunset,1,4 - 13,LEVIATÁN,45:35,NRG,Champions Tour 2024 Americas Stage 1_csvs
314637,Bind,2,4 - 13,LEVIATÁN,38:35,LEVIATÁN,Champions Tour 2024 Americas Stage 1_csvs
314638,Lotus,1,13 - 3,G2 Esports,47:55,FURIA,Champions Tour 2024 Americas Stage 1_csvs
314638,Icebox,2,13 - 3,G2 Esports,38:36,G2 Esports,Champions Tour 2024 Americas Stage 1_csvs
314639,Bind,1,7 - 13,100 Thieves,54:12,100 Thieves,Champions Tour 2024 Americas Stage 1_csvs
314639,Ascent,2,6 - 13,100 Thieves,41:26,Cloud9,Champions Tour 2024 Americas Stage 1_csvs
314640,Lotus,1,13 - 10,Sentinels,1:11:33,Sentinels,Champions Tour 2024 Americas Stage 1_csvs
314640,Bind,2,11 - 13,Evil Geniuses,59:51,Evil Geniuses,Champions Tour 2024 Americas Stage 1_csvs
314640,Sunset,3,10 - 13,Evil Geniuses,49:10,Decider,Champions Tour 2024 Americas Stage 1_csvs
314641,Split,1,13 - 9,NRG,1:06:27,MIBR,Champions Tour 2024 Americas Stage 1_csvs
314641,Breeze,2,13 - 3,NRG,41:47,NRG,Champions Tour 2024 Americas Stage 1_csvs
314642,Breeze,1,6 - 13,LEVIATÁN,56:54,LEVIATÁN,Champions Tour 2024 Americas Stage 1_csvs
314642,Icebox,2,13 - 8,G2 Esports,48:29,G2 Esports,Champions Tour 2024 Americas Stage 1_csvs
314642,Lotus,3,9 - 13,LEVIATÁN,50:09,Decider,Champions Tour 2024 Americas Stage 1_csvs
314643,Split,1,13 - 8,KRÜ Esports,59:49,KRÜ Esports,Champions Tour 2024 Americas Stage 1_csvs
314643,Ascent,2,13 - 8,KRÜ Esports,48:36,LOUD,Champions Tour 2024 Americas Stage 1_csvs
314644,Icebox,1,13 - 9,G2 Esports,1:05:19,G2 Esports,Champions Tour 2024 Americas Stage 1_csvs
314644,Bind,2,13 - 3,G2 Esports,36:16,MIBR,Champions Tour 2024 Americas Stage 1_csvs
314645,Lotus,1,7 - 13,LOUD,58:18,Sentinels,Champions Tour 2024 Americas Stage 1_csvs
314645,Icebox,2,8 - 13,LOUD,50:43,LOUD,Champions Tour 2024 Americas Stage 1_csvs
314646,Ascent,1,2 - 13,FURIA,55:52,FURIA,Champions Tour 2024 Americas Stage 1_csvs
314646,Lotus,2,13 - 3,Cloud9,39:13,Cloud9,Champions Tour 2024 Americas Stage 1_csvs
314646,Bind,3,13 - 8,Cloud9,47:52,Decider,Champions Tour 2024 Americas Stage 1_csvs
314647,Ascent,1,6 - 13,Evil Geniuses,49:29,NRG,Champions Tour 2024 Americas Stage 1_csvs
314647,Lotus,2,16 - 14,NRG,1:10:07,Evil Geniuses,Champions Tour 2024 Americas Stage 1_csvs
314647,Sunset,3,11 - 13,Evil Geniuses,52:42,Decider,Champions Tour 2024 Americas Stage 1_csvs
314648,Sunset,1,13 - 7,KRÜ Esports,1:01:22,100 Thieves,Champions Tour 2024 Americas Stage 1_csvs
314648,Breeze,2,11 - 13,100 Thieves,52:17,KRÜ Esports,Champions Tour 2024 Americas Stage 1_csvs
314648,Split,3,13 - 8,KRÜ Esports,46:27,Decider,Champions Tour 2024 Americas Stage 1_csvs
314650,Split,1,13 - 5,Sentinels,55:35,Sentinels,Champions Tour 2024 Americas Stage 1_csvs
314650,Icebox,2,13 - 9,Sentinels,49:45,FURIA,Champions Tour 2024 Americas Stage 1_csvs
314651,Split,1,8 - 13,100 Thieves,1:07:23,NRG,Champions Tour 2024 Americas Stage 1_csvs
314651,Bind,2,7 - 13,100 Thieves,41:28,100 Thieves,Champions Tour 2024 Americas Stage 1_csvs
314652,Ascent,1,4 - 13,LEVIATÁN,49:35,KRÜ Esports,Champions Tour 2024 Americas Stage 1_csvs
314652,Breeze,2,14 - 12,KRÜ Esports,57:36,LEVIATÁN,Champions Tour 2024 Americas Stage 1_csvs
314652,Lotus,3,10 - 13,LEVIATÁN,52:38,Decider,Champions Tour 2024 Americas Stage 1_csvs
314653,Icebox,1,14 - 12,Cloud9,1:14:20,Cloud9,Champions Tour 2024 Americas Stage 1_csvs
314653,Sunset,2,13 - 9,Cloud9,50:41,MIBR,Champions Tour 2024 Americas Stage 1_csvs
314654,Bind,1,11 - 13,LOUD,1:03:19,G2 Esports,Champions Tour 2024 Americas Stage 1_csvs
314654,Icebox,2,4 - 13,LOUD,37:34,LOUD,Champions Tour 2024 Americas Stage 1_csvs
337407,Lotus,1,6 - 13,G2 Esports,1:00:00,Cloud9,Champions Tour 2024 Americas Stage 1_csvs
337407,Ascent,2,13 - 15,G2 Esports,1:02:00,G2 Esports,Champions Tour 2024 Americas Stage 1_csvs
337408,Bind,1,13 - 6,100 Thieves,49:02,100 Thieves,Champions Tour 2024 Americas Stage 1_csvs
337408,Icebox,2,13 - 4,100 Thieves,39:43,LOUD,Champions Tour 2024 Americas Stage 1_csvs
337409,Icebox,1,5 - 13,G2 Esports,53:51,KRÜ Esports,Champions Tour 2024 Americas Stage 1_csvs
337409,Ascent,2,8 - 13,G2 Esports,44:12,G2 Esports,Champions Tour 2024 Americas Stage 1_csvs
337410,Bind,1,3 - 13,100 Thieves,46:58,100 Thieves,Champions Tour 2024 Americas Stage 1_csvs
337410,Sunset,2,14 - 12,LEVIATÁN,55:17,LEVIATÁN,Champions Tour 2024 Americas Stage 1_csvs
337410,Icebox,3,10 - 13,100 Thieves,49:19,Decider,Champions Tour 2024 Americas Stage 1_csvs
337411,Ascent,1,5 - 13,100 Thieves,51:44,G2 Esports,Champions Tour 2024 Americas Stage 1_csvs
337411,Bind,2,13 - 8,G2 Esports,43:17,100 Thieves,Champions Tour 2024 Americas Stage 1_csvs
337411,Split,3,11 - 13,100 Thieves,51:20,Decider,Champions Tour 2024 Americas Stage 1_csvs
337413,Lotus,1,13 - 6,KRÜ Esports,50:24,LEVIATÁN,Champions Tour 2024 Americas Stage 1_csvs
337413,Icebox,2,11 - 13,LEVIATÁN,51:16,KRÜ Esports,Champions Tour 2024 Americas Stage 1_csvs
337413,Sunset,3,8 - 13,LEVIATÁN,52:15,Decider,Champions Tour 2024 Americas Stage 1_csvs
337414,Bind,1,12 - 14,LEVIATÁN,1:13:17,G2 Esports,Champions Tour 2024 Americas Stage 1_csvs
337414,Breeze,2,13 - 7,G2 Esports,1:17:44,LEVIATÁN,Champions Tour 2024 Americas Stage 1_csvs
337414,Icebox,3,12 - 14,LEVIATÁN,1:00:56,G2 Esports,Champions Tour 2024 Americas Stage 1_csvs
337414,Lotus,4,13 - 10,G2 Esports,54:40,LEVIATÁN,Champions Tour 2024 Americas Stage 1_csvs
337414,Ascent,5,13 - 11,G2 Esports,54:43,Decider,Champions Tour 2024 Americas Stage 1_csvs
337412,Bind,1,13 - 9,100 Thieves,1:04:29,100 Thieves,Champions Tour 2024 Americas Stage 1_csvs
337412,Breeze,2,13 - 7,100 Thieves,47:17,G2 Esports,Champions Tour 2024 Americas Stage 1_csvs
337412,Sunset,3,13 - 8,100 Thieves,42:51,100 Thieves,Champions Tour 2024 Americas Stage 1_csvs
353177,Ascent,1,9 - 13,LEVIATÁN,1:05:24,MIBR,Champions Tour 2024 Americas Stage 2_csvs
353177,Icebox,2,7 - 13,LEVIATÁN,45:04,LEVIATÁN,Champions Tour 2024 Americas Stage 2_csvs
353178,Lotus,1,13 - 8,Sentinels,59:21,NRG,Champions Tour 2024 Americas Stage 2_csvs
353178,Sunset,2,14 - 12,Sentinels,1:00:54,Sentinels,Champions Tour 2024 Americas Stage 2_csvs
353179,Icebox,1,14 - 12,FURIA,1:12:51,FURIA,Champions Tour 2024 Americas Stage 2_csvs
353179,Haven,2,16 - 14,FURIA,1:00:50,100 Thieves,Champions Tour 2024 Americas Stage 2_csvs
353180,Lotus,1,13 - 7,LOUD,52:39,LOUD,Champions Tour 2024 Americas Stage 2_csvs
353180,Sunset,2,6 - 13,Evil Geniuses,40:31,Evil Geniuses,Champions Tour 2024 Americas Stage 2_csvs
353180,Icebox,3,11 - 13,Evil Geniuses,55:13,Decider,Champions Tour 2024 Americas Stage 2_csvs
353181,Ascent,1,13 - 11,G2 Esports,1:05:05,G2 Esports,Champions Tour 2024 Americas Stage 2_csvs
353181,Icebox,2,5 - 13,Cloud9,40:43,Cloud9,Champions Tour 2024 Americas Stage 2_csvs
353181,Lotus,3,13 - 8,G2 Esports,48:18,Decider,Champions Tour 2024 Americas Stage 2_csvs
353182,Bind,1,13 - 5,Evil Geniuses,58:58,FURIA,Champions Tour 2024 Americas Stage 2_csvs
353182,Lotus,2,13 - 4,Evil Geniuses,35:13,Evil Geniuses,Champions Tour 2024 Americas Stage 2_csvs
353183,Lotus,1,13 - 11,Sentinels,1:06:41,KRÜ Esports,Champions Tour 2024 Americas Stage 2_csvs
353183,Split,2,13 - 10,Sentinels,55:13,Sentinels,Champions Tour 2024 Americas Stage 2_csvs
353184,Ascent,1,13 - 7,LOUD,59:21,MIBR,Champions Tour 2024 Americas Stage 2_csvs
353184,Lotus,2,11 - 13,MIBR,52:28,LOUD,Champions Tour 2024 Americas Stage 2_csvs
353184,Sunset,3,13 - 9,LOUD,52:18,Decider,Champions Tour 2024 Americas Stage 2_csvs
353185,Bind,1,13 - 10,LEVIATÁN,59:38,100 Thieves,Champions Tour 2024 Americas Stage 2_csvs
353185,Haven,2,13 - 4,LEVIATÁN,36:19,LEVIATÁN,Champions Tour 2024 Americas Stage 2_csvs
353186,Haven,1,7 - 13,G2 Esports,1:02:34,NRG,Champions Tour 2024 Americas Stage 2_csvs
353186,Bind,2,8 - 13,G2 Esports,50:39,G2 Esports,Champions Tour 2024 Americas Stage 2_csvs
353187,Haven,1,13 - 5,Sentinels,48:41,Cloud9,Champions Tour 2024 Americas Stage 2_csvs
353187,Split,2,13 - 8,Sentinels,49:09,Sentinels,Champions Tour 2024 Americas Stage 2_csvs
353188,Icebox,1,5 - 13,LEVIATÁN,53:43,LEVIATÁN,Champions Tour 2024 Americas Stage 2_csvs
353188,Sunset,2,10 - 13,LEVIATÁN,52:28,Evil Geniuses,Champions Tour 2024 Americas Stage 2_csvs
353189,Haven,1,13 - 11,LOUD,1:00:10,LOUD,Champions Tour 2024 Americas Stage 2_csvs
353189,Icebox,2,10 - 13,FURIA,53:14,FURIA,Champions Tour 2024 Americas Stage 2_csvs
353189,Bind,3,9 - 13,FURIA,48:17,Decider,Champions Tour 2024 Americas Stage 2_csvs
353190,Icebox,1,5 - 13,100 Thieves,48:49,100 Thieves,Champions Tour 2024 Americas Stage 2_csvs
353190,Split,2,6 - 13,100 Thieves,42:19,MIBR,Champions Tour 2024 Americas Stage 2_csvs
353191,Split,1,8 - 13,KRÜ Esports,1:02:24,KRÜ Esports,Champions Tour 2024 Americas Stage 2_csvs
353191,Ascent,2,13 - 8,NRG,44:41,NRG,Champions Tour 2024 Americas Stage 2_csvs
353191,Sunset,3,13 - 7,NRG,46:52,Decider,Champions Tour 2024 Americas Stage 2_csvs
353192,Lotus,1,4 - 13,KRÜ Esports,54:52,KRÜ Esports,Champions Tour 2024 Americas Stage 2_csvs
353192,Ascent,2,16 - 14,G2 Esports,1:11:55,G2 Esports,Champions Tour 2024 Americas Stage 2_csvs
353192,Split,3,13 - 5,G2 Esports,45:04,Decider,Champions Tour 2024 Americas Stage 2_csvs
353193,Lotus,1,11 - 13,LEVIATÁN,59:52,LOUD,Champions Tour 2024 Americas Stage 2_csvs
353193,Icebox,2,6 - 13,LEVIATÁN,44:17,LEVIATÁN,Champions Tour 2024 Americas Stage 2_csvs
353194,Sunset,1,10 - 13,FURIA,1:02:30,MIBR,Champions Tour 2024 Americas Stage 2_csvs
353194,Icebox,2,7 - 13,FURIA,43:02,FURIA,Champions Tour 2024 Americas Stage 2_csvs
353195,Ascent,1,13 - 3,NRG,43:47,NRG,Champions Tour 2024 Americas Stage 2_csvs
353195,Icebox,2,10 - 13,Cloud9,49:20,Cloud9,Champions Tour 2024 Americas Stage 2_csvs
353195,Sunset,3,12 - 14,Cloud9,59:18,Decider,Champions Tour 2024 Americas Stage 2_csvs
353196,Lotus,1,10 - 13,100 Thieves,1:06:50,Evil Geniuses,Champions Tour 2024 Americas Stage 2_csvs
353196,Bind,2,13 - 10,Evil Geniuses,55:39,100 Thieves,Champions Tour 2024 Americas Stage 2_csvs
353196,Ascent,3,7 - 13,100 Thieves,46:01,Decider,Champions Tour 2024 Americas Stage 2_csvs
353197,Icebox,1,7 - 13,KRÜ Esports,56:41,Cloud9,Champions Tour 2024 Americas Stage 2_csvs
353197,Split,2,10 - 13,KRÜ Esports,56:12,KRÜ Esports,Champions Tour 2024 Americas Stage 2_csvs
353198,Bind,1,9 - 13,MIBR,1:06:32,Evil Geniuses,Champions Tour 2024 Americas Stage 2_csvs
353198,Lotus,2,2 - 13,MIBR,35:45,MIBR,Champions Tour 2024 Americas Stage 2_csvs
353199,Sunset,1,13 - 6,LEVIATÁN,49:59,LEVIATÁN,Champions Tour 2024 Americas Stage 2_csvs
353199,Icebox,2,13 - 6,LEVIATÁN,46:19,FURIA,Champions Tour 2024 Americas Stage 2_csvs
353200,Ascent,1,1 - 13,100 Thieves,41:31,LOUD,Champions Tour 2024 Americas Stage 2_csvs
353200,Bind,2,13 - 8,LOUD,43:12,100 Thieves,Champions Tour 2024 Americas Stage 2_csvs
353200,Lotus,3,13 - 10,LOUD,52:22,Decider,Champions Tour 2024 Americas Stage 2_csvs
353201,Bind,1,6 - 13,G2 Esports,1:31:34,G2 Esports,Champions Tour 2024 Americas Stage 2_csvs
353201,Lotus,2,9 - 13,G2 Esports,57:39,Sentinels,Champions Tour 2024 Americas Stage 2_csvs
371266,Abyss,1,13 - 11,KRÜ Esports,1:08:52,Cloud9,Champions Tour 2024 Americas Stage 2_csvs
371266,Lotus,2,11 - 13,Cloud9,54:08,KRÜ Esports,Champions Tour 2024 Americas Stage 2_csvs
371266,Haven,3,13 - 6,KRÜ Esports,42:28,Decider,Champions Tour 2024 Americas Stage 2_csvs
371267,Haven,1,7 - 13,100 Thieves,53:06,Sentinels,Champions Tour 2024 Americas Stage 2_csvs
371267,Ascent,2,10 - 13,100 Thieves,58:07,100 Thieves,Champions Tour 2024 Americas Stage 2_csvs
371268,Icebox,1,13 - 2,LEVIATÁN,45:43,LEVIATÁN,Champions Tour 2024 Americas Stage 2_csvs
371268,Sunset,2,13 - 4,LEVIATÁN,36:24,KRÜ Esports,Champions Tour 2024 Americas Stage 2_csvs
371269,Lotus,1,13 - 5,G2 Esports,54:34,G2 Esports,Champions Tour 2024 Americas Stage 2_csvs
371269,Abyss,2,13 - 10,G2 Esports,56:19,100 Thieves,Champions Tour 2024 Americas Stage 2_csvs
371270,Icebox,1,8 - 13,G2 Esports,47:26,LEVIATÁN,Champions Tour 2024 Americas Stage 2_csvs
371270,Bind,2,6 - 13,G2 Esports,42:44,G2 Esports,Champions Tour 2024 Americas Stage 2_csvs
371272,Icebox,1,9 - 13,100 Thieves,1:02:09,100 Thieves,Champions Tour 2024 Americas Stage 2_csvs
371272,Lotus,2,13 - 11,KRÜ Esports,59:56,KRÜ Esports,Champions Tour 2024 Americas Stage 2_csvs
371272,Ascent,3,13 - 11,KRÜ Esports,1:02:45,Decider,Champions Tour 2024 Americas Stage 2_csvs
371273,Icebox,1,13 - 3,LEVIATÁN,50:11,LEVIATÁN,Champions Tour 2024 Americas Stage 2_csvs
371273,Haven,2,11 - 13,KRÜ Esports,50:43,KRÜ Esports,Champions Tour 2024 Americas Stage 2_csvs
371273,Sunset,3,7 - 13,KRÜ Esports,46:10,LEVIATÁN,Champions Tour 2024 Americas Stage 2_csvs
371273,Abyss,4,13 - 10,LEVIATÁN,55:47,KRÜ Esports,Champions Tour 2024 Americas Stage 2_csvs
371273,Ascent,5,13 - 10,LEVIATÁN,57:46,Decider,Champions Tour 2024 Americas Stage 2_csvs
371271,Lotus,1,13 - 15,LEVIATÁN,1:16:53,G2 Esports,Champions Tour 2024 Americas Stage 2_csvs
371271,Haven,2,14 - 16,LEVIATÁN,1:07:32,LEVIATÁN,Champions Tour 2024 Americas Stage 2_csvs
371271,Bind,3,13 - 9,G2 Esports,51:37,G2 Esports,Champions Tour 2024 Americas Stage 2_csvs
371271,Ascent,4,4 - 13,LEVIATÁN,40:13,LEVIATÁN,Champions Tour 2024 Americas Stage 2_csvs
298687,Ascent,1,13 - 4,Trace Esports,-,TYLOO,Champions Tour 2024 China Kickoff_csvs
298687,Sunset,2,13 - 3,Trace Esports,-,Trace Esports,Champions Tour 2024 China Kickoff_csvs
298688,Lotus,1,13 - 5,FunPlus Phoenix,-,FunPlus Phoenix,Champions Tour 2024 China Kickoff_csvs
298688,Sunset,2,13 - 10,FunPlus Phoenix,-,Nova Esports,Champions Tour 2024 China Kickoff_csvs
298692,Lotus,1,8 - 13,Titan Esports Club,-,JDG Esports,Champions Tour 2024 China Kickoff_csvs
298692,Bind,2,14 - 16,Titan Esports Club,-,Titan Esports Club,Champions Tour 2024 China Kickoff_csvs
298693,Sunset,1,13 - 11,Dragon Ranger Gaming,-,All Gamers,Champions Tour 2024 China Kickoff_csvs
298693,Ascent,2,13 - 4,Dragon Ranger Gaming,-,Dragon Ranger Gaming,Champions Tour 2024 China Kickoff_csvs
298697,Ascent,1,9 - 13,Wolves Esports,-,Bilibili Gaming,Champions Tour 2024 China Kickoff_csvs
298697,Icebox,2,7 - 13,Wolves Esports,-,Wolves Esports,Champions Tour 2024 China Kickoff_csvs
298690,Ascent,1,11 - 13,Nova Esports,-,TYLOO,Champions Tour 2024 China Kickoff_csvs
298690,Split,2,11 - 13,Nova Esports,-,Nova Esports,Champions Tour 2024 China Kickoff_csvs
298695,Icebox,1,13 - 11,JDG Esports,-,All Gamers,Champions Tour 2024 China Kickoff_csvs
298695,Sunset,2,13 - 8,JDG Esports,-,JDG Esports,Champions Tour 2024 China Kickoff_csvs
298689,Sunset,1,11 - 13,FunPlus Phoenix,-,FunPlus Phoenix,Champions Tour 2024 China Kickoff_csvs
298689,Bind,2,13 - 11,Trace Esports,-,Trace Esports,Champions Tour 2024 China Kickoff_csvs
298689,Lotus,3,10 - 13,FunPlus Phoenix,-,Decider,Champions Tour 2024 China Kickoff_csvs
298694,Icebox,1,11 - 13,Dragon Ranger Gaming,-,Dragon Ranger Gaming,Champions Tour 2024 China Kickoff_csvs
298694,Split,2,13 - 8,Titan Esports Club,-,Titan Esports Club,Champions Tour 2024 China Kickoff_csvs
298694,Bind,3,10 - 13,Dragon Ranger Gaming,-,Decider,Champions Tour 2024 China Kickoff_csvs
298698,Bind,1,10 - 13,EDward Gaming,-,EDward Gaming,Champions Tour 2024 China Kickoff_csvs
298698,Ascent,2,13 - 10,Wolves Esports,-,Wolves Esports,Champions Tour 2024 China Kickoff_csvs
298698,Breeze,3,11 - 13,EDward Gaming,-,Decider,Champions Tour 2024 China Kickoff_csvs
298691,Split,1,13 - 5,Trace Esports,-,Nova Esports,Champions Tour 2024 China Kickoff_csvs
298691,Lotus,2,13 - 4,Trace Esports,-,Trace Esports,Champions Tour 2024 China Kickoff_csvs
298696,Bind,1,5 - 13,JDG Esports,-,JDG Esports,Champions Tour 2024 China Kickoff_csvs
298696,Icebox,2,14 - 12,Titan Esports Club,-,Titan Esports Club,Champions Tour 2024 China Kickoff_csvs
298696,Lotus,3,13 - 10,Titan Esports Club,-,Decider,Champions Tour 2024 China Kickoff_csvs
298699,Sunset,1,9 - 13,Bilibili Gaming,-,Bilibili Gaming,Champions Tour 2024 China Kickoff_csvs
298699,Icebox,2,10 - 13,Bilibili Gaming,-,Wolves Esports,Champions Tour 2024 China Kickoff_csvs
298830,Breeze,1,16 - 18,Titan Esports Club,-,Titan Esports Club,Champions Tour 2024 China Kickoff_csvs
298830,Lotus,2,13 - 6,Trace Esports,-,Trace Esports,Champions Tour 2024 China Kickoff_csvs
298830,Split,3,13 - 8,Trace Esports,-,Decider,Champions Tour 2024 China Kickoff_csvs
298831,Lotus,1,13 - 3,Bilibili Gaming,-,Titan Esports Club,Champions Tour 2024 China Kickoff_csvs
298831,Ascent,2,13 - 8,Bilibili Gaming,-,Bilibili Gaming,Champions Tour 2024 China Kickoff_csvs
298832,Lotus,1,13 - 11,Bilibili Gaming,-,Trace Esports,Champions Tour 2024 China Kickoff_csvs
298832,Sunset,2,13 - 15,Trace Esports,-,Bilibili Gaming,Champions Tour 2024 China Kickoff_csvs
298832,Bind,3,12 - 14,Trace Esports,-,Decider,Champions Tour 2024 China Kickoff_csvs
298833,Ascent,1,13 - 10,FunPlus Phoenix,-,Dragon Ranger Gaming,Champions Tour 2024 China Kickoff_csvs
298833,Breeze,2,13 - 6,FunPlus Phoenix,-,FunPlus Phoenix,Champions Tour 2024 China Kickoff_csvs
298834,Sunset,1,14 - 12,EDward Gaming,-,Trace Esports,Champions Tour 2024 China Kickoff_csvs
298834,Bind,2,13 - 6,EDward Gaming,-,EDward Gaming,Champions Tour 2024 China Kickoff_csvs
298835,Breeze,1,12 - 14,EDward Gaming,-,FunPlus Phoenix,Champions Tour 2024 China Kickoff_csvs
298835,Split,2,6 - 13,EDward Gaming,-,EDward Gaming,Champions Tour 2024 China Kickoff_csvs
298835,Icebox,3,13 - 8,FunPlus Phoenix,-,FunPlus Phoenix,Champions Tour 2024 China Kickoff_csvs
298835,Ascent,4,14 - 16,EDward Gaming,-,EDward Gaming,Champions Tour 2024 China Kickoff_csvs
319765,Bind,1,3 - 13,TYLOO,-,TYLOO,Champions Tour 2024 China Stage 1_csvs
319765,Icebox,2,13 - 6,Bilibili Gaming,-,Bilibili Gaming,Champions Tour 2024 China Stage 1_csvs
319765,Lotus,3,13 - 6,Bilibili Gaming,-,Decider,Champions Tour 2024 China Stage 1_csvs
319766,Split,1,13 - 5,Wolves Esports,-,Titan Esports Club,Champions Tour 2024 China Stage 1_csvs
319766,Bind,2,12 - 14,Titan Esports Club,-,Wolves Esports,Champions Tour 2024 China Stage 1_csvs
319766,Lotus,3,10 - 13,Titan Esports Club,-,Decider,Champions Tour 2024 China Stage 1_csvs
319767,Icebox,1,13 - 11,Dragon Ranger Gaming,-,All Gamers,Champions Tour 2024 China Stage 1_csvs
319767,Sunset,2,11 - 13,All Gamers,-,Dragon Ranger Gaming,Champions Tour 2024 China Stage 1_csvs
319767,Breeze,3,8 - 13,All Gamers,-,Decider,Champions Tour 2024 China Stage 1_csvs
319768,Ascent,1,13 - 5,EDward Gaming,-,JDG Esports,Champions Tour 2024 China Stage 1_csvs
319768,Bind,2,9 - 13,JDG Esports,-,EDward Gaming,Champions Tour 2024 China Stage 1_csvs
319768,Split,3,13 - 11,EDward Gaming,-,Decider,Champions Tour 2024 China Stage 1_csvs
319769,Lotus,1,5 - 13,Trace Esports,-,Trace Esports,Champions Tour 2024 China Stage 1_csvs
319769,Ascent,2,9 - 13,Trace Esports,-,Nova Esports,Champions Tour 2024 China Stage 1_csvs
319770,Ascent,1,13 - 8,FunPlus Phoenix,-,Wolves Esports,Champions Tour 2024 China Stage 1_csvs
319770,Lotus,2,13 - 7,FunPlus Phoenix,-,FunPlus Phoenix,Champions Tour 2024 China Stage 1_csvs
319771,Sunset,1,13 - 8,JDG Esports,-,Nova Esports,Champions Tour 2024 China Stage 1_csvs
319771,Bind,2,9 - 13,Nova Esports,-,JDG Esports,Champions Tour 2024 China Stage 1_csvs
319771,Ascent,3,4 - 13,Nova Esports,-,Decider,Champions Tour 2024 China Stage 1_csvs
319772,Breeze,1,13 - 11,FunPlus Phoenix,-,FunPlus Phoenix,Champions Tour 2024 China Stage 1_csvs
319772,Icebox,2,9 - 13,Dragon Ranger Gaming,-,Dragon Ranger Gaming,Champions Tour 2024 China Stage 1_csvs
319772,Sunset,3,13 - 3,FunPlus Phoenix,-,Decider,Champions Tour 2024 China Stage 1_csvs
319773,Breeze,1,9 - 13,Wolves Esports,-,All Gamers,Champions Tour 2024 China Stage 1_csvs
319773,Icebox,2,12 - 14,Wolves Esports,-,Wolves Esports,Champions Tour 2024 China Stage 1_csvs
319774,Split,1,11 - 13,Bilibili Gaming,-,Trace Esports,Champions Tour 2024 China Stage 1_csvs
319774,Breeze,2,13 - 7,Trace Esports,-,Bilibili Gaming,Champions Tour 2024 China Stage 1_csvs
319774,Bind,3,13 - 7,Trace Esports,-,Decider,Champions Tour 2024 China Stage 1_csvs
319775,Breeze,1,4 - 13,Titan Esports Club,-,Titan Esports Club,Champions Tour 2024 China Stage 1_csvs
319775,Split,2,13 - 7,Dragon Ranger Gaming,-,Dragon Ranger Gaming,Champions Tour 2024 China Stage 1_csvs
319775,Icebox,3,13 - 5,Dragon Ranger Gaming,-,Decider,Champions Tour 2024 China Stage 1_csvs
319776,Sunset,1,5 - 13,EDward Gaming,-,EDward Gaming,Champions Tour 2024 China Stage 1_csvs
319776,Bind,2,10 - 13,EDward Gaming,-,TYLOO,Champions Tour 2024 China Stage 1_csvs
319777,Ascent,1,9 - 13,Trace Esports,-,Wolves Esports,Champions Tour 2024 China Stage 1_csvs
319777,Lotus,2,9 - 13,Trace Esports,-,Trace Esports,Champions Tour 2024 China Stage 1_csvs
319778,Ascent,1,6 - 13,FunPlus Phoenix,-,Nova Esports,Champions Tour 2024 China Stage 1_csvs
319778,Lotus,2,4 - 13,FunPlus Phoenix,-,FunPlus Phoenix,Champions Tour 2024 China Stage 1_csvs
319779,Lotus,1,11 - 13,All Gamers,-,Bilibili Gaming,Champions Tour 2024 China Stage 1_csvs
319779,Bind,2,7 - 13,All Gamers,-,All Gamers,Champions Tour 2024 China Stage 1_csvs
319780,Breeze,1,13 - 7,Dragon Ranger Gaming,-,JDG Esports,Champions Tour 2024 China Stage 1_csvs
319780,Icebox,2,5 - 13,JDG Esports,-,Dragon Ranger Gaming,Champions Tour 2024 China Stage 1_csvs
319780,Bind,3,14 - 12,Dragon Ranger Gaming,-,Decider,Champions Tour 2024 China Stage 1_csvs
319781,Icebox,1,10 - 13,Nova Esports,-,TYLOO,Champions Tour 2024 China Stage 1_csvs
319781,Ascent,2,14 - 12,TYLOO,-,Nova Esports,Champions Tour 2024 China Stage 1_csvs
319781,Split,3,13 - 9,TYLOO,-,Decider,Champions Tour 2024 China Stage 1_csvs
319782,Ascent,1,13 - 5,EDward Gaming,-,EDward Gaming,Champions Tour 2024 China Stage 1_csvs
319782,Sunset,2,13 - 5,EDward Gaming,-,Titan Esports Club,Champions Tour 2024 China Stage 1_csvs
319783,Sunset,1,13 - 11,Titan Esports Club,-,Bilibili Gaming,Champions Tour 2024 China Stage 1_csvs
319783,Bind,2,8 - 13,Bilibili Gaming,-,Titan Esports Club,Champions Tour 2024 China Stage 1_csvs
319783,Icebox,3,13 - 6,Titan Esports Club,-,Decider,Champions Tour 2024 China Stage 1_csvs
319784,Breeze,1,7 - 13,Dragon Ranger Gaming,-,Dragon Ranger Gaming,Champions Tour 2024 China Stage 1_csvs
319784,Sunset,2,10 - 13,Dragon Ranger Gaming,-,Trace Esports,Champions Tour 2024 China Stage 1_csvs
319785,Sunset,1,11 - 13,Wolves Esports,-,Wolves Esports,Champions Tour 2024 China Stage 1_csvs
319785,Split,2,13 - 7,TYLOO,-,TYLOO,Champions Tour 2024 China Stage 1_csvs
319785,Ascent,3,10 - 13,Wolves Esports,-,Decider,Champions Tour 2024 China Stage 1_csvs
319786,Breeze,1,4 - 13,EDward Gaming,-,FunPlus Phoenix,Champions Tour 2024 China Stage 1_csvs
319786,Bind,2,13 - 11,FunPlus Phoenix,-,EDward Gaming,Champions Tour 2024 China Stage 1_csvs
319786,Ascent,3,13 - 4,FunPlus Phoenix,-,Decider,Champions Tour 2024 China Stage 1_csvs
319787,Lotus,1,16 - 14,All Gamers,-,All Gamers,Champions Tour 2024 China Stage 1_csvs
319787,Bind,2,10 - 13,Nova Esports,-,Nova Esports,Champions Tour 2024 China Stage 1_csvs
319787,Split,3,13 - 7,All Gamers,-,Decider,Champions Tour 2024 China Stage 1_csvs
319788,Icebox,1,13 - 8,Bilibili Gaming,-,JDG Esports,Champions Tour 2024 China Stage 1_csvs
319788,Lotus,2,13 - 10,Bilibili Gaming,-,Bilibili Gaming,Champions Tour 2024 China Stage 1_csvs
319789,Sunset,1,13 - 6,EDward Gaming,-,All Gamers,Champions Tour 2024 China Stage 1_csvs
319789,Icebox,2,13 - 5,EDward Gaming,-,EDward Gaming,Champions Tour 2024 China Stage 1_csvs
319790,Lotus,1,8 - 13,JDG Esports,-,JDG Esports,Champions Tour 2024 China Stage 1_csvs
319790,Ascent,2,1 - 13,JDG Esports,-,Wolves Esports,Champions Tour 2024 China Stage 1_csvs
319791,Bind,1,10 - 13,TYLOO,-,TYLOO,Champions Tour 2024 China Stage 1_csvs
319791,Breeze,2,8 - 13,TYLOO,-,Dragon Ranger Gaming,Champions Tour 2024 China Stage 1_csvs
319792,Icebox,1,2 - 13,FunPlus Phoenix,-,Bilibili Gaming,Champions Tour 2024 China Stage 1_csvs
319792,Lotus,2,6 - 13,FunPlus Phoenix,-,FunPlus Phoenix,Champions Tour 2024 China Stage 1_csvs
319793,Split,1,13 - 6,Nova Esports,-,Nova Esports,Champions Tour 2024 China Stage 1_csvs
319793,Lotus,2,13 - 6,Nova Esports,-,Titan Esports Club,Champions Tour 2024 China Stage 1_csvs
319794,Sunset,1,13 - 15,EDward Gaming,-,Trace Esports,Champions Tour 2024 China Stage 1_csvs
319794,Breeze,2,12 - 14,EDward Gaming,-,EDward Gaming,Champions Tour 2024 China Stage 1_csvs
342356,Sunset,1,13 - 9,Trace Esports,-,Trace Esports,Champions Tour 2024 China Stage 1_csvs
342356,Breeze,2,13 - 7,Trace Esports,-,All Gamers,Champions Tour 2024 China Stage 1_csvs
342357,Bind,1,13 - 8,Dragon Ranger Gaming,-,Nova Esports,Champions Tour 2024 China Stage 1_csvs
342357,Ascent,2,13 - 7,Dragon Ranger Gaming,-,Dragon Ranger Gaming,Champions Tour 2024 China Stage 1_csvs
342358,Bind,1,13 - 10,FunPlus Phoenix,-,Trace Esports,Champions Tour 2024 China Stage 1_csvs
342358,Lotus,2,13 - 8,FunPlus Phoenix,-,FunPlus Phoenix,Champions Tour 2024 China Stage 1_csvs
342359,Ascent,1,13 - 3,EDward Gaming,-,Dragon Ranger Gaming,Champions Tour 2024 China Stage 1_csvs
342359,Split,2,13 - 9,EDward Gaming,-,EDward Gaming,Champions Tour 2024 China Stage 1_csvs
342360,Icebox,1,13 - 10,FunPlus Phoenix,-,FunPlus Phoenix,Champions Tour 2024 China Stage 1_csvs
342360,Breeze,2,14 - 12,FunPlus Phoenix,-,EDward Gaming,Champions Tour 2024 China Stage 1_csvs
342361,Sunset,1,13 - 6,Trace Esports,-,Trace Esports,Champions Tour 2024 China Stage 1_csvs
342361,Split,2,8 - 13,Dragon Ranger Gaming,-,Dragon Ranger Gaming,Champions Tour 2024 China Stage 1_csvs
342361,Bind,3,7 - 13,Dragon Ranger Gaming,-,Decider,Champions Tour 2024 China Stage 1_csvs
342362,Breeze,1,13 - 10,EDward Gaming,-,EDward Gaming,Champions Tour 2024 China Stage 1_csvs
342362,Split,2,13 - 3,EDward Gaming,-,Dragon Ranger Gaming,Champions Tour 2024 China Stage 1_csvs
342362,Ascent,3,2 - 13,Dragon Ranger Gaming,-,EDward Gaming,Champions Tour 2024 China Stage 1_csvs
342362,Bind,4,13 - 6,EDward Gaming,-,Dragon Ranger Gaming,Champions Tour 2024 China Stage 1_csvs
342363,Lotus,1,13 - 6,FunPlus Phoenix,-,FunPlus Phoenix,Champions Tour 2024 China Stage 1_csvs
342363,Bind,2,9 - 13,EDward Gaming,-,EDward Gaming,Champions Tour 2024 China Stage 1_csvs
342363,Icebox,3,12 - 14,EDward Gaming,-,FunPlus Phoenix,Champions Tour 2024 China Stage 1_csvs
342363,Breeze,4,8 - 13,EDward Gaming,-,EDward Gaming,Champions Tour 2024 China Stage 1_csvs
359603,Icebox,1,12 - 14,JDG Esports,-,JDG Esports,Champions Tour 2024 China Stage 2_csvs
359603,Lotus,2,11 - 13,JDG Esports,-,Titan Esports Club,Champions Tour 2024 China Stage 2_csvs
359604,Sunset,1,13 - 10,All Gamers,-,All Gamers,Champions Tour 2024 China Stage 2_csvs
359604,Icebox,2,13 - 4,All Gamers,-,TYLOO,Champions Tour 2024 China Stage 2_csvs
359605,Sunset,1,13 - 5,Bilibili Gaming,-,Wolves Esports,Champions Tour 2024 China Stage 2_csvs
359605,Bind,2,13 - 7,Bilibili Gaming,-,Bilibili Gaming,Champions Tour 2024 China Stage 2_csvs
359606,Ascent,1,13 - 7,Dragon Ranger Gaming,-,Dragon Ranger Gaming,Champions Tour 2024 China Stage 2_csvs
359606,Lotus,2,12 - 14,Nova Esports,-,Nova Esports,Champions Tour 2024 China Stage 2_csvs
359606,Sunset,3,5 - 13,Nova Esports,-,Decider,Champions Tour 2024 China Stage 2_csvs
359607,Haven,1,13 - 5,FunPlus Phoenix,-,Trace Esports,Champions Tour 2024 China Stage 2_csvs
359607,Lotus,2,13 - 15,Trace Esports,-,FunPlus Phoenix,Champions Tour 2024 China Stage 2_csvs
359607,Sunset,3,6 - 13,Trace Esports,-,Decider,Champions Tour 2024 China Stage 2_csvs
359608,Sunset,1,10 - 13,All Gamers,-,All Gamers,Champions Tour 2024 China Stage 2_csvs
359608,Icebox,2,6 - 13,All Gamers,-,Titan Esports Club,Champions Tour 2024 China Stage 2_csvs
359609,Split,1,13 - 7,EDward Gaming,-,Wolves Esports,Champions Tour 2024 China Stage 2_csvs
359609,Bind,2,12 - 14,Wolves Esports,-,EDward Gaming,Champions Tour 2024 China Stage 2_csvs
359609,Icebox,3,7 - 13,Wolves Esports,-,Decider,Champions Tour 2024 China Stage 2_csvs
359610,Split,1,11 - 13,Trace Esports,-,TYLOO,Champions Tour 2024 China Stage 2_csvs
359610,Sunset,2,13 - 7,TYLOO,-,Trace Esports,Champions Tour 2024 China Stage 2_csvs
359610,Haven,3,4 - 13,Trace Esports,-,Decider,Champions Tour 2024 China Stage 2_csvs
359611,Split,1,16 - 14,Nova Esports,-,Bilibili Gaming,Champions Tour 2024 China Stage 2_csvs
359611,Bind,2,9 - 13,Bilibili Gaming,-,Nova Esports,Champions Tour 2024 China Stage 2_csvs
359611,Ascent,3,6 - 13,Bilibili Gaming,-,Decider,Champions Tour 2024 China Stage 2_csvs
359612,Sunset,1,8 - 13,FunPlus Phoenix,-,JDG Esports,Champions Tour 2024 China Stage 2_csvs
359612,Haven,2,12 - 14,FunPlus Phoenix,-,FunPlus Phoenix,Champions Tour 2024 China Stage 2_csvs
359613,Lotus,1,11 - 13,Dragon Ranger Gaming,-,EDward Gaming,Champions Tour 2024 China Stage 2_csvs
359613,Haven,2,5 - 13,Dragon Ranger Gaming,-,Dragon Ranger Gaming,Champions Tour 2024 China Stage 2_csvs
359614,Icebox,1,14 - 12,Nova Esports,-,Wolves Esports,Champions Tour 2024 China Stage 2_csvs
359614,Sunset,2,15 - 13,Nova Esports,-,Nova Esports,Champions Tour 2024 China Stage 2_csvs
359615,Bind,1,13 - 2,JDG Esports,-,JDG Esports,Champions Tour 2024 China Stage 2_csvs
359615,Sunset,2,8 - 13,Trace Esports,-,Trace Esports,Champions Tour 2024 China Stage 2_csvs
359615,Haven,3,13 - 6,JDG Esports,-,Decider,Champions Tour 2024 China Stage 2_csvs
359616,Bind,1,11 - 13,TYLOO,-,Titan Esports Club,Champions Tour 2024 China Stage 2_csvs
359616,Ascent,2,13 - 9,Titan Esports Club,-,TYLOO,Champions Tour 2024 China Stage 2_csvs
359616,Icebox,3,9 - 13,TYLOO,-,Decider,Champions Tour 2024 China Stage 2_csvs
359617,Sunset,1,11 - 13,FunPlus Phoenix,-,All Gamers,Champions Tour 2024 China Stage 2_csvs
359617,Haven,2,13 - 8,All Gamers,-,FunPlus Phoenix,Champions Tour 2024 China Stage 2_csvs
359617,Ascent,3,7 - 13,FunPlus Phoenix,-,Decider,Champions Tour 2024 China Stage 2_csvs
359618,Lotus,1,13 - 11,Bilibili Gaming,-,Bilibili Gaming,Champions Tour 2024 China Stage 2_csvs
359618,Ascent,2,13 - 11,Bilibili Gaming,-,Dragon Ranger Gaming,Champions Tour 2024 China Stage 2_csvs
359619,Lotus,1,13 - 9,EDward Gaming,-,Nova Esports,Champions Tour 2024 China Stage 2_csvs
359619,Bind,2,13 - 6,EDward Gaming,-,EDward Gaming,Champions Tour 2024 China Stage 2_csvs
359621,Haven,1,6 - 13,Trace Esports,-,All Gamers,Champions Tour 2024 China Stage 2_csvs
359621,Sunset,2,4 - 13,Trace Esports,-,Trace Esports,Champions Tour 2024 China Stage 2_csvs
359622,Lotus,1,13 - 9,Titan Esports Club,-,FunPlus Phoenix,Champions Tour 2024 China Stage 2_csvs
359622,Sunset,2,13 - 6,Titan Esports Club,-,Titan Esports Club,Champions Tour 2024 China Stage 2_csvs
359623,Haven,1,1 - 13,JDG Esports,-,JDG Esports,Champions Tour 2024 China Stage 2_csvs
359623,Icebox,2,9 - 13,JDG Esports,-,TYLOO,Champions Tour 2024 China Stage 2_csvs
359624,Icebox,1,7 - 13,Wolves Esports,-,Wolves Esports,Champions Tour 2024 China Stage 2_csvs
359624,Ascent,2,6 - 13,Wolves Esports,-,Dragon Ranger Gaming,Champions Tour 2024 China Stage 2_csvs
359625,Lotus,1,13 - 11,Trace Esports,-,Trace Esports,Champions Tour 2024 China Stage 2_csvs
359625,Bind,2,8 - 13,Titan Esports Club,-,Titan Esports Club,Champions Tour 2024 China Stage 2_csvs
359625,Haven,3,13 - 10,Trace Esports,-,Decider,Champions Tour 2024 China Stage 2_csvs
359626,Icebox,1,13 - 11,EDward Gaming,-,Bilibili Gaming,Champions Tour 2024 China Stage 2_csvs
359626,Haven,2,13 - 8,EDward Gaming,-,EDward Gaming,Champions Tour 2024 China Stage 2_csvs
359627,Haven,1,13 - 8,JDG Esports,-,JDG Esports,Champions Tour 2024 China Stage 2_csvs
359627,Icebox,2,13 - 3,JDG Esports,-,All Gamers,Champions Tour 2024 China Stage 2_csvs
359628,Icebox,1,5 - 13,FunPlus Phoenix,-,TYLOO,Champions Tour 2024 China Stage 2_csvs
359628,Haven,2,14 - 12,TYLOO,-,FunPlus Phoenix,Champions Tour 2024 China Stage 2_csvs
359628,Ascent,3,13 - 4,TYLOO,-,Decider,Champions Tour 2024 China Stage 2_csvs
370723,Lotus,1,13 - 7,Trace Esports,-,All Gamers,Champions Tour 2024 China Stage 2_csvs
370723,Sunset,2,13 - 10,Trace Esports,-,Trace Esports,Champions Tour 2024 China Stage 2_csvs
370722,Sunset,1,9 - 13,Bilibili Gaming,-,Bilibili Gaming,Champions Tour 2024 China Stage 2_csvs
370722,Icebox,2,7 - 13,Bilibili Gaming,-,JDG Esports,Champions Tour 2024 China Stage 2_csvs
370725,Ascent,1,3 - 13,Trace Esports,-,Trace Esports,Champions Tour 2024 China Stage 2_csvs
370725,Haven,2,11 - 13,Trace Esports,-,FunPlus Phoenix,Champions Tour 2024 China Stage 2_csvs
370724,Sunset,1,13 - 5,EDward Gaming,-,Bilibili Gaming,Champions Tour 2024 China Stage 2_csvs
370724,Bind,2,7 - 13,Bilibili Gaming,-,EDward Gaming,Champions Tour 2024 China Stage 2_csvs
370724,Lotus,3,13 - 10,EDward Gaming,-,Decider,Champions Tour 2024 China Stage 2_csvs
370726,Sunset,1,2 - 13,EDward Gaming,-,Trace Esports,Champions Tour 2024 China Stage 2_csvs
370726,Abyss,2,5 - 13,EDward Gaming,-,EDward Gaming,Champions Tour 2024 China Stage 2_csvs
370728,Ascent,1,13 - 3,FunPlus Phoenix,-,Bilibili Gaming,Champions Tour 2024 China Stage 2_csvs
370728,Icebox,2,12 - 14,Bilibili Gaming,-,FunPlus Phoenix,Champions Tour 2024 China Stage 2_csvs
370728,Lotus,3,13 - 10,FunPlus Phoenix,-,Decider,Champions Tour 2024 China Stage 2_csvs
370729,Lotus,1,13 - 11,Trace Esports,-,FunPlus Phoenix,Champions Tour 2024 China Stage 2_csvs
370729,Ascent,2,13 - 8,Trace Esports,-,Trace Esports,Champions Tour 2024 China Stage 2_csvs
370729,Abyss,3,8 - 13,FunPlus Phoenix,-,FunPlus Phoenix,Champions Tour 2024 China Stage 2_csvs
370729,Bind,4,9 - 13,FunPlus Phoenix,-,Trace Esports,Champions Tour 2024 China Stage 2_csvs
370729,Haven,5,8 - 13,FunPlus Phoenix,-,Decider,Champions Tour 2024 China Stage 2_csvs
370727,Sunset,1,13 - 9,EDward Gaming,-,EDward Gaming,Champions Tour 2024 China Stage 2_csvs
370727,Abyss,2,8 - 13,FunPlus Phoenix,-,FunPlus Phoenix,Champions Tour 2024 China Stage 2_csvs
370727,Haven,3,13 - 7,EDward Gaming,-,EDward Gaming,Champions Tour 2024 China Stage 2_csvs
370727,Icebox,4,9 - 13,FunPlus Phoenix,-,FunPlus Phoenix,Champions Tour 2024 China Stage 2_csvs
370727,Bind,5,13 - 8,EDward Gaming,-,Decider,Champions Tour 2024 China Stage 2_csvs
297401,Lotus,1,11 - 13,Team Heretics,59:29,Team Heretics,Champions Tour 2024 EMEA Kickoff_csvs
297401,Bind,2,10 - 13,Team Heretics,50:07,FUT Esports,Champions Tour 2024 EMEA Kickoff_csvs
297402,Split,1,11 - 13,Karmine Corp,1:01:38,Karmine Corp,Champions Tour 2024 EMEA Kickoff_csvs
297402,Sunset,2,13 - 10,GIANTX,48:18,GIANTX,Champions Tour 2024 EMEA Kickoff_csvs
297402,Lotus,3,4 - 13,Karmine Corp,41:04,Decider,Champions Tour 2024 EMEA Kickoff_csvs
297406,Bind,1,8 - 13,BBL Esports,49:25,Natus Vincere,Champions Tour 2024 EMEA Kickoff_csvs
297406,Ascent,2,13 - 6,Natus Vincere,40:33,BBL Esports,Champions Tour 2024 EMEA Kickoff_csvs
297406,Breeze,3,13 - 6,Natus Vincere,38:05,Decider,Champions Tour 2024 EMEA Kickoff_csvs
297407,Icebox,1,13 - 10,Team Liquid,55:23,Team Liquid,Champions Tour 2024 EMEA Kickoff_csvs
297407,Bind,2,13 - 11,Team Liquid,50:40,Movistar KOI(KOI),Champions Tour 2024 EMEA Kickoff_csvs
297412,Sunset,1,13 - 10,Team Vitality,1:02:19,Team Vitality,Champions Tour 2024 EMEA Kickoff_csvs
297412,Lotus,2,13 - 7,Team Vitality,45:09,Gentle Mates,Champions Tour 2024 EMEA Kickoff_csvs
297403,Split,1,13 - 4,Team Heretics,47:37,Karmine Corp,Champions Tour 2024 EMEA Kickoff_csvs
297403,Lotus,2,13 - 4,Team Heretics,42:55,Team Heretics,Champions Tour 2024 EMEA Kickoff_csvs
297404,Split,1,13 - 6,FUT Esports,43:40,GIANTX,Champions Tour 2024 EMEA Kickoff_csvs
297404,Icebox,2,8 - 13,GIANTX,46:54,FUT Esports,Champions Tour 2024 EMEA Kickoff_csvs
297404,Sunset,3,13 - 7,FUT Esports,42:03,Decider,Champions Tour 2024 EMEA Kickoff_csvs
297408,Split,1,13 - 7,Natus Vincere,45:54,Team Liquid,Champions Tour 2024 EMEA Kickoff_csvs
297408,Breeze,2,13 - 7,Natus Vincere,41:49,Natus Vincere,Champions Tour 2024 EMEA Kickoff_csvs
297409,Bind,1,5 - 13,Movistar KOI(KOI),48:18,BBL Esports,Champions Tour 2024 EMEA Kickoff_csvs
297409,Split,2,10 - 13,Movistar KOI(KOI),50:52,Movistar KOI(KOI),Champions Tour 2024 EMEA Kickoff_csvs
297414,Lotus,1,12 - 14,FNATIC,1:00:13,FNATIC,Champions Tour 2024 EMEA Kickoff_csvs
297414,Ascent,2,5 - 13,FNATIC,41:27,Team Vitality,Champions Tour 2024 EMEA Kickoff_csvs
297416,Breeze,1,4 - 13,Gentle Mates,59:21,Gentle Mates,Champions Tour 2024 EMEA Kickoff_csvs
297416,Lotus,2,15 - 13,Team Vitality,1:05:02,Team Vitality,Champions Tour 2024 EMEA Kickoff_csvs
297416,Sunset,3,13 - 3,Team Vitality,43:26,Decider,Champions Tour 2024 EMEA Kickoff_csvs
297405,Lotus,1,20 - 18,Karmine Corp,1:29:33,FUT Esports,Champions Tour 2024 EMEA Kickoff_csvs
297405,Bind,2,4 - 13,FUT Esports,39:33,Karmine Corp,Champions Tour 2024 EMEA Kickoff_csvs
297405,Sunset,3,13 - 7,Karmine Corp,45:00,Decider,Champions Tour 2024 EMEA Kickoff_csvs
297410,Sunset,1,11 - 13,Movistar KOI(KOI),1:01:22,Movistar KOI(KOI),Champions Tour 2024 EMEA Kickoff_csvs
297410,Icebox,2,14 - 12,Team Liquid,1:00:48,Team Liquid,Champions Tour 2024 EMEA Kickoff_csvs
297410,Split,3,10 - 13,Movistar KOI(KOI),51:34,Decider,Champions Tour 2024 EMEA Kickoff_csvs
307567,Sunset,1,13 - 8,Karmine Corp,1:08:42,Karmine Corp,Champions Tour 2024 EMEA Kickoff_csvs
307567,Ascent,2,15 - 13,Karmine Corp,1:14:01,Team Vitality,Champions Tour 2024 EMEA Kickoff_csvs
307565,Sunset,1,9 - 13,Team Vitality,56:59,KOI,Champions Tour 2024 EMEA Kickoff_csvs
307565,Breeze,2,6 - 13,Team Vitality,42:05,Team Vitality,Champions Tour 2024 EMEA Kickoff_csvs
307564,Sunset,1,13 - 4,Karmine Corp,51:03,Karmine Corp,Champions Tour 2024 EMEA Kickoff_csvs
307564,Bind,2,13 - 7,Karmine Corp,44:57,KOI,Champions Tour 2024 EMEA Kickoff_csvs
303093,Sunset,1,16 - 14,Team Heretics,1:24:32,Team Heretics,Champions Tour 2024 EMEA Kickoff_csvs
303093,Breeze,2,13 - 4,Team Heretics,38:41,Natus Vincere,Champions Tour 2024 EMEA Kickoff_csvs
303094,Lotus,1,10 - 13,Karmine Corp,1:04:42,FNATIC,Champions Tour 2024 EMEA Kickoff_csvs
303094,Split,2,8 - 13,Karmine Corp,47:04,Karmine Corp,Champions Tour 2024 EMEA Kickoff_csvs
303095,Sunset,1,13 - 9,Team Heretics,1:07:06,Karmine Corp,Champions Tour 2024 EMEA Kickoff_csvs
303095,Lotus,2,7 - 13,Karmine Corp,43:40,Team Heretics,Champions Tour 2024 EMEA Kickoff_csvs
303095,Icebox,3,7 - 13,Karmine Corp,42:55,Karmine Corp,Champions Tour 2024 EMEA Kickoff_csvs
303095,Split,4,5 - 13,Karmine Corp,38:24,Team Heretics,Champions Tour 2024 EMEA Kickoff_csvs
318911,Breeze,1,13 - 4,Karmine Corp,53:54,GIANTX,Champions Tour 2024 EMEA Stage 1_csvs
318911,Sunset,2,13 - 9,Karmine Corp,48:14,Karmine Corp,Champions Tour 2024 EMEA Stage 1_csvs
318913,Split,1,9 - 13,Team Liquid,1:06:03,Movistar KOI(KOI),Champions Tour 2024 EMEA Stage 1_csvs
318913,Ascent,2,7 - 13,Team Liquid,44:37,Team Liquid,Champions Tour 2024 EMEA Stage 1_csvs
318914,Bind,1,9 - 13,Natus Vincere,1:09:47,Natus Vincere,Champions Tour 2024 EMEA Stage 1_csvs
318914,Lotus,2,4 - 13,Natus Vincere,39:45,Team Vitality,Champions Tour 2024 EMEA Stage 1_csvs
318915,Icebox,1,4 - 13,Team Heretics,46:51,FNATIC,Champions Tour 2024 EMEA Stage 1_csvs
318915,Lotus,2,15 - 17,Team Heretics,1:17:17,Team Heretics,Champions Tour 2024 EMEA Stage 1_csvs
318916,Split,1,5 - 13,FUT Esports,56:13,FUT Esports,Champions Tour 2024 EMEA Stage 1_csvs
318916,Icebox,2,8 - 13,FUT Esports,44:02,Team Liquid,Champions Tour 2024 EMEA Stage 1_csvs
318917,Ascent,1,7 - 13,Gentle Mates,55:02,BBL Esports,Champions Tour 2024 EMEA Stage 1_csvs
318917,Sunset,2,11 - 13,Gentle Mates,53:00,Gentle Mates,Champions Tour 2024 EMEA Stage 1_csvs
318918,Bind,1,13 - 11,Karmine Corp,1:12:38,FUT Esports,Champions Tour 2024 EMEA Stage 1_csvs
318918,Lotus,2,8 - 13,FUT Esports,46:07,Karmine Corp,Champions Tour 2024 EMEA Stage 1_csvs
318918,Breeze,3,7 - 13,FUT Esports,40:35,Decider,Champions Tour 2024 EMEA Stage 1_csvs
318919,Breeze,1,13 - 9,Team Vitality,58:15,Team Vitality,Champions Tour 2024 EMEA Stage 1_csvs
318919,Sunset,2,11 - 13,Team Heretics,55:12,Team Heretics,Champions Tour 2024 EMEA Stage 1_csvs
318919,Icebox,3,13 - 9,Team Vitality,52:30,Decider,Champions Tour 2024 EMEA Stage 1_csvs
318920,Lotus,1,13 - 10,Team Liquid,1:09:44,Team Liquid,Champions Tour 2024 EMEA Stage 1_csvs
318920,Split,2,11 - 13,Natus Vincere,57:30,Natus Vincere,Champions Tour 2024 EMEA Stage 1_csvs
318920,Ascent,3,5 - 13,Natus Vincere,40:55,Decider,Champions Tour 2024 EMEA Stage 1_csvs
318921,Breeze,1,13 - 4,BBL Esports,44:37,Movistar KOI(KOI),Champions Tour 2024 EMEA Stage 1_csvs
318921,Icebox,2,13 - 3,BBL Esports,38:35,BBL Esports,Champions Tour 2024 EMEA Stage 1_csvs
318922,Bind,1,13 - 5,FNATIC,56:59,GIANTX,Champions Tour 2024 EMEA Stage 1_csvs
318922,Breeze,2,5 - 13,GIANTX,37:46,FNATIC,Champions Tour 2024 EMEA Stage 1_csvs
318922,Split,3,13 - 7,FNATIC,45:01,Decider,Champions Tour 2024 EMEA Stage 1_csvs
318923,Split,1,13 - 6,Karmine Corp,57:05,Karmine Corp,Champions Tour 2024 EMEA Stage 1_csvs
318923,Icebox,2,13 - 6,Karmine Corp,45:16,Gentle Mates,Champions Tour 2024 EMEA Stage 1_csvs
318924,Breeze,1,6 - 13,FNATIC,1:00:37,Gentle Mates,Champions Tour 2024 EMEA Stage 1_csvs
318924,Lotus,2,4 - 13,FNATIC,38:13,FNATIC,Champions Tour 2024 EMEA Stage 1_csvs
318925,Bind,1,13 - 7,Karmine Corp,50:43,Natus Vincere,Champions Tour 2024 EMEA Stage 1_csvs
318925,Sunset,2,7 - 13,Natus Vincere,42:26,Karmine Corp,Champions Tour 2024 EMEA Stage 1_csvs
318925,Split,3,6 - 13,Natus Vincere,42:25,Decider,Champions Tour 2024 EMEA Stage 1_csvs
318926,Split,1,13 - 7,BBL Esports,1:01:43,BBL Esports,Champions Tour 2024 EMEA Stage 1_csvs
318926,Sunset,2,13 - 10,BBL Esports,47:17,Team Heretics,Champions Tour 2024 EMEA Stage 1_csvs
318927,Ascent,1,7 - 13,FUT Esports,52:22,FUT Esports,Champions Tour 2024 EMEA Stage 1_csvs
318927,Icebox,2,13 - 9,Team Vitality,49:12,Team Vitality,Champions Tour 2024 EMEA Stage 1_csvs
318927,Sunset,3,13 - 9,Team Vitality,45:47,Decider,Champions Tour 2024 EMEA Stage 1_csvs
318928,Lotus,1,14 - 16,GIANTX,1:17:41,GIANTX,Champions Tour 2024 EMEA Stage 1_csvs
318928,Icebox,2,13 - 7,Team Liquid,42:13,Team Liquid,Champions Tour 2024 EMEA Stage 1_csvs
318928,Ascent,3,13 - 11,Team Liquid,53:10,Decider,Champions Tour 2024 EMEA Stage 1_csvs
318929,Bind,1,13 - 11,FNATIC,1:08:29,FNATIC,Champions Tour 2024 EMEA Stage 1_csvs
318929,Icebox,2,13 - 4,FNATIC,41:48,Movistar KOI(KOI),Champions Tour 2024 EMEA Stage 1_csvs
318930,Sunset,1,2 - 13,Team Heretics,50:30,Team Heretics,Champions Tour 2024 EMEA Stage 1_csvs
318930,Bind,2,7 - 13,Team Heretics,46:33,Team Liquid,Champions Tour 2024 EMEA Stage 1_csvs
318931,Icebox,1,5 - 13,Gentle Mates,44:26,Team Vitality,Champions Tour 2024 EMEA Stage 1_csvs
318931,Sunset,2,5 - 13,Gentle Mates,39:39,Gentle Mates,Champions Tour 2024 EMEA Stage 1_csvs
318932,Split,1,7 - 13,FUT Esports,1:01:59,FUT Esports,Champions Tour 2024 EMEA Stage 1_csvs
318932,Lotus,2,13 - 15,FUT Esports,1:11:16,FNATIC,Champions Tour 2024 EMEA Stage 1_csvs
318933,Ascent,1,8 - 13,Natus Vincere,56:13,Natus Vincere,Champions Tour 2024 EMEA Stage 1_csvs
318933,Sunset,2,13 - 8,BBL Esports,51:26,BBL Esports,Champions Tour 2024 EMEA Stage 1_csvs
318933,Split,3,13 - 9,BBL Esports,53:01,Decider,Champions Tour 2024 EMEA Stage 1_csvs
318934,Lotus,1,14 - 16,GIANTX,1:24:40,GIANTX,Champions Tour 2024 EMEA Stage 1_csvs
318934,Breeze,2,13 - 7,Team Vitality,44:41,Team Vitality,Champions Tour 2024 EMEA Stage 1_csvs
318934,Sunset,3,13 - 6,Team Vitality,40:37,Decider,Champions Tour 2024 EMEA Stage 1_csvs
318935,Sunset,1,13 - 7,Karmine Corp,53:03,Movistar KOI(KOI),Champions Tour 2024 EMEA Stage 1_csvs
318935,Icebox,2,7 - 13,Movistar KOI(KOI),45:41,Karmine Corp,Champions Tour 2024 EMEA Stage 1_csvs
318935,Bind,3,15 - 13,Karmine Corp,59:59,Decider,Champions Tour 2024 EMEA Stage 1_csvs
318936,Bind,1,6 - 13,GIANTX,58:01,GIANTX,Champions Tour 2024 EMEA Stage 1_csvs
318936,Sunset,2,11 - 13,GIANTX,45:57,BBL Esports,Champions Tour 2024 EMEA Stage 1_csvs
318937,Icebox,1,12 - 14,Team Heretics,1:10:36,Karmine Corp,Champions Tour 2024 EMEA Stage 1_csvs
318937,Lotus,2,13 - 5,Karmine Corp,36:06,Team Heretics,Champions Tour 2024 EMEA Stage 1_csvs
318937,Bind,3,9 - 13,Team Heretics,53:58,Decider,Champions Tour 2024 EMEA Stage 1_csvs
318938,Split,1,5 - 13,Movistar KOI(KOI),49:57,Movistar KOI(KOI),Champions Tour 2024 EMEA Stage 1_csvs
318938,Breeze,2,13 - 7,Team Vitality,44:39,Team Vitality,Champions Tour 2024 EMEA Stage 1_csvs
318938,Icebox,3,4 - 13,Movistar KOI(KOI),37:33,Decider,Champions Tour 2024 EMEA Stage 1_csvs
318939,Breeze,1,6 - 13,FNATIC,49:46,FNATIC,Champions Tour 2024 EMEA Stage 1_csvs
318939,Ascent,2,13 - 8,Natus Vincere,48:42,Natus Vincere,Champions Tour 2024 EMEA Stage 1_csvs
318939,Bind,3,13 - 3,Natus Vincere,40:23,Decider,Champions Tour 2024 EMEA Stage 1_csvs
318940,Lotus,1,13 - 4,Team Liquid,56:37,Team Liquid,Champions Tour 2024 EMEA Stage 1_csvs
318940,Icebox,2,13 - 2,Team Liquid,31:54,Gentle Mates,Champions Tour 2024 EMEA Stage 1_csvs
318941,Bind,1,9 - 13,FUT Esports,1:02:29,FUT Esports,Champions Tour 2024 EMEA Stage 1_csvs
318941,Icebox,2,6 - 13,FUT Esports,39:42,BBL Esports,Champions Tour 2024 EMEA Stage 1_csvs
341816,Ascent,1,13 - 11,FNATIC,1:06:41,Team Liquid,Champions Tour 2024 EMEA Stage 1_csvs
341816,Icebox,2,12 - 14,Team Liquid,1:02:03,FNATIC,Champions Tour 2024 EMEA Stage 1_csvs
341816,Lotus,3,13 - 5,FNATIC,38:37,Decider,Champions Tour 2024 EMEA Stage 1_csvs
341817,Lotus,1,11 - 13,Team Heretics,1:00:07,Team Heretics,Champions Tour 2024 EMEA Stage 1_csvs
341817,Split,2,9 - 13,Team Heretics,54:02,Natus Vincere,Champions Tour 2024 EMEA Stage 1_csvs
341818,Breeze,1,11 - 13,FNATIC,1:16:00,FNATIC,Champions Tour 2024 EMEA Stage 1_csvs
341818,Bind,2,9 - 13,FNATIC,58:27,Karmine Corp,Champions Tour 2024 EMEA Stage 1_csvs
341819,Lotus,1,10 - 13,Team Heretics,1:05:40,Team Heretics,Champions Tour 2024 EMEA Stage 1_csvs
341819,Split,2,13 - 15,Team Heretics,1:06:59,FUT Esports,Champions Tour 2024 EMEA Stage 1_csvs
341820,Lotus,1,13 - 15,Team Heretics,1:32:38,Team Heretics,Champions Tour 2024 EMEA Stage 1_csvs
341820,Breeze,2,4 - 13,Team Heretics,38:50,FNATIC,Champions Tour 2024 EMEA Stage 1_csvs
341822,Icebox,1,3 - 13,FUT Esports,52:06,Karmine Corp,Champions Tour 2024 EMEA Stage 1_csvs
341822,Sunset,2,10 - 13,FUT Esports,50:11,FUT Esports,Champions Tour 2024 EMEA Stage 1_csvs
341823,Icebox,1,11 - 13,FUT Esports,1:15:01,FNATIC,Champions Tour 2024 EMEA Stage 1_csvs
341823,Bind,2,13 - 6,FNATIC,39:56,FUT Esports,Champions Tour 2024 EMEA Stage 1_csvs
341823,Breeze,3,13 - 11,FNATIC,59:08,FNATIC,Champions Tour 2024 EMEA Stage 1_csvs
341823,Split,4,14 - 12,FNATIC,59:32,FUT Esports,Champions Tour 2024 EMEA Stage 1_csvs
341821,Sunset,1,13 - 7,Team Heretics,1:04:00,Team Heretics,Champions Tour 2024 EMEA Stage 1_csvs
341821,Bind,2,15 - 13,Team Heretics,1:06:09,FNATIC,Champions Tour 2024 EMEA Stage 1_csvs
341821,Lotus,3,8 - 13,FNATIC,1:17:58,Team Heretics,Champions Tour 2024 EMEA Stage 1_csvs
341821,Split,4,5 - 13,FNATIC,55:57,FNATIC,Champions Tour 2024 EMEA Stage 1_csvs
341821,Breeze,5,8 - 13,FNATIC,47:39,Decider,Champions Tour 2024 EMEA Stage 1_csvs
353153,Split,1,13 - 7,FUT Esports,59:15,KOI,Champions Tour 2024 EMEA Stage 2_csvs
353153,Lotus,2,7 - 13,KOI,45:44,FUT Esports,Champions Tour 2024 EMEA Stage 2_csvs
353153,Sunset,3,13 - 6,FUT Esports,38:52,Decider,Champions Tour 2024 EMEA Stage 2_csvs
353154,Ascent,1,9 - 13,FNATIC,1:05:35,BBL Esports,Champions Tour 2024 EMEA Stage 2_csvs
353154,Bind,2,13 - 11,BBL Esports,52:40,FNATIC,Champions Tour 2024 EMEA Stage 2_csvs
353154,Lotus,3,11 - 13,FNATIC,53:32,Decider,Champions Tour 2024 EMEA Stage 2_csvs
353155,Sunset,1,13 - 3,Team Heretics,43:52,Team Heretics,Champions Tour 2024 EMEA Stage 2_csvs
353155,Bind,2,13 - 5,Team Heretics,37:19,Natus Vincere,Champions Tour 2024 EMEA Stage 2_csvs
353157,Split,1,1 - 13,Gentle Mates,47:57,Gentle Mates,Champions Tour 2024 EMEA Stage 2_csvs
353157,Sunset,2,13 - 11,GIANTX,50:46,GIANTX,Champions Tour 2024 EMEA Stage 2_csvs
353157,Breeze,3,13 - 11,GIANTX,54:54,Decider,Champions Tour 2024 EMEA Stage 2_csvs
353156,Lotus,1,13 - 10,Team Vitality,1:02:01,Team Liquid,Champions Tour 2024 EMEA Stage 2_csvs
353156,Icebox,2,17 - 15,Team Vitality,1:16:19,Team Vitality,Champions Tour 2024 EMEA Stage 2_csvs
353159,Lotus,1,6 - 13,Karmine Corp,56:28,Karmine Corp,Champions Tour 2024 EMEA Stage 2_csvs
353159,Sunset,2,5 - 13,Karmine Corp,34:14,BBL Esports,Champions Tour 2024 EMEA Stage 2_csvs
353158,Ascent,1,11 - 13,FUT Esports,59:30,Natus Vincere,Champions Tour 2024 EMEA Stage 2_csvs
353158,Lotus,2,5 - 13,FUT Esports,46:10,FUT Esports,Champions Tour 2024 EMEA Stage 2_csvs
353202,Sunset,1,13 - 5,KOI,1:00:15,GIANTX,Champions Tour 2024 EMEA Stage 2_csvs
353202,Icebox,2,14 - 12,KOI,1:05:58,KOI,Champions Tour 2024 EMEA Stage 2_csvs
353161,Sunset,1,13 - 10,Team Heretics,1:11:15,Team Heretics,Champions Tour 2024 EMEA Stage 2_csvs
353161,Split,2,13 - 6,Team Heretics,40:15,FUT Esports,Champions Tour 2024 EMEA Stage 2_csvs
353160,Haven,1,13 - 6,FNATIC,53:19,FNATIC,Champions Tour 2024 EMEA Stage 2_csvs
353160,Icebox,2,6 - 13,Team Vitality,47:10,Team Vitality,Champions Tour 2024 EMEA Stage 2_csvs
353160,Lotus,3,13 - 7,FNATIC,43:36,Decider,Champions Tour 2024 EMEA Stage 2_csvs
353162,Lotus,1,13 - 6,BBL Esports,56:05,Team Liquid,Champions Tour 2024 EMEA Stage 2_csvs
353162,Ascent,2,13 - 5,BBL Esports,40:15,BBL Esports,Champions Tour 2024 EMEA Stage 2_csvs
353163,Lotus,1,9 - 13,GIANTX,51:38,GIANTX,Champions Tour 2024 EMEA Stage 2_csvs
353163,Ascent,2,8 - 13,GIANTX,45:00,Natus Vincere,Champions Tour 2024 EMEA Stage 2_csvs
353164,Sunset,1,11 - 13,Gentle Mates,1:12:25,KOI,Champions Tour 2024 EMEA Stage 2_csvs
353164,Split,2,11 - 13,Gentle Mates,54:45,Gentle Mates,Champions Tour 2024 EMEA Stage 2_csvs
353165,Haven,1,13 - 3,FNATIC,40:18,FNATIC,Champions Tour 2024 EMEA Stage 2_csvs
353165,Lotus,2,13 - 8,FNATIC,50:32,Karmine Corp,Champions Tour 2024 EMEA Stage 2_csvs
353166,Bind,1,13 - 9,Team Heretics,1:05:37,Team Heretics,Champions Tour 2024 EMEA Stage 2_csvs
353166,Split,2,13 - 15,GIANTX,1:02:58,GIANTX,Champions Tour 2024 EMEA Stage 2_csvs
353166,Haven,3,13 - 9,Team Heretics,51:28,Decider,Champions Tour 2024 EMEA Stage 2_csvs
353167,Sunset,1,13 - 8,FUT Esports,54:31,FUT Esports,Champions Tour 2024 EMEA Stage 2_csvs
353167,Split,2,13 - 4,FUT Esports,37:22,Gentle Mates,Champions Tour 2024 EMEA Stage 2_csvs
353168,Split,1,13 - 10,KOI,1:11:35,Natus Vincere,Champions Tour 2024 EMEA Stage 2_csvs
353168,Icebox,2,13 - 6,KOI,37:10,KOI,Champions Tour 2024 EMEA Stage 2_csvs
353169,Bind,1,13 - 11,Team Liquid,1:04:44,Karmine Corp,Champions Tour 2024 EMEA Stage 2_csvs
353169,Sunset,2,13 - 2,Team Liquid,31:02,Team Liquid,Champions Tour 2024 EMEA Stage 2_csvs
353170,Ascent,1,7 - 13,Team Vitality,1:05:23,BBL Esports,Champions Tour 2024 EMEA Stage 2_csvs
353170,Sunset,2,13 - 6,BBL Esports,41:22,Team Vitality,Champions Tour 2024 EMEA Stage 2_csvs
353170,Lotus,3,11 - 13,Team Vitality,46:20,Decider,Champions Tour 2024 EMEA Stage 2_csvs
353171,Sunset,1,13 - 7,Team Heretics,52:52,Team Heretics,Champions Tour 2024 EMEA Stage 2_csvs
353171,Icebox,2,10 - 13,Gentle Mates,53:26,Gentle Mates,Champions Tour 2024 EMEA Stage 2_csvs
353171,Lotus,3,13 - 5,Team Heretics,40:49,Decider,Champions Tour 2024 EMEA Stage 2_csvs
353172,Split,1,13 - 4,FUT Esports,52:35,GIANTX,Champions Tour 2024 EMEA Stage 2_csvs
353172,Lotus,2,13 - 6,FUT Esports,43:18,FUT Esports,Champions Tour 2024 EMEA Stage 2_csvs
353173,Icebox,1,11 - 13,KOI,1:12:55,KOI,Champions Tour 2024 EMEA Stage 2_csvs
353173,Bind,2,13 - 9,Team Heretics,47:23,Team Heretics,Champions Tour 2024 EMEA Stage 2_csvs
353173,Haven,3,13 - 10,Team Heretics,51:28,Decider,Champions Tour 2024 EMEA Stage 2_csvs
353174,Icebox,1,13 - 2,FNATIC,40:09,Team Liquid,Champions Tour 2024 EMEA Stage 2_csvs
353174,Haven,2,13 - 9,FNATIC,47:48,FNATIC,Champions Tour 2024 EMEA Stage 2_csvs
353175,Sunset,1,13 - 7,Natus Vincere,51:48,Gentle Mates,Champions Tour 2024 EMEA Stage 2_csvs
353175,Ascent,2,8 - 13,Gentle Mates,47:15,Natus Vincere,Champions Tour 2024 EMEA Stage 2_csvs
353175,Split,3,13 - 11,Natus Vincere,52:17,Decider,Champions Tour 2024 EMEA Stage 2_csvs
353203,Icebox,1,13 - 4,Team Vitality,41:24,Team Vitality,Champions Tour 2024 EMEA Stage 2_csvs
353203,Lotus,2,9 - 13,Karmine Corp,46:47,Karmine Corp,Champions Tour 2024 EMEA Stage 2_csvs
353203,Sunset,3,14 - 12,Team Vitality,56:51,Decider,Champions Tour 2024 EMEA Stage 2_csvs
371278,Haven,1,8 - 13,Natus Vincere,59:29,Natus Vincere,Champions Tour 2024 EMEA Stage 2_csvs
371278,Sunset,2,13 - 5,Team Vitality,37:35,Team Vitality,Champions Tour 2024 EMEA Stage 2_csvs
371278,Ascent,3,13 - 7,Team Vitality,44:53,Decider,Champions Tour 2024 EMEA Stage 2_csvs
371279,Icebox,1,7 - 13,Karmine Corp,55:37,FNATIC,Champions Tour 2024 EMEA Stage 2_csvs
371279,Sunset,2,15 - 13,FNATIC,1:03:50,Karmine Corp,Champions Tour 2024 EMEA Stage 2_csvs
371279,Lotus,3,13 - 6,FNATIC,40:16,Decider,Champions Tour 2024 EMEA Stage 2_csvs
371280,Icebox,1,14 - 12,Team Heretics,1:16:39,Team Vitality,Champions Tour 2024 EMEA Stage 2_csvs
371280,Sunset,2,10 - 13,Team Vitality,52:14,Team Heretics,Champions Tour 2024 EMEA Stage 2_csvs
371280,Bind,3,12 - 14,Team Vitality,58:07,Decider,Champions Tour 2024 EMEA Stage 2_csvs
371281,Sunset,1,13 - 15,FNATIC,1:11:28,FUT Esports,Champions Tour 2024 EMEA Stage 2_csvs
371281,Haven,2,5 - 13,FNATIC,38:10,FNATIC,Champions Tour 2024 EMEA Stage 2_csvs
371282,Lotus,1,11 - 13,FNATIC,1:14:55,FNATIC,Champions Tour 2024 EMEA Stage 2_csvs
371282,Sunset,2,6 - 13,FNATIC,42:04,Team Vitality,Champions Tour 2024 EMEA Stage 2_csvs
371284,Abyss,1,13 - 10,Team Heretics,1:00:49,FUT Esports,Champions Tour 2024 EMEA Stage 2_csvs
371284,Sunset,2,13 - 11,Team Heretics,56:36,Team Heretics,Champions Tour 2024 EMEA Stage 2_csvs
371285,Icebox,1,6 - 13,Team Heretics,58:55,Team Vitality,Champions Tour 2024 EMEA Stage 2_csvs
371285,Sunset,2,13 - 4,Team Vitality,36:49,Team Heretics,Champions Tour 2024 EMEA Stage 2_csvs
371285,Lotus,3,13 - 3,Team Vitality,32:09,Team Vitality,Champions Tour 2024 EMEA Stage 2_csvs
371285,Haven,4,13 - 9,Team Vitality,45:29,Team Heretics,Champions Tour 2024 EMEA Stage 2_csvs
371283,Haven,1,13 - 8,FNATIC,1:03:45,FNATIC,Champions Tour 2024 EMEA Stage 2_csvs
371283,Ascent,2,9 - 13,Team Vitality,48:24,Team Vitality,Champions Tour 2024 EMEA Stage 2_csvs
371283,Lotus,3,13 - 9,FNATIC,47:54,FNATIC,Champions Tour 2024 EMEA Stage 2_csvs
371283,Bind,4,13 - 3,FNATIC,33:47,Team Vitality,Champions Tour 2024 EMEA Stage 2_csvs
312765,Icebox,1,13 - 8,Karmine Corp,59:51,FunPlus Phoenix,Champions Tour 2024 Masters Madrid_csvs
312765,Lotus,2,13 - 10,Karmine Corp,52:09,Karmine Corp,Champions Tour 2024 Masters Madrid_csvs
312766,Icebox,1,13 - 11,Gen.G,1:02:44,LOUD,Champions Tour 2024 Masters Madrid_csvs
312766,Breeze,2,8 - 13,LOUD,56:26,Gen.G,Champions Tour 2024 Masters Madrid_csvs
312766,Ascent,3,13 - 5,Gen.G,38:16,Decider,Champions Tour 2024 Masters Madrid_csvs
312767,Sunset,1,8 - 13,Paper Rex,1:00:56,Paper Rex,Champions Tour 2024 Masters Madrid_csvs
312767,Bind,2,13 - 9,EDward Gaming,49:11,EDward Gaming,Champions Tour 2024 Masters Madrid_csvs
312767,Split,3,13 - 9,EDward Gaming,43:49,Decider,Champions Tour 2024 Masters Madrid_csvs
312768,Lotus,1,13 - 9,Sentinels,1:00:37,Sentinels,Champions Tour 2024 Masters Madrid_csvs
312768,Sunset,2,5 - 13,Team Heretics,44:43,Team Heretics,Champions Tour 2024 Masters Madrid_csvs
312768,Bind,3,13 - 11,Sentinels,55:14,Decider,Champions Tour 2024 Masters Madrid_csvs
312798,Split,1,13 - 8,Sentinels,57:04,Sentinels,Champions Tour 2024 Masters Madrid_csvs
312798,Lotus,2,13 - 11,Sentinels,56:49,Karmine Corp,Champions Tour 2024 Masters Madrid_csvs
312797,Icebox,1,13 - 8,EDward Gaming,55:41,Gen.G,Champions Tour 2024 Masters Madrid_csvs
312797,Split,2,5 - 13,Gen.G,39:50,EDward Gaming,Champions Tour 2024 Masters Madrid_csvs
312797,Breeze,3,6 - 13,Gen.G,45:16,Decider,Champions Tour 2024 Masters Madrid_csvs
312800,Sunset,1,5 - 13,LOUD,42:32,LOUD,Champions Tour 2024 Masters Madrid_csvs
312800,Breeze,2,11 - 13,LOUD,53:05,FunPlus Phoenix,Champions Tour 2024 Masters Madrid_csvs
312799,Sunset,1,10 - 13,Paper Rex,59:31,Paper Rex,Champions Tour 2024 Masters Madrid_csvs
312799,Lotus,2,13 - 10,Team Heretics,46:56,Team Heretics,Champions Tour 2024 Masters Madrid_csvs
312799,Split,3,7 - 13,Paper Rex,39:37,Decider,Champions Tour 2024 Masters Madrid_csvs
312803,Icebox,1,13 - 2,LOUD,43:42,EDward Gaming,Champions Tour 2024 Masters Madrid_csvs
312803,Sunset,2,13 - 3,LOUD,35:21,LOUD,Champions Tour 2024 Masters Madrid_csvs
312802,Bind,1,10 - 13,Paper Rex,59:49,Paper Rex,Champions Tour 2024 Masters Madrid_csvs
312802,Lotus,2,13 - 6,Karmine Corp,42:56,Karmine Corp,Champions Tour 2024 Masters Madrid_csvs
312802,Ascent,3,12 - 14,Paper Rex,53:41,Decider,Champions Tour 2024 Masters Madrid_csvs
312777,Split,1,13 - 8,Gen.G,55:37,Paper Rex,Champions Tour 2024 Masters Madrid_csvs
312777,Lotus,2,13 - 9,Gen.G,42:42,Gen.G,Champions Tour 2024 Masters Madrid_csvs
312776,Split,1,13 - 4,Sentinels,48:34,Sentinels,Champions Tour 2024 Masters Madrid_csvs
312776,Icebox,2,12 - 14,LOUD,59:35,LOUD,Champions Tour 2024 Masters Madrid_csvs
312776,Sunset,3,14 - 12,Sentinels,1:02:35,Decider,Champions Tour 2024 Masters Madrid_csvs
312778,Split,1,13 - 5,Gen.G,53:39,Sentinels,Champions Tour 2024 Masters Madrid_csvs
312778,Lotus,2,7 - 13,Sentinels,48:49,Gen.G,Champions Tour 2024 Masters Madrid_csvs
312778,Breeze,3,13 - 3,Gen.G,34:04,Decider,Champions Tour 2024 Masters Madrid_csvs
312780,Ascent,1,13 - 11,Paper Rex,1:00:58,LOUD,Champions Tour 2024 Masters Madrid_csvs
312780,Sunset,2,13 - 8,Paper Rex,46:09,Paper Rex,Champions Tour 2024 Masters Madrid_csvs
312781,Lotus,1,14 - 12,Sentinels,1:12:27,Sentinels,Champions Tour 2024 Masters Madrid_csvs
312781,Ascent,2,13 - 6,Sentinels,41:11,Paper Rex,Champions Tour 2024 Masters Madrid_csvs
312781,Split,3,5 - 13,Paper Rex,38:13,Sentinels,Champions Tour 2024 Masters Madrid_csvs
312781,Sunset,4,13 - 3,Sentinels,33:56,Paper Rex,Champions Tour 2024 Masters Madrid_csvs
321373,Ascent,1,8 - 13,Team Spain,-,Decider,Champions Tour 2024 Masters Madrid_csvs
312779,Breeze,1,13 - 8,Gen.G,1:03:12,Gen.G,Champions Tour 2024 Masters Madrid_csvs
312779,Bind,2,12 - 14,Sentinels,1:04:16,Sentinels,Champions Tour 2024 Masters Madrid_csvs
312779,Ascent,3,13 - 8,Gen.G,46:25,Gen.G,Champions Tour 2024 Masters Madrid_csvs
312779,Split,4,10 - 13,Sentinels,49:51,Sentinels,Champions Tour 2024 Masters Madrid_csvs
312779,Icebox,5,6 - 13,Sentinels,42:05,Decider,Champions Tour 2024 Masters Madrid_csvs
348063,Breeze,1,13 - 8,G2 Esports,-,T1,Champions Tour 2024 Masters Shanghai_csvs
348063,Icebox,2,1 - 13,T1,-,G2 Esports,Champions Tour 2024 Masters Shanghai_csvs
348063,Lotus,3,14 - 12,G2 Esports,-,Decider,Champions Tour 2024 Masters Shanghai_csvs
348061,Sunset,1,13 - 7,FunPlus Phoenix,-,FUT Esports,Champions Tour 2024 Masters Shanghai_csvs
348061,Lotus,2,12 - 14,FUT Esports,-,FunPlus Phoenix,Champions Tour 2024 Masters Shanghai_csvs
348061,Icebox,3,13 - 10,FunPlus Phoenix,-,Decider,Champions Tour 2024 Masters Shanghai_csvs
348064,Icebox,1,7 - 13,LEVIATÁN,-,LEVIATÁN,Champions Tour 2024 Masters Shanghai_csvs
348064,Lotus,2,13 - 5,Gen.G,-,Gen.G,Champions Tour 2024 Masters Shanghai_csvs
348064,Breeze,3,13 - 7,Gen.G,-,Decider,Champions Tour 2024 Masters Shanghai_csvs
348059,Icebox,1,13 - 5,Team Heretics,-,Dragon Ranger Gaming,Champions Tour 2024 Masters Shanghai_csvs
348059,Sunset,2,13 - 5,Team Heretics,-,Team Heretics,Champions Tour 2024 Masters Shanghai_csvs
348458,Lotus,1,16 - 14,FunPlus Phoenix,-,Gen.G,Champions Tour 2024 Masters Shanghai_csvs
348458,Sunset,2,7 - 13,Gen.G,-,FunPlus Phoenix,Champions Tour 2024 Masters Shanghai_csvs
348458,Ascent,3,11 - 13,Gen.G,-,Decider,Champions Tour 2024 Masters Shanghai_csvs
348457,Lotus,1,9 - 13,Team Heretics,-,Team Heretics,Champions Tour 2024 Masters Shanghai_csvs
348457,Bind,2,13 - 6,G2 Esports,-,G2 Esports,Champions Tour 2024 Masters Shanghai_csvs
348457,Split,3,13 - 8,G2 Esports,-,Decider,Champions Tour 2024 Masters Shanghai_csvs
348459,Breeze,1,13 - 9,LEVIATÁN,-,T1,Champions Tour 2024 Masters Shanghai_csvs
348459,Sunset,2,13 - 7,LEVIATÁN,-,LEVIATÁN,Champions Tour 2024 Masters Shanghai_csvs
348460,Bind,1,10 - 13,FUT Esports,-,FUT Esports,Champions Tour 2024 Masters Shanghai_csvs
348460,Ascent,2,12 - 14,FUT Esports,-,Dragon Ranger Gaming,Champions Tour 2024 Masters Shanghai_csvs
348462,Sunset,1,4 - 13,Team Heretics,-,Team Heretics,Champions Tour 2024 Masters Shanghai_csvs
348462,Lotus,2,13 - 6,FunPlus Phoenix,-,FunPlus Phoenix,Champions Tour 2024 Masters Shanghai_csvs
348462,Icebox,3,15 - 17,Team Heretics,-,Decider,Champions Tour 2024 Masters Shanghai_csvs
348461,Sunset,1,13 - 1,FUT Esports,-,LEVIATÁN,Champions Tour 2024 Masters Shanghai_csvs
348461,Lotus,2,11 - 13,LEVIATÁN,-,FUT Esports,Champions Tour 2024 Masters Shanghai_csvs
348461,Bind,3,13 - 11,FUT Esports,-,Decider,Champions Tour 2024 Masters Shanghai_csvs
348465,Icebox,1,13 - 2,100 Thieves,-,FUT Esports,Champions Tour 2024 Masters Shanghai_csvs
348465,Bind,2,13 - 5,100 Thieves,-,100 Thieves,Champions Tour 2024 Masters Shanghai_csvs
348466,Lotus,1,13 - 10,FNATIC,-,Gen.G,Champions Tour 2024 Masters Shanghai_csvs
348466,Bind,2,10 - 13,Gen.G,-,FNATIC,Champions Tour 2024 Masters Shanghai_csvs
348466,Breeze,3,11 - 13,Gen.G,-,Decider,Champions Tour 2024 Masters Shanghai_csvs
348463,Split,1,13 - 7,Paper Rex,-,G2 Esports,Champions Tour 2024 Masters Shanghai_csvs
348463,Lotus,2,10 - 13,G2 Esports,-,Paper Rex,Champions Tour 2024 Masters Shanghai_csvs
348463,Bind,3,5 - 13,G2 Esports,-,Decider,Champions Tour 2024 Masters Shanghai_csvs
348464,Sunset,1,6 - 13,Team Heretics,-,Team Heretics,Champions Tour 2024 Masters Shanghai_csvs
348464,Split,2,3 - 13,Team Heretics,-,EDward Gaming,Champions Tour 2024 Masters Shanghai_csvs
348468,Split,1,5 - 13,FNATIC,-,FUT Esports,Champions Tour 2024 Masters Shanghai_csvs
348468,Lotus,2,13 - 8,FUT Esports,-,FNATIC,Champions Tour 2024 Masters Shanghai_csvs
348468,Ascent,3,13 - 3,FUT Esports,-,Decider,Champions Tour 2024 Masters Shanghai_csvs
348467,Bind,1,13 - 11,Paper Rex,-,EDward Gaming,Champions Tour 2024 Masters Shanghai_csvs
348467,Sunset,2,13 - 6,Paper Rex,-,Paper Rex,Champions Tour 2024 Masters Shanghai_csvs
348470,Icebox,1,10 - 13,Gen.G,-,100 Thieves,Champions Tour 2024 Masters Shanghai_csvs
348470,Ascent,2,10 - 13,Gen.G,-,Gen.G,Champions Tour 2024 Masters Shanghai_csvs
348469,Icebox,1,7 - 13,Team Heretics,-,Team Heretics,Champions Tour 2024 Masters Shanghai_csvs
348469,Ascent,2,13 - 11,G2 Esports,-,G2 Esports,Champions Tour 2024 Masters Shanghai_csvs
348469,Lotus,3,13 - 4,G2 Esports,-,Decider,Champions Tour 2024 Masters Shanghai_csvs
348471,Breeze,1,13 - 5,100 Thieves,-,100 Thieves,Champions Tour 2024 Masters Shanghai_csvs
348471,Sunset,2,10 - 13,Paper Rex,-,Paper Rex,Champions Tour 2024 Masters Shanghai_csvs
348471,Icebox,3,14 - 12,100 Thieves,-,Decider,Champions Tour 2024 Masters Shanghai_csvs
348472,Bind,1,13 - 7,Team Heretics,-,FUT Esports,Champions Tour 2024 Masters Shanghai_csvs
348472,Sunset,2,13 - 4,Team Heretics,-,Team Heretics,Champions Tour 2024 Masters Shanghai_csvs
348473,Lotus,1,8 - 13,Gen.G,-,G2 Esports,Champions Tour 2024 Masters Shanghai_csvs
348473,Ascent,2,10 - 13,Gen.G,-,Gen.G,Champions Tour 2024 Masters Shanghai_csvs
348474,Bind,1,13 - 15,Team Heretics,-,100 Thieves,Champions Tour 2024 Masters Shanghai_csvs
348474,Sunset,2,1 - 13,Team Heretics,-,Team Heretics,Champions Tour 2024 Masters Shanghai_csvs
348475,Bind,1,2 - 13,Team Heretics,-,G2 Esports,Champions Tour 2024 Masters Shanghai_csvs
348475,Icebox,2,6 - 13,Team Heretics,-,Team Heretics,Champions Tour 2024 Masters Shanghai_csvs
348475,Lotus,3,8 - 13,Team Heretics,-,G2 Esports,Champions Tour 2024 Masters Shanghai_csvs
359463,Abyss,1,11 - 13,Team China,-,Decider,Champions Tour 2024 Masters Shanghai_csvs
348476,Breeze,1,13 - 6,Gen.G,-,Gen.G,Champions Tour 2024 Masters Shanghai_csvs
348476,Icebox,2,9 - 13,Team Heretics,-,Team Heretics,Champions Tour 2024 Masters Shanghai_csvs
348476,Ascent,3,9 - 13,Team Heretics,-,Gen.G,Champions Tour 2024 Masters Shanghai_csvs
348476,Lotus,4,13 - 4,Gen.G,-,Team Heretics,Champions Tour 2024 Masters Shanghai_csvs
348476,Split,5,13 - 3,Gen.G,-,Decider,Champions Tour 2024 Masters Shanghai_csvs
296735,Breeze,1,18 - 16,T1,3:22:31,BLEED,Champions Tour 2024 Pacific Kickoff_csvs
296735,Lotus,2,13 - 6,T1,47:45,T1,Champions Tour 2024 Pacific Kickoff_csvs
296745,Icebox,1,13 - 11,Gen.G,50:50,Rex Regum Qeon,Champions Tour 2024 Pacific Kickoff_csvs
296745,Split,2,11 - 13,Rex Regum Qeon,48:33,Gen.G,Champions Tour 2024 Pacific Kickoff_csvs
296745,Sunset,3,13 - 8,Gen.G,45:26,Decider,Champions Tour 2024 Pacific Kickoff_csvs
296730,Bind,1,13 - 10,ZETA DIVISION,52:23,Global Esports,Champions Tour 2024 Pacific Kickoff_csvs
296730,Icebox,2,13 - 7,ZETA DIVISION,43:16,ZETA DIVISION,Champions Tour 2024 Pacific Kickoff_csvs
296731,Breeze,1,8 - 13,TALON,53:43,TALON,Champions Tour 2024 Pacific Kickoff_csvs
296731,Ascent,2,3 - 13,TALON,30:27,Team Secret,Champions Tour 2024 Pacific Kickoff_csvs
296736,Lotus,1,13 - 8,DRX,1:01:21,DetonatioN FocusMe,Champions Tour 2024 Pacific Kickoff_csvs
296736,Breeze,2,13 - 8,DRX,44:13,DRX,Champions Tour 2024 Pacific Kickoff_csvs
296747,Breeze,1,13 - 10,Gen.G,1:02:09,Gen.G,Champions Tour 2024 Pacific Kickoff_csvs
296747,Lotus,2,10 - 13,Paper Rex,49:07,Paper Rex,Champions Tour 2024 Pacific Kickoff_csvs
296747,Sunset,3,7 - 13,Paper Rex,40:11,Decider,Champions Tour 2024 Pacific Kickoff_csvs
296738,Sunset,1,9 - 13,Global Esports,58:19,Global Esports,Champions Tour 2024 Pacific Kickoff_csvs
296738,Icebox,2,13 - 10,BLEED,53:56,BLEED,Champions Tour 2024 Pacific Kickoff_csvs
296738,Split,3,11 - 13,Global Esports,55:06,Decider,Champions Tour 2024 Pacific Kickoff_csvs
296737,Ascent,1,11 - 13,ZETA DIVISION,1:06:46,ZETA DIVISION,Champions Tour 2024 Pacific Kickoff_csvs
296737,Lotus,2,13 - 4,T1,42:44,T1,Champions Tour 2024 Pacific Kickoff_csvs
296737,Sunset,3,13 - 7,T1,44:57,Decider,Champions Tour 2024 Pacific Kickoff_csvs
296733,Lotus,1,7 - 13,Team Secret,57:15,DetonatioN FocusMe,Champions Tour 2024 Pacific Kickoff_csvs
296733,Breeze,2,11 - 13,Team Secret,52:48,Team Secret,Champions Tour 2024 Pacific Kickoff_csvs
296732,Split,1,13 - 10,DRX,1:00:25,DRX,Champions Tour 2024 Pacific Kickoff_csvs
296732,Ascent,2,13 - 8,DRX,46:12,TALON,Champions Tour 2024 Pacific Kickoff_csvs
296749,Lotus,1,13 - 7,Gen.G,1:06:04,Rex Regum Qeon,Champions Tour 2024 Pacific Kickoff_csvs
296749,Breeze,2,10 - 13,Rex Regum Qeon,53:06,Gen.G,Champions Tour 2024 Pacific Kickoff_csvs
296749,Icebox,3,13 - 11,Gen.G,50:20,Decider,Champions Tour 2024 Pacific Kickoff_csvs
296734,Breeze,1,8 - 13,Team Secret,53:46,Team Secret,Champions Tour 2024 Pacific Kickoff_csvs
296734,Ascent,2,7 - 13,Team Secret,44:44,TALON,Champions Tour 2024 Pacific Kickoff_csvs
296739,Bind,1,13 - 8,ZETA DIVISION,55:38,Global Esports,Champions Tour 2024 Pacific Kickoff_csvs
296739,Lotus,2,13 - 3,ZETA DIVISION,36:39,ZETA DIVISION,Champions Tour 2024 Pacific Kickoff_csvs
297254,Breeze,1,13 - 5,Team Secret,52:39,Team Secret,Champions Tour 2024 Pacific Kickoff_csvs
297254,Lotus,2,9 - 13,Gen.G,53:25,Gen.G,Champions Tour 2024 Pacific Kickoff_csvs
297254,Icebox,3,13 - 15,Gen.G,1:00:12,Decider,Champions Tour 2024 Pacific Kickoff_csvs
297253,Icebox,1,1 - 13,Team Secret,36:23,Team Secret,Champions Tour 2024 Pacific Kickoff_csvs
297253,Ascent,2,8 - 13,Team Secret,46:02,ZETA DIVISION,Champions Tour 2024 Pacific Kickoff_csvs
297255,Icebox,1,13 - 6,Gen.G,54:35,Gen.G,Champions Tour 2024 Pacific Kickoff_csvs
297255,Ascent,2,13 - 4,Gen.G,39:03,ZETA DIVISION,Champions Tour 2024 Pacific Kickoff_csvs
297256,Split,1,14 - 16,Paper Rex,1:18:27,Paper Rex,Champions Tour 2024 Pacific Kickoff_csvs
297256,Ascent,2,6 - 13,Paper Rex,41:48,T1,Champions Tour 2024 Pacific Kickoff_csvs
297257,Bind,1,12 - 14,Gen.G,1:15:25,DRX,Champions Tour 2024 Pacific Kickoff_csvs
297257,Lotus,2,8 - 13,Gen.G,45:52,Gen.G,Champions Tour 2024 Pacific Kickoff_csvs
297258,Ascent,1,5 - 13,Gen.G,57:17,Gen.G,Champions Tour 2024 Pacific Kickoff_csvs
297258,Split,2,13 - 4,Paper Rex,35:10,Paper Rex,Champions Tour 2024 Pacific Kickoff_csvs
297258,Lotus,3,11 - 13,Gen.G,49:09,Gen.G,Champions Tour 2024 Pacific Kickoff_csvs
297258,Bind,4,4 - 13,Gen.G,31:31,Paper Rex,Champions Tour 2024 Pacific Kickoff_csvs
314301,Sunset,1,1 - 13,ZETA DIVISION,50:44,ZETA DIVISION,Champions Tour 2024 Pacific Stage 1_csvs
314301,Icebox,2,13 - 10,Global Esports,49:39,Global Esports,Champions Tour 2024 Pacific Stage 1_csvs
314301,Ascent,3,8 - 13,ZETA DIVISION,50:21,Decider,Champions Tour 2024 Pacific Stage 1_csvs
314302,Sunset,1,8 - 13,DRX,55:38,Team Secret,Champions Tour 2024 Pacific Stage 1_csvs
314302,Lotus,2,8 - 13,DRX,43:04,DRX,Champions Tour 2024 Pacific Stage 1_csvs
314303,Lotus,1,13 - 9,BLEED,1:07:26,TALON,Champions Tour 2024 Pacific Stage 1_csvs
314303,Bind,2,7 - 13,TALON,46:40,BLEED,Champions Tour 2024 Pacific Stage 1_csvs
314303,Icebox,3,6 - 13,TALON,44:25,Decider,Champions Tour 2024 Pacific Stage 1_csvs
314304,Lotus,1,10 - 13,Paper Rex,1:14:34,T1,Champions Tour 2024 Pacific Stage 1_csvs
314304,Bind,2,12 - 14,Paper Rex,53:12,Paper Rex,Champions Tour 2024 Pacific Stage 1_csvs
314305,Breeze,1,10 - 13,Rex Regum Qeon,1:02:28,Team Secret,Champions Tour 2024 Pacific Stage 1_csvs
314305,Split,2,13 - 6,Team Secret,43:42,Rex Regum Qeon,Champions Tour 2024 Pacific Stage 1_csvs
314305,Icebox,3,12 - 14,Rex Regum Qeon,1:01:08,Decider,Champions Tour 2024 Pacific Stage 1_csvs
314306,Ascent,1,8 - 13,DRX,54:18,Global Esports,Champions Tour 2024 Pacific Stage 1_csvs
314306,Lotus,2,6 - 13,DRX,46:52,DRX,Champions Tour 2024 Pacific Stage 1_csvs
314307,Lotus,1,13 - 9,Gen.G,54:49,Gen.G,Champions Tour 2024 Pacific Stage 1_csvs
314307,Ascent,2,13 - 8,Gen.G,45:05,TALON,Champions Tour 2024 Pacific Stage 1_csvs
314308,Ascent,1,10 - 13,DetonatioN FocusMe,1:01:35,DetonatioN FocusMe,Champions Tour 2024 Pacific Stage 1_csvs
314308,Lotus,2,13 - 5,T1,43:30,T1,Champions Tour 2024 Pacific Stage 1_csvs
314308,Sunset,3,11 - 13,DetonatioN FocusMe,51:41,Decider,Champions Tour 2024 Pacific Stage 1_csvs
314309,Lotus,1,13 - 11,Gen.G,1:05:26,Gen.G,Champions Tour 2024 Pacific Stage 1_csvs
314309,Icebox,2,11 - 13,Paper Rex,46:40,Paper Rex,Champions Tour 2024 Pacific Stage 1_csvs
314309,Bind,3,6 - 13,Paper Rex,41:46,Decider,Champions Tour 2024 Pacific Stage 1_csvs
314310,Breeze,1,13 - 9,T1,53:18,T1,Champions Tour 2024 Pacific Stage 1_csvs
314310,Split,2,5 - 13,DRX,39:20,DRX,Champions Tour 2024 Pacific Stage 1_csvs
314310,Bind,3,6 - 13,DRX,42:03,Decider,Champions Tour 2024 Pacific Stage 1_csvs
314311,Icebox,1,13 - 8,Team Secret,59:07,Team Secret,Champions Tour 2024 Pacific Stage 1_csvs
314311,Lotus,2,6 - 13,ZETA DIVISION,41:51,ZETA DIVISION,Champions Tour 2024 Pacific Stage 1_csvs
314311,Sunset,3,13 - 7,Team Secret,48:17,Decider,Champions Tour 2024 Pacific Stage 1_csvs
314312,Lotus,1,2 - 13,Rex Regum Qeon,43:49,BLEED,Champions Tour 2024 Pacific Stage 1_csvs
314312,Icebox,2,5 - 13,Rex Regum Qeon,42:36,Rex Regum Qeon,Champions Tour 2024 Pacific Stage 1_csvs
314313,Split,1,13 - 8,Gen.G,1:00:31,DetonatioN FocusMe,Champions Tour 2024 Pacific Stage 1_csvs
314313,Lotus,2,13 - 7,Gen.G,47:19,Gen.G,Champions Tour 2024 Pacific Stage 1_csvs
314314,Icebox,1,13 - 4,Global Esports,45:38,TALON,Champions Tour 2024 Pacific Stage 1_csvs
314314,Breeze,2,12 - 14,TALON,1:01:14,Global Esports,Champions Tour 2024 Pacific Stage 1_csvs
314314,Lotus,3,6 - 13,TALON,43:39,Decider,Champions Tour 2024 Pacific Stage 1_csvs
314315,Ascent,1,13 - 6,T1,47:31,Rex Regum Qeon,Champions Tour 2024 Pacific Stage 1_csvs
314315,Lotus,2,13 - 8,T1,45:15,T1,Champions Tour 2024 Pacific Stage 1_csvs
314316,Sunset,1,9 - 13,ZETA DIVISION,56:30,BLEED,Champions Tour 2024 Pacific Stage 1_csvs
314316,Ascent,2,13 - 9,BLEED,49:21,ZETA DIVISION,Champions Tour 2024 Pacific Stage 1_csvs
314316,Lotus,3,8 - 13,ZETA DIVISION,47:40,Decider,Champions Tour 2024 Pacific Stage 1_csvs
314317,Bind,1,10 - 13,DRX,1:08:39,DRX,Champions Tour 2024 Pacific Stage 1_csvs
314317,Ascent,2,13 - 9,Gen.G,49:14,Gen.G,Champions Tour 2024 Pacific Stage 1_csvs
314317,Split,3,7 - 13,DRX,44:30,Decider,Champions Tour 2024 Pacific Stage 1_csvs
314318,Lotus,1,9 - 13,DetonatioN FocusMe,58:48,BLEED,Champions Tour 2024 Pacific Stage 1_csvs
314318,Split,2,13 - 7,BLEED,44:56,DetonatioN FocusMe,Champions Tour 2024 Pacific Stage 1_csvs
314318,Ascent,3,13 - 4,BLEED,42:47,Decider,Champions Tour 2024 Pacific Stage 1_csvs
314319,Lotus,1,13 - 10,Global Esports,1:03:36,Rex Regum Qeon,Champions Tour 2024 Pacific Stage 1_csvs
314319,Icebox,2,13 - 4,Global Esports,39:20,Global Esports,Champions Tour 2024 Pacific Stage 1_csvs
314320,Icebox,1,13 - 9,Team Secret,52:40,Team Secret,Champions Tour 2024 Pacific Stage 1_csvs
314320,Sunset,2,13 - 8,Team Secret,46:10,Paper Rex,Champions Tour 2024 Pacific Stage 1_csvs
314321,Lotus,1,11 - 13,TALON,1:04:52,T1,Champions Tour 2024 Pacific Stage 1_csvs
314321,Bind,2,10 - 13,TALON,43:46,TALON,Champions Tour 2024 Pacific Stage 1_csvs
314322,Split,1,13 - 8,Gen.G,54:17,ZETA DIVISION,Champions Tour 2024 Pacific Stage 1_csvs
314322,Ascent,2,14 - 12,Gen.G,1:02:50,Gen.G,Champions Tour 2024 Pacific Stage 1_csvs
314323,Lotus,1,13 - 4,Team Secret,49:53,DetonatioN FocusMe,Champions Tour 2024 Pacific Stage 1_csvs
314323,Breeze,2,9 - 13,DetonatioN FocusMe,51:52,Team Secret,Champions Tour 2024 Pacific Stage 1_csvs
314323,Sunset,3,13 - 2,Team Secret,37:16,Decider,Champions Tour 2024 Pacific Stage 1_csvs
314324,Sunset,1,4 - 13,Paper Rex,41:53,Paper Rex,Champions Tour 2024 Pacific Stage 1_csvs
314324,Icebox,2,7 - 13,Paper Rex,41:50,Global Esports,Champions Tour 2024 Pacific Stage 1_csvs
314325,Ascent,1,5 - 13,Paper Rex,48:05,BLEED,Champions Tour 2024 Pacific Stage 1_csvs
314325,Bind,2,6 - 13,Paper Rex,42:29,Paper Rex,Champions Tour 2024 Pacific Stage 1_csvs
314327,Bind,1,11 - 13,ZETA DIVISION,1:02:00,ZETA DIVISION,Champions Tour 2024 Pacific Stage 1_csvs
314327,Lotus,2,13 - 9,T1,43:54,T1,Champions Tour 2024 Pacific Stage 1_csvs
314327,Sunset,3,13 - 10,T1,49:36,Decider,Champions Tour 2024 Pacific Stage 1_csvs
314328,Sunset,1,13 - 11,Team Secret,1:00:53,Team Secret,Champions Tour 2024 Pacific Stage 1_csvs
314328,Lotus,2,11 - 13,TALON,56:09,TALON,Champions Tour 2024 Pacific Stage 1_csvs
314328,Breeze,3,10 - 13,TALON,52:49,Decider,Champions Tour 2024 Pacific Stage 1_csvs
314329,Bind,1,9 - 13,DRX,1:02:13,DRX,Champions Tour 2024 Pacific Stage 1_csvs
314329,Breeze,2,4 - 13,DRX,40:37,BLEED,Champions Tour 2024 Pacific Stage 1_csvs
314330,Breeze,1,13 - 3,Gen.G,42:51,Rex Regum Qeon,Champions Tour 2024 Pacific Stage 1_csvs
314330,Ascent,2,11 - 13,Rex Regum Qeon,58:52,Gen.G,Champions Tour 2024 Pacific Stage 1_csvs
314330,Split,3,10 - 13,Rex Regum Qeon,59:20,Decider,Champions Tour 2024 Pacific Stage 1_csvs
329907,Lotus,1,7 - 13,T1,51:57,T1,Champions Tour 2024 Pacific Stage 1_csvs
329907,Sunset,2,11 - 13,T1,48:52,Team Secret,Champions Tour 2024 Pacific Stage 1_csvs
329908,Lotus,1,13 - 0,Paper Rex,32:57,TALON,Champions Tour 2024 Pacific Stage 1_csvs
329908,Sunset,2,13 - 9,Paper Rex,48:57,Decider,Champions Tour 2024 Pacific Stage 1_csvs
329908,Bind,3,7 - 13,TALON,43:47,Decider,Champions Tour 2024 Pacific Stage 1_csvs
329909,Ascent,1,9 - 13,T1,1:02:04,Gen.G,Champions Tour 2024 Pacific Stage 1_csvs
329909,Sunset,2,13 - 8,Gen.G,42:54,T1,Champions Tour 2024 Pacific Stage 1_csvs
329909,Breeze,3,7 - 13,T1,45:28,Decider,Champions Tour 2024 Pacific Stage 1_csvs
329910,Lotus,1,6 - 13,Paper Rex,41:45,Paper Rex,Champions Tour 2024 Pacific Stage 1_csvs
329910,Ascent,2,13 - 10,DRX,48:53,DRX,Champions Tour 2024 Pacific Stage 1_csvs
329910,Bind,3,6 - 13,Paper Rex,39:44,Decider,Champions Tour 2024 Pacific Stage 1_csvs
329912,Lotus,1,3 - 13,Paper Rex,58:46,T1,Champions Tour 2024 Pacific Stage 1_csvs
329912,Sunset,2,5 - 13,Paper Rex,35:05,Paper Rex,Champions Tour 2024 Pacific Stage 1_csvs
329911,Bind,1,8 - 13,DRX,55:20,DRX,Champions Tour 2024 Pacific Stage 1_csvs
329911,Sunset,2,13 - 11,Gen.G,53:23,Gen.G,Champions Tour 2024 Pacific Stage 1_csvs
329911,Ascent,3,13 - 8,Gen.G,53:16,Decider,Champions Tour 2024 Pacific Stage 1_csvs
329913,Lotus,1,2 - 13,Gen.G,42:10,T1,Champions Tour 2024 Pacific Stage 1_csvs
329913,Icebox,2,11 - 13,Gen.G,45:46,Gen.G,Champions Tour 2024 Pacific Stage 1_csvs
329913,Bind,3,9 - 13,Gen.G,48:26,T1,Champions Tour 2024 Pacific Stage 1_csvs
329914,Lotus,1,9 - 13,Gen.G,1:03:03,Paper Rex,Champions Tour 2024 Pacific Stage 1_csvs
329914,Sunset,2,13 - 9,Paper Rex,45:51,Gen.G,Champions Tour 2024 Pacific Stage 1_csvs
329914,Icebox,3,13 - 11,Paper Rex,52:44,Paper Rex,Champions Tour 2024 Pacific Stage 1_csvs
329914,Bind,4,9 - 13,Gen.G,45:57,Gen.G,Champions Tour 2024 Pacific Stage 1_csvs
329914,Split,5,13 - 8,Paper Rex,45:13,Decider,Champions Tour 2024 Pacific Stage 1_csvs
314340,Icebox,1,0 - 13,DRX,43:42,DRX,Champions Tour 2024 Pacific Stage 2_csvs
314340,Sunset,2,13 - 11,ZETA DIVISION,47:24,ZETA DIVISION,Champions Tour 2024 Pacific Stage 2_csvs
314340,Breeze,3,4 - 13,DRX,38:12,Decider,Champions Tour 2024 Pacific Stage 2_csvs
314341,Ascent,1,10 - 13,BLEED,51:45,BLEED,Champions Tour 2024 Pacific Stage 2_csvs
314341,Sunset,2,13 - 8,Team Secret,47:55,Team Secret,Champions Tour 2024 Pacific Stage 2_csvs
314341,Split,3,13 - 8,Team Secret,49:09,Decider,Champions Tour 2024 Pacific Stage 2_csvs
314342,Split,1,13 - 15,Gen.G,1:20:50,T1,Champions Tour 2024 Pacific Stage 2_csvs
314342,Lotus,2,13 - 5,T1,42:45,Gen.G,Champions Tour 2024 Pacific Stage 2_csvs
314342,Sunset,3,9 - 13,Gen.G,50:16,Decider,Champions Tour 2024 Pacific Stage 2_csvs
314343,Icebox,1,13 - 4,Paper Rex,37:53,TALON,Champions Tour 2024 Pacific Stage 2_csvs
314343,Sunset,2,13 - 7,Paper Rex,40:01,Paper Rex,Champions Tour 2024 Pacific Stage 2_csvs
314344,Icebox,1,15 - 13,Rex Regum Qeon,1:14:54,Rex Regum Qeon,Champions Tour 2024 Pacific Stage 2_csvs
314344,Ascent,2,13 - 9,Rex Regum Qeon,48:36,DetonatioN FocusMe,Champions Tour 2024 Pacific Stage 2_csvs
314345,Sunset,1,13 - 8,Team Secret,47:01,Team Secret,Champions Tour 2024 Pacific Stage 2_csvs
314345,Ascent,2,13 - 10,Team Secret,52:24,Global Esports,Champions Tour 2024 Pacific Stage 2_csvs
314346,Lotus,1,15 - 13,TALON,1:12:41,TALON,Champions Tour 2024 Pacific Stage 2_csvs
314346,Ascent,2,10 - 13,Rex Regum Qeon,52:04,Rex Regum Qeon,Champions Tour 2024 Pacific Stage 2_csvs
314346,Icebox,3,13 - 10,TALON,1:11:32,Decider,Champions Tour 2024 Pacific Stage 2_csvs
314347,Split,1,13 - 4,Paper Rex,35:36,Paper Rex,Champions Tour 2024 Pacific Stage 2_csvs
314347,Haven,2,8 - 13,DRX,44:46,DRX,Champions Tour 2024 Pacific Stage 2_csvs
314347,Icebox,3,13 - 5,Paper Rex,39:41,Decider,Champions Tour 2024 Pacific Stage 2_csvs
314348,Lotus,1,13 - 6,Global Esports,55:15,Global Esports,Champions Tour 2024 Pacific Stage 2_csvs
314348,Sunset,2,13 - 6,Global Esports,48:33,BLEED,Champions Tour 2024 Pacific Stage 2_csvs
314349,Haven,1,7 - 13,ZETA DIVISION,52:42,DetonatioN FocusMe,Champions Tour 2024 Pacific Stage 2_csvs
314349,Sunset,2,13 - 9,DetonatioN FocusMe,54:06,ZETA DIVISION,Champions Tour 2024 Pacific Stage 2_csvs
314349,Ascent,3,13 - 10,DetonatioN FocusMe,52:01,Decider,Champions Tour 2024 Pacific Stage 2_csvs
314350,Split,1,12 - 14,Rex Regum Qeon,1:03:18,DRX,Champions Tour 2024 Pacific Stage 2_csvs
314350,Sunset,2,12 - 14,Rex Regum Qeon,52:09,Rex Regum Qeon,Champions Tour 2024 Pacific Stage 2_csvs
314351,Haven,1,10 - 13,T1,52:44,Team Secret,Champions Tour 2024 Pacific Stage 2_csvs
314351,Split,2,13 - 6,Team Secret,43:21,T1,Champions Tour 2024 Pacific Stage 2_csvs
314351,Icebox,3,14 - 12,Team Secret,54:42,Decider,Champions Tour 2024 Pacific Stage 2_csvs
314352,Lotus,1,13 - 7,TALON,52:08,TALON,Champions Tour 2024 Pacific Stage 2_csvs
314352,Sunset,2,13 - 10,TALON,54:33,DetonatioN FocusMe,Champions Tour 2024 Pacific Stage 2_csvs
314353,Split,1,8 - 13,Rex Regum Qeon,50:13,Rex Regum Qeon,Champions Tour 2024 Pacific Stage 2_csvs
314353,Sunset,2,10 - 13,Rex Regum Qeon,52:35,ZETA DIVISION,Champions Tour 2024 Pacific Stage 2_csvs
314354,Icebox,1,13 - 10,Global Esports,57:42,Global Esports,Champions Tour 2024 Pacific Stage 2_csvs
314354,Lotus,2,8 - 13,T1,49:04,T1,Champions Tour 2024 Pacific Stage 2_csvs
314354,Ascent,3,8 - 13,T1,50:19,Decider,Champions Tour 2024 Pacific Stage 2_csvs
314355,Ascent,1,6 - 13,Gen.G,46:33,BLEED,Champions Tour 2024 Pacific Stage 2_csvs
314355,Sunset,2,13 - 10,BLEED,48:31,Gen.G,Champions Tour 2024 Pacific Stage 2_csvs
314355,Icebox,3,11 - 13,Gen.G,49:46,Decider,Champions Tour 2024 Pacific Stage 2_csvs
314356,Icebox,1,13 - 4,Paper Rex,49:25,DetonatioN FocusMe,Champions Tour 2024 Pacific Stage 2_csvs
314356,Sunset,2,13 - 8,Paper Rex,46:29,Paper Rex,Champions Tour 2024 Pacific Stage 2_csvs
314357,Ascent,1,11 - 13,TALON,58:10,DRX,Champions Tour 2024 Pacific Stage 2_csvs
314357,Haven,2,13 - 10,DRX,50:21,TALON,Champions Tour 2024 Pacific Stage 2_csvs
314357,Icebox,3,13 - 5,DRX,37:18,Decider,Champions Tour 2024 Pacific Stage 2_csvs
314358,Lotus,1,13 - 7,Paper Rex,52:37,Paper Rex,Champions Tour 2024 Pacific Stage 2_csvs
314358,Ascent,2,7 - 13,Rex Regum Qeon,42:11,Rex Regum Qeon,Champions Tour 2024 Pacific Stage 2_csvs
314358,Sunset,3,13 - 10,Paper Rex,47:50,Decider,Champions Tour 2024 Pacific Stage 2_csvs
314359,Lotus,1,13 - 1,Gen.G,36:36,Global Esports,Champions Tour 2024 Pacific Stage 2_csvs
314359,Ascent,2,13 - 6,Gen.G,46:43,Gen.G,Champions Tour 2024 Pacific Stage 2_csvs
314360,Icebox,1,13 - 7,DRX,56:31,DRX,Champions Tour 2024 Pacific Stage 2_csvs
314360,Ascent,2,6 - 13,DetonatioN FocusMe,38:39,DetonatioN FocusMe,Champions Tour 2024 Pacific Stage 2_csvs
314360,Haven,3,13 - 2,DRX,34:27,Decider,Champions Tour 2024 Pacific Stage 2_csvs
314361,Ascent,1,13 - 6,ZETA DIVISION,42:44,ZETA DIVISION,Champions Tour 2024 Pacific Stage 2_csvs
314361,Lotus,2,8 - 13,TALON,50:44,TALON,Champions Tour 2024 Pacific Stage 2_csvs
314361,Haven,3,13 - 8,ZETA DIVISION,45:22,Decider,Champions Tour 2024 Pacific Stage 2_csvs
314362,Sunset,1,6 - 13,Team Secret,47:26,Team Secret,Champions Tour 2024 Pacific Stage 2_csvs
314362,Lotus,2,13 - 7,Gen.G,42:55,Gen.G,Champions Tour 2024 Pacific Stage 2_csvs
314362,Split,3,12 - 14,Team Secret,1:00:59,Decider,Champions Tour 2024 Pacific Stage 2_csvs
314363,Ascent,1,9 - 13,ZETA DIVISION,50:16,ZETA DIVISION,Champions Tour 2024 Pacific Stage 2_csvs
314363,Lotus,2,13 - 8,Paper Rex,45:25,Paper Rex,Champions Tour 2024 Pacific Stage 2_csvs
314363,Sunset,3,13 - 4,Paper Rex,37:00,Decider,Champions Tour 2024 Pacific Stage 2_csvs
314364,Bind,1,13 - 11,T1,1:01:29,BLEED,Champions Tour 2024 Pacific Stage 2_csvs
314364,Lotus,2,9 - 13,BLEED,50:20,T1,Champions Tour 2024 Pacific Stage 2_csvs
314364,Ascent,3,13 - 8,T1,46:07,Decider,Champions Tour 2024 Pacific Stage 2_csvs
365316,Haven,1,13 - 8,Gen.G,1:01:06,Rex Regum Qeon,Champions Tour 2024 Pacific Stage 2_csvs
365316,Bind,2,13 - 11,Gen.G,52:16,Gen.G,Champions Tour 2024 Pacific Stage 2_csvs
365317,Lotus,1,11 - 13,TALON,1:01:48,TALON,Champions Tour 2024 Pacific Stage 2_csvs
365317,Abyss,2,11 - 13,TALON,55:48,Team Secret,Champions Tour 2024 Pacific Stage 2_csvs
365318,Ascent,1,10 - 13,Gen.G,59:34,Gen.G,Champions Tour 2024 Pacific Stage 2_csvs
365318,Icebox,2,5 - 13,Gen.G,39:00,Paper Rex,Champions Tour 2024 Pacific Stage 2_csvs
365319,Ascent,1,13 - 8,DRX,55:20,TALON,Champions Tour 2024 Pacific Stage 2_csvs
365319,Abyss,2,13 - 4,DRX,39:41,DRX,Champions Tour 2024 Pacific Stage 2_csvs
365320,Haven,1,13 - 9,Gen.G,57:01,Gen.G,Champions Tour 2024 Pacific Stage 2_csvs
365320,Sunset,2,10 - 13,DRX,53:54,DRX,Champions Tour 2024 Pacific Stage 2_csvs
365320,Bind,3,13 - 6,Gen.G,46:10,Decider,Champions Tour 2024 Pacific Stage 2_csvs
365322,Ascent,1,13 - 3,Paper Rex,40:33,TALON,Champions Tour 2024 Pacific Stage 2_csvs
365322,Sunset,2,13 - 3,Paper Rex,33:24,Paper Rex,Champions Tour 2024 Pacific Stage 2_csvs
365323,Abyss,1,7 - 13,Paper Rex,47:52,DRX,Champions Tour 2024 Pacific Stage 2_csvs
365323,Lotus,2,10 - 13,Paper Rex,43:05,Paper Rex,Champions Tour 2024 Pacific Stage 2_csvs
365323,Bind,3,13 - 10,DRX,48:48,DRX,Champions Tour 2024 Pacific Stage 2_csvs
365323,Icebox,4,13 - 10,DRX,48:59,Paper Rex,Champions Tour 2024 Pacific Stage 2_csvs
365323,Ascent,5,13 - 7,DRX,43:32,Decider,Champions Tour 2024 Pacific Stage 2_csvs
365321,Haven,1,6 - 13,DRX,45:13,Gen.G,Champions Tour 2024 Pacific Stage 2_csvs
365321,Bind,2,18 - 16,Gen.G,1:22:39,DRX,Champions Tour 2024 Pacific Stage 2_csvs
365321,Lotus,3,14 - 12,Gen.G,57:55,Gen.G,Champions Tour 2024 Pacific Stage 2_csvs
365321,Icebox,4,13 - 6,Gen.G,39:36,DRX,Champions Tour 2024 Pacific Stage 2_csvs
427991,Split,1,12 - 14,LOUD,1:13:09,LOUD,VCT 2025 Americas Kickoff_csvs
427991,Pearl,2,10 - 13,LOUD,53:34,Evil Geniuses,VCT 2025 Americas Kickoff_csvs
427992,Lotus,1,4 - 13,100 Thieves,40:14,MIBR,VCT 2025 Americas Kickoff_csvs
427992,Bind,2,9 - 13,100 Thieves,51:35,100 Thieves,VCT 2025 Americas Kickoff_csvs
427994,Haven,1,7 - 13,FURIA,54:22,2Game Esports,VCT 2025 Americas Kickoff_csvs
427994,Lotus,2,5 - 13,FURIA,38:57,FURIA,VCT 2025 Americas Kickoff_csvs
427993,Fracture,1,12 - 14,Cloud9,1:10:03,NRG,VCT 2025 Americas Kickoff_csvs
427993,Lotus,2,10 - 13,Cloud9,56:46,Cloud9,VCT 2025 Americas Kickoff_csvs
427995,Haven,1,7 - 13,LOUD,52:26,LOUD,VCT 2025 Americas Kickoff_csvs
427995,Split,2,10 - 13,LOUD,56:04,KRÜ Esports,VCT 2025 Americas Kickoff_csvs
427996,Split,1,4 - 13,100 Thieves,49:02,Sentinels,VCT 2025 Americas Kickoff_csvs
427996,Bind,2,13 - 9,Sentinels,54:05,100 Thieves,VCT 2025 Americas Kickoff_csvs
427996,Pearl,3,13 - 9,Sentinels,51:15,Decider,VCT 2025 Americas Kickoff_csvs
427998,Haven,1,13 - 8,LEVIATÁN,58:40,FURIA,VCT 2025 Americas Kickoff_csvs
427998,Split,2,13 - 6,LEVIATÁN,46:44,LEVIATÁN,VCT 2025 Americas Kickoff_csvs
427997,Lotus,1,13 - 6,G2 Esports,48:13,Cloud9,VCT 2025 Americas Kickoff_csvs
427997,Abyss,2,13 - 8,G2 Esports,48:17,G2 Esports,VCT 2025 Americas Kickoff_csvs
428003,Abyss,1,7 - 13,Evil Geniuses,1:00:42,Evil Geniuses,VCT 2025 Americas Kickoff_csvs
428003,Fracture,2,7 - 13,Evil Geniuses,48:55,FURIA,VCT 2025 Americas Kickoff_csvs
428004,Lotus,1,13 - 7,Cloud9,55:57,Cloud9,VCT 2025 Americas Kickoff_csvs
428004,Abyss,2,10 - 13,MIBR,53:31,MIBR,VCT 2025 Americas Kickoff_csvs
428004,Pearl,3,7 - 13,MIBR,47:23,Decider,VCT 2025 Americas Kickoff_csvs
428006,Abyss,1,13 - 3,KRÜ Esports,50:41,2Game Esports,VCT 2025 Americas Kickoff_csvs
428006,Split,2,13 - 2,KRÜ Esports,38:23,KRÜ Esports,VCT 2025 Americas Kickoff_csvs
428005,Lotus,1,14 - 12,100 Thieves,1:19:06,100 Thieves,VCT 2025 Americas Kickoff_csvs
428005,Pearl,2,9 - 13,NRG,57:20,NRG,VCT 2025 Americas Kickoff_csvs
428005,Bind,3,9 - 13,NRG,56:00,Decider,VCT 2025 Americas Kickoff_csvs
427999,Lotus,1,13 - 11,LOUD,1:12:39,LOUD,VCT 2025 Americas Kickoff_csvs
427999,Pearl,2,11 - 13,Sentinels,55:49,Sentinels,VCT 2025 Americas Kickoff_csvs
427999,Split,3,9 - 13,Sentinels,48:58,Decider,VCT 2025 Americas Kickoff_csvs
428000,Pearl,1,13 - 5,G2 Esports,55:44,G2 Esports,VCT 2025 Americas Kickoff_csvs
428000,Fracture,2,13 - 9,G2 Esports,48:43,LEVIATÁN,VCT 2025 Americas Kickoff_csvs
428007,Abyss,1,10 - 13,MIBR,1:05:03,MIBR,VCT 2025 Americas Kickoff_csvs
428007,Split,2,3 - 13,MIBR,38:31,Evil Geniuses,VCT 2025 Americas Kickoff_csvs
428008,Abyss,1,8 - 13,KRÜ Esports,1:00:37,KRÜ Esports,VCT 2025 Americas Kickoff_csvs
428008,Haven,2,13 - 10,NRG,54:23,NRG,VCT 2025 Americas Kickoff_csvs
428008,Bind,3,7 - 13,KRÜ Esports,46:50,Decider,VCT 2025 Americas Kickoff_csvs
428009,Lotus,1,13 - 7,LEVIATÁN,1:04:05,LEVIATÁN,VCT 2025 Americas Kickoff_csvs
428009,Pearl,2,9 - 13,MIBR,51:33,MIBR,VCT 2025 Americas Kickoff_csvs
428009,Split,3,12 - 14,MIBR,57:46,Decider,VCT 2025 Americas Kickoff_csvs
428010,Bind,1,5 - 13,KRÜ Esports,49:17,KRÜ Esports,VCT 2025 Americas Kickoff_csvs
428010,Haven,2,11 - 13,KRÜ Esports,55:40,LOUD,VCT 2025 Americas Kickoff_csvs
428001,Abyss,1,7 - 13,G2 Esports,1:03:27,G2 Esports,VCT 2025 Americas Kickoff_csvs
428001,Pearl,2,7 - 13,G2 Esports,45:55,Sentinels,VCT 2025 Americas Kickoff_csvs
428011,Bind,1,8 - 13,KRÜ Esports,1:01:39,KRÜ Esports,VCT 2025 Americas Kickoff_csvs
428011,Abyss,2,13 - 8,MIBR,46:51,MIBR,VCT 2025 Americas Kickoff_csvs
428011,Split,3,13 - 11,MIBR,56:34,Decider,VCT 2025 Americas Kickoff_csvs
428012,Lotus,1,13 - 7,Sentinels,54:21,Sentinels,VCT 2025 Americas Kickoff_csvs
428012,Abyss,2,13 - 5,Sentinels,42:35,MIBR,VCT 2025 Americas Kickoff_csvs
428012,Pearl,3,19 - 21,MIBR,1:38:58,Sentinels,VCT 2025 Americas Kickoff_csvs
428012,Split,4,13 - 7,Sentinels,48:24,MIBR,VCT 2025 Americas Kickoff_csvs
428002,Split,1,4 - 13,Sentinels,49:03,G2 Esports,VCT 2025 Americas Kickoff_csvs
428002,Pearl,2,13 - 8,G2 Esports,50:39,Sentinels,VCT 2025 Americas Kickoff_csvs
428002,Abyss,3,9 - 13,Sentinels,47:58,G2 Esports,VCT 2025 Americas Kickoff_csvs
428002,Fracture,4,13 - 5,G2 Esports,34:08,Sentinels,VCT 2025 Americas Kickoff_csvs
428002,Haven,5,13 - 10,G2 Esports,52:56,Decider,VCT 2025 Americas Kickoff_csvs
459517,Lotus,1,6 - 13,NRG,54:13,NRG,VCT 2025 Americas Stage 1_csvs
459517,Fracture,2,13 - 5,Cloud9,38:15,Cloud9,VCT 2025 Americas Stage 1_csvs
459517,Pearl,3,13 - 9,Cloud9,48:35,Decider,VCT 2025 Americas Stage 1_csvs
459518,Fracture,1,3 - 13,LOUD,46:33,VISA KRÜ(KRÜ Esports),VCT 2025 Americas Stage 1_csvs
459518,Haven,2,13 - 2,VISA KRÜ(KRÜ Esports),34:40,LOUD,VCT 2025 Americas Stage 1_csvs
459518,Split,3,13 - 10,VISA KRÜ(KRÜ Esports),59:53,Decider,VCT 2025 Americas Stage 1_csvs
459519,Lotus,1,13 - 10,G2 Esports,1:06:57,G2 Esports,VCT 2025 Americas Stage 1_csvs
459519,Ascent,2,13 - 7,G2 Esports,46:33,FURIA,VCT 2025 Americas Stage 1_csvs
459520,Split,1,13 - 7,MIBR,50:40,LEVIATÁN,VCT 2025 Americas Stage 1_csvs
459520,Icebox,2,13 - 8,MIBR,52:57,MIBR,VCT 2025 Americas Stage 1_csvs
459521,Haven,1,11 - 13,Evil Geniuses,58:34,2Game Esports,VCT 2025 Americas Stage 1_csvs
459521,Lotus,2,8 - 13,Evil Geniuses,46:25,Evil Geniuses,VCT 2025 Americas Stage 1_csvs
459522,Pearl,1,13 - 5,Sentinels,47:37,Sentinels,VCT 2025 Americas Stage 1_csvs
459522,Haven,2,9 - 13,100 Thieves,42:21,100 Thieves,VCT 2025 Americas Stage 1_csvs
459522,Split,3,13 - 1,Sentinels,32:58,Decider,VCT 2025 Americas Stage 1_csvs
459523,Lotus,1,10 - 13,FURIA,1:03:20,NRG,VCT 2025 Americas Stage 1_csvs
459523,Pearl,2,13 - 2,NRG,38:07,FURIA,VCT 2025 Americas Stage 1_csvs
459523,Fracture,3,13 - 4,NRG,37:29,Decider,VCT 2025 Americas Stage 1_csvs
459524,Lotus,1,7 - 13,VISA KRÜ(KRÜ Esports),52:17,Sentinels,VCT 2025 Americas Stage 1_csvs
459524,Icebox,2,8 - 13,VISA KRÜ(KRÜ Esports),48:28,VISA KRÜ(KRÜ Esports),VCT 2025 Americas Stage 1_csvs
459525,Fracture,1,13 - 10,100 Thieves,54:51,Evil Geniuses,VCT 2025 Americas Stage 1_csvs
459525,Haven,2,13 - 7,100 Thieves,44:46,100 Thieves,VCT 2025 Americas Stage 1_csvs
459526,Pearl,1,12 - 14,MIBR,1:10:31,MIBR,VCT 2025 Americas Stage 1_csvs
459526,Haven,2,13 - 11,G2 Esports,1:03:03,G2 Esports,VCT 2025 Americas Stage 1_csvs
459526,Ascent,3,13 - 8,G2 Esports,48:09,Decider,VCT 2025 Americas Stage 1_csvs
459527,Lotus,1,12 - 14,2Game Esports,1:14:14,LOUD,VCT 2025 Americas Stage 1_csvs
459527,Pearl,2,11 - 13,2Game Esports,58:40,2Game Esports,VCT 2025 Americas Stage 1_csvs
459528,Split,1,8 - 13,Cloud9,1:03:43,Cloud9,VCT 2025 Americas Stage 1_csvs
459528,Ascent,2,3 - 13,Cloud9,33:55,LEVIATÁN,VCT 2025 Americas Stage 1_csvs
459529,Haven,1,4 - 13,Sentinels,48:27,Evil Geniuses,VCT 2025 Americas Stage 1_csvs
459529,Pearl,2,6 - 13,Sentinels,48:01,Sentinels,VCT 2025 Americas Stage 1_csvs
459530,Haven,1,6 - 13,LOUD,51:00,Decider,VCT 2025 Americas Stage 1_csvs
459530,Icebox,2,13 - 11,100 Thieves,55:05,Decider,VCT 2025 Americas Stage 1_csvs
459530,Split,3,13 - 8,100 Thieves,50:57,Decider,VCT 2025 Americas Stage 1_csvs
459531,Icebox,1,6 - 13,VISA KRÜ(KRÜ Esports),54:19,VISA KRÜ(KRÜ Esports),VCT 2025 Americas Stage 1_csvs
459531,Ascent,2,13 - 6,2Game Esports,47:05,2Game Esports,VCT 2025 Americas Stage 1_csvs
459531,Pearl,3,6 - 13,VISA KRÜ(KRÜ Esports),44:57,Decider,VCT 2025 Americas Stage 1_csvs
459532,Lotus,1,13 - 1,G2 Esports,39:18,NRG,VCT 2025 Americas Stage 1_csvs
459532,Ascent,2,13 - 6,G2 Esports,45:13,G2 Esports,VCT 2025 Americas Stage 1_csvs
459533,Ascent,1,4 - 13,LEVIATÁN,45:56,FURIA,VCT 2025 Americas Stage 1_csvs
459533,Pearl,2,5 - 13,LEVIATÁN,42:06,LEVIATÁN,VCT 2025 Americas Stage 1_csvs
459534,Pearl,1,13 - 9,Cloud9,1:00:19,MIBR,VCT 2025 Americas Stage 1_csvs
459534,Lotus,2,13 - 15,MIBR,1:01:15,Cloud9,VCT 2025 Americas Stage 1_csvs
459534,Haven,3,11 - 13,MIBR,54:53,Decider,VCT 2025 Americas Stage 1_csvs
459535,Ascent,1,15 - 13,100 Thieves,1:14:32,2Game Esports,VCT 2025 Americas Stage 1_csvs
459535,Icebox,2,13 - 6,100 Thieves,40:50,100 Thieves,VCT 2025 Americas Stage 1_csvs
459536,Lotus,1,13 - 10,G2 Esports,1:03:37,G2 Esports,VCT 2025 Americas Stage 1_csvs
459536,Fracture,2,11 - 13,LEVIATÁN,55:09,LEVIATÁN,VCT 2025 Americas Stage 1_csvs
459536,Haven,3,13 - 7,G2 Esports,44:09,Decider,VCT 2025 Americas Stage 1_csvs
459537,Lotus,1,14 - 16,Cloud9,1:20:37,FURIA,VCT 2025 Americas Stage 1_csvs
459537,Pearl,2,1 - 13,Cloud9,33:41,Cloud9,VCT 2025 Americas Stage 1_csvs
459538,Split,1,13 - 10,Sentinels,1:03:10,Sentinels,VCT 2025 Americas Stage 1_csvs
459538,Lotus,2,11 - 13,LOUD,55:13,LOUD,VCT 2025 Americas Stage 1_csvs
459538,Haven,3,13 - 5,Sentinels,36:15,Decider,VCT 2025 Americas Stage 1_csvs
459539,Lotus,1,4 - 13,Evil Geniuses,53:00,VISA KRÜ(KRÜ Esports),VCT 2025 Americas Stage 1_csvs
459539,Pearl,2,7 - 13,Evil Geniuses,50:32,Evil Geniuses,VCT 2025 Americas Stage 1_csvs
459540,Haven,1,6 - 13,MIBR,49:42,NRG,VCT 2025 Americas Stage 1_csvs
459540,Icebox,2,5 - 13,MIBR,41:04,MIBR,VCT 2025 Americas Stage 1_csvs
459541,Icebox,1,13 - 5,G2 Esports,48:28,Cloud9,VCT 2025 Americas Stage 1_csvs
459541,Haven,2,4 - 13,Cloud9,35:56,G2 Esports,VCT 2025 Americas Stage 1_csvs
459541,Pearl,3,13 - 11,G2 Esports,55:53,Decider,VCT 2025 Americas Stage 1_csvs
459542,Icebox,1,13 - 3,MIBR,49:18,MIBR,VCT 2025 Americas Stage 1_csvs
459542,Ascent,2,9 - 13,FURIA,45:32,FURIA,VCT 2025 Americas Stage 1_csvs
459542,Split,3,13 - 8,MIBR,44:36,Decider,VCT 2025 Americas Stage 1_csvs
459543,Haven,1,13 - 4,Sentinels,53:37,2Game Esports,VCT 2025 Americas Stage 1_csvs
459543,Pearl,2,13 - 5,Sentinels,47:59,Sentinels,VCT 2025 Americas Stage 1_csvs
459544,Fracture,1,13 - 10,VISA KRÜ(KRÜ Esports),49:14,100 Thieves,VCT 2025 Americas Stage 1_csvs
459544,Icebox,2,13 - 9,VISA KRÜ(KRÜ Esports),50:50,VISA KRÜ(KRÜ Esports),VCT 2025 Americas Stage 1_csvs
459545,Lotus,1,11 - 13,LOUD,1:02:10,LOUD,VCT 2025 Americas Stage 1_csvs
459545,Pearl,2,14 - 12,Evil Geniuses,1:19:08,Evil Geniuses,VCT 2025 Americas Stage 1_csvs
459545,Split,3,13 - 11,Evil Geniuses,57:18,Decider,VCT 2025 Americas Stage 1_csvs
459546,Fracture,1,13 - 15,NRG,1:01:26,NRG,VCT 2025 Americas Stage 1_csvs
459546,Icebox,2,8 - 13,NRG,44:28,LEVIATÁN,VCT 2025 Americas Stage 1_csvs
475897,Split,1,13 - 10,MIBR,1:06:50,100 Thieves,VCT 2025 Americas Stage 1_csvs
475897,Icebox,2,13 - 4,MIBR,37:57,MIBR,VCT 2025 Americas Stage 1_csvs
475898,Ascent,1,13 - 9,Sentinels,57:32,Cloud9,VCT 2025 Americas Stage 1_csvs
475898,Pearl,2,13 - 9,Sentinels,1:30:48,Sentinels,VCT 2025 Americas Stage 1_csvs
475903,Fracture,1,13 - 5,100 Thieves,55:46,100 Thieves,VCT 2025 Americas Stage 1_csvs
475903,Haven,2,13 - 11,100 Thieves,52:32,NRG,VCT 2025 Americas Stage 1_csvs
475904,Fracture,1,9 - 13,Evil Geniuses,57:18,Evil Geniuses,VCT 2025 Americas Stage 1_csvs
475904,Icebox,2,13 - 15,Evil Geniuses,1:06:17,Cloud9,VCT 2025 Americas Stage 1_csvs
475899,Lotus,1,8 - 13,MIBR,58:52,VISA KRÜ(KRÜ Esports),VCT 2025 Americas Stage 1_csvs
475899,Icebox,2,5 - 13,MIBR,36:49,MIBR,VCT 2025 Americas Stage 1_csvs
475900,Split,1,13 - 5,G2 Esports,52:23,Sentinels,VCT 2025 Americas Stage 1_csvs
475900,Icebox,2,11 - 13,Sentinels,54:31,G2 Esports,VCT 2025 Americas Stage 1_csvs
475900,Ascent,3,11 - 13,Sentinels,56:50,Decider,VCT 2025 Americas Stage 1_csvs
475906,Lotus,1,12 - 14,Evil Geniuses,1:17:07,Evil Geniuses,VCT 2025 Americas Stage 1_csvs
475906,Icebox,2,11 - 13,Evil Geniuses,56:08,VISA KRÜ(KRÜ Esports),VCT 2025 Americas Stage 1_csvs
475905,Haven,1,13 - 4,G2 Esports,52:43,100 Thieves,VCT 2025 Americas Stage 1_csvs
475905,Split,2,12 - 14,100 Thieves,1:00:10,G2 Esports,VCT 2025 Americas Stage 1_csvs
475905,Pearl,3,16 - 14,G2 Esports,1:10:55,Decider,VCT 2025 Americas Stage 1_csvs
475901,Lotus,1,7 - 13,Sentinels,1:27:20,MIBR,VCT 2025 Americas Stage 1_csvs
475901,Split,2,11 - 13,Sentinels,55:23,Sentinels,VCT 2025 Americas Stage 1_csvs
475907,Lotus,1,9 - 13,Evil Geniuses,1:02:48,Evil Geniuses,VCT 2025 Americas Stage 1_csvs
475907,Split,2,13 - 7,G2 Esports,46:03,G2 Esports,VCT 2025 Americas Stage 1_csvs
475907,Pearl,3,13 - 11,G2 Esports,57:09,Decider,VCT 2025 Americas Stage 1_csvs
475908,Haven,1,13 - 10,MIBR,1:07:02,MIBR,VCT 2025 Americas Stage 1_csvs
475908,Lotus,2,13 - 15,G2 Esports,1:05:11,G2 Esports,VCT 2025 Americas Stage 1_csvs
475908,Split,3,10 - 13,G2 Esports,56:00,MIBR,VCT 2025 Americas Stage 1_csvs
475908,Ascent,4,8 - 13,G2 Esports,44:37,G2 Esports,VCT 2025 Americas Stage 1_csvs
475902,Haven,1,9 - 13,G2 Esports,1:04:24,Sentinels,VCT 2025 Americas Stage 1_csvs
475902,Split,2,9 - 13,G2 Esports,47:11,G2 Esports,VCT 2025 Americas Stage 1_csvs
475902,Pearl,3,13 - 10,Sentinels,55:28,Sentinels,VCT 2025 Americas Stage 1_csvs
475902,Ascent,4,10 - 13,G2 Esports,55:21,G2 Esports,VCT 2025 Americas Stage 1_csvs
509801,Haven,1,13 - 5,Cloud9,51:54,FURIA,VCT 2025 Americas Stage 2_csvs
509801,Bind,2,13 - 4,Cloud9,39:12,Cloud9,VCT 2025 Americas Stage 2_csvs
509802,Bind,1,13 - 10,LEVIATÁN,52:51,LEVIATÁN,VCT 2025 Americas Stage 2_csvs
509802,Ascent,2,10 - 13,LOUD,48:25,LOUD,VCT 2025 Americas Stage 2_csvs
509802,Icebox,3,11 - 13,LOUD,54:22,Decider,VCT 2025 Americas Stage 2_csvs
509803,Sunset,1,7 - 13,2Game Esports,56:02,2Game Esports,VCT 2025 Americas Stage 2_csvs
509803,Lotus,2,13 - 11,Evil Geniuses,57:27,Evil Geniuses,VCT 2025 Americas Stage 2_csvs
509803,Ascent,3,13 - 9,Evil Geniuses,49:23,Decider,VCT 2025 Americas Stage 2_csvs
509804,Corrode,1,13 - 9,MIBR,57:52,VISA KRÜ(KRÜ Esports),VCT 2025 Americas Stage 2_csvs
509804,Ascent,2,1 - 13,VISA KRÜ(KRÜ Esports),30:42,MIBR,VCT 2025 Americas Stage 2_csvs
509804,Haven,3,9 - 13,VISA KRÜ(KRÜ Esports),47:42,Decider,VCT 2025 Americas Stage 2_csvs
509805,Bind,1,13 - 10,100 Thieves,1:03:22,100 Thieves,VCT 2025 Americas Stage 2_csvs
509805,Sunset,2,13 - 4,100 Thieves,32:59,NRG,VCT 2025 Americas Stage 2_csvs
509806,Corrode,1,13 - 8,Sentinels,55:23,Sentinels,VCT 2025 Americas Stage 2_csvs
509806,Ascent,2,6 - 13,G2 Esports,48:11,G2 Esports,VCT 2025 Americas Stage 2_csvs
509806,Lotus,3,14 - 12,Sentinels,1:00:49,Decider,VCT 2025 Americas Stage 2_csvs
509807,Ascent,1,8 - 13,G2 Esports,1:02:41,2Game Esports,VCT 2025 Americas Stage 2_csvs
509807,Haven,2,5 - 13,G2 Esports,41:13,G2 Esports,VCT 2025 Americas Stage 2_csvs
509808,Sunset,1,4 - 13,Sentinels,41:59,Sentinels,VCT 2025 Americas Stage 2_csvs
509808,Icebox,2,0 - 13,Sentinels,33:49,FURIA,VCT 2025 Americas Stage 2_csvs
509809,Corrode,1,13 - 4,100 Thieves,45:15,VISA KRÜ(KRÜ Esports),VCT 2025 Americas Stage 2_csvs
509809,Bind,2,13 - 5,100 Thieves,39:57,100 Thieves,VCT 2025 Americas Stage 2_csvs
509810,Haven,1,13 - 4,NRG,44:37,LOUD,VCT 2025 Americas Stage 2_csvs
509810,Corrode,2,13 - 9,NRG,51:55,NRG,VCT 2025 Americas Stage 2_csvs
509811,Lotus,1,13 - 7,Cloud9,42:40,Evil Geniuses,VCT 2025 Americas Stage 2_csvs
509811,Haven,2,13 - 10,Cloud9,57:15,Cloud9,VCT 2025 Americas Stage 2_csvs
509812,Lotus,1,8 - 13,LEVIATÁN,55:55,MIBR,VCT 2025 Americas Stage 2_csvs
509812,Sunset,2,3 - 13,LEVIATÁN,58:40,LEVIATÁN,VCT 2025 Americas Stage 2_csvs
509813,Corrode,1,12 - 14,FURIA,1:13:27,FURIA,VCT 2025 Americas Stage 2_csvs
509813,Sunset,2,13 - 3,2Game Esports,36:01,2Game Esports,VCT 2025 Americas Stage 2_csvs
509813,Ascent,3,13 - 2,2Game Esports,35:52,Decider,VCT 2025 Americas Stage 2_csvs
509814,Lotus,1,7 - 13,NRG,51:57,NRG,VCT 2025 Americas Stage 2_csvs
509814,Haven,2,14 - 12,LEVIATÁN,56:20,LEVIATÁN,VCT 2025 Americas Stage 2_csvs
509814,Icebox,3,11 - 13,NRG,54:22,Decider,VCT 2025 Americas Stage 2_csvs
509815,Lotus,1,13 - 5,Sentinels,43:19,Sentinels,VCT 2025 Americas Stage 2_csvs
509815,Haven,2,13 - 9,Sentinels,49:12,Cloud9,VCT 2025 Americas Stage 2_csvs
509816,Icebox,1,13 - 10,MIBR,59:01,MIBR,VCT 2025 Americas Stage 2_csvs
509816,Bind,2,14 - 12,MIBR,1:02:04,100 Thieves,VCT 2025 Americas Stage 2_csvs
509817,Corrode,1,11 - 13,Evil Geniuses,1:09:50,G2 Esports,VCT 2025 Americas Stage 2_csvs
509817,Haven,2,13 - 4,G2 Esports,39:40,Evil Geniuses,VCT 2025 Americas Stage 2_csvs
509817,Ascent,3,13 - 4,G2 Esports,39:26,Decider,VCT 2025 Americas Stage 2_csvs
509818,Haven,1,7 - 13,VISA KRÜ(KRÜ Esports),49:07,LOUD,VCT 2025 Americas Stage 2_csvs
509818,Bind,2,13 - 9,LOUD,45:15,VISA KRÜ(KRÜ Esports),VCT 2025 Americas Stage 2_csvs
509818,Ascent,3,4 - 13,VISA KRÜ(KRÜ Esports),38:39,Decider,VCT 2025 Americas Stage 2_csvs
509819,Bind,1,13 - 1,Cloud9,44:15,Cloud9,VCT 2025 Americas Stage 2_csvs
509819,Lotus,2,13 - 7,Cloud9,45:35,2Game Esports,VCT 2025 Americas Stage 2_csvs
509820,Lotus,1,13 - 15,NRG,1:11:32,NRG,VCT 2025 Americas Stage 2_csvs
509820,Bind,2,10 - 13,NRG,55:22,MIBR,VCT 2025 Americas Stage 2_csvs
509821,Lotus,1,13 - 8,Sentinels,1:02:27,Sentinels,VCT 2025 Americas Stage 2_csvs
509821,Corrode,2,13 - 4,Sentinels,38:56,Evil Geniuses,VCT 2025 Americas Stage 2_csvs
509822,Bind,1,6 - 13,VISA KRÜ(KRÜ Esports),51:53,LEVIATÁN,VCT 2025 Americas Stage 2_csvs
509822,Haven,2,13 - 10,LEVIATÁN,47:12,VISA KRÜ(KRÜ Esports),VCT 2025 Americas Stage 2_csvs
509822,Ascent,3,13 - 4,LEVIATÁN,38:35,Decider,VCT 2025 Americas Stage 2_csvs
509823,Corrode,1,2 - 13,G2 Esports,49:02,FURIA,VCT 2025 Americas Stage 2_csvs
509823,Ascent,2,5 - 13,G2 Esports,44:58,G2 Esports,VCT 2025 Americas Stage 2_csvs
509824,Sunset,1,13 - 2,LOUD,41:30,LOUD,VCT 2025 Americas Stage 2_csvs
509824,Bind,2,7 - 13,100 Thieves,47:13,100 Thieves,VCT 2025 Americas Stage 2_csvs
509824,Lotus,3,12 - 14,100 Thieves,1:01:52,Decider,VCT 2025 Americas Stage 2_csvs
509825,Sunset,1,13 - 6,VISA KRÜ(KRÜ Esports),1:01:21,VISA KRÜ(KRÜ Esports),VCT 2025 Americas Stage 2_csvs
509825,Lotus,2,7 - 13,NRG,45:11,NRG,VCT 2025 Americas Stage 2_csvs
509825,Haven,3,5 - 13,NRG,36:46,Decider,VCT 2025 Americas Stage 2_csvs
509826,Haven,1,13 - 10,100 Thieves,54:45,100 Thieves,VCT 2025 Americas Stage 2_csvs
509826,Sunset,2,10 - 13,LEVIATÁN,50:32,LEVIATÁN,VCT 2025 Americas Stage 2_csvs
509826,Lotus,3,2 - 13,LEVIATÁN,35:11,Decider,VCT 2025 Americas Stage 2_csvs
509827,Corrode,1,6 - 13,Evil Geniuses,52:56,Evil Geniuses,VCT 2025 Americas Stage 2_csvs
509827,Ascent,2,9 - 13,Evil Geniuses,52:13,FURIA,VCT 2025 Americas Stage 2_csvs
509829,Sunset,1,13 - 9,2Game Esports,54:40,2Game Esports,VCT 2025 Americas Stage 2_csvs
509829,Lotus,2,4 - 13,Sentinels,36:33,Sentinels,VCT 2025 Americas Stage 2_csvs
509829,Haven,3,4 - 13,Sentinels,33:10,Decider,VCT 2025 Americas Stage 2_csvs
509830,Ascent,1,13 - 8,G2 Esports,1:02:42,G2 Esports,VCT 2025 Americas Stage 2_csvs
509830,Lotus,2,13 - 9,G2 Esports,49:26,Cloud9,VCT 2025 Americas Stage 2_csvs
509831,Icebox,1,13 - 11,MIBR,58:00,MIBR,VCT 2025 Americas Stage 2_csvs
509831,Sunset,2,13 - 10,MIBR,56:01,LOUD,VCT 2025 Americas Stage 2_csvs
530902,Corrode,1,10 - 13,Cloud9,1:08:00,Cloud9,VCT 2025 Americas Stage 2_csvs
530902,Haven,2,13 - 10,LEVIATÁN,53:10,LEVIATÁN,VCT 2025 Americas Stage 2_csvs
530902,Lotus,3,11 - 13,Cloud9,1:00:40,Decider,VCT 2025 Americas Stage 2_csvs
530903,Sunset,1,13 - 4,G2 Esports,44:03,100 Thieves,VCT 2025 Americas Stage 2_csvs
530903,Haven,2,13 - 5,G2 Esports,38:36,G2 Esports,VCT 2025 Americas Stage 2_csvs
530906,Corrode,1,13 - 10,Sentinels,1:08:19,Sentinels,VCT 2025 Americas Stage 2_csvs
530906,Icebox,2,9 - 13,Cloud9,51:39,Cloud9,VCT 2025 Americas Stage 2_csvs
530906,Lotus,3,13 - 10,Sentinels,53:20,Decider,VCT 2025 Americas Stage 2_csvs
530907,Corrode,1,13 - 10,NRG,56:09,NRG,VCT 2025 Americas Stage 2_csvs
530907,Sunset,2,11 - 13,G2 Esports,52:44,G2 Esports,VCT 2025 Americas Stage 2_csvs
530907,Bind,3,7 - 13,G2 Esports,41:19,Decider,VCT 2025 Americas Stage 2_csvs
530904,Lotus,1,14 - 12,LEVIATÁN,1:03:39,LEVIATÁN,VCT 2025 Americas Stage 2_csvs
530904,Sunset,2,6 - 13,VISA KRÜ(KRÜ Esports),42:57,VISA KRÜ(KRÜ Esports),VCT 2025 Americas Stage 2_csvs
530904,Haven,3,13 - 8,LEVIATÁN,47:17,Decider,VCT 2025 Americas Stage 2_csvs
530905,Bind,1,13 - 4,100 Thieves,49:08,100 Thieves,VCT 2025 Americas Stage 2_csvs
530905,Corrode,2,14 - 12,100 Thieves,1:02:16,Evil Geniuses,VCT 2025 Americas Stage 2_csvs
530908,Ascent,1,13 - 2,NRG,46:31,LEVIATÁN,VCT 2025 Americas Stage 2_csvs
530908,Icebox,2,13 - 2,NRG,28:36,NRG,VCT 2025 Americas Stage 2_csvs
530909,Haven,1,13 - 9,Cloud9,56:18,100 Thieves,VCT 2025 Americas Stage 2_csvs
530909,Icebox,2,14 - 12,Cloud9,58:37,Cloud9,VCT 2025 Americas Stage 2_csvs
530910,Bind,1,8 - 13,G2 Esports,1:00:32,G2 Esports,VCT 2025 Americas Stage 2_csvs
530910,Sunset,2,9 - 13,G2 Esports,51:24,Sentinels,VCT 2025 Americas Stage 2_csvs
530911,Corrode,1,13 - 2,NRG,35:19,Cloud9,VCT 2025 Americas Stage 2_csvs
530911,Lotus,2,13 - 10,NRG,56:24,Decider,VCT 2025 Americas Stage 2_csvs
530911,Haven,3,10 - 13,Cloud9,58:24,NRG,VCT 2025 Americas Stage 2_csvs
536985,Corrode,1,13 - 4,Team Alpha,47:37,Decider,VCT 2025 Americas Stage 2_csvs
530912,Lotus,1,4 - 13,NRG,52:00,Sentinels,VCT 2025 Americas Stage 2_csvs
530912,Icebox,2,11 - 13,NRG,56:12,NRG,VCT 2025 Americas Stage 2_csvs
530912,Sunset,3,13 - 10,Sentinels,1:05:22,Sentinels,VCT 2025 Americas Stage 2_csvs
530912,Corrode,4,8 - 13,NRG,50:12,NRG,VCT 2025 Americas Stage 2_csvs
530913,Bind,1,13 - 11,G2 Esports,1:07:17,G2 Esports,VCT 2025 Americas Stage 2_csvs
530913,Lotus,2,13 - 8,G2 Esports,45:34,NRG,VCT 2025 Americas Stage 2_csvs
530913,Ascent,3,13 - 10,G2 Esports,49:24,G2 Esports,VCT 2025 Americas Stage 2_csvs
430838,Fracture,1,11 - 13,Titan Esports Club,-,Titan Esports Club,VCT 2025 China Kickoff_csvs
430838,Abyss,2,10 - 13,Titan Esports Club,-,TYLOO,VCT 2025 China Kickoff_csvs
430837,Lotus,1,13 - 11,Xi Lai Gaming,-,Xi Lai Gaming,VCT 2025 China Kickoff_csvs
430837,Split,2,13 - 9,Xi Lai Gaming,-,Wolves Esports,VCT 2025 China Kickoff_csvs
430839,Abyss,1,5 - 13,Dragon Ranger Gaming,-,JD Mall JDG Esports(JDG Esports),VCT 2025 China Kickoff_csvs
430839,Haven,2,15 - 13,JD Mall JDG Esports(JDG Esports),-,Dragon Ranger Gaming,VCT 2025 China Kickoff_csvs
430839,Bind,3,7 - 13,Dragon Ranger Gaming,-,Decider,VCT 2025 China Kickoff_csvs
430840,Abyss,1,8 - 13,Nova Esports,-,Nova Esports,VCT 2025 China Kickoff_csvs
430840,Bind,2,3 - 13,Nova Esports,-,All Gamers,VCT 2025 China Kickoff_csvs
430842,Abyss,1,11 - 13,Titan Esports Club,-,Titan Esports Club,VCT 2025 China Kickoff_csvs
430842,Fracture,2,13 - 7,FunPlus Phoenix,-,FunPlus Phoenix,VCT 2025 China Kickoff_csvs
430842,Pearl,3,13 - 6,FunPlus Phoenix,-,Decider,VCT 2025 China Kickoff_csvs
430841,Haven,1,11 - 13,Xi Lai Gaming,-,Xi Lai Gaming,VCT 2025 China Kickoff_csvs
430841,Lotus,2,13 - 11,Bilibili Gaming,-,Bilibili Gaming,VCT 2025 China Kickoff_csvs
430841,Abyss,3,13 - 11,Bilibili Gaming,-,Decider,VCT 2025 China Kickoff_csvs
430843,Pearl,1,13 - 8,Trace Esports,-,Trace Esports,VCT 2025 China Kickoff_csvs
430843,Abyss,2,13 - 7,Trace Esports,-,Dragon Ranger Gaming,VCT 2025 China Kickoff_csvs
430844,Split,1,13 - 8,EDward Gaming,-,Nova Esports,VCT 2025 China Kickoff_csvs
430844,Fracture,2,13 - 10,EDward Gaming,-,EDward Gaming,VCT 2025 China Kickoff_csvs
430851,Fracture,1,9 - 13,JD Mall JDG Esports(JDG Esports),-,JD Mall JDG Esports(JDG Esports),VCT 2025 China Kickoff_csvs
430851,Abyss,2,3 - 13,JD Mall JDG Esports(JDG Esports),-,Titan Esports Club,VCT 2025 China Kickoff_csvs
430853,Abyss,1,8 - 13,All Gamers,-,All Gamers,VCT 2025 China Kickoff_csvs
430853,Bind,2,13 - 1,Xi Lai Gaming,-,Xi Lai Gaming,VCT 2025 China Kickoff_csvs
430853,Lotus,3,13 - 4,Xi Lai Gaming,-,Decider,VCT 2025 China Kickoff_csvs
430850,Pearl,1,13 - 6,Dragon Ranger Gaming,-,TYLOO,VCT 2025 China Kickoff_csvs
430850,Haven,2,13 - 10,Dragon Ranger Gaming,-,Dragon Ranger Gaming,VCT 2025 China Kickoff_csvs
430849,Fracture,1,13 - 11,Nova Esports,-,Wolves Esports,VCT 2025 China Kickoff_csvs
430849,Abyss,2,8 - 13,Wolves Esports,-,Nova Esports,VCT 2025 China Kickoff_csvs
430849,Split,3,13 - 6,Nova Esports,-,Decider,VCT 2025 China Kickoff_csvs
430845,Bind,1,13 - 11,Bilibili Gaming,-,Bilibili Gaming,VCT 2025 China Kickoff_csvs
430845,Lotus,2,13 - 9,Bilibili Gaming,-,FunPlus Phoenix,VCT 2025 China Kickoff_csvs
430846,Lotus,1,13 - 4,Trace Esports,-,Trace Esports,VCT 2025 China Kickoff_csvs
430846,Bind,2,13 - 4,Trace Esports,-,EDward Gaming,VCT 2025 China Kickoff_csvs
430854,Pearl,1,8 - 13,Dragon Ranger Gaming,-,Dragon Ranger Gaming,VCT 2025 China Kickoff_csvs
430854,Bind,2,7 - 13,Dragon Ranger Gaming,-,Nova Esports,VCT 2025 China Kickoff_csvs
430855,Pearl,1,13 - 9,JD Mall JDG Esports(JDG Esports),-,JD Mall JDG Esports(JDG Esports),VCT 2025 China Kickoff_csvs
430855,Bind,2,4 - 13,Xi Lai Gaming,-,Xi Lai Gaming,VCT 2025 China Kickoff_csvs
430855,Haven,3,6 - 13,Xi Lai Gaming,-,Decider,VCT 2025 China Kickoff_csvs
430856,Abyss,1,11 - 13,Dragon Ranger Gaming,-,Dragon Ranger Gaming,VCT 2025 China Kickoff_csvs
430856,Pearl,2,13 - 1,FunPlus Phoenix,-,FunPlus Phoenix,VCT 2025 China Kickoff_csvs
430856,Haven,3,7 - 13,Dragon Ranger Gaming,-,Decider,VCT 2025 China Kickoff_csvs
430857,Lotus,1,12 - 14,Xi Lai Gaming,-,EDward Gaming,VCT 2025 China Kickoff_csvs
430857,Bind,2,13 - 10,EDward Gaming,-,Xi Lai Gaming,VCT 2025 China Kickoff_csvs
430857,Haven,3,13 - 0,EDward Gaming,-,Decider,VCT 2025 China Kickoff_csvs
430847,Bind,1,8 - 13,Trace Esports,-,Trace Esports,VCT 2025 China Kickoff_csvs
430847,Haven,2,13 - 10,Bilibili Gaming,-,Bilibili Gaming,VCT 2025 China Kickoff_csvs
430847,Lotus,3,6 - 13,Trace Esports,-,Decider,VCT 2025 China Kickoff_csvs
430858,Haven,1,0 - 13,EDward Gaming,-,Dragon Ranger Gaming,VCT 2025 China Kickoff_csvs
430858,Pearl,2,9 - 13,EDward Gaming,-,EDward Gaming,VCT 2025 China Kickoff_csvs
430860,Pearl,1,12 - 14,EDward Gaming,-,Bilibili Gaming,VCT 2025 China Kickoff_csvs
430860,Haven,2,6 - 13,EDward Gaming,-,EDward Gaming,VCT 2025 China Kickoff_csvs
430860,Lotus,3,5 - 13,EDward Gaming,-,Bilibili Gaming,VCT 2025 China Kickoff_csvs
430848,Lotus,1,14 - 12,Trace Esports,-,Trace Esports,VCT 2025 China Kickoff_csvs
430848,Bind,2,11 - 13,EDward Gaming,-,EDward Gaming,VCT 2025 China Kickoff_csvs
430848,Abyss,3,14 - 16,EDward Gaming,-,Trace Esports,VCT 2025 China Kickoff_csvs
430848,Fracture,4,2 - 13,EDward Gaming,-,EDward Gaming,VCT 2025 China Kickoff_csvs
450047,Pearl,1,13 - 8,Xi Lai Gaming,-,Bilibili Gaming,VCT 2025 China Stage 1_csvs
450047,Icebox,2,9 - 13,Bilibili Gaming,-,Xi Lai Gaming,VCT 2025 China Stage 1_csvs
450047,Fracture,3,8 - 13,Bilibili Gaming,-,Decider,VCT 2025 China Stage 1_csvs
450048,Pearl,1,13 - 11,Trace Esports,-,Trace Esports,VCT 2025 China Stage 1_csvs
450048,Lotus,2,11 - 13,All Gamers,-,All Gamers,VCT 2025 China Stage 1_csvs
450048,Split,3,13 - 1,Trace Esports,-,Decider,VCT 2025 China Stage 1_csvs
450049,Fracture,1,13 - 6,Dragon Ranger Gaming,-,Nova Esports,VCT 2025 China Stage 1_csvs
450049,Lotus,2,13 - 10,Dragon Ranger Gaming,-,Dragon Ranger Gaming,VCT 2025 China Stage 1_csvs
450050,Fracture,1,7 - 13,EDward Gaming,-,TYLOO,VCT 2025 China Stage 1_csvs
450050,Haven,2,6 - 13,EDward Gaming,-,EDward Gaming,VCT 2025 China Stage 1_csvs
450051,Pearl,1,9 - 13,Wolves Esports,-,Wolves Esports,VCT 2025 China Stage 1_csvs
450051,Haven,2,11 - 13,Wolves Esports,-,JD Mall JDG Esports(JDG Esports),VCT 2025 China Stage 1_csvs
450052,Icebox,1,13 - 5,FunPlus Phoenix,-,Titan Esports Club,VCT 2025 China Stage 1_csvs
450052,Haven,2,13 - 6,FunPlus Phoenix,-,FunPlus Phoenix,VCT 2025 China Stage 1_csvs
450053,Ascent,1,13 - 11,Nova Esports,-,Nova Esports,VCT 2025 China Stage 1_csvs
450053,Fracture,2,13 - 8,Nova Esports,-,EDward Gaming,VCT 2025 China Stage 1_csvs
450054,Pearl,1,8 - 13,FunPlus Phoenix,-,TYLOO,VCT 2025 China Stage 1_csvs
450054,Icebox,2,13 - 6,TYLOO,-,FunPlus Phoenix,VCT 2025 China Stage 1_csvs
450054,Haven,3,4 - 13,FunPlus Phoenix,-,Decider,VCT 2025 China Stage 1_csvs
450055,Fracture,1,13 - 10,Xi Lai Gaming,-,Xi Lai Gaming,VCT 2025 China Stage 1_csvs
450055,Lotus,2,13 - 7,Xi Lai Gaming,-,All Gamers,VCT 2025 China Stage 1_csvs
450056,Fracture,1,15 - 13,Wolves Esports,-,Trace Esports,VCT 2025 China Stage 1_csvs
450056,Pearl,2,13 - 10,Wolves Esports,-,Wolves Esports,VCT 2025 China Stage 1_csvs
450057,Lotus,1,11 - 13,Dragon Ranger Gaming,1:07:57,Dragon Ranger Gaming,VCT 2025 China Stage 1_csvs
450057,Fracture,2,13 - 9,Titan Esports Club,48:45,Titan Esports Club,VCT 2025 China Stage 1_csvs
450057,Icebox,3,13 - 3,Titan Esports Club,33:58,Decider,VCT 2025 China Stage 1_csvs
450058,Pearl,1,13 - 10,Bilibili Gaming,1:07:48,JD Mall JDG Esports(JDG Esports),VCT 2025 China Stage 1_csvs
450058,Icebox,2,5 - 13,JD Mall JDG Esports(JDG Esports),40:37,Bilibili Gaming,VCT 2025 China Stage 1_csvs
450058,Fracture,3,13 - 8,Bilibili Gaming,44:08,Decider,VCT 2025 China Stage 1_csvs
450059,Lotus,1,7 - 13,Trace Esports,1:03:18,Trace Esports,VCT 2025 China Stage 1_csvs
450059,Haven,2,11 - 13,Trace Esports,56:14,JD Mall JDG Esports(JDG Esports),VCT 2025 China Stage 1_csvs
450060,Fracture,1,12 - 14,Xi Lai Gaming,1:15:46,Xi Lai Gaming,VCT 2025 China Stage 1_csvs
450060,Icebox,2,10 - 13,Xi Lai Gaming,54:55,Wolves Esports,VCT 2025 China Stage 1_csvs
450061,Fracture,1,13 - 10,TYLOO,1:08:08,Titan Esports Club,VCT 2025 China Stage 1_csvs
450061,Icebox,2,8 - 13,Titan Esports Club,47:16,TYLOO,VCT 2025 China Stage 1_csvs
450061,Split,3,7 - 13,Titan Esports Club,47:07,Decider,VCT 2025 China Stage 1_csvs
450062,Icebox,1,2 - 13,EDward Gaming,42:31,EDward Gaming,VCT 2025 China Stage 1_csvs
450062,Ascent,2,13 - 9,Dragon Ranger Gaming,44:30,Dragon Ranger Gaming,VCT 2025 China Stage 1_csvs
450062,Pearl,3,10 - 13,EDward Gaming,53:15,Decider,VCT 2025 China Stage 1_csvs
450063,Icebox,1,13 - 11,Nova Esports,1:08:15,FunPlus Phoenix,VCT 2025 China Stage 1_csvs
450063,Split,2,13 - 10,Nova Esports,51:53,Nova Esports,VCT 2025 China Stage 1_csvs
450064,Pearl,1,4 - 13,Bilibili Gaming,51:21,Bilibili Gaming,VCT 2025 China Stage 1_csvs
450064,Fracture,2,5 - 13,Bilibili Gaming,34:59,All Gamers,VCT 2025 China Stage 1_csvs
450065,Ascent,1,11 - 13,Dragon Ranger Gaming,1:07:57,Dragon Ranger Gaming,VCT 2025 China Stage 1_csvs
450065,Haven,2,5 - 13,Dragon Ranger Gaming,37:52,FunPlus Phoenix,VCT 2025 China Stage 1_csvs
450066,Haven,1,13 - 5,Bilibili Gaming,40:12,Bilibili Gaming,VCT 2025 China Stage 1_csvs
450066,Ascent,2,13 - 4,Bilibili Gaming,36:21,Decider,VCT 2025 China Stage 1_csvs
450066,Lotus,3,10 - 13,Wolves Esports,1:02:00,Wolves Esports,VCT 2025 China Stage 1_csvs
450067,Split,1,12 - 14,JD Mall JDG Esports(JDG Esports),1:18:13,All Gamers,VCT 2025 China Stage 1_csvs
450067,Pearl,2,4 - 13,JD Mall JDG Esports(JDG Esports),42:25,JD Mall JDG Esports(JDG Esports),VCT 2025 China Stage 1_csvs
450068,Lotus,1,8 - 13,Titan Esports Club,1:00:07,EDward Gaming,VCT 2025 China Stage 1_csvs
450068,Icebox,2,13 - 9,EDward Gaming,46:06,Titan Esports Club,VCT 2025 China Stage 1_csvs
450068,Haven,3,13 - 5,EDward Gaming,40:48,Decider,VCT 2025 China Stage 1_csvs
450069,Split,1,13 - 11,Nova Esports,1:11:47,Nova Esports,VCT 2025 China Stage 1_csvs
450069,Icebox,2,3 - 13,TYLOO,35:59,TYLOO,VCT 2025 China Stage 1_csvs
450069,Pearl,3,13 - 5,Nova Esports,42:13,Decider,VCT 2025 China Stage 1_csvs
450070,Split,1,7 - 13,Xi Lai Gaming,58:11,Trace Esports,VCT 2025 China Stage 1_csvs
450070,Lotus,2,13 - 10,Trace Esports,54:37,Xi Lai Gaming,VCT 2025 China Stage 1_csvs
450070,Pearl,3,11 - 13,Xi Lai Gaming,1:02:42,Decider,VCT 2025 China Stage 1_csvs
450071,Lotus,1,6 - 13,Xi Lai Gaming,1:03:05,Xi Lai Gaming,VCT 2025 China Stage 1_csvs
450071,Fracture,2,6 - 13,Xi Lai Gaming,-,Decider,VCT 2025 China Stage 1_csvs
450071,Icebox,3,13 - 11,JD Mall JDG Esports(JDG Esports),-,JD Mall JDG Esports(JDG Esports),VCT 2025 China Stage 1_csvs
450072,Haven,1,13 - 10,Dragon Ranger Gaming,1:04:51,Dragon Ranger Gaming,VCT 2025 China Stage 1_csvs
450072,Split,2,9 - 13,TYLOO,50:06,TYLOO,VCT 2025 China Stage 1_csvs
450072,Fracture,3,5 - 13,TYLOO,41:06,Decider,VCT 2025 China Stage 1_csvs
450073,Pearl,1,13 - 7,Wolves Esports,1:03:01,Wolves Esports,VCT 2025 China Stage 1_csvs
450073,Fracture,2,7 - 13,All Gamers,-,All Gamers,VCT 2025 China Stage 1_csvs
450073,Lotus,3,13 - 6,Wolves Esports,-,Decider,VCT 2025 China Stage 1_csvs
450074,Haven,1,4 - 13,Trace Esports,-,Bilibili Gaming,VCT 2025 China Stage 1_csvs
450074,Ascent,2,13 - 5,Bilibili Gaming,-,Trace Esports,VCT 2025 China Stage 1_csvs
450074,Split,3,1 - 13,Trace Esports,-,Decider,VCT 2025 China Stage 1_csvs
450075,Fracture,1,13 - 9,Titan Esports Club,-,Titan Esports Club,VCT 2025 China Stage 1_csvs
450075,Split,2,13 - 3,Titan Esports Club,-,Nova Esports,VCT 2025 China Stage 1_csvs
450076,Split,1,13 - 9,EDward Gaming,1:00:11,EDward Gaming,VCT 2025 China Stage 1_csvs
450076,Fracture,2,13 - 7,EDward Gaming,-,FunPlus Phoenix,VCT 2025 China Stage 1_csvs
473233,Haven,1,11 - 13,Wolves Esports,1:01:52,Titan Esports Club,VCT 2025 China Stage 1_csvs
473233,Icebox,2,10 - 13,Wolves Esports,53:06,Wolves Esports,VCT 2025 China Stage 1_csvs
473234,Lotus,1,13 - 6,Xi Lai Gaming,54:04,Xi Lai Gaming,VCT 2025 China Stage 1_csvs
473234,Ascent,2,13 - 2,Xi Lai Gaming,34:09,Nova Esports,VCT 2025 China Stage 1_csvs
473235,Ascent,1,13 - 1,Titan Esports Club,45:53,Dragon Ranger Gaming,VCT 2025 China Stage 1_csvs
473235,Fracture,2,12 - 14,Dragon Ranger Gaming,1:03:36,Titan Esports Club,VCT 2025 China Stage 1_csvs
473235,Lotus,3,16 - 18,Dragon Ranger Gaming,1:19:41,Decider,VCT 2025 China Stage 1_csvs
473236,Split,1,9 - 13,Trace Esports,1:03:23,Nova Esports,VCT 2025 China Stage 1_csvs
473236,Lotus,2,4 - 13,Trace Esports,37:59,Trace Esports,VCT 2025 China Stage 1_csvs
473237,Split,1,8 - 13,Wolves Esports,1:01:39,Wolves Esports,VCT 2025 China Stage 1_csvs
473237,Haven,2,8 - 13,Wolves Esports,41:49,Bilibili Gaming,VCT 2025 China Stage 1_csvs
473238,Lotus,1,9 - 13,Xi Lai Gaming,1:00:58,Xi Lai Gaming,VCT 2025 China Stage 1_csvs
473238,Haven,2,11 - 13,Xi Lai Gaming,52:44,EDward Gaming,VCT 2025 China Stage 1_csvs
473240,Fracture,1,13 - 8,Bilibili Gaming,1:01:18,Bilibili Gaming,VCT 2025 China Stage 1_csvs
473240,Lotus,2,13 - 4,Bilibili Gaming,37:45,Trace Esports,VCT 2025 China Stage 1_csvs
473239,Lotus,1,13 - 8,EDward Gaming,52:55,Dragon Ranger Gaming,VCT 2025 China Stage 1_csvs
473239,Split,2,11 - 13,Dragon Ranger Gaming,48:20,EDward Gaming,VCT 2025 China Stage 1_csvs
473239,Ascent,3,13 - 8,EDward Gaming,45:48,Decider,VCT 2025 China Stage 1_csvs
473241,Pearl,1,7 - 13,Xi Lai Gaming,1:07:31,Wolves Esports,VCT 2025 China Stage 1_csvs
473241,Lotus,2,12 - 14,Xi Lai Gaming,59:29,Xi Lai Gaming,VCT 2025 China Stage 1_csvs
473242,Fracture,1,13 - 8,EDward Gaming,58:17,Bilibili Gaming,VCT 2025 China Stage 1_csvs
473242,Icebox,2,8 - 13,Bilibili Gaming,44:30,EDward Gaming,VCT 2025 China Stage 1_csvs
473242,Pearl,3,11 - 13,Bilibili Gaming,57:30,Decider,VCT 2025 China Stage 1_csvs
473243,Pearl,1,9 - 13,Bilibili Gaming,1:14:49,Bilibili Gaming,VCT 2025 China Stage 1_csvs
473243,Lotus,2,11 - 13,Bilibili Gaming,55:22,Wolves Esports,VCT 2025 China Stage 1_csvs
473243,Icebox,3,7 - 13,Bilibili Gaming,43:47,Bilibili Gaming,VCT 2025 China Stage 1_csvs
473244,Fracture,1,15 - 13,Xi Lai Gaming,1:24:03,Bilibili Gaming,VCT 2025 China Stage 1_csvs
473244,Lotus,2,13 - 10,Xi Lai Gaming,54:22,Xi Lai Gaming,VCT 2025 China Stage 1_csvs
473244,Pearl,3,8 - 13,Bilibili Gaming,54:36,Bilibili Gaming,VCT 2025 China Stage 1_csvs
473244,Haven,4,14 - 12,Xi Lai Gaming,57:01,Xi Lai Gaming,VCT 2025 China Stage 1_csvs
506930,Sunset,1,13 - 9,EDward Gaming,58:14,EDward Gaming,VCT 2025 China Stage 2_csvs
506930,Corrode,2,13 - 6,EDward Gaming,40:02,Titan Esports Club,VCT 2025 China Stage 2_csvs
506931,Bind,1,13 - 5,Guangzhou Huadu Bilibili Gaming(Bilibili Gaming),54:01,TYLOO,VCT 2025 China Stage 2_csvs
506931,Lotus,2,13 - 9,Guangzhou Huadu Bilibili Gaming(Bilibili Gaming),51:21,Guangzhou Huadu Bilibili Gaming(Bilibili Gaming),VCT 2025 China Stage 2_csvs
506932,Sunset,1,13 - 3,All Gamers,-,Xi Lai Gaming,VCT 2025 China Stage 2_csvs
506932,Lotus,2,7 - 13,Xi Lai Gaming,-,All Gamers,VCT 2025 China Stage 2_csvs
506932,Ascent,3,3 - 13,Xi Lai Gaming,-,Decider,VCT 2025 China Stage 2_csvs
506933,Sunset,1,5 - 13,FunPlus Phoenix,55:01,FunPlus Phoenix,VCT 2025 China Stage 2_csvs
506933,Corrode,2,7 - 13,FunPlus Phoenix,49:28,Wolves Esports,VCT 2025 China Stage 2_csvs
506934,Lotus,1,13 - 8,Dragon Ranger Gaming,53:18,Dragon Ranger Gaming,VCT 2025 China Stage 2_csvs
506934,Icebox,2,12 - 14,Nova Esports,54:21,Nova Esports,VCT 2025 China Stage 2_csvs
506934,Ascent,3,13 - 5,Dragon Ranger Gaming,40:51,Decider,VCT 2025 China Stage 2_csvs
506935,Icebox,1,7 - 13,Trace Esports,1:00:18,JD Mall JDG Esports(JDG Esports),VCT 2025 China Stage 2_csvs
506935,Lotus,2,13 - 4,JD Mall JDG Esports(JDG Esports),42:05,Trace Esports,VCT 2025 China Stage 2_csvs
506935,Haven,3,4 - 13,Trace Esports,41:24,Decider,VCT 2025 China Stage 2_csvs
506936,Corrode,1,7 - 13,TYLOO,1:01:04,TYLOO,VCT 2025 China Stage 2_csvs
506936,Bind,2,10 - 13,TYLOO,55:14,Trace Esports,VCT 2025 China Stage 2_csvs
506937,Haven,1,6 - 13,Nova Esports,59:30,Nova Esports,VCT 2025 China Stage 2_csvs
506937,Ascent,2,13 - 8,FunPlus Phoenix,46:48,FunPlus Phoenix,VCT 2025 China Stage 2_csvs
506937,Bind,3,13 - 6,FunPlus Phoenix,42:26,Decider,VCT 2025 China Stage 2_csvs
506938,Bind,1,13 - 2,All Gamers,49:51,Wolves Esports,VCT 2025 China Stage 2_csvs
506938,Corrode,2,13 - 4,All Gamers,39:04,All Gamers,VCT 2025 China Stage 2_csvs
506939,Sunset,1,7 - 13,Guangzhou Huadu Bilibili Gaming(Bilibili Gaming),56:51,Guangzhou Huadu Bilibili Gaming(Bilibili Gaming),VCT 2025 China Stage 2_csvs
506939,Ascent,2,15 - 13,JD Mall JDG Esports(JDG Esports),1:08:29,JD Mall JDG Esports(JDG Esports),VCT 2025 China Stage 2_csvs
506939,Icebox,3,4 - 13,Guangzhou Huadu Bilibili Gaming(Bilibili Gaming),39:50,Decider,VCT 2025 China Stage 2_csvs
506940,Haven,1,13 - 2,TYLOO,46:21,TYLOO,VCT 2025 China Stage 2_csvs
506940,Lotus,2,13 - 10,TYLOO,56:22,Titan Esports Club,VCT 2025 China Stage 2_csvs
506941,Sunset,1,13 - 8,Trace Esports,58:38,EDward Gaming,VCT 2025 China Stage 2_csvs
506941,Bind,2,11 - 13,EDward Gaming,54:49,Trace Esports,VCT 2025 China Stage 2_csvs
506941,Icebox,3,13 - 3,Trace Esports,37:46,Decider,VCT 2025 China Stage 2_csvs
506942,Lotus,1,5 - 13,All Gamers,51:09,Dragon Ranger Gaming,VCT 2025 China Stage 2_csvs
506942,Corrode,2,13 - 7,Dragon Ranger Gaming,44:21,All Gamers,VCT 2025 China Stage 2_csvs
506942,Sunset,3,13 - 10,Dragon Ranger Gaming,51:40,Decider,VCT 2025 China Stage 2_csvs
506943,Haven,1,13 - 9,Xi Lai Gaming,1:05:28,Xi Lai Gaming,VCT 2025 China Stage 2_csvs
506943,Lotus,2,13 - 8,Xi Lai Gaming,49:45,Wolves Esports,VCT 2025 China Stage 2_csvs
506945,Bind,1,9 - 13,Guangzhou Huadu Bilibili Gaming(Bilibili Gaming),1:08:37,Guangzhou Huadu Bilibili Gaming(Bilibili Gaming),VCT 2025 China Stage 2_csvs
506945,Ascent,2,8 - 13,Guangzhou Huadu Bilibili Gaming(Bilibili Gaming),48:26,Titan Esports Club,VCT 2025 China Stage 2_csvs
506946,Haven,1,13 - 7,FunPlus Phoenix,1:00:15,Dragon Ranger Gaming,VCT 2025 China Stage 2_csvs
506946,Ascent,2,6 - 13,Dragon Ranger Gaming,44:14,FunPlus Phoenix,VCT 2025 China Stage 2_csvs
506946,Sunset,3,13 - 11,FunPlus Phoenix,50:26,Decider,VCT 2025 China Stage 2_csvs
506947,Haven,1,13 - 10,Nova Esports,1:13:29,Nova Esports,VCT 2025 China Stage 2_csvs
506947,Corrode,2,9 - 13,All Gamers,54:54,All Gamers,VCT 2025 China Stage 2_csvs
506947,Lotus,3,6 - 13,All Gamers,42:57,Decider,VCT 2025 China Stage 2_csvs
506948,Corrode,1,10 - 13,EDward Gaming,1:05:21,TYLOO,VCT 2025 China Stage 2_csvs
506948,Ascent,2,9 - 13,EDward Gaming,48:31,EDward Gaming,VCT 2025 China Stage 2_csvs
506949,Lotus,1,9 - 13,JD Mall JDG Esports(JDG Esports),1:05:28,JD Mall JDG Esports(JDG Esports),VCT 2025 China Stage 2_csvs
506949,Haven,2,13 - 9,Titan Esports Club,48:07,Titan Esports Club,VCT 2025 China Stage 2_csvs
506949,Sunset,3,11 - 13,JD Mall JDG Esports(JDG Esports),53:38,Decider,VCT 2025 China Stage 2_csvs
506950,Haven,1,13 - 6,Guangzhou Huadu Bilibili Gaming(Bilibili Gaming),55:35,Trace Esports,VCT 2025 China Stage 2_csvs
506950,Icebox,2,13 - 15,Trace Esports,1:04:30,Guangzhou Huadu Bilibili Gaming(Bilibili Gaming),VCT 2025 China Stage 2_csvs
506950,Ascent,3,6 - 13,Trace Esports,41:43,Decider,VCT 2025 China Stage 2_csvs
506951,Lotus,1,14 - 12,Wolves Esports,1:11:53,Dragon Ranger Gaming,VCT 2025 China Stage 2_csvs
506951,Icebox,2,11 - 13,Dragon Ranger Gaming,50:37,Wolves Esports,VCT 2025 China Stage 2_csvs
506951,Ascent,3,13 - 10,Wolves Esports,50:56,Decider,VCT 2025 China Stage 2_csvs
506952,Haven,1,13 - 8,Xi Lai Gaming,-,Xi Lai Gaming,VCT 2025 China Stage 2_csvs
506952,Sunset,2,14 - 12,Xi Lai Gaming,-,FunPlus Phoenix,VCT 2025 China Stage 2_csvs
506953,Sunset,1,10 - 13,Xi Lai Gaming,1:04:20,Xi Lai Gaming,VCT 2025 China Stage 2_csvs
506953,Haven,2,3 - 13,Xi Lai Gaming,32:21,Nova Esports,VCT 2025 China Stage 2_csvs
506954,Corrode,1,13 - 5,EDward Gaming,48:32,EDward Gaming,VCT 2025 China Stage 2_csvs
506954,Lotus,2,10 - 13,JD Mall JDG Esports(JDG Esports),51:45,JD Mall JDG Esports(JDG Esports),VCT 2025 China Stage 2_csvs
506954,Haven,3,13 - 10,EDward Gaming,50:34,Decider,VCT 2025 China Stage 2_csvs
506955,Icebox,1,14 - 12,All Gamers,1:15:52,All Gamers,VCT 2025 China Stage 2_csvs
506955,Bind,2,13 - 8,All Gamers,50:43,FunPlus Phoenix,VCT 2025 China Stage 2_csvs
506956,Sunset,1,9 - 13,Titan Esports Club,1:01:51,Trace Esports,VCT 2025 China Stage 2_csvs
506956,Haven,2,7 - 13,Titan Esports Club,46:27,Titan Esports Club,VCT 2025 China Stage 2_csvs
506957,Haven,1,14 - 16,Wolves Esports,1:15:50,Nova Esports,VCT 2025 China Stage 2_csvs
506957,Corrode,2,13 - 6,Nova Esports,37:07,Wolves Esports,VCT 2025 China Stage 2_csvs
506957,Bind,3,13 - 10,Nova Esports,51:12,Decider,VCT 2025 China Stage 2_csvs
506958,Ascent,1,13 - 6,Dragon Ranger Gaming,54:45,Dragon Ranger Gaming,VCT 2025 China Stage 2_csvs
506958,Haven,2,4 - 13,Xi Lai Gaming,39:19,Xi Lai Gaming,VCT 2025 China Stage 2_csvs
506958,Lotus,3,13 - 6,Dragon Ranger Gaming,38:09,Decider,VCT 2025 China Stage 2_csvs
506959,Haven,1,7 - 13,JD Mall JDG Esports(JDG Esports),1:00:37,TYLOO,VCT 2025 China Stage 2_csvs
506959,Ascent,2,13 - 5,TYLOO,42:04,JD Mall JDG Esports(JDG Esports),VCT 2025 China Stage 2_csvs
506959,Corrode,3,13 - 6,TYLOO,43:09,Decider,VCT 2025 China Stage 2_csvs
506960,Lotus,1,13 - 6,Guangzhou Huadu Bilibili Gaming(Bilibili Gaming),56:47,Guangzhou Huadu Bilibili Gaming(Bilibili Gaming),VCT 2025 China Stage 2_csvs
506960,Sunset,2,15 - 13,Guangzhou Huadu Bilibili Gaming(Bilibili Gaming),1:06:37,EDward Gaming,VCT 2025 China Stage 2_csvs
527577,Lotus,1,3 - 13,TYLOO,53:59,All Gamers,VCT 2025 China Stage 2_csvs
527577,Icebox,2,11 - 13,TYLOO,55:59,TYLOO,VCT 2025 China Stage 2_csvs
527576,Lotus,1,12 - 14,Dragon Ranger Gaming,1:00:43,Dragon Ranger Gaming,VCT 2025 China Stage 2_csvs
527576,Corrode,2,10 - 13,Dragon Ranger Gaming,50:35,EDward Gaming,VCT 2025 China Stage 2_csvs
527584,Sunset,1,13 - 10,All Gamers,1:11:01,All Gamers,VCT 2025 China Stage 2_csvs
527584,Haven,2,3 - 13,FunPlus Phoenix,40:12,FunPlus Phoenix,VCT 2025 China Stage 2_csvs
527584,Icebox,3,13 - 6,All Gamers,46:41,Decider,VCT 2025 China Stage 2_csvs
527583,Lotus,1,7 - 13,Trace Esports,56:26,Trace Esports,VCT 2025 China Stage 2_csvs
527583,Sunset,2,13 - 10,EDward Gaming,50:24,EDward Gaming,VCT 2025 China Stage 2_csvs
527583,Ascent,3,13 - 11,EDward Gaming,57:00,Decider,VCT 2025 China Stage 2_csvs
527580,Bind,1,13 - 7,Guangzhou Huadu Bilibili Gaming(Bilibili Gaming),1:08:04,Guangzhou Huadu Bilibili Gaming(Bilibili Gaming),VCT 2025 China Stage 2_csvs
527580,Icebox,2,9 - 13,TYLOO,49:53,TYLOO,VCT 2025 China Stage 2_csvs
527580,Lotus,3,13 - 5,Guangzhou Huadu Bilibili Gaming(Bilibili Gaming),-,Decider,VCT 2025 China Stage 2_csvs
527579,Lotus,1,12 - 14,Dragon Ranger Gaming,1:13:48,Dragon Ranger Gaming,VCT 2025 China Stage 2_csvs
527579,Bind,2,13 - 5,Xi Lai Gaming,39:07,Xi Lai Gaming,VCT 2025 China Stage 2_csvs
527579,Sunset,3,5 - 13,Dragon Ranger Gaming,36:52,Decider,VCT 2025 China Stage 2_csvs
527585,Haven,1,3 - 13,EDward Gaming,54:00,TYLOO,VCT 2025 China Stage 2_csvs
527585,Ascent,2,11 - 13,EDward Gaming,51:45,EDward Gaming,VCT 2025 China Stage 2_csvs
527586,Ascent,1,13 - 8,Xi Lai Gaming,1:04:48,Xi Lai Gaming,VCT 2025 China Stage 2_csvs
527586,Icebox,2,9 - 13,All Gamers,51:07,All Gamers,VCT 2025 China Stage 2_csvs
527586,Lotus,3,13 - 1,Xi Lai Gaming,34:53,Decider,VCT 2025 China Stage 2_csvs
536176,Abyss,1,10 - 13,Precise Defeat,-,Decider,VCT 2025 China Stage 2_csvs
527581,Haven,1,13 - 10,Dragon Ranger Gaming,58:22,Guangzhou Huadu Bilibili Gaming(Bilibili Gaming),VCT 2025 China Stage 2_csvs
527581,Lotus,2,9 - 13,Guangzhou Huadu Bilibili Gaming(Bilibili Gaming),47:21,Dragon Ranger Gaming,VCT 2025 China Stage 2_csvs
527581,Sunset,3,13 - 11,Dragon Ranger Gaming,53:15,Decider,VCT 2025 China Stage 2_csvs
527587,Lotus,1,13 - 11,EDward Gaming,1:09:37,Xi Lai Gaming,VCT 2025 China Stage 2_csvs
527587,Corrode,2,13 - 5,EDward Gaming,38:20,EDward Gaming,VCT 2025 China Stage 2_csvs
527588,Bind,1,12 - 14,EDward Gaming,1:14:50,Guangzhou Huadu Bilibili Gaming(Bilibili Gaming),VCT 2025 China Stage 2_csvs
527588,Haven,2,13 - 8,Guangzhou Huadu Bilibili Gaming(Bilibili Gaming),47:19,EDward Gaming,VCT 2025 China Stage 2_csvs
527588,Lotus,3,13 - 10,Guangzhou Huadu Bilibili Gaming(Bilibili Gaming),51:30,Guangzhou Huadu Bilibili Gaming(Bilibili Gaming),VCT 2025 China Stage 2_csvs
527588,Ascent,4,13 - 7,Guangzhou Huadu Bilibili Gaming(Bilibili Gaming),43:09,EDward Gaming,VCT 2025 China Stage 2_csvs
527582,Sunset,1,13 - 2,Dragon Ranger Gaming,52:52,Dragon Ranger Gaming,VCT 2025 China Stage 2_csvs
527582,Haven,2,8 - 13,Guangzhou Huadu Bilibili Gaming(Bilibili Gaming),53:27,Guangzhou Huadu Bilibili Gaming(Bilibili Gaming),VCT 2025 China Stage 2_csvs
527582,Corrode,3,10 - 13,Guangzhou Huadu Bilibili Gaming(Bilibili Gaming),50:40,Dragon Ranger Gaming,VCT 2025 China Stage 2_csvs
527582,Lotus,4,9 - 13,Guangzhou Huadu Bilibili Gaming(Bilibili Gaming),46:21,Guangzhou Huadu Bilibili Gaming(Bilibili Gaming),VCT 2025 China Stage 2_csvs
429381,Lotus,1,13 - 9,BBL Esports,1:05:24,GIANTX,VCT 2025 EMEA Kickoff_csvs
429381,Haven,2,12 - 14,GIANTX,1:02:21,BBL Esports,VCT 2025 EMEA Kickoff_csvs
429381,Pearl,3,13 - 5,BBL Esports,43:41,Decider,VCT 2025 EMEA Kickoff_csvs
429380,Abyss,1,10 - 13,Natus Vincere,1:09:50,Natus Vincere,VCT 2025 EMEA Kickoff_csvs
429380,Bind,2,13 - 2,Karmine Corp,37:51,Karmine Corp,VCT 2025 EMEA Kickoff_csvs
429380,Lotus,3,13 - 6,Karmine Corp,51:52,Decider,VCT 2025 EMEA Kickoff_csvs
429379,Fracture,1,10 - 13,Movistar KOI(KOI),58:08,Team Liquid,VCT 2025 EMEA Kickoff_csvs
429379,Abyss,2,13 - 3,Team Liquid,36:44,Movistar KOI(KOI),VCT 2025 EMEA Kickoff_csvs
429379,Bind,3,13 - 10,Team Liquid,52:51,Decider,VCT 2025 EMEA Kickoff_csvs
429382,Pearl,1,7 - 13,Gentle Mates,51:40,Gentle Mates,VCT 2025 EMEA Kickoff_csvs
429382,Haven,2,12 - 14,Gentle Mates,55:55,Apeks,VCT 2025 EMEA Kickoff_csvs
429385,Abyss,1,8 - 13,BBL Esports,1:16:23,BBL Esports,VCT 2025 EMEA Kickoff_csvs
429385,Fracture,2,13 - 8,FNATIC,1:02:29,FNATIC,VCT 2025 EMEA Kickoff_csvs
429385,Split,3,10 - 13,BBL Esports,1:01:55,Decider,VCT 2025 EMEA Kickoff_csvs
429384,Haven,1,13 - 5,Team Vitality,50:28,Team Vitality,VCT 2025 EMEA Kickoff_csvs
429384,Bind,2,9 - 13,Karmine Corp,53:35,Karmine Corp,VCT 2025 EMEA Kickoff_csvs
429384,Abyss,3,17 - 15,Team Vitality,1:17:32,Decider,VCT 2025 EMEA Kickoff_csvs
429383,Pearl,1,13 - 7,FUT Esports,56:58,FUT Esports,VCT 2025 EMEA Kickoff_csvs
429383,Fracture,2,13 - 6,FUT Esports,42:06,Team Liquid,VCT 2025 EMEA Kickoff_csvs
429386,Abyss,1,4 - 13,Gentle Mates,49:12,Gentle Mates,VCT 2025 EMEA Kickoff_csvs
429386,Fracture,2,13 - 3,Team Heretics,33:21,Team Heretics,VCT 2025 EMEA Kickoff_csvs
429386,Pearl,3,13 - 8,Team Heretics,46:40,Decider,VCT 2025 EMEA Kickoff_csvs
429393,Bind,1,14 - 12,Karmine Corp,1:19:57,Karmine Corp,VCT 2025 EMEA Kickoff_csvs
429393,Lotus,2,8 - 13,GIANTX,44:40,GIANTX,VCT 2025 EMEA Kickoff_csvs
429393,Fracture,3,10 - 13,GIANTX,51:41,Decider,VCT 2025 EMEA Kickoff_csvs
429392,Pearl,1,13 - 9,FNATIC,1:05:22,Natus Vincere,VCT 2025 EMEA Kickoff_csvs
429392,Fracture,2,8 - 13,Natus Vincere,53:16,FNATIC,VCT 2025 EMEA Kickoff_csvs
429392,Haven,3,15 - 13,FNATIC,1:10:03,Decider,VCT 2025 EMEA Kickoff_csvs
429394,Abyss,1,13 - 9,Team Liquid,58:28,Team Liquid,VCT 2025 EMEA Kickoff_csvs
429394,Pearl,2,11 - 13,Apeks,56:15,Apeks,VCT 2025 EMEA Kickoff_csvs
429394,Haven,3,13 - 6,Team Liquid,37:23,Decider,VCT 2025 EMEA Kickoff_csvs
429391,Haven,1,13 - 3,Gentle Mates,44:42,Gentle Mates,VCT 2025 EMEA Kickoff_csvs
429391,Lotus,2,7 - 13,Movistar KOI(KOI),45:07,Movistar KOI(KOI),VCT 2025 EMEA Kickoff_csvs
429391,Pearl,3,13 - 6,Gentle Mates,40:22,Decider,VCT 2025 EMEA Kickoff_csvs
429388,Pearl,1,11 - 13,Team Heretics,1:15:19,BBL Esports,VCT 2025 EMEA Kickoff_csvs
429388,Lotus,2,7 - 13,Team Heretics,44:49,Team Heretics,VCT 2025 EMEA Kickoff_csvs
429387,Bind,1,7 - 13,Team Vitality,1:01:52,FUT Esports,VCT 2025 EMEA Kickoff_csvs
429387,Split,2,4 - 13,Team Vitality,36:12,Team Vitality,VCT 2025 EMEA Kickoff_csvs
429395,Abyss,1,5 - 13,FNATIC,56:58,Gentle Mates,VCT 2025 EMEA Kickoff_csvs
429395,Fracture,2,6 - 13,FNATIC,44:41,FNATIC,VCT 2025 EMEA Kickoff_csvs
429396,Fracture,1,8 - 13,Team Liquid,51:00,GIANTX,VCT 2025 EMEA Kickoff_csvs
429396,Split,2,6 - 13,Team Liquid,44:07,Team Liquid,VCT 2025 EMEA Kickoff_csvs
429397,Abyss,1,13 - 10,FUT Esports,1:10:32,FUT Esports,VCT 2025 EMEA Kickoff_csvs
429397,Fracture,2,13 - 6,FUT Esports,42:58,FNATIC,VCT 2025 EMEA Kickoff_csvs
429398,Bind,1,11 - 13,Team Liquid,1:02:57,Team Liquid,VCT 2025 EMEA Kickoff_csvs
429398,Pearl,2,13 - 9,BBL Esports,56:12,BBL Esports,VCT 2025 EMEA Kickoff_csvs
429398,Split,3,10 - 13,Team Liquid,47:17,Decider,VCT 2025 EMEA Kickoff_csvs
429389,Haven,1,13 - 10,Team Vitality,1:05:29,Team Vitality,VCT 2025 EMEA Kickoff_csvs
429389,Abyss,2,13 - 1,Team Vitality,35:16,Team Heretics,VCT 2025 EMEA Kickoff_csvs
429400,Abyss,1,7 - 13,Team Liquid,1:06:22,FUT Esports,VCT 2025 EMEA Kickoff_csvs
429400,Bind,2,13 - 11,FUT Esports,55:54,Team Liquid,VCT 2025 EMEA Kickoff_csvs
429400,Haven,3,4 - 13,Team Liquid,39:18,Decider,VCT 2025 EMEA Kickoff_csvs
429401,Lotus,1,4 - 13,Team Liquid,51:17,Team Heretics,VCT 2025 EMEA Kickoff_csvs
429401,Abyss,2,4 - 13,Team Liquid,38:19,Team Liquid,VCT 2025 EMEA Kickoff_csvs
429401,Fracture,3,7 - 13,Team Liquid,41:51,Team Heretics,VCT 2025 EMEA Kickoff_csvs
429390,Split,1,10 - 13,Team Liquid,1:16:50,Team Vitality,VCT 2025 EMEA Kickoff_csvs
429390,Haven,2,7 - 13,Team Liquid,44:42,Team Liquid,VCT 2025 EMEA Kickoff_csvs
429390,Lotus,3,13 - 6,Team Vitality,40:16,Team Vitality,VCT 2025 EMEA Kickoff_csvs
429390,Bind,4,13 - 7,Team Vitality,46:10,Team Liquid,VCT 2025 EMEA Kickoff_csvs
429390,Fracture,5,13 - 8,Team Vitality,48:14,Decider,VCT 2025 EMEA Kickoff_csvs
459826,Split,1,13 - 9,Team Vitality,1:16:15,Team Vitality,VCT 2025 EMEA Stage 1_csvs
459826,Lotus,2,13 - 2,Team Vitality,34:00,GIANTX,VCT 2025 EMEA Stage 1_csvs
459827,Icebox,1,3 - 13,Karmine Corp,47:40,Karmine Corp,VCT 2025 EMEA Stage 1_csvs
459827,Pearl,2,13 - 11,BBL Esports,57:52,BBL Esports,VCT 2025 EMEA Stage 1_csvs
459827,Fracture,3,13 - 8,BBL Esports,46:23,Decider,VCT 2025 EMEA Stage 1_csvs
459828,Ascent,1,5 - 13,Apeks,1:07:19,Team Heretics,VCT 2025 EMEA Stage 1_csvs
459828,Split,2,13 - 8,Team Heretics,50:00,Apeks,VCT 2025 EMEA Stage 1_csvs
459828,Icebox,3,13 - 6,Team Heretics,44:07,Decider,VCT 2025 EMEA Stage 1_csvs
459829,Pearl,1,13 - 4,FUT Esports,52:39,FUT Esports,VCT 2025 EMEA Stage 1_csvs
459829,Lotus,2,14 - 12,FUT Esports,56:26,Movistar KOI(KOI),VCT 2025 EMEA Stage 1_csvs
459830,Split,1,13 - 5,FNATIC,47:09,FNATIC,VCT 2025 EMEA Stage 1_csvs
459830,Fracture,2,13 - 11,FNATIC,1:01:43,Natus Vincere,VCT 2025 EMEA Stage 1_csvs
459831,Split,1,13 - 6,Team Liquid,48:23,Team Liquid,VCT 2025 EMEA Stage 1_csvs
459831,Haven,2,12 - 14,Gentle Mates,55:47,Gentle Mates,VCT 2025 EMEA Stage 1_csvs
459831,Icebox,3,6 - 13,Gentle Mates,40:49,Decider,VCT 2025 EMEA Stage 1_csvs
459832,Fracture,1,13 - 7,Team Liquid,56:20,Team Liquid,VCT 2025 EMEA Stage 1_csvs
459832,Haven,2,4 - 13,BBL Esports,41:51,BBL Esports,VCT 2025 EMEA Stage 1_csvs
459832,Ascent,3,13 - 4,Team Liquid,36:35,Decider,VCT 2025 EMEA Stage 1_csvs
459833,Lotus,1,13 - 10,Apeks,1:03:39,Natus Vincere,VCT 2025 EMEA Stage 1_csvs
459833,Haven,2,11 - 13,Natus Vincere,1:04:08,Apeks,VCT 2025 EMEA Stage 1_csvs
459833,Split,3,6 - 13,Natus Vincere,44:08,Decider,VCT 2025 EMEA Stage 1_csvs
459834,Icebox,1,10 - 13,Gentle Mates,1:01:36,Gentle Mates,VCT 2025 EMEA Stage 1_csvs
459834,Fracture,2,18 - 16,FUT Esports,1:12:56,FUT Esports,VCT 2025 EMEA Stage 1_csvs
459834,Lotus,3,13 - 4,FUT Esports,36:11,Decider,VCT 2025 EMEA Stage 1_csvs
459835,Haven,1,13 - 3,Team Heretics,39:05,GIANTX,VCT 2025 EMEA Stage 1_csvs
459835,Split,2,11 - 13,GIANTX,53:22,Team Heretics,VCT 2025 EMEA Stage 1_csvs
459835,Lotus,3,13 - 8,Team Heretics,46:48,Decider,VCT 2025 EMEA Stage 1_csvs
459836,Split,1,18 - 16,Team Vitality,1:45:23,FNATIC,VCT 2025 EMEA Stage 1_csvs
459836,Lotus,2,6 - 13,FNATIC,51:17,Team Vitality,VCT 2025 EMEA Stage 1_csvs
459836,Haven,3,10 - 13,FNATIC,1:00:25,Decider,VCT 2025 EMEA Stage 1_csvs
459837,Lotus,1,2 - 13,Karmine Corp,50:34,Movistar KOI(KOI),VCT 2025 EMEA Stage 1_csvs
459837,Icebox,2,12 - 14,Karmine Corp,1:00:42,Karmine Corp,VCT 2025 EMEA Stage 1_csvs
459839,Pearl,1,6 - 13,BBL Esports,1:05:11,BBL Esports,VCT 2025 EMEA Stage 1_csvs
459839,Icebox,2,9 - 13,BBL Esports,47:29,Movistar KOI(KOI),VCT 2025 EMEA Stage 1_csvs
459840,Fracture,1,9 - 13,GIANTX,57:45,Natus Vincere,VCT 2025 EMEA Stage 1_csvs
459840,Pearl,2,13 - 7,Natus Vincere,49:20,GIANTX,VCT 2025 EMEA Stage 1_csvs
459840,Split,3,13 - 0,Natus Vincere,29:17,Decider,VCT 2025 EMEA Stage 1_csvs
459841,Lotus,1,13 - 1,Team Liquid,45:25,FUT Esports,VCT 2025 EMEA Stage 1_csvs
459841,Split,2,13 - 9,Team Liquid,48:29,Team Liquid,VCT 2025 EMEA Stage 1_csvs
459842,Haven,1,10 - 13,Team Heretics,1:06:18,Team Heretics,VCT 2025 EMEA Stage 1_csvs
459842,Icebox,2,6 - 13,Team Heretics,51:46,Team Vitality,VCT 2025 EMEA Stage 1_csvs
459843,Lotus,1,5 - 13,FNATIC,46:30,Apeks,VCT 2025 EMEA Stage 1_csvs
459843,Split,2,14 - 16,FNATIC,1:16:11,FNATIC,VCT 2025 EMEA Stage 1_csvs
459844,Haven,1,14 - 12,Karmine Corp,1:30:25,Gentle Mates,VCT 2025 EMEA Stage 1_csvs
459844,Pearl,2,13 - 2,Karmine Corp,1:16:48,Karmine Corp,VCT 2025 EMEA Stage 1_csvs
459845,Ascent,1,13 - 5,Team Vitality,1:00:54,Apeks,VCT 2025 EMEA Stage 1_csvs
459845,Lotus,2,13 - 10,Team Vitality,58:49,Team Vitality,VCT 2025 EMEA Stage 1_csvs
459846,Split,1,13 - 5,Team Liquid,40:07,Team Liquid,VCT 2025 EMEA Stage 1_csvs
459846,Lotus,2,13 - 9,Team Liquid,58:57,Movistar KOI(KOI),VCT 2025 EMEA Stage 1_csvs
459847,Lotus,1,12 - 14,BBL Esports,1:11:51,BBL Esports,VCT 2025 EMEA Stage 1_csvs
459847,Haven,2,2 - 13,BBL Esports,33:59,Gentle Mates,VCT 2025 EMEA Stage 1_csvs
459848,Ascent,1,13 - 10,GIANTX,1:01:56,GIANTX,VCT 2025 EMEA Stage 1_csvs
459848,Lotus,2,5 - 13,FNATIC,43:53,FNATIC,VCT 2025 EMEA Stage 1_csvs
459848,Haven,3,10 - 13,FNATIC,51:32,Decider,VCT 2025 EMEA Stage 1_csvs
459849,Lotus,1,5 - 13,FUT Esports,45:17,Karmine Corp,VCT 2025 EMEA Stage 1_csvs
459849,Ascent,2,11 - 13,FUT Esports,53:44,Decider,VCT 2025 EMEA Stage 1_csvs
459849,Pearl,3,14 - 12,Karmine Corp,1:26:37,FUT Esports,VCT 2025 EMEA Stage 1_csvs
459850,Haven,1,3 - 13,Team Heretics,48:29,Team Heretics,VCT 2025 EMEA Stage 1_csvs
459850,Pearl,2,8 - 13,Team Heretics,1:04:30,Natus Vincere,VCT 2025 EMEA Stage 1_csvs
459852,Ascent,1,25 - 23,BBL Esports,2:05:00,BBL Esports,VCT 2025 EMEA Stage 1_csvs
459852,Icebox,2,13 - 11,BBL Esports,1:01:21,FUT Esports,VCT 2025 EMEA Stage 1_csvs
459853,Lotus,1,13 - 7,GIANTX,1:10:01,Apeks,VCT 2025 EMEA Stage 1_csvs
459853,Ascent,2,13 - 9,GIANTX,53:48,GIANTX,VCT 2025 EMEA Stage 1_csvs
459854,Split,1,13 - 11,Gentle Mates,1:02:18,Gentle Mates,VCT 2025 EMEA Stage 1_csvs
459854,Icebox,2,6 - 13,Movistar KOI(KOI),39:27,Movistar KOI(KOI),VCT 2025 EMEA Stage 1_csvs
459854,Fracture,3,9 - 13,Movistar KOI(KOI),46:26,Decider,VCT 2025 EMEA Stage 1_csvs
459855,Haven,1,5 - 13,Natus Vincere,49:15,Team Vitality,VCT 2025 EMEA Stage 1_csvs
459855,Icebox,2,11 - 13,Natus Vincere,1:00:49,Natus Vincere,VCT 2025 EMEA Stage 1_csvs
459856,Icebox,1,9 - 13,Karmine Corp,54:25,Karmine Corp,VCT 2025 EMEA Stage 1_csvs
459856,Lotus,2,13 - 6,Team Liquid,38:02,Decider,VCT 2025 EMEA Stage 1_csvs
459856,Split,3,13 - 6,Team Liquid,-,Team Liquid,VCT 2025 EMEA Stage 1_csvs
459857,Haven,1,5 - 13,Team Heretics,45:48,Team Heretics,VCT 2025 EMEA Stage 1_csvs
459857,Lotus,2,10 - 13,Team Heretics,55:42,FNATIC,VCT 2025 EMEA Stage 1_csvs
482503,Lotus,1,13 - 9,BBL Esports,1:07:28,BBL Esports,VCT 2025 EMEA Stage 1_csvs
482503,Fracture,2,13 - 10,BBL Esports,55:46,Natus Vincere,VCT 2025 EMEA Stage 1_csvs
482504,Split,1,13 - 8,FNATIC,50:58,FNATIC,VCT 2025 EMEA Stage 1_csvs
482504,Lotus,2,13 - 6,FNATIC,1:01:36,FUT Esports,VCT 2025 EMEA Stage 1_csvs
482505,Icebox,1,12 - 14,Karmine Corp,1:21:45,Karmine Corp,VCT 2025 EMEA Stage 1_csvs
482505,Split,2,13 - 11,Natus Vincere,1:01:52,Natus Vincere,VCT 2025 EMEA Stage 1_csvs
482505,Ascent,3,13 - 11,Natus Vincere,57:59,Decider,VCT 2025 EMEA Stage 1_csvs
482506,Split,1,13 - 6,FUT Esports,47:30,Team Vitality,VCT 2025 EMEA Stage 1_csvs
482506,Fracture,2,13 - 7,FUT Esports,1:06:15,FUT Esports,VCT 2025 EMEA Stage 1_csvs
482507,Icebox,1,14 - 12,Team Heretics,59:03,Team Heretics,VCT 2025 EMEA Stage 1_csvs
482507,Ascent,2,13 - 10,Team Heretics,1:08:11,BBL Esports,VCT 2025 EMEA Stage 1_csvs
482508,Split,1,10 - 13,FNATIC,1:14:44,Team Liquid,VCT 2025 EMEA Stage 1_csvs
482508,Icebox,2,13 - 11,Team Liquid,54:25,FNATIC,VCT 2025 EMEA Stage 1_csvs
482508,Fracture,3,12 - 14,FNATIC,55:57,Decider,VCT 2025 EMEA Stage 1_csvs
482510,Ascent,1,13 - 10,BBL Esports,56:55,Decider,VCT 2025 EMEA Stage 1_csvs
482510,Split,2,13 - 2,BBL Esports,34:02,FUT Esports,VCT 2025 EMEA Stage 1_csvs
482510,Haven,3,12 - 14,FUT Esports,1:11:31,BBL Esports,VCT 2025 EMEA Stage 1_csvs
482509,Icebox,1,11 - 13,Natus Vincere,1:09:34,Natus Vincere,VCT 2025 EMEA Stage 1_csvs
482509,Split,2,13 - 4,Team Liquid,38:16,Team Liquid,VCT 2025 EMEA Stage 1_csvs
482509,Ascent,3,13 - 8,Team Liquid,42:26,Decider,VCT 2025 EMEA Stage 1_csvs
482515,Fracture,1,6 - 13,FNATIC,58:07,FNATIC,VCT 2025 EMEA Stage 1_csvs
482515,Icebox,2,8 - 13,FNATIC,55:22,Team Heretics,VCT 2025 EMEA Stage 1_csvs
482511,Haven,1,13 - 11,Team Liquid,1:06:33,BBL Esports,VCT 2025 EMEA Stage 1_csvs
482511,Split,2,7 - 13,BBL Esports,43:32,Team Liquid,VCT 2025 EMEA Stage 1_csvs
482511,Fracture,3,13 - 8,Team Liquid,43:46,Decider,VCT 2025 EMEA Stage 1_csvs
482512,Haven,1,13 - 3,Team Heretics,49:03,Team Heretics,VCT 2025 EMEA Stage 1_csvs
482512,Ascent,2,13 - 10,Team Heretics,49:22,Team Liquid,VCT 2025 EMEA Stage 1_csvs
482512,Icebox,3,13 - 2,Team Heretics,33:50,Team Heretics,VCT 2025 EMEA Stage 1_csvs
482513,Split,1,13 - 4,FNATIC,1:03:12,FNATIC,VCT 2025 EMEA Stage 1_csvs
482513,Icebox,2,13 - 9,FNATIC,53:25,Team Heretics,VCT 2025 EMEA Stage 1_csvs
482513,Fracture,3,14 - 12,FNATIC,1:07:19,FNATIC,VCT 2025 EMEA Stage 1_csvs
511543,Icebox,1,13 - 4,Natus Vincere,37:53,Natus Vincere,VCT 2025 EMEA Stage 2_csvs
511543,Sunset,2,6 - 13,Apeks,40:00,Apeks,VCT 2025 EMEA Stage 2_csvs
511543,Corrode,3,13 - 3,Natus Vincere,37:03,Decider,VCT 2025 EMEA Stage 2_csvs
511544,Sunset,1,10 - 13,GIANTX,51:20,Team Vitality,VCT 2025 EMEA Stage 2_csvs
511544,Bind,2,11 - 13,GIANTX,52:27,GIANTX,VCT 2025 EMEA Stage 2_csvs
511545,Bind,1,7 - 13,Gentle Mates,45:43,FUT Esports,VCT 2025 EMEA Stage 2_csvs
511545,Sunset,2,13 - 5,FUT Esports,44:06,Gentle Mates,VCT 2025 EMEA Stage 2_csvs
511545,Lotus,3,16 - 14,FUT Esports,1:07:52,Decider,VCT 2025 EMEA Stage 2_csvs
511546,Bind,1,13 - 4,Team Liquid,36:55,Team Liquid,VCT 2025 EMEA Stage 2_csvs
511546,Icebox,2,10 - 13,Movistar KOI(KOI),49:30,Movistar KOI(KOI),VCT 2025 EMEA Stage 2_csvs
511546,Lotus,3,13 - 8,Team Liquid,44:29,Decider,VCT 2025 EMEA Stage 2_csvs
511547,Icebox,1,5 - 13,BBL Esports,42:33,BBL Esports,VCT 2025 EMEA Stage 2_csvs
511547,Haven,2,13 - 9,Team Heretics,48:26,Team Heretics,VCT 2025 EMEA Stage 2_csvs
511547,Sunset,3,13 - 11,Team Heretics,50:17,Decider,VCT 2025 EMEA Stage 2_csvs
511548,Bind,1,13 - 7,FNATIC,45:35,Karmine Corp,VCT 2025 EMEA Stage 2_csvs
511548,Lotus,2,10 - 13,Karmine Corp,59:44,FNATIC,VCT 2025 EMEA Stage 2_csvs
511548,Icebox,3,13 - 11,FNATIC,59:55,Decider,VCT 2025 EMEA Stage 2_csvs
511549,Icebox,1,7 - 13,Karmine Corp,48:44,Karmine Corp,VCT 2025 EMEA Stage 2_csvs
511549,Sunset,2,13 - 11,Apeks,55:12,Apeks,VCT 2025 EMEA Stage 2_csvs
511549,Lotus,3,11 - 13,Karmine Corp,52:28,Decider,VCT 2025 EMEA Stage 2_csvs
511550,Icebox,1,13 - 7,GIANTX,46:28,BBL Esports,VCT 2025 EMEA Stage 2_csvs
511550,Lotus,2,11 - 13,BBL Esports,52:20,GIANTX,VCT 2025 EMEA Stage 2_csvs
511550,Corrode,3,13 - 11,GIANTX,52:40,Decider,VCT 2025 EMEA Stage 2_csvs
511551,Corrode,1,13 - 7,Team Liquid,48:39,Natus Vincere,VCT 2025 EMEA Stage 2_csvs
511551,Sunset,2,13 - 4,Team Liquid,36:42,Team Liquid,VCT 2025 EMEA Stage 2_csvs
511552,Corrode,1,12 - 14,Team Heretics,1:00:46,Gentle Mates,VCT 2025 EMEA Stage 2_csvs
511552,Ascent,2,14 - 12,Gentle Mates,55:23,Team Heretics,VCT 2025 EMEA Stage 2_csvs
511552,Bind,3,5 - 13,Team Heretics,45:40,Decider,VCT 2025 EMEA Stage 2_csvs
511553,Haven,1,2 - 13,Team Vitality,34:48,FUT Esports,VCT 2025 EMEA Stage 2_csvs
511553,Lotus,2,5 - 13,Team Vitality,41:46,Team Vitality,VCT 2025 EMEA Stage 2_csvs
511554,Ascent,1,7 - 13,FNATIC,47:44,FNATIC,VCT 2025 EMEA Stage 2_csvs
511554,Haven,2,11 - 13,FNATIC,50:43,Movistar KOI(KOI),VCT 2025 EMEA Stage 2_csvs
511562,Sunset,1,11 - 13,GIANTX,53:30,FUT Esports,VCT 2025 EMEA Stage 2_csvs
511562,Haven,2,13 - 6,FUT Esports,40:51,GIANTX,VCT 2025 EMEA Stage 2_csvs
511562,Bind,3,13 - 5,FUT Esports,42:45,Decider,VCT 2025 EMEA Stage 2_csvs
511563,Sunset,1,3 - 13,BBL Esports,34:04,BBL Esports,VCT 2025 EMEA Stage 2_csvs
511563,Lotus,2,12 - 14,BBL Esports,56:07,Gentle Mates,VCT 2025 EMEA Stage 2_csvs
511564,Ascent,1,14 - 12,Team Liquid,1:02:42,Apeks,VCT 2025 EMEA Stage 2_csvs
511564,Corrode,2,11 - 13,Apeks,56:02,Team Liquid,VCT 2025 EMEA Stage 2_csvs
511564,Lotus,3,13 - 6,Team Liquid,41:03,Decider,VCT 2025 EMEA Stage 2_csvs
511565,Lotus,1,13 - 9,Movistar KOI(KOI),49:47,Movistar KOI(KOI),VCT 2025 EMEA Stage 2_csvs
511565,Sunset,2,2 - 13,Karmine Corp,32:23,Karmine Corp,VCT 2025 EMEA Stage 2_csvs
511565,Haven,3,4 - 13,Karmine Corp,39:57,Decider,VCT 2025 EMEA Stage 2_csvs
511566,Ascent,1,13 - 10,Natus Vincere,50:52,FNATIC,VCT 2025 EMEA Stage 2_csvs
511566,Icebox,2,11 - 13,FNATIC,55:16,Decider,VCT 2025 EMEA Stage 2_csvs
511566,Bind,3,13 - 15,FNATIC,1:05:04,Natus Vincere,VCT 2025 EMEA Stage 2_csvs
511567,Haven,1,11 - 13,Team Heretics,55:37,Team Heretics,VCT 2025 EMEA Stage 2_csvs
511567,Ascent,2,9 - 13,Team Heretics,55:35,Team Vitality,VCT 2025 EMEA Stage 2_csvs
511568,Haven,1,6 - 13,Team Heretics,43:48,Team Heretics,VCT 2025 EMEA Stage 2_csvs
511568,Bind,2,7 - 13,Team Heretics,47:01,FUT Esports,VCT 2025 EMEA Stage 2_csvs
511569,Lotus,1,9 - 13,Apeks,47:51,Movistar KOI(KOI),VCT 2025 EMEA Stage 2_csvs
511569,Ascent,2,13 - 4,Movistar KOI(KOI),37:38,Apeks,VCT 2025 EMEA Stage 2_csvs
511569,Haven,3,13 - 8,Movistar KOI(KOI),44:40,Decider,VCT 2025 EMEA Stage 2_csvs
511570,Corrode,1,13 - 8,Gentle Mates,38:43,Gentle Mates,VCT 2025 EMEA Stage 2_csvs
511570,Ascent,2,12 - 14,GIANTX,54:31,GIANTX,VCT 2025 EMEA Stage 2_csvs
511570,Haven,3,4 - 13,GIANTX,37:00,Decider,VCT 2025 EMEA Stage 2_csvs
511571,Sunset,1,14 - 12,Natus Vincere,1:02:25,Karmine Corp,VCT 2025 EMEA Stage 2_csvs
511571,Corrode,2,13 - 8,Natus Vincere,45:07,Natus Vincere,VCT 2025 EMEA Stage 2_csvs
511572,Lotus,1,13 - 11,Team Vitality,1:01:25,Team Vitality,VCT 2025 EMEA Stage 2_csvs
511572,Icebox,2,7 - 13,BBL Esports,45:57,BBL Esports,VCT 2025 EMEA Stage 2_csvs
511572,Bind,3,10 - 13,BBL Esports,50:28,Decider,VCT 2025 EMEA Stage 2_csvs
511573,Bind,1,14 - 12,Team Liquid,59:24,Team Liquid,VCT 2025 EMEA Stage 2_csvs
511573,Ascent,2,13 - 1,Team Liquid,33:06,FNATIC,VCT 2025 EMEA Stage 2_csvs
511575,Icebox,1,9 - 13,Natus Vincere,50:15,Movistar KOI(KOI),VCT 2025 EMEA Stage 2_csvs
511575,Corrode,2,16 - 14,Movistar KOI(KOI),1:06:20,Natus Vincere,VCT 2025 EMEA Stage 2_csvs
511575,Ascent,3,3 - 13,Natus Vincere,34:43,Decider,VCT 2025 EMEA Stage 2_csvs
511576,Bind,1,5 - 13,FNATIC,41:24,FNATIC,VCT 2025 EMEA Stage 2_csvs
511576,Lotus,2,10 - 13,FNATIC,48:13,Apeks,VCT 2025 EMEA Stage 2_csvs
511577,Ascent,1,7 - 13,Team Heretics,51:35,GIANTX,VCT 2025 EMEA Stage 2_csvs
511577,Haven,2,3 - 13,Team Heretics,35:14,Team Heretics,VCT 2025 EMEA Stage 2_csvs
511579,Corrode,1,4 - 13,Team Vitality,35:04,Gentle Mates,VCT 2025 EMEA Stage 2_csvs
511579,Lotus,2,13 - 9,Gentle Mates,47:26,Team Vitality,VCT 2025 EMEA Stage 2_csvs
511579,Ascent,3,10 - 13,Team Vitality,47:56,Decider,VCT 2025 EMEA Stage 2_csvs
511580,Sunset,1,11 - 13,BBL Esports,55:48,BBL Esports,VCT 2025 EMEA Stage 2_csvs
511580,Ascent,2,9 - 13,BBL Esports,48:06,FUT Esports,VCT 2025 EMEA Stage 2_csvs
511581,Lotus,1,14 - 12,Team Liquid,56:21,Team Liquid,VCT 2025 EMEA Stage 2_csvs
511581,Bind,2,13 - 15,Karmine Corp,1:09:47,Karmine Corp,VCT 2025 EMEA Stage 2_csvs
511581,Sunset,3,12 - 14,Karmine Corp,1:01:49,Decider,VCT 2025 EMEA Stage 2_csvs
530924,Corrode,1,13 - 7,FNATIC,44:28,FNATIC,VCT 2025 EMEA Stage 2_csvs
530924,Ascent,2,7 - 13,BBL Esports,44:02,BBL Esports,VCT 2025 EMEA Stage 2_csvs
530924,Haven,3,9 - 13,BBL Esports,55:16,Decider,VCT 2025 EMEA Stage 2_csvs
530925,Bind,1,5 - 13,Natus Vincere,38:30,Natus Vincere,VCT 2025 EMEA Stage 2_csvs
530925,Haven,2,13 - 8,GIANTX,43:41,GIANTX,VCT 2025 EMEA Stage 2_csvs
530925,Ascent,3,13 - 6,GIANTX,39:54,Decider,VCT 2025 EMEA Stage 2_csvs
530928,Icebox,1,6 - 13,BBL Esports,45:20,BBL Esports,VCT 2025 EMEA Stage 2_csvs
530928,Ascent,2,11 - 13,BBL Esports,50:46,Team Heretics,VCT 2025 EMEA Stage 2_csvs
530929,Sunset,1,13 - 4,Team Liquid,30:22,GIANTX,VCT 2025 EMEA Stage 2_csvs
530929,Corrode,2,11 - 13,GIANTX,52:49,Team Liquid,VCT 2025 EMEA Stage 2_csvs
530929,Ascent,3,14 - 12,Team Liquid,54:05,Decider,VCT 2025 EMEA Stage 2_csvs
530926,Haven,1,12 - 14,Karmine Corp,1:04:18,Karmine Corp,VCT 2025 EMEA Stage 2_csvs
530926,Corrode,2,14 - 12,FNATIC,1:00:01,FNATIC,VCT 2025 EMEA Stage 2_csvs
530926,Bind,3,13 - 8,FNATIC,53:18,Decider,VCT 2025 EMEA Stage 2_csvs
530927,Haven,1,13 - 7,Natus Vincere,52:20,Team Vitality,VCT 2025 EMEA Stage 2_csvs
530927,Bind,2,13 - 11,Natus Vincere,57:26,Natus Vincere,VCT 2025 EMEA Stage 2_csvs
530930,Lotus,1,13 - 10,GIANTX,53:22,FNATIC,VCT 2025 EMEA Stage 2_csvs
530930,Sunset,2,13 - 10,GIANTX,49:43,GIANTX,VCT 2025 EMEA Stage 2_csvs
530931,Icebox,1,3 - 13,Natus Vincere,41:04,Natus Vincere,VCT 2025 EMEA Stage 2_csvs
530931,Haven,2,7 - 13,Natus Vincere,44:25,Team Heretics,VCT 2025 EMEA Stage 2_csvs
530932,Ascent,1,10 - 13,Team Liquid,51:22,BBL Esports,VCT 2025 EMEA Stage 2_csvs
530932,Sunset,2,13 - 10,BBL Esports,54:47,Team Liquid,VCT 2025 EMEA Stage 2_csvs
530932,Bind,3,12 - 14,Team Liquid,56:20,Decider,VCT 2025 EMEA Stage 2_csvs
530933,Icebox,1,6 - 13,Natus Vincere,43:11,Natus Vincere,VCT 2025 EMEA Stage 2_csvs
530933,Sunset,2,13 - 6,GIANTX,41:06,GIANTX,VCT 2025 EMEA Stage 2_csvs
530933,Haven,3,13 - 4,GIANTX,37:42,Decider,VCT 2025 EMEA Stage 2_csvs
530934,Ascent,1,2 - 13,GIANTX,31:37,BBL Esports,VCT 2025 EMEA Stage 2_csvs
530934,Sunset,2,8 - 13,GIANTX,45:02,GIANTX,VCT 2025 EMEA Stage 2_csvs
530934,Bind,3,6 - 13,GIANTX,40:32,BBL Esports,VCT 2025 EMEA Stage 2_csvs
538583,Corrode,1,7 - 13,Team EMEA,40:26,Decider,VCT 2025 EMEA Stage 2_csvs
530935,Bind,1,13 - 10,Team Liquid,51:30,Team Liquid,VCT 2025 EMEA Stage 2_csvs
530935,Lotus,2,13 - 9,Team Liquid,42:05,GIANTX,VCT 2025 EMEA Stage 2_csvs
530935,Sunset,3,13 - 10,Team Liquid,50:30,Team Liquid,VCT 2025 EMEA Stage 2_csvs
430514,Pearl,1,11 - 13,T1,1:19:42,BOOM Esports,VCT 2025 Pacific Kickoff_csvs
430514,Bind,2,13 - 8,BOOM Esports,45:08,T1,VCT 2025 Pacific Kickoff_csvs
430514,Fracture,3,7 - 13,T1,39:44,Decider,VCT 2025 Pacific Kickoff_csvs
430515,Split,1,9 - 13,Nongshim RedForce,53:44,Nongshim RedForce,VCT 2025 Pacific Kickoff_csvs
430515,Haven,2,9 - 13,Nongshim RedForce,43:54,ZETA DIVISION,VCT 2025 Pacific Kickoff_csvs
430516,Abyss,1,3 - 13,Team Secret,51:17,Team Secret,VCT 2025 Pacific Kickoff_csvs
430516,Split,2,13 - 7,Global Esports,45:52,Global Esports,VCT 2025 Pacific Kickoff_csvs
430516,Pearl,3,13 - 6,Global Esports,48:22,Decider,VCT 2025 Pacific Kickoff_csvs
430517,Abyss,1,14 - 12,DetonatioN FocusMe,1:15:45,Rex Regum Qeon,VCT 2025 Pacific Kickoff_csvs
430517,Pearl,2,3 - 13,Rex Regum Qeon,35:42,DetonatioN FocusMe,VCT 2025 Pacific Kickoff_csvs
430517,Haven,3,3 - 13,Rex Regum Qeon,37:48,Decider,VCT 2025 Pacific Kickoff_csvs
430521,Lotus,1,13 - 11,DRX,1:11:24,Nongshim RedForce,VCT 2025 Pacific Kickoff_csvs
430521,Pearl,2,6 - 13,Nongshim RedForce,45:26,DRX,VCT 2025 Pacific Kickoff_csvs
430521,Fracture,3,13 - 9,DRX,48:44,Decider,VCT 2025 Pacific Kickoff_csvs
430518,Bind,1,6 - 13,T1,43:53,T1,VCT 2025 Pacific Kickoff_csvs
430518,Fracture,2,13 - 8,Paper Rex,42:18,Paper Rex,VCT 2025 Pacific Kickoff_csvs
430518,Split,3,11 - 13,T1,53:11,Decider,VCT 2025 Pacific Kickoff_csvs
430519,Split,1,6 - 13,Global Esports,54:35,Global Esports,VCT 2025 Pacific Kickoff_csvs
430519,Abyss,2,13 - 9,TALON,51:05,TALON,VCT 2025 Pacific Kickoff_csvs
430519,Lotus,3,13 - 8,TALON,51:39,Decider,VCT 2025 Pacific Kickoff_csvs
430520,Fracture,1,6 - 13,Rex Regum Qeon,49:04,Rex Regum Qeon,VCT 2025 Pacific Kickoff_csvs
430520,Lotus,2,13 - 8,Gen.G,51:22,Gen.G,VCT 2025 Pacific Kickoff_csvs
430520,Haven,3,14 - 12,Gen.G,1:05:05,Decider,VCT 2025 Pacific Kickoff_csvs
430526,Pearl,1,13 - 3,Nongshim RedForce,50:29,BOOM Esports,VCT 2025 Pacific Kickoff_csvs
430526,Bind,2,7 - 13,BOOM Esports,55:46,Nongshim RedForce,VCT 2025 Pacific Kickoff_csvs
430526,Lotus,3,13 - 9,Nongshim RedForce,52:11,Decider,VCT 2025 Pacific Kickoff_csvs
430529,Lotus,1,13 - 5,Paper Rex,51:07,ZETA DIVISION,VCT 2025 Pacific Kickoff_csvs
430529,Fracture,2,13 - 8,Paper Rex,45:05,Paper Rex,VCT 2025 Pacific Kickoff_csvs
430527,Lotus,1,9 - 13,Team Secret,1:09:49,Team Secret,VCT 2025 Pacific Kickoff_csvs
430527,Pearl,2,13 - 4,Rex Regum Qeon,50:02,Rex Regum Qeon,VCT 2025 Pacific Kickoff_csvs
430527,Haven,3,13 - 4,Rex Regum Qeon,41:34,Decider,VCT 2025 Pacific Kickoff_csvs
430528,Abyss,1,8 - 13,DetonatioN FocusMe,50:07,DetonatioN FocusMe,VCT 2025 Pacific Kickoff_csvs
430528,Split,2,12 - 14,DetonatioN FocusMe,1:04:41,Global Esports,VCT 2025 Pacific Kickoff_csvs
430522,Fracture,1,13 - 5,T1,52:42,TALON,VCT 2025 Pacific Kickoff_csvs
430522,Bind,2,4 - 13,TALON,34:07,T1,VCT 2025 Pacific Kickoff_csvs
430522,Haven,3,13 - 9,T1,49:31,Decider,VCT 2025 Pacific Kickoff_csvs
430523,Abyss,1,9 - 13,DRX,59:49,DRX,VCT 2025 Pacific Kickoff_csvs
430523,Bind,2,13 - 15,DRX,1:03:54,Gen.G,VCT 2025 Pacific Kickoff_csvs
430530,Fracture,1,12 - 14,Rex Regum Qeon,1:13:25,Rex Regum Qeon,VCT 2025 Pacific Kickoff_csvs
430530,Lotus,2,22 - 20,Nongshim RedForce,1:32:19,Nongshim RedForce,VCT 2025 Pacific Kickoff_csvs
430530,Pearl,3,13 - 8,Nongshim RedForce,52:15,Decider,VCT 2025 Pacific Kickoff_csvs
430531,Abyss,1,13 - 10,DetonatioN FocusMe,58:57,DetonatioN FocusMe,VCT 2025 Pacific Kickoff_csvs
430531,Pearl,2,13 - 1,DetonatioN FocusMe,34:24,Paper Rex,VCT 2025 Pacific Kickoff_csvs
430532,Lotus,1,9 - 13,Nongshim RedForce,1:02:09,Nongshim RedForce,VCT 2025 Pacific Kickoff_csvs
430532,Bind,2,13 - 10,TALON,52:01,TALON,VCT 2025 Pacific Kickoff_csvs
430532,Split,3,13 - 5,TALON,42:15,Decider,VCT 2025 Pacific Kickoff_csvs
430533,Abyss,1,13 - 6,Gen.G,52:41,DetonatioN FocusMe,VCT 2025 Pacific Kickoff_csvs
430533,Lotus,2,13 - 6,Gen.G,41:55,Gen.G,VCT 2025 Pacific Kickoff_csvs
430524,Lotus,1,13 - 11,T1,1:06:28,DRX,VCT 2025 Pacific Kickoff_csvs
430524,Haven,2,13 - 15,DRX,59:21,T1,VCT 2025 Pacific Kickoff_csvs
430524,Fracture,3,10 - 13,DRX,50:27,Decider,VCT 2025 Pacific Kickoff_csvs
430534,Bind,1,7 - 13,Gen.G,52:32,TALON,VCT 2025 Pacific Kickoff_csvs
430534,Lotus,2,2 - 13,Gen.G,34:08,Gen.G,VCT 2025 Pacific Kickoff_csvs
430535,Pearl,1,13 - 8,T1,1:07:45,T1,VCT 2025 Pacific Kickoff_csvs
430535,Lotus,2,13 - 8,T1,41:54,Gen.G,VCT 2025 Pacific Kickoff_csvs
430535,Haven,3,5 - 13,Gen.G,43:00,T1,VCT 2025 Pacific Kickoff_csvs
430535,Split,4,15 - 17,Gen.G,1:14:51,Gen.G,VCT 2025 Pacific Kickoff_csvs
430535,Bind,5,13 - 10,T1,55:35,Decider,VCT 2025 Pacific Kickoff_csvs
430525,Abyss,1,13 - 3,DRX,1:00:22,DRX,VCT 2025 Pacific Kickoff_csvs
430525,Lotus,2,6 - 13,T1,42:03,T1,VCT 2025 Pacific Kickoff_csvs
430525,Fracture,3,13 - 9,DRX,49:54,DRX,VCT 2025 Pacific Kickoff_csvs
430525,Bind,4,12 - 14,T1,1:02:47,T1,VCT 2025 Pacific Kickoff_csvs
430525,Split,5,13 - 11,DRX,56:48,Decider,VCT 2025 Pacific Kickoff_csvs
458805,Lotus,1,7 - 13,Global Esports,1:09:12,Global Esports,VCT 2025 Pacific Stage 1_csvs
458805,Pearl,2,11 - 13,Global Esports,1:01:31,DetonatioN FocusMe,VCT 2025 Pacific Stage 1_csvs
458806,Fracture,1,13 - 7,T1,54:22,ZETA DIVISION,VCT 2025 Pacific Stage 1_csvs
458806,Split,2,12 - 14,ZETA DIVISION,59:31,T1,VCT 2025 Pacific Stage 1_csvs
458806,Haven,3,13 - 5,T1,37:37,Decider,VCT 2025 Pacific Stage 1_csvs
458807,Haven,1,13 - 9,DRX,1:02:09,DRX,VCT 2025 Pacific Stage 1_csvs
458807,Icebox,2,10 - 13,Paper Rex,50:55,Paper Rex,VCT 2025 Pacific Stage 1_csvs
458807,Lotus,3,13 - 7,DRX,42:32,Decider,VCT 2025 Pacific Stage 1_csvs
458808,Pearl,1,5 - 13,Team Secret,51:36,Team Secret,VCT 2025 Pacific Stage 1_csvs
458808,Fracture,2,13 - 2,TALON,28:10,TALON,VCT 2025 Pacific Stage 1_csvs
458808,Haven,3,13 - 9,TALON,46:41,Decider,VCT 2025 Pacific Stage 1_csvs
458809,Ascent,1,8 - 13,BOOM Esports,1:09:34,BOOM Esports,VCT 2025 Pacific Stage 1_csvs
458809,Haven,2,15 - 17,BOOM Esports,1:12:35,Gen.G,VCT 2025 Pacific Stage 1_csvs
458810,Ascent,1,5 - 13,Rex Regum Qeon,46:55,Rex Regum Qeon,VCT 2025 Pacific Stage 1_csvs
458810,Split,2,13 - 8,Nongshim RedForce,50:24,Nongshim RedForce,VCT 2025 Pacific Stage 1_csvs
458810,Pearl,3,13 - 10,Nongshim RedForce,1:04:29,Decider,VCT 2025 Pacific Stage 1_csvs
458811,Lotus,1,11 - 13,ZETA DIVISION,1:11:35,ZETA DIVISION,VCT 2025 Pacific Stage 1_csvs
458811,Icebox,2,10 - 13,ZETA DIVISION,54:47,Team Secret,VCT 2025 Pacific Stage 1_csvs
458812,Icebox,1,13 - 10,T1,56:02,T1,VCT 2025 Pacific Stage 1_csvs
458812,Split,2,13 - 11,T1,1:00:30,Nongshim RedForce,VCT 2025 Pacific Stage 1_csvs
458813,Lotus,1,13 - 10,Gen.G,1:08:23,Gen.G,VCT 2025 Pacific Stage 1_csvs
458813,Fracture,2,6 - 13,Paper Rex,36:21,Paper Rex,VCT 2025 Pacific Stage 1_csvs
458813,Haven,3,13 - 4,Gen.G,35:45,Decider,VCT 2025 Pacific Stage 1_csvs
458814,Lotus,1,13 - 3,DRX,40:40,DRX,VCT 2025 Pacific Stage 1_csvs
458814,Ascent,2,13 - 8,DRX,47:46,DetonatioN FocusMe,VCT 2025 Pacific Stage 1_csvs
458815,Lotus,1,8 - 13,Rex Regum Qeon,1:04:58,TALON,VCT 2025 Pacific Stage 1_csvs
458815,Ascent,2,5 - 13,Rex Regum Qeon,42:33,Rex Regum Qeon,VCT 2025 Pacific Stage 1_csvs
458816,Lotus,1,13 - 1,BOOM Esports,37:27,Global Esports,VCT 2025 Pacific Stage 1_csvs
458816,Haven,2,13 - 11,BOOM Esports,49:21,BOOM Esports,VCT 2025 Pacific Stage 1_csvs
458817,Lotus,1,13 - 2,Gen.G,49:13,Gen.G,VCT 2025 Pacific Stage 1_csvs
458817,Fracture,2,13 - 4,Gen.G,37:50,DetonatioN FocusMe,VCT 2025 Pacific Stage 1_csvs
458818,Split,1,13 - 6,Rex Regum Qeon,50:17,ZETA DIVISION,VCT 2025 Pacific Stage 1_csvs
458818,Haven,2,13 - 9,Rex Regum Qeon,46:50,Rex Regum Qeon,VCT 2025 Pacific Stage 1_csvs
458819,Ascent,1,13 - 8,Paper Rex,44:08,BOOM Esports,VCT 2025 Pacific Stage 1_csvs
458819,Fracture,2,9 - 13,BOOM Esports,44:15,Decider,VCT 2025 Pacific Stage 1_csvs
458819,Pearl,3,10 - 13,BOOM Esports,1:06:49,Paper Rex,VCT 2025 Pacific Stage 1_csvs
458820,Haven,1,5 - 13,Nongshim RedForce,46:26,TALON,VCT 2025 Pacific Stage 1_csvs
458820,Lotus,2,13 - 8,TALON,47:46,Nongshim RedForce,VCT 2025 Pacific Stage 1_csvs
458820,Fracture,3,13 - 6,TALON,40:50,Decider,VCT 2025 Pacific Stage 1_csvs
458821,Ascent,1,13 - 3,DRX,54:03,DRX,VCT 2025 Pacific Stage 1_csvs
458821,Split,2,13 - 10,DRX,51:31,Decider,VCT 2025 Pacific Stage 1_csvs
458822,Haven,1,13 - 6,T1,48:56,T1,VCT 2025 Pacific Stage 1_csvs
458822,Icebox,2,9 - 13,Team Secret,44:48,Team Secret,VCT 2025 Pacific Stage 1_csvs
458822,Lotus,3,13 - 8,T1,46:09,Decider,VCT 2025 Pacific Stage 1_csvs
458823,Pearl,1,13 - 10,Nongshim RedForce,1:13:39,Nongshim RedForce,VCT 2025 Pacific Stage 1_csvs
458823,Split,2,13 - 3,Nongshim RedForce,40:07,Team Secret,VCT 2025 Pacific Stage 1_csvs
458824,Icebox,1,8 - 13,BOOM Esports,55:48,DRX,VCT 2025 Pacific Stage 1_csvs
458824,Haven,2,14 - 12,DRX,52:51,BOOM Esports,VCT 2025 Pacific Stage 1_csvs
458824,Ascent,3,8 - 13,BOOM Esports,51:23,Decider,VCT 2025 Pacific Stage 1_csvs
458825,Pearl,1,13 - 10,T1,1:08:01,T1,VCT 2025 Pacific Stage 1_csvs
458825,Icebox,2,10 - 13,Rex Regum Qeon,51:05,Rex Regum Qeon,VCT 2025 Pacific Stage 1_csvs
458825,Lotus,3,5 - 13,Rex Regum Qeon,42:06,Decider,VCT 2025 Pacific Stage 1_csvs
458826,Haven,1,13 - 5,Gen.G,49:24,Gen.G,VCT 2025 Pacific Stage 1_csvs
458826,Pearl,2,13 - 7,Gen.G,45:44,Global Esports,VCT 2025 Pacific Stage 1_csvs
458827,Lotus,1,4 - 13,ZETA DIVISION,49:08,TALON,VCT 2025 Pacific Stage 1_csvs
458827,Split,2,10 - 13,ZETA DIVISION,53:40,ZETA DIVISION,VCT 2025 Pacific Stage 1_csvs
458828,Ascent,1,13 - 11,DetonatioN FocusMe,52:58,DetonatioN FocusMe,VCT 2025 Pacific Stage 1_csvs
458828,Lotus,2,7 - 13,Paper Rex,41:22,Paper Rex,VCT 2025 Pacific Stage 1_csvs
458828,Pearl,3,13 - 15,Paper Rex,1:01:16,Decider,VCT 2025 Pacific Stage 1_csvs
458830,Split,1,13 - 5,Paper Rex,58:09,Global Esports,VCT 2025 Pacific Stage 1_csvs
458830,Lotus,2,13 - 9,Paper Rex,54:27,Paper Rex,VCT 2025 Pacific Stage 1_csvs
458831,Icebox,1,6 - 13,TALON,48:30,TALON,VCT 2025 Pacific Stage 1_csvs
458831,Haven,2,7 - 13,TALON,48:22,T1,VCT 2025 Pacific Stage 1_csvs
458832,Lotus,1,8 - 13,Gen.G,1:20:40,Gen.G,VCT 2025 Pacific Stage 1_csvs
458832,Split,2,13 - 10,DRX,52:46,DRX,VCT 2025 Pacific Stage 1_csvs
458832,Ascent,3,13 - 9,DRX,44:43,Decider,VCT 2025 Pacific Stage 1_csvs
458833,Lotus,1,13 - 6,Nongshim RedForce,48:58,ZETA DIVISION,VCT 2025 Pacific Stage 1_csvs
458833,Pearl,2,11 - 13,ZETA DIVISION,59:37,Nongshim RedForce,VCT 2025 Pacific Stage 1_csvs
458833,Split,3,13 - 7,Nongshim RedForce,45:37,Decider,VCT 2025 Pacific Stage 1_csvs
458834,Fracture,1,8 - 13,BOOM Esports,59:57,BOOM Esports,VCT 2025 Pacific Stage 1_csvs
458834,Ascent,2,6 - 13,BOOM Esports,42:07,DetonatioN FocusMe,VCT 2025 Pacific Stage 1_csvs
458835,Haven,1,15 - 13,Rex Regum Qeon,1:05:58,Rex Regum Qeon,VCT 2025 Pacific Stage 1_csvs
458835,Ascent,2,5 - 13,Team Secret,42:14,Team Secret,VCT 2025 Pacific Stage 1_csvs
458835,Lotus,3,9 - 13,Team Secret,50:23,Decider,VCT 2025 Pacific Stage 1_csvs
473833,Haven,1,13 - 6,TALON,1:09:17,Gen.G,VCT 2025 Pacific Stage 1_csvs
473833,Icebox,2,6 - 13,Gen.G,41:38,TALON,VCT 2025 Pacific Stage 1_csvs
473833,Pearl,3,3 - 13,Gen.G,36:32,Decider,VCT 2025 Pacific Stage 1_csvs
473834,Lotus,1,15 - 13,DRX,1:07:27,T1,VCT 2025 Pacific Stage 1_csvs
473834,Fracture,2,14 - 12,DRX,1:00:29,DRX,VCT 2025 Pacific Stage 1_csvs
473837,Split,1,8 - 13,Gen.G,1:07:36,Gen.G,VCT 2025 Pacific Stage 1_csvs
473837,Ascent,2,6 - 13,Gen.G,38:38,BOOM Esports,VCT 2025 Pacific Stage 1_csvs
473838,Fracture,1,11 - 13,DRX,1:00:04,DRX,VCT 2025 Pacific Stage 1_csvs
473838,Icebox,2,13 - 4,Rex Regum Qeon,40:42,Rex Regum Qeon,VCT 2025 Pacific Stage 1_csvs
473838,Lotus,3,14 - 12,Rex Regum Qeon,1:00:19,Decider,VCT 2025 Pacific Stage 1_csvs
473835,Haven,1,13 - 9,TALON,1:09:46,TALON,VCT 2025 Pacific Stage 1_csvs
473835,Pearl,2,7 - 13,Nongshim RedForce,48:02,Nongshim RedForce,VCT 2025 Pacific Stage 1_csvs
473835,Ascent,3,13 - 9,TALON,54:00,Decider,VCT 2025 Pacific Stage 1_csvs
473836,Fracture,1,13 - 3,T1,40:24,Paper Rex,VCT 2025 Pacific Stage 1_csvs
473836,Ascent,2,4 - 13,Paper Rex,38:55,T1,VCT 2025 Pacific Stage 1_csvs
473836,Lotus,3,2 - 13,Paper Rex,33:01,Decider,VCT 2025 Pacific Stage 1_csvs
473839,Icebox,1,13 - 4,DRX,1:00:16,TALON,VCT 2025 Pacific Stage 1_csvs
473839,Fracture,2,14 - 12,DRX,1:01:12,DRX,VCT 2025 Pacific Stage 1_csvs
473840,Lotus,1,5 - 13,Paper Rex,45:13,Paper Rex,VCT 2025 Pacific Stage 1_csvs
473840,Fracture,2,8 - 13,Paper Rex,49:32,BOOM Esports,VCT 2025 Pacific Stage 1_csvs
473841,Lotus,1,13 - 5,Gen.G,56:41,Gen.G,VCT 2025 Pacific Stage 1_csvs
473841,Icebox,2,13 - 8,Gen.G,50:27,Rex Regum Qeon,VCT 2025 Pacific Stage 1_csvs
473842,Lotus,1,11 - 13,Paper Rex,58:51,Paper Rex,VCT 2025 Pacific Stage 1_csvs
473842,Icebox,2,8 - 13,Paper Rex,45:27,DRX,VCT 2025 Pacific Stage 1_csvs
473843,Fracture,1,2 - 13,Paper Rex,51:08,Rex Regum Qeon,VCT 2025 Pacific Stage 1_csvs
473843,Split,2,14 - 12,Rex Regum Qeon,53:25,Paper Rex,VCT 2025 Pacific Stage 1_csvs
473843,Pearl,3,14 - 12,Rex Regum Qeon,58:35,Rex Regum Qeon,VCT 2025 Pacific Stage 1_csvs
473843,Icebox,4,3 - 13,Paper Rex,35:20,Paper Rex,VCT 2025 Pacific Stage 1_csvs
473843,Ascent,5,13 - 6,Rex Regum Qeon,43:22,Decider,VCT 2025 Pacific Stage 1_csvs
473844,Haven,1,13 - 8,Gen.G,1:13:58,Gen.G,VCT 2025 Pacific Stage 1_csvs
473844,Ascent,2,11 - 13,Rex Regum Qeon,56:44,Rex Regum Qeon,VCT 2025 Pacific Stage 1_csvs
473844,Lotus,3,9 - 13,Rex Regum Qeon,54:30,Gen.G,VCT 2025 Pacific Stage 1_csvs
473844,Icebox,4,11 - 13,Rex Regum Qeon,54:26,Rex Regum Qeon,VCT 2025 Pacific Stage 1_csvs
508816,Sunset,1,8 - 13,Team Secret,51:34,Nongshim RedForce,VCT 2025 Pacific Stage 2_csvs
508816,Ascent,2,13 - 10,Nongshim RedForce,54:32,Team Secret,VCT 2025 Pacific Stage 2_csvs
508816,Lotus,3,13 - 3,Nongshim RedForce,35:21,Decider,VCT 2025 Pacific Stage 2_csvs
508817,Haven,1,15 - 17,Paper Rex,1:21:18,T1,VCT 2025 Pacific Stage 2_csvs
508817,Lotus,2,12 - 14,Paper Rex,50:36,Paper Rex,VCT 2025 Pacific Stage 2_csvs
508818,Haven,1,8 - 13,Gen.G,51:12,Gen.G,VCT 2025 Pacific Stage 2_csvs
508818,Corrode,2,6 - 13,Gen.G,52:30,DRX,VCT 2025 Pacific Stage 2_csvs
508819,Corrode,1,7 - 13,Global Esports,46:06,Global Esports,VCT 2025 Pacific Stage 2_csvs
508819,Haven,2,5 - 13,Global Esports,1:13:03,Rex Regum Qeon,VCT 2025 Pacific Stage 2_csvs
508820,Haven,1,1 - 13,DetonatioN FocusMe,38:19,ZETA DIVISION,VCT 2025 Pacific Stage 2_csvs
508820,Lotus,2,13 - 1,ZETA DIVISION,32:32,DetonatioN FocusMe,VCT 2025 Pacific Stage 2_csvs
508820,Icebox,3,7 - 13,DetonatioN FocusMe,48:02,Decider,VCT 2025 Pacific Stage 2_csvs
508821,Icebox,1,13 - 5,DRX,1:02:37,DRX,VCT 2025 Pacific Stage 2_csvs
508821,Bind,2,4 - 13,Nongshim RedForce,40:26,Nongshim RedForce,VCT 2025 Pacific Stage 2_csvs
508821,Lotus,3,13 - 11,DRX,58:52,Decider,VCT 2025 Pacific Stage 2_csvs
508822,Ascent,1,9 - 13,T1,57:51,T1,VCT 2025 Pacific Stage 2_csvs
508822,Corrode,2,10 - 13,T1,52:33,BOOM Esports,VCT 2025 Pacific Stage 2_csvs
508823,Bind,1,5 - 13,Team Secret,58:16,Global Esports,VCT 2025 Pacific Stage 2_csvs
508823,Corrode,2,13 - 9,Global Esports,49:46,Team Secret,VCT 2025 Pacific Stage 2_csvs
508823,Lotus,3,11 - 13,Team Secret,1:00:20,Decider,VCT 2025 Pacific Stage 2_csvs
508824,Haven,1,13 - 7,Paper Rex,43:26,DetonatioN FocusMe,VCT 2025 Pacific Stage 2_csvs
508824,Lotus,2,13 - 7,Paper Rex,51:18,Paper Rex,VCT 2025 Pacific Stage 2_csvs
508825,Icebox,1,13 - 5,TALON,55:59,TALON,VCT 2025 Pacific Stage 2_csvs
508825,Bind,2,13 - 6,TALON,40:26,ZETA DIVISION,VCT 2025 Pacific Stage 2_csvs
508826,Ascent,1,6 - 13,Gen.G,45:39,Rex Regum Qeon,VCT 2025 Pacific Stage 2_csvs
508826,Haven,2,13 - 11,Rex Regum Qeon,55:40,Decider,VCT 2025 Pacific Stage 2_csvs
508826,Sunset,3,13 - 6,Rex Regum Qeon,52:02,Gen.G,VCT 2025 Pacific Stage 2_csvs
508828,Icebox,1,3 - 13,Global Esports,51:16,Global Esports,VCT 2025 Pacific Stage 2_csvs
508828,Haven,2,13 - 3,Gen.G,38:00,Gen.G,VCT 2025 Pacific Stage 2_csvs
508828,Corrode,3,13 - 7,Gen.G,49:30,Decider,VCT 2025 Pacific Stage 2_csvs
508829,Corrode,1,13 - 9,TALON,50:13,DetonatioN FocusMe,VCT 2025 Pacific Stage 2_csvs
508829,Icebox,2,8 - 13,DetonatioN FocusMe,49:18,Decider,VCT 2025 Pacific Stage 2_csvs
508829,Sunset,3,9 - 13,DetonatioN FocusMe,58:39,TALON,VCT 2025 Pacific Stage 2_csvs
508830,Corrode,1,13 - 8,T1,1:13:36,ZETA DIVISION,VCT 2025 Pacific Stage 2_csvs
508830,Sunset,2,13 - 6,T1,36:01,T1,VCT 2025 Pacific Stage 2_csvs
508831,Corrode,1,11 - 13,Nongshim RedForce,54:18,Nongshim RedForce,VCT 2025 Pacific Stage 2_csvs
508831,Haven,2,13 - 8,Rex Regum Qeon,44:12,Rex Regum Qeon,VCT 2025 Pacific Stage 2_csvs
508831,Icebox,3,13 - 3,Rex Regum Qeon,38:09,Decider,VCT 2025 Pacific Stage 2_csvs
508832,Corrode,1,13 - 4,DRX,38:24,Team Secret,VCT 2025 Pacific Stage 2_csvs
508832,Icebox,2,13 - 4,DRX,59:02,DRX,VCT 2025 Pacific Stage 2_csvs
508833,Bind,1,8 - 13,Paper Rex,55:27,BOOM Esports,VCT 2025 Pacific Stage 2_csvs
508833,Lotus,2,10 - 13,Paper Rex,46:58,Paper Rex,VCT 2025 Pacific Stage 2_csvs
508834,Lotus,1,13 - 3,Gen.G,55:35,Gen.G,VCT 2025 Pacific Stage 2_csvs
508834,Ascent,2,13 - 8,Gen.G,43:31,Team Secret,VCT 2025 Pacific Stage 2_csvs
508835,Corrode,1,13 - 10,TALON,58:28,TALON,VCT 2025 Pacific Stage 2_csvs
508835,Lotus,2,13 - 6,TALON,40:24,T1,VCT 2025 Pacific Stage 2_csvs
508836,Lotus,1,10 - 13,DetonatioN FocusMe,1:11:25,BOOM Esports,VCT 2025 Pacific Stage 2_csvs
508836,Corrode,2,2 - 13,DetonatioN FocusMe,34:05,DetonatioN FocusMe,VCT 2025 Pacific Stage 2_csvs
508837,Bind,1,12 - 14,DRX,1:09:59,Rex Regum Qeon,VCT 2025 Pacific Stage 2_csvs
508837,Ascent,2,7 - 13,DRX,45:36,DRX,VCT 2025 Pacific Stage 2_csvs
508838,Corrode,1,13 - 7,Nongshim RedForce,59:51,Global Esports,VCT 2025 Pacific Stage 2_csvs
508838,Bind,2,13 - 8,Nongshim RedForce,49:16,Nongshim RedForce,VCT 2025 Pacific Stage 2_csvs
508839,Lotus,1,9 - 13,ZETA DIVISION,53:05,ZETA DIVISION,VCT 2025 Pacific Stage 2_csvs
508839,Sunset,2,7 - 13,ZETA DIVISION,41:16,Paper Rex,VCT 2025 Pacific Stage 2_csvs
508840,Lotus,1,9 - 13,Nongshim RedForce,1:08:02,Gen.G,VCT 2025 Pacific Stage 2_csvs
508840,Ascent,2,12 - 14,Nongshim RedForce,59:37,Nongshim RedForce,VCT 2025 Pacific Stage 2_csvs
508841,Bind,1,11 - 13,Paper Rex,56:01,TALON,VCT 2025 Pacific Stage 2_csvs
508841,Icebox,2,14 - 16,Paper Rex,1:02:47,Paper Rex,VCT 2025 Pacific Stage 2_csvs
508842,Lotus,1,13 - 10,DRX,1:09:03,DRX,VCT 2025 Pacific Stage 2_csvs
508842,Icebox,2,13 - 10,DRX,55:13,Global Esports,VCT 2025 Pacific Stage 2_csvs
508843,Lotus,1,15 - 13,BOOM Esports,1:07:11,BOOM Esports,VCT 2025 Pacific Stage 2_csvs
508843,Corrode,2,9 - 13,ZETA DIVISION,52:28,ZETA DIVISION,VCT 2025 Pacific Stage 2_csvs
508843,Ascent,3,8 - 13,ZETA DIVISION,46:52,Decider,VCT 2025 Pacific Stage 2_csvs
508844,Ascent,1,13 - 15,Team Secret,1:19:12,Team Secret,VCT 2025 Pacific Stage 2_csvs
508844,Icebox,2,13 - 4,Rex Regum Qeon,38:34,Rex Regum Qeon,VCT 2025 Pacific Stage 2_csvs
508844,Sunset,3,13 - 3,Rex Regum Qeon,36:33,Decider,VCT 2025 Pacific Stage 2_csvs
508845,Sunset,1,13 - 6,T1,44:37,DetonatioN FocusMe,VCT 2025 Pacific Stage 2_csvs
508845,Haven,2,13 - 9,T1,47:41,T1,VCT 2025 Pacific Stage 2_csvs
530354,Lotus,1,13 - 5,TALON,1:05:20,Nongshim RedForce,VCT 2025 Pacific Stage 2_csvs
530354,Corrode,2,16 - 14,TALON,1:09:09,TALON,VCT 2025 Pacific Stage 2_csvs
530355,Bind,1,9 - 13,T1,59:11,T1,VCT 2025 Pacific Stage 2_csvs
530355,Haven,2,13 - 7,Rex Regum Qeon,44:12,Rex Regum Qeon,VCT 2025 Pacific Stage 2_csvs
530355,Sunset,3,8 - 13,T1,40:29,Decider,VCT 2025 Pacific Stage 2_csvs
530356,Bind,1,13 - 11,DRX,1:13:31,TALON,VCT 2025 Pacific Stage 2_csvs
530356,Haven,2,9 - 13,TALON,47:55,DRX,VCT 2025 Pacific Stage 2_csvs
530356,Lotus,3,7 - 13,TALON,45:31,Decider,VCT 2025 Pacific Stage 2_csvs
530357,Sunset,1,13 - 8,Paper Rex,48:42,T1,VCT 2025 Pacific Stage 2_csvs
530357,Bind,2,13 - 6,Paper Rex,41:27,Paper Rex,VCT 2025 Pacific Stage 2_csvs
530358,Lotus,1,13 - 6,Nongshim RedForce,54:16,DetonatioN FocusMe,VCT 2025 Pacific Stage 2_csvs
530358,Ascent,2,13 - 10,Nongshim RedForce,48:39,Nongshim RedForce,VCT 2025 Pacific Stage 2_csvs
530359,Haven,1,10 - 13,Gen.G,58:40,Gen.G,VCT 2025 Pacific Stage 2_csvs
530359,Sunset,2,13 - 11,Rex Regum Qeon,55:16,Rex Regum Qeon,VCT 2025 Pacific Stage 2_csvs
530359,Corrode,3,13 - 6,Rex Regum Qeon,41:22,Decider,VCT 2025 Pacific Stage 2_csvs
530360,Ascent,1,13 - 9,T1,48:51,T1,VCT 2025 Pacific Stage 2_csvs
530360,Lotus,2,13 - 6,T1,59:31,Nongshim RedForce,VCT 2025 Pacific Stage 2_csvs
530361,Icebox,1,7 - 13,Rex Regum Qeon,52:55,Rex Regum Qeon,VCT 2025 Pacific Stage 2_csvs
530361,Corrode,2,9 - 13,Rex Regum Qeon,51:15,DRX,VCT 2025 Pacific Stage 2_csvs
530362,Haven,1,11 - 13,Paper Rex,1:06:38,TALON,VCT 2025 Pacific Stage 2_csvs
530362,Bind,2,7 - 13,Paper Rex,34:07,Paper Rex,VCT 2025 Pacific Stage 2_csvs
530363,Sunset,1,13 - 11,T1,53:19,Rex Regum Qeon,VCT 2025 Pacific Stage 2_csvs
530363,Haven,2,13 - 15,Rex Regum Qeon,1:01:35,Decider,VCT 2025 Pacific Stage 2_csvs
530363,Ascent,3,7 - 13,Rex Regum Qeon,49:16,T1,VCT 2025 Pacific Stage 2_csvs
530514,Corrode,1,13 - 8,Team World,1:00:55,Decider,VCT 2025 Pacific Stage 2_csvs
530364,Bind,1,13 - 4,TALON,55:59,TALON,VCT 2025 Pacific Stage 2_csvs
530364,Haven,2,13 - 7,TALON,42:57,Rex Regum Qeon,VCT 2025 Pacific Stage 2_csvs
530364,Corrode,3,10 - 13,Rex Regum Qeon,50:39,TALON,VCT 2025 Pacific Stage 2_csvs
530364,Icebox,4,6 - 13,Rex Regum Qeon,46:30,Rex Regum Qeon,VCT 2025 Pacific Stage 2_csvs
530364,Sunset,5,12 - 14,Rex Regum Qeon,58:39,Decider,VCT 2025 Pacific Stage 2_csvs
530365,Ascent,1,13 - 7,Paper Rex,39:41,Rex Regum Qeon,VCT 2025 Pacific Stage 2_csvs
530365,Lotus,2,6 - 13,Rex Regum Qeon,42:39,Paper Rex,VCT 2025 Pacific Stage 2_csvs
530365,Haven,3,13 - 7,Paper Rex,41:43,Rex Regum Qeon,VCT 2025 Pacific Stage 2_csvs
530365,Bind,4,13 - 8,Paper Rex,1:11:07,Paper Rex,VCT 2025 Pacific Stage 2_csvs
378662,Haven,1,13 - 8,Gen.G,1:02:40,Sentinels,Valorant Champions 2024_csvs
378662,Ascent,2,13 - 7,Gen.G,46:45,Gen.G,Valorant Champions 2024_csvs
378663,Abyss,1,12 - 14,Team Heretics,1:10:12,FunPlus Phoenix,Valorant Champions 2024_csvs
378663,Bind,2,13 - 9,FunPlus Phoenix,53:01,Team Heretics,Valorant Champions 2024_csvs
378663,Lotus,3,13 - 15,Team Heretics,1:07:12,Decider,Valorant Champions 2024_csvs
378657,Haven,1,2 - 13,KRÜ Esports,36:59,KRÜ Esports,Valorant Champions 2024_csvs
378657,Abyss,2,13 - 6,DRX,51:08,DRX,Valorant Champions 2024_csvs
378657,Bind,3,13 - 6,DRX,45:53,Decider,Valorant Champions 2024_csvs
378656,Bind,1,13 - 9,FNATIC,1:02:06,Bilibili Gaming,Valorant Champions 2024_csvs
378656,Lotus,2,13 - 4,FNATIC,36:53,FNATIC,Valorant Champions 2024_csvs
378667,Bind,1,13 - 11,LEVIATÁN,1:05:39,TALON,Valorant Champions 2024_csvs
378667,Ascent,2,13 - 8,LEVIATÁN,54:02,LEVIATÁN,Valorant Champions 2024_csvs
378669,Ascent,1,13 - 15,Trace Esports,1:09:22,Trace Esports,Valorant Champions 2024_csvs
378669,Sunset,2,13 - 7,Team Vitality,46:50,Team Vitality,Valorant Champions 2024_csvs
378669,Bind,3,7 - 13,Trace Esports,45:26,Decider,Valorant Champions 2024_csvs
378674,Icebox,1,13 - 8,G2 Esports,55:32,Paper Rex,Valorant Champions 2024_csvs
378674,Lotus,2,13 - 9,G2 Esports,49:03,G2 Esports,Valorant Champions 2024_csvs
378673,Lotus,1,13 - 9,EDward Gaming,55:13,FUT Esports,Valorant Champions 2024_csvs
378673,Bind,2,13 - 10,EDward Gaming,54:58,EDward Gaming,Valorant Champions 2024_csvs
378664,Abyss,1,13 - 11,Gen.G,1:05:59,Team Heretics,Valorant Champions 2024_csvs
378664,Lotus,2,11 - 13,Team Heretics,57:29,Gen.G,Valorant Champions 2024_csvs
378664,Bind,3,10 - 13,Team Heretics,53:15,Decider,Valorant Champions 2024_csvs
378658,Abyss,1,11 - 13,DRX,1:06:50,DRX,Valorant Champions 2024_csvs
378658,Lotus,2,6 - 13,DRX,47:03,FNATIC,Valorant Champions 2024_csvs
378670,Bind,1,10 - 13,Trace Esports,1:06:05,Trace Esports,Valorant Champions 2024_csvs
378670,Sunset,2,13 - 9,LEVIATÁN,46:53,LEVIATÁN,Valorant Champions 2024_csvs
378670,Ascent,3,5 - 13,Trace Esports,46:02,Decider,Valorant Champions 2024_csvs
378675,Icebox,1,13 - 8,EDward Gaming,56:46,G2 Esports,Valorant Champions 2024_csvs
378675,Haven,2,11 - 13,G2 Esports,55:17,EDward Gaming,Valorant Champions 2024_csvs
378675,Bind,3,11 - 13,G2 Esports,58:00,Decider,Valorant Champions 2024_csvs
378665,Bind,1,13 - 8,Sentinels,58:00,FunPlus Phoenix,Valorant Champions 2024_csvs
378665,Lotus,2,13 - 5,Sentinels,41:57,Sentinels,Valorant Champions 2024_csvs
378659,Lotus,1,9 - 13,KRÜ Esports,1:01:06,KRÜ Esports,Valorant Champions 2024_csvs
378659,Icebox,2,4 - 13,KRÜ Esports,36:20,Bilibili Gaming,Valorant Champions 2024_csvs
378671,Lotus,1,6 - 13,Team Vitality,1:06:04,TALON,Valorant Champions 2024_csvs
378671,Sunset,2,8 - 13,Team Vitality,48:54,Team Vitality,Valorant Champions 2024_csvs
378676,Sunset,1,11 - 13,Paper Rex,1:02:48,FUT Esports,Valorant Champions 2024_csvs
378676,Bind,2,6 - 13,Paper Rex,40:05,Paper Rex,Valorant Champions 2024_csvs
378666,Lotus,1,9 - 13,Sentinels,57:51,Sentinels,Valorant Champions 2024_csvs
378666,Icebox,2,6 - 13,Sentinels,44:05,Gen.G,Valorant Champions 2024_csvs
378660,Sunset,1,11 - 13,KRÜ Esports,1:05:29,KRÜ Esports,Valorant Champions 2024_csvs
378660,Haven,2,13 - 9,FNATIC,59:08,FNATIC,Valorant Champions 2024_csvs
378660,Lotus,3,13 - 5,FNATIC,45:59,Decider,Valorant Champions 2024_csvs
378672,Icebox,1,14 - 12,LEVIATÁN,1:09:37,LEVIATÁN,Valorant Champions 2024_csvs
378672,Sunset,2,13 - 4,LEVIATÁN,36:30,Team Vitality,Valorant Champions 2024_csvs
378677,Icebox,1,3 - 13,Paper Rex,45:00,EDward Gaming,Valorant Champions 2024_csvs
378677,Sunset,2,13 - 8,EDward Gaming,46:54,Paper Rex,Valorant Champions 2024_csvs
378677,Lotus,3,13 - 4,EDward Gaming,33:10,Decider,Valorant Champions 2024_csvs
378822,Sunset,1,13 - 15,Sentinels,1:08:46,Sentinels,Valorant Champions 2024_csvs
378822,Haven,2,8 - 13,Sentinels,43:10,DRX,Valorant Champions 2024_csvs
378823,Bind,1,7 - 13,EDward Gaming,50:40,Trace Esports,Valorant Champions 2024_csvs
378823,Sunset,2,10 - 13,EDward Gaming,52:32,EDward Gaming,Valorant Champions 2024_csvs
378824,Icebox,1,14 - 16,LEVIATÁN,1:20:59,LEVIATÁN,Valorant Champions 2024_csvs
378824,Abyss,2,5 - 13,LEVIATÁN,44:03,G2 Esports,Valorant Champions 2024_csvs
378825,Lotus,1,13 - 3,Team Heretics,48:20,FNATIC,Valorant Champions 2024_csvs
378825,Abyss,2,14 - 12,Team Heretics,1:01:50,Team Heretics,Valorant Champions 2024_csvs
378831,Lotus,1,13 - 3,DRX,42:52,Trace Esports,Valorant Champions 2024_csvs
378831,Abyss,2,13 - 5,DRX,40:41,DRX,Valorant Champions 2024_csvs
378832,Haven,1,3 - 13,FNATIC,43:29,FNATIC,Valorant Champions 2024_csvs
378832,Bind,2,11 - 13,FNATIC,58:10,G2 Esports,Valorant Champions 2024_csvs
378826,Haven,1,13 - 9,Sentinels,1:01:57,EDward Gaming,Valorant Champions 2024_csvs
378826,Lotus,2,9 - 13,EDward Gaming,53:44,Sentinels,Valorant Champions 2024_csvs
378826,Sunset,3,6 - 13,EDward Gaming,42:04,Decider,Valorant Champions 2024_csvs
378827,Icebox,1,15 - 13,LEVIATÁN,1:14:55,LEVIATÁN,Valorant Champions 2024_csvs
378827,Lotus,2,13 - 10,LEVIATÁN,57:45,Team Heretics,Valorant Champions 2024_csvs
378834,Sunset,1,13 - 11,Sentinels,1:08:23,Sentinels,Valorant Champions 2024_csvs
378834,Bind,2,9 - 13,FNATIC,52:23,FNATIC,Valorant Champions 2024_csvs
378834,Lotus,3,13 - 6,Sentinels,51:27,Decider,Valorant Champions 2024_csvs
378833,Abyss,1,5 - 13,DRX,52:44,DRX,Valorant Champions 2024_csvs
378833,Sunset,2,13 - 5,Team Heretics,43:42,Team Heretics,Valorant Champions 2024_csvs
378833,Icebox,3,13 - 10,Team Heretics,57:50,Decider,Valorant Champions 2024_csvs
378828,Icebox,1,14 - 16,LEVIATÁN,1:28:03,LEVIATÁN,Valorant Champions 2024_csvs
378828,Lotus,2,13 - 4,EDward Gaming,39:45,EDward Gaming,Valorant Champions 2024_csvs
378828,Abyss,3,13 - 11,EDward Gaming,1:01:34,Decider,Valorant Champions 2024_csvs
378835,Haven,1,8 - 13,Sentinels,1:01:41,Sentinels,Valorant Champions 2024_csvs
378835,Icebox,2,13 - 9,Team Heretics,54:53,Team Heretics,Valorant Champions 2024_csvs
378835,Abyss,3,13 - 7,Team Heretics,47:52,Decider,Valorant Champions 2024_csvs
378836,Icebox,1,7 - 13,Team Heretics,1:03:01,LEVIATÁN,Valorant Champions 2024_csvs
378836,Sunset,2,13 - 15,Team Heretics,1:07:58,Team Heretics,Valorant Champions 2024_csvs
378836,Abyss,3,13 - 9,LEVIATÁN,55:08,LEVIATÁN,Valorant Champions 2024_csvs
378836,Lotus,4,3 - 13,Team Heretics,38:44,Team Heretics,Valorant Champions 2024_csvs
378829,Haven,1,6 - 13,Team Heretics,1:16:43,EDward Gaming,Valorant Champions 2024_csvs
378829,Sunset,2,13 - 4,EDward Gaming,45:11,Team Heretics,Valorant Champions 2024_csvs
378829,Lotus,3,13 - 9,EDward Gaming,55:30,EDward Gaming,Valorant Champions 2024_csvs
378829,Bind,4,11 - 13,Team Heretics,1:01:45,Team Heretics,Valorant Champions 2024_csvs
378829,Abyss,5,13 - 9,EDward Gaming,51:55,Decider,Valorant Champions 2024_csvs
542195,Bind,1,13 - 9,Paper Rex,48:56,Xi Lai Gaming,Valorant Champions 2025_csvs
542195,Sunset,2,13 - 5,Paper Rex,39:04,Paper Rex,Valorant Champions 2025_csvs
542196,Corrode,1,6 - 13,Sentinels,41:17,Sentinels,Valorant Champions 2025_csvs
542196,Sunset,2,13 - 4,GIANTX,38:15,GIANTX,Valorant Champions 2025_csvs
542196,Haven,3,13 - 9,GIANTX,51:34,Decider,Valorant Champions 2025_csvs
542207,Abyss,1,17 - 15,NRG,1:14:38,EDward Gaming,Valorant Champions 2025_csvs
542207,Corrode,2,13 - 11,NRG,55:36,NRG,Valorant Champions 2025_csvs
542205,Abyss,1,8 - 13,DRX,47:56,DRX,Valorant Champions 2025_csvs
542205,Bind,2,10 - 13,DRX,51:28,Team Liquid,Valorant Champions 2025_csvs
542212,Lotus,1,13 - 15,T1,1:04:38,Dragon Ranger Gaming,Valorant Champions 2025_csvs
542212,Sunset,2,14 - 16,T1,1:27:05,T1,Valorant Champions 2025_csvs
542211,Corrode,1,10 - 13,Team Heretics,55:59,Team Heretics,Valorant Champions 2025_csvs
542211,Lotus,2,10 - 13,Team Heretics,56:24,G2 Esports,Valorant Champions 2025_csvs
542200,Haven,1,2 - 13,MIBR,34:58,Guangzhou Huadu Bilibili Gaming(Bilibili Gaming),Valorant Champions 2025_csvs
542200,Corrode,2,9 - 13,MIBR,47:01,MIBR,Valorant Champions 2025_csvs
542201,Ascent,1,10 - 13,FNATIC,57:19,FNATIC,Valorant Champions 2025_csvs
542201,Abyss,2,7 - 13,FNATIC,45:03,Rex Regum Qeon,Valorant Champions 2025_csvs
542197,Ascent,1,11 - 13,GIANTX,54:54,GIANTX,Valorant Champions 2025_csvs
542197,Lotus,2,13 - 10,Paper Rex,46:53,Paper Rex,Valorant Champions 2025_csvs
542197,Sunset,3,13 - 6,Paper Rex,38:53,Decider,Valorant Champions 2025_csvs
542208,Haven,1,13 - 4,DRX,43:25,DRX,Valorant Champions 2025_csvs
542208,Corrode,2,11 - 13,NRG,55:37,NRG,Valorant Champions 2025_csvs
542208,Lotus,3,11 - 13,NRG,53:46,Decider,Valorant Champions 2025_csvs
542213,Lotus,1,13 - 10,Team Heretics,51:06,Team Heretics,Valorant Champions 2025_csvs
542213,Sunset,2,13 - 11,Team Heretics,51:59,T1,Valorant Champions 2025_csvs
542202,Bind,1,13 - 5,MIBR,47:35,FNATIC,Valorant Champions 2025_csvs
542202,Abyss,2,7 - 13,FNATIC,45:01,MIBR,Valorant Champions 2025_csvs
542202,Haven,3,10 - 13,FNATIC,52:25,Decider,Valorant Champions 2025_csvs
542209,Sunset,1,3 - 13,EDward Gaming,40:44,Team Liquid,Valorant Champions 2025_csvs
542209,Abyss,2,13 - 6,Team Liquid,39:16,EDward Gaming,Valorant Champions 2025_csvs
542209,Bind,3,15 - 13,Team Liquid,1:05:45,Decider,Valorant Champions 2025_csvs
542198,Abyss,1,10 - 13,Sentinels,51:55,Xi Lai Gaming,Valorant Champions 2025_csvs
542198,Lotus,2,13 - 11,Xi Lai Gaming,59:42,Sentinels,Valorant Champions 2025_csvs
542198,Haven,3,13 - 8,Xi Lai Gaming,46:27,Decider,Valorant Champions 2025_csvs
542203,Sunset,1,13 - 7,Guangzhou Huadu Bilibili Gaming(Bilibili Gaming),41:56,Rex Regum Qeon,Valorant Champions 2025_csvs
542203,Lotus,2,8 - 13,Rex Regum Qeon,45:14,Guangzhou Huadu Bilibili Gaming(Bilibili Gaming),Valorant Champions 2025_csvs
542203,Abyss,3,4 - 13,Rex Regum Qeon,40:38,Decider,Valorant Champions 2025_csvs
542214,Lotus,1,13 - 7,G2 Esports,45:05,Dragon Ranger Gaming,Valorant Champions 2025_csvs
542214,Abyss,2,13 - 7,G2 Esports,44:41,G2 Esports,Valorant Champions 2025_csvs
542210,Corrode,1,13 - 8,DRX,48:25,Team Liquid,Valorant Champions 2025_csvs
542210,Abyss,2,13 - 7,DRX,46:41,DRX,Valorant Champions 2025_csvs
542199,Bind,1,14 - 12,GIANTX,57:22,Xi Lai Gaming,Valorant Champions 2025_csvs
542199,Ascent,2,13 - 10,GIANTX,47:59,GIANTX,Valorant Champions 2025_csvs
542215,Lotus,1,9 - 13,G2 Esports,49:12,G2 Esports,Valorant Champions 2025_csvs
542215,Corrode,2,8 - 13,G2 Esports,46:50,T1,Valorant Champions 2025_csvs
542204,Corrode,1,13 - 5,MIBR,44:14,Rex Regum Qeon,Valorant Champions 2025_csvs
542204,Abyss,2,13 - 5,MIBR,39:00,MIBR,Valorant Champions 2025_csvs
542265,Lotus,1,13 - 11,Paper Rex,51:39,Paper Rex,Valorant Champions 2025_csvs
542265,Corrode,2,13 - 15,G2 Esports,1:03:55,G2 Esports,Valorant Champions 2025_csvs
542265,Ascent,3,13 - 11,Paper Rex,57:03,Decider,Valorant Champions 2025_csvs
542264,Haven,1,13 - 11,FNATIC,1:00:52,DRX,Valorant Champions 2025_csvs
542264,Ascent,2,8 - 13,DRX,49:01,FNATIC,Valorant Champions 2025_csvs
542264,Lotus,3,13 - 5,FNATIC,44:32,Decider,Valorant Champions 2025_csvs
542266,Corrode,1,12 - 14,MIBR,1:01:32,MIBR,Valorant Champions 2025_csvs
542266,Sunset,2,6 - 13,MIBR,46:15,Team Heretics,Valorant Champions 2025_csvs
542267,Haven,1,13 - 1,NRG,34:06,GIANTX,Valorant Champions 2025_csvs
542267,Lotus,2,13 - 6,NRG,43:12,NRG,Valorant Champions 2025_csvs
542273,Lotus,1,7 - 13,G2 Esports,44:40,G2 Esports,Valorant Champions 2025_csvs
542273,Abyss,2,13 - 10,DRX,56:55,DRX,Valorant Champions 2025_csvs
542273,Bind,3,13 - 7,DRX,45:20,Decider,Valorant Champions 2025_csvs
542274,Ascent,1,13 - 4,Team Heretics,37:10,GIANTX,Valorant Champions 2025_csvs
542274,Lotus,2,3 - 13,GIANTX,35:56,Team Heretics,Valorant Champions 2025_csvs
542274,Bind,3,13 - 9,Team Heretics,45:33,Decider,Valorant Champions 2025_csvs
542268,Bind,1,10 - 13,Paper Rex,52:35,Paper Rex,Valorant Champions 2025_csvs
542268,Haven,2,13 - 4,FNATIC,37:32,FNATIC,Valorant Champions 2025_csvs
542268,Lotus,3,13 - 9,FNATIC,50:27,Decider,Valorant Champions 2025_csvs
542269,Abyss,1,14 - 16,NRG,1:10:57,MIBR,Valorant Champions 2025_csvs
542269,Haven,2,13 - 4,MIBR,38:48,NRG,Valorant Champions 2025_csvs
542269,Corrode,3,14 - 16,NRG,1:11:54,Decider,Valorant Champions 2025_csvs
542277,Ascent,1,13 - 11,Paper Rex,55:36,Team Heretics,Valorant Champions 2025_csvs
542277,Bind,2,9 - 13,Team Heretics,51:39,Paper Rex,Valorant Champions 2025_csvs
542277,Lotus,3,13 - 4,Paper Rex,35:08,Decider,Valorant Champions 2025_csvs
542276,Sunset,1,13 - 10,MIBR,47:50,MIBR,Valorant Champions 2025_csvs
542276,Ascent,2,13 - 15,DRX,1:06:08,DRX,Valorant Champions 2025_csvs
542276,Bind,3,10 - 13,DRX,58:37,Decider,Valorant Champions 2025_csvs
542270,Ascent,1,12 - 14,NRG,1:05:02,FNATIC,Valorant Champions 2025_csvs
542270,Abyss,2,5 - 13,NRG,40:41,NRG,Valorant Champions 2025_csvs
542278,Ascent,1,15 - 13,DRX,1:04:34,DRX,Valorant Champions 2025_csvs
542278,Lotus,2,13 - 8,DRX,46:28,Paper Rex,Valorant Champions 2025_csvs
542279,Sunset,1,8 - 13,DRX,48:59,FNATIC,Valorant Champions 2025_csvs
542279,Corrode,2,13 - 3,FNATIC,44:54,DRX,Valorant Champions 2025_csvs
542279,Haven,3,13 - 11,FNATIC,53:36,FNATIC,Valorant Champions 2025_csvs
542279,Bind,4,13 - 4,FNATIC,40:07,DRX,Valorant Champions 2025_csvs
542272,Corrode,1,13 - 3,NRG,40:34,NRG,Valorant Champions 2025_csvs
542272,Lotus,2,13 - 6,NRG,44:48,FNATIC,Valorant Champions 2025_csvs
542272,Abyss,3,13 - 15,FNATIC,1:03:33,NRG,Valorant Champions 2025_csvs
542272,Ascent,4,8 - 13,FNATIC,52:47,FNATIC,Valorant Champions 2025_csvs
542272,Sunset,5,13 - 5,NRG,42:18,Decider,Valorant Champions 2025_csvs
448598,Split,1,18 - 16,EDward Gaming,1:35:46,Team Liquid,Valorant Masters Bangkok 2025_csvs
448598,Pearl,2,13 - 6,EDward Gaming,44:31,EDward Gaming,Valorant Masters Bangkok 2025_csvs
448600,Lotus,1,13 - 3,DRX,45:20,Sentinels,Valorant Masters Bangkok 2025_csvs
448600,Haven,2,13 - 10,DRX,50:13,DRX,Valorant Masters Bangkok 2025_csvs
448599,Fracture,1,13 - 10,Team Vitality,1:02:22,Team Vitality,Valorant Masters Bangkok 2025_csvs
448599,Bind,2,13 - 9,Team Vitality,51:56,T1,Valorant Masters Bangkok 2025_csvs
448597,Lotus,1,13 - 8,G2 Esports,47:38,Trace Esports,Valorant Masters Bangkok 2025_csvs
448597,Abyss,2,13 - 3,G2 Esports,36:36,G2 Esports,Valorant Masters Bangkok 2025_csvs
449000,Bind,1,8 - 13,Team Vitality,58:50,Team Vitality,Valorant Masters Bangkok 2025_csvs
449000,Abyss,2,13 - 11,DRX,51:55,DRX,Valorant Masters Bangkok 2025_csvs
449000,Split,3,11 - 13,Team Vitality,57:01,Decider,Valorant Masters Bangkok 2025_csvs
449001,Pearl,1,16 - 18,G2 Esports,1:21:52,G2 Esports,Valorant Masters Bangkok 2025_csvs
449001,Bind,2,13 - 8,EDward Gaming,43:40,EDward Gaming,Valorant Masters Bangkok 2025_csvs
449001,Fracture,3,13 - 4,EDward Gaming,35:06,Decider,Valorant Masters Bangkok 2025_csvs
449002,Lotus,1,13 - 3,T1,45:37,Trace Esports,Valorant Masters Bangkok 2025_csvs
449002,Haven,2,13 - 8,T1,42:04,T1,Valorant Masters Bangkok 2025_csvs
449003,Lotus,1,7 - 13,Sentinels,53:41,Sentinels,Valorant Masters Bangkok 2025_csvs
449003,Abyss,2,16 - 14,Team Liquid,1:02:50,Team Liquid,Valorant Masters Bangkok 2025_csvs
449003,Bind,3,13 - 1,Team Liquid,30:20,Decider,Valorant Masters Bangkok 2025_csvs
449004,Fracture,1,13 - 11,T1,1:04:03,DRX,Valorant Masters Bangkok 2025_csvs
449004,Pearl,2,13 - 4,T1,39:01,T1,Valorant Masters Bangkok 2025_csvs
449005,Haven,1,13 - 5,G2 Esports,48:57,Team Liquid,Valorant Masters Bangkok 2025_csvs
449005,Lotus,2,13 - 7,G2 Esports,46:11,G2 Esports,Valorant Masters Bangkok 2025_csvs
449008,Split,1,13 - 7,EDward Gaming,55:34,T1,Valorant Masters Bangkok 2025_csvs
449008,Bind,2,6 - 13,T1,43:41,EDward Gaming,Valorant Masters Bangkok 2025_csvs
449008,Pearl,3,13 - 11,EDward Gaming,1:01:00,Decider,Valorant Masters Bangkok 2025_csvs
449009,Bind,1,13 - 15,G2 Esports,1:13:06,Team Vitality,Valorant Masters Bangkok 2025_csvs
449009,Lotus,2,9 - 13,G2 Esports,54:57,G2 Esports,Valorant Masters Bangkok 2025_csvs
449010,Lotus,1,8 - 13,G2 Esports,57:16,G2 Esports,Valorant Masters Bangkok 2025_csvs
449010,Split,2,7 - 13,G2 Esports,41:45,EDward Gaming,Valorant Masters Bangkok 2025_csvs
449012,Lotus,1,12 - 14,Team Vitality,1:09:37,T1,Valorant Masters Bangkok 2025_csvs
449012,Haven,2,13 - 4,T1,36:14,Team Vitality,Valorant Masters Bangkok 2025_csvs
449012,Split,3,13 - 5,T1,42:08,Decider,Valorant Masters Bangkok 2025_csvs
449013,Bind,1,4 - 13,T1,34:49,EDward Gaming,Valorant Masters Bangkok 2025_csvs
449013,Haven,2,10 - 13,T1,47:05,T1,Valorant Masters Bangkok 2025_csvs
449013,Fracture,3,14 - 12,EDward Gaming,53:33,EDward Gaming,Valorant Masters Bangkok 2025_csvs
449013,Split,4,5 - 13,T1,42:09,T1,Valorant Masters Bangkok 2025_csvs
450589,Ascent,1,9 - 13,Team Thailand,-,Decider,Valorant Masters Bangkok 2025_csvs
449011,Lotus,1,13 - 5,G2 Esports,55:22,G2 Esports,Valorant Masters Bangkok 2025_csvs
449011,Haven,2,9 - 13,T1,52:45,T1,Valorant Masters Bangkok 2025_csvs
449011,Abyss,3,13 - 11,G2 Esports,47:08,G2 Esports,Valorant Masters Bangkok 2025_csvs
449011,Split,4,13 - 15,T1,1:04:07,T1,Valorant Masters Bangkok 2025_csvs
449011,Pearl,5,14 - 16,T1,1:11:01,Decider,Valorant Masters Bangkok 2025_csvs
490309,Pearl,1,1 - 13,Paper Rex,28:55,Paper Rex,Valorant Masters Toronto 2025_csvs
490309,Icebox,2,9 - 13,Paper Rex,45:55,Team Heretics,Valorant Masters Toronto 2025_csvs
490307,Icebox,1,13 - 10,Guangzhou Huadu Bilibili Gaming(Bilibili Gaming),47:52,Guangzhou Huadu Bilibili Gaming(Bilibili Gaming),Valorant Masters Toronto 2025_csvs
490307,Haven,2,14 - 16,Team Liquid,1:02:14,Team Liquid,Valorant Masters Toronto 2025_csvs
490307,Sunset,3,13 - 10,Guangzhou Huadu Bilibili Gaming(Bilibili Gaming),45:07,Decider,Valorant Masters Toronto 2025_csvs
490308,Split,1,13 - 11,Sentinels,1:01:08,Wolves Esports,Valorant Masters Toronto 2025_csvs
490308,Lotus,2,13 - 8,Sentinels,50:17,Sentinels,Valorant Masters Toronto 2025_csvs
490306,Sunset,1,13 - 5,Gen.G,38:33,MIBR,Valorant Masters Toronto 2025_csvs
490306,Haven,2,13 - 1,Gen.G,32:15,Gen.G,Valorant Masters Toronto 2025_csvs
490311,Icebox,1,13 - 9,Guangzhou Huadu Bilibili Gaming(Bilibili Gaming),52:30,Guangzhou Huadu Bilibili Gaming(Bilibili Gaming),Valorant Masters Toronto 2025_csvs
490311,Sunset,2,5 - 13,Sentinels,39:56,Sentinels,Valorant Masters Toronto 2025_csvs
490311,Lotus,3,9 - 13,Sentinels,56:06,Decider,Valorant Masters Toronto 2025_csvs
490310,Ascent,1,11 - 13,Gen.G,53:28,Gen.G,Valorant Masters Toronto 2025_csvs
490310,Icebox,2,3 - 13,Gen.G,32:47,Paper Rex,Valorant Masters Toronto 2025_csvs
490312,Pearl,1,10 - 13,Wolves Esports,54:31,Wolves Esports,Valorant Masters Toronto 2025_csvs
490312,Lotus,2,9 - 13,Wolves Esports,50:35,Team Heretics,Valorant Masters Toronto 2025_csvs
490313,Icebox,1,13 - 6,Team Liquid,44:18,MIBR,Valorant Masters Toronto 2025_csvs
490313,Sunset,2,13 - 7,Team Liquid,44:22,Team Liquid,Valorant Masters Toronto 2025_csvs
490315,Split,1,10 - 13,Wolves Esports,58:27,Wolves Esports,Valorant Masters Toronto 2025_csvs
490315,Ascent,2,5 - 13,Wolves Esports,45:22,Guangzhou Huadu Bilibili Gaming(Bilibili Gaming),Valorant Masters Toronto 2025_csvs
490314,Split,1,13 - 15,Team Liquid,56:22,Paper Rex,Valorant Masters Toronto 2025_csvs
490314,Sunset,2,13 - 5,Paper Rex,34:05,Team Liquid,Valorant Masters Toronto 2025_csvs
490314,Lotus,3,14 - 12,Paper Rex,50:06,Decider,Valorant Masters Toronto 2025_csvs
498622,Split,1,10 - 13,Paper Rex,46:44,Paper Rex,Valorant Masters Toronto 2025_csvs
498622,Lotus,2,11 - 13,Paper Rex,54:24,G2 Esports,Valorant Masters Toronto 2025_csvs
498621,Sunset,1,6 - 13,Sentinels,41:59,Xi Lai Gaming,Valorant Masters Toronto 2025_csvs
498621,Lotus,2,6 - 13,Sentinels,43:08,Sentinels,Valorant Masters Toronto 2025_csvs
498623,Ascent,1,11 - 13,Wolves Esports,57:07,Wolves Esports,Valorant Masters Toronto 2025_csvs
498623,Icebox,2,8 - 13,Wolves Esports,48:42,Rex Regum Qeon,Valorant Masters Toronto 2025_csvs
498624,Haven,1,11 - 13,Gen.G,1:08:28,Gen.G,Valorant Masters Toronto 2025_csvs
498624,Split,2,14 - 12,FNATIC,1:48:42,FNATIC,Valorant Masters Toronto 2025_csvs
498624,Sunset,3,6 - 13,Gen.G,43:47,Decider,Valorant Masters Toronto 2025_csvs
498629,Icebox,1,3 - 13,G2 Esports,34:23,Xi Lai Gaming,Valorant Masters Toronto 2025_csvs
498629,Haven,2,8 - 13,G2 Esports,44:46,G2 Esports,Valorant Masters Toronto 2025_csvs
498630,Lotus,1,5 - 13,FNATIC,41:25,FNATIC,Valorant Masters Toronto 2025_csvs
498630,Haven,2,13 - 6,Rex Regum Qeon,40:03,Rex Regum Qeon,Valorant Masters Toronto 2025_csvs
498630,Ascent,3,5 - 13,FNATIC,47:02,Decider,Valorant Masters Toronto 2025_csvs
498626,Split,1,13 - 11,Wolves Esports,59:06,Wolves Esports,Valorant Masters Toronto 2025_csvs
498626,Sunset,2,13 - 9,Wolves Esports,49:13,Gen.G,Valorant Masters Toronto 2025_csvs
498625,Split,1,3 - 13,Paper Rex,38:48,Paper Rex,Valorant Masters Toronto 2025_csvs
498625,Sunset,2,11 - 13,Paper Rex,56:21,Sentinels,Valorant Masters Toronto 2025_csvs
498631,Lotus,1,7 - 13,G2 Esports,42:11,G2 Esports,Valorant Masters Toronto 2025_csvs
498631,Haven,2,13 - 11,Gen.G,56:05,Gen.G,Valorant Masters Toronto 2025_csvs
498631,Icebox,3,11 - 13,G2 Esports,1:00:17,Decider,Valorant Masters Toronto 2025_csvs
498632,Sunset,1,13 - 9,Sentinels,51:54,Sentinels,Valorant Masters Toronto 2025_csvs
498632,Ascent,2,7 - 13,FNATIC,49:56,FNATIC,Valorant Masters Toronto 2025_csvs
498632,Icebox,3,9 - 13,FNATIC,54:46,Decider,Valorant Masters Toronto 2025_csvs
498627,Lotus,1,14 - 12,Paper Rex,58:44,Paper Rex,Valorant Masters Toronto 2025_csvs
498627,Ascent,2,13 - 8,Paper Rex,48:20,Wolves Esports,Valorant Masters Toronto 2025_csvs
498633,Lotus,1,10 - 13,FNATIC,55:43,G2 Esports,Valorant Masters Toronto 2025_csvs
498633,Split,2,10 - 13,FNATIC,56:54,FNATIC,Valorant Masters Toronto 2025_csvs
498634,Split,1,9 - 13,FNATIC,53:08,FNATIC,Valorant Masters Toronto 2025_csvs
498634,Icebox,2,4 - 13,FNATIC,37:08,Wolves Esports,Valorant Masters Toronto 2025_csvs
498634,Lotus,3,13 - 10,Wolves Esports,54:40,FNATIC,Valorant Masters Toronto 2025_csvs
498634,Ascent,4,5 - 13,FNATIC,42:06,Wolves Esports,Valorant Masters Toronto 2025_csvs
507067,Corrode,1,7 - 13,Team Toast,-,Decider,Valorant Masters Toronto 2025_csvs
498628,Sunset,1,13 - 11,Paper Rex,57:40,Paper Rex,Valorant Masters Toronto 2025_csvs
498628,Icebox,2,15 - 17,FNATIC,1:08:59,FNATIC,Valorant Masters Toronto 2025_csvs
498628,Pearl,3,13 - 10,Paper Rex,52:55,Paper Rex,Valorant Masters Toronto 2025_csvs
498628,Lotus,4,14 - 12,Paper Rex,55:39,FNATIC,Valorant Masters Toronto 2025_csvs
