map,Team,Pistol Won,Eco (won),Semi-eco (won),Semi-buy (won),Full buy(won),match_id,tournament_name
Breeze,NRG,0,4 (0),0 (0),4 (4),15 (9),295605,Champions Tour 2024 Americas Kickoff_csvs
Breeze,FUR,2,2 (2),2 (0),9 (5),10 (3),295605,Champions Tour 2024 Americas Kickoff_csvs
Ascent,NRG,1,3 (1),2 (1),2 (2),14 (9),295605,Champions Tour 2024 Americas Kickoff_csvs
Ascent,FUR,1,3 (1),2 (0),3 (2),13 (5),295605,Champions Tour 2024 Americas Kickoff_csvs
All Maps,NRG,1,7 (1),2 (1),6 (6),29 (18),295605,Champions Tour 2024 Americas Kickoff_csvs
All Maps,FUR,3,5 (3),4 (0),12 (7),23 (8),295605,Champions Tour 2024 Americas Kickoff_csvs
Bind,C9,2,2 (2),2 (0),8 (3),12 (8),295606,Champions Tour 2024 Americas Kickoff_csvs
Bind,MIBR,0,4 (1),1 (0),3 (0),16 (10),295606,Champions Tour 2024 Americas Kickoff_csvs
Split,C9,0,3 (0),2 (0),6 (2),10 (6),295606,Champions Tour 2024 Americas Kickoff_csvs
Split,MIBR,2,2 (2),0 (0),8 (4),11 (7),295606,Champions Tour 2024 Americas Kickoff_csvs
All Maps,C9,1,2 (1),1 (0),11 (7),9 (5),295606,Champions Tour 2024 Americas Kickoff_csvs
All Maps,MIBR,1,3 (1),1 (1),5 (2),14 (6),295606,Champions Tour 2024 Americas Kickoff_csvs
Split,LOUD,1,3 (2),0 (0),5 (2),16 (9),295610,Champions Tour 2024 Americas Kickoff_csvs
Split,SEN,1,4 (1),1 (0),7 (5),12 (5),295610,Champions Tour 2024 Americas Kickoff_csvs
Ascent,LOUD,2,2 (2),1 (1),7 (4),12 (6),295610,Champions Tour 2024 Americas Kickoff_csvs
Ascent,SEN,0,4 (0),0 (0),6 (1),12 (8),295610,Champions Tour 2024 Americas Kickoff_csvs
either,LOUD,3,5 (4),1 (1),12 (6),28 (15),295610,Champions Tour 2024 Americas Kickoff_csvs
either,SEN,1,8 (1),1 (0),13 (6),24 (13),295610,Champions Tour 2024 Americas Kickoff_csvs
Bind,LEV,1,3 (1),0 (0),3 (2),16 (10),295611,Champions Tour 2024 Americas Kickoff_csvs
Bind,100T,1,3 (1),2 (1),3 (2),14 (5),295611,Champions Tour 2024 Americas Kickoff_csvs
Split,LEV,0,3 (0),3 (0),6 (0),4 (3),295611,Champions Tour 2024 Americas Kickoff_csvs
Split,100T,2,2 (2),0 (0),5 (4),9 (7),295611,Champions Tour 2024 Americas Kickoff_csvs
All Maps,LEV,1,3 (1),1 (1),5 (4),15 (7),295611,Champions Tour 2024 Americas Kickoff_csvs
All Maps,100T,1,3 (1),2 (0),5 (3),14 (7),295611,Champions Tour 2024 Americas Kickoff_csvs
Icebox,KRÜ,0,4 (0),1 (0),2 (2),15 (11),295615,Champions Tour 2024 Americas Kickoff_csvs
Icebox,G2,2,2 (2),1 (0),7 (4),12 (3),295615,Champions Tour 2024 Americas Kickoff_csvs
Sunset,KRÜ,1,3 (1),1 (0),5 (1),13 (7),295615,Champions Tour 2024 Americas Kickoff_csvs
Sunset,G2,1,3 (1),0 (0),7 (3),12 (9),295615,Champions Tour 2024 Americas Kickoff_csvs
All Maps,KRÜ,1,3 (1),0 (0),6 (5),15 (5),295615,Champions Tour 2024 Americas Kickoff_csvs
All Maps,G2,1,3 (1),2 (1),9 (6),10 (5),295615,Champions Tour 2024 Americas Kickoff_csvs
Split,FUR,1,3 (1),2 (0),5 (3),12 (5),295608,Champions Tour 2024 Americas Kickoff_csvs
Split,MIBR,1,3 (2),1 (0),1 (1),17 (10),295608,Champions Tour 2024 Americas Kickoff_csvs
Breeze,FUR,0,4 (0),0 (0),3 (1),17 (10),295608,Champions Tour 2024 Americas Kickoff_csvs
Breeze,MIBR,2,2 (2),2 (1),8 (3),12 (7),295608,Champions Tour 2024 Americas Kickoff_csvs
All Maps,FUR,1,7 (1),2 (0),8 (4),29 (15),295608,Champions Tour 2024 Americas Kickoff_csvs
All Maps,MIBR,3,5 (4),3 (1),9 (4),29 (17),295608,Champions Tour 2024 Americas Kickoff_csvs
Lotus,SEN,2,2 (2),1 (0),6 (4),9 (7),295613,Champions Tour 2024 Americas Kickoff_csvs
Lotus,100T,0,3 (0),2 (0),5 (2),8 (3),295613,Champions Tour 2024 Americas Kickoff_csvs
Bind,SEN,1,3 (1),0 (0),6 (2),10 (3),295613,Champions Tour 2024 Americas Kickoff_csvs
Bind,100T,1,3 (1),0 (0),2 (1),14 (11),295613,Champions Tour 2024 Americas Kickoff_csvs
All Maps,SEN,1,3 (1),1 (1),5 (3),12 (8),295613,Champions Tour 2024 Americas Kickoff_csvs
All Maps,100T,1,3 (1),3 (1),6 (3),9 (3),295613,Champions Tour 2024 Americas Kickoff_csvs
Sunset,NRG,1,3 (2),2 (1),2 (0),13 (10),295607,Champions Tour 2024 Americas Kickoff_csvs
Sunset,C9,1,3 (2),0 (0),9 (1),8 (4),295607,Champions Tour 2024 Americas Kickoff_csvs
Ascent,NRG,2,2 (2),2 (0),6 (3),16 (9),295607,Champions Tour 2024 Americas Kickoff_csvs
Ascent,C9,0,3 (0),1 (0),8 (4),14 (8),295607,Champions Tour 2024 Americas Kickoff_csvs
All Maps,NRG,3,5 (4),4 (1),8 (3),29 (19),295607,Champions Tour 2024 Americas Kickoff_csvs
All Maps,C9,1,6 (2),1 (0),17 (5),22 (12),295607,Champions Tour 2024 Americas Kickoff_csvs
Bind,LOUD,1,3 (1),2 (0),3 (2),16 (8),295612,Champions Tour 2024 Americas Kickoff_csvs
Bind,LEV,1,3 (1),0 (0),8 (3),13 (9),295612,Champions Tour 2024 Americas Kickoff_csvs
Split,LOUD,2,2 (2),3 (0),5 (4),13 (7),295612,Champions Tour 2024 Americas Kickoff_csvs
Split,LEV,0,5 (0),0 (0),3 (2),15 (8),295612,Champions Tour 2024 Americas Kickoff_csvs
All Maps,LOUD,1,3 (1),1 (1),3 (2),13 (9),295612,Champions Tour 2024 Americas Kickoff_csvs
All Maps,LEV,1,3 (1),2 (0),7 (3),8 (3),295612,Champions Tour 2024 Americas Kickoff_csvs
Sunset,G2,1,3 (1),0 (0),9 (4),16 (8),295617,Champions Tour 2024 Americas Kickoff_csvs
Sunset,EG,1,3 (1),4 (1),4 (3),17 (10),295617,Champions Tour 2024 Americas Kickoff_csvs
Icebox,G2,1,3 (1),2 (1),3 (1),16 (8),295617,Champions Tour 2024 Americas Kickoff_csvs
Icebox,EG,1,3 (1),1 (1),6 (3),14 (8),295617,Champions Tour 2024 Americas Kickoff_csvs
All Maps,G2,2,6 (2),2 (1),12 (5),32 (16),295617,Champions Tour 2024 Americas Kickoff_csvs
All Maps,EG,2,6 (2),5 (2),10 (6),31 (18),295617,Champions Tour 2024 Americas Kickoff_csvs
Bind,C9,1,2 (1),1 (0),6 (2),17 (9),295609,Champions Tour 2024 Americas Kickoff_csvs
Bind,MIBR,1,3 (1),0 (0),8 (4),15 (9),295609,Champions Tour 2024 Americas Kickoff_csvs
Ascent,C9,0,4 (1),1 (0),5 (2),12 (6),295609,Champions Tour 2024 Americas Kickoff_csvs
Ascent,MIBR,2,2 (2),2 (0),4 (2),14 (9),295609,Champions Tour 2024 Americas Kickoff_csvs
All Maps,C9,1,6 (2),2 (0),11 (4),29 (15),295609,Champions Tour 2024 Americas Kickoff_csvs
All Maps,MIBR,3,5 (3),2 (0),12 (6),29 (18),295609,Champions Tour 2024 Americas Kickoff_csvs
Split,LEV,1,2 (1),3 (0),6 (1),5 (1),295614,Champions Tour 2024 Americas Kickoff_csvs
Split,SEN,1,3 (2),0 (0),3 (3),10 (8),295614,Champions Tour 2024 Americas Kickoff_csvs
Breeze,LEV,1,3 (1),0 (0),5 (5),11 (7),295614,Champions Tour 2024 Americas Kickoff_csvs
Breeze,SEN,1,3 (1),2 (1),7 (2),7 (2),295614,Champions Tour 2024 Americas Kickoff_csvs
and,LEV,1,3 (1),1 (0),5 (3),13 (5),295614,Champions Tour 2024 Americas Kickoff_csvs
and,SEN,1,3 (1),0 (0),5 (3),14 (9),295614,Champions Tour 2024 Americas Kickoff_csvs
All Maps,LEV,3,8 (3),4 (0),16 (9),29 (13),295614,Champions Tour 2024 Americas Kickoff_csvs
All Maps,SEN,3,9 (4),2 (1),15 (8),31 (19),295614,Champions Tour 2024 Americas Kickoff_csvs
Split,G2,1,3 (1),0 (0),2 (1),16 (11),295619,Champions Tour 2024 Americas Kickoff_csvs
Split,KRÜ,1,3 (1),1 (0),7 (1),10 (6),295619,Champions Tour 2024 Americas Kickoff_csvs
Sunset,G2,1,3 (1),0 (0),5 (3),13 (9),295619,Champions Tour 2024 Americas Kickoff_csvs
Sunset,KRÜ,1,3 (1),2 (1),3 (1),13 (5),295619,Champions Tour 2024 Americas Kickoff_csvs
All Maps,G2,2,6 (2),0 (0),7 (4),29 (20),295619,Champions Tour 2024 Americas Kickoff_csvs
All Maps,KRÜ,2,6 (2),3 (1),10 (2),23 (11),295619,Champions Tour 2024 Americas Kickoff_csvs
Split,MIBR,1,3 (1),1 (0),5 (1),11 (5),307572,Champions Tour 2024 Americas Kickoff_csvs
Split,SEN,1,2 (1),1 (0),3 (2),14 (10),307572,Champions Tour 2024 Americas Kickoff_csvs
Ascent,MIBR,1,3 (1),1 (0),5 (3),10 (2),307572,Champions Tour 2024 Americas Kickoff_csvs
Ascent,SEN,1,4 (1),0 (0),4 (3),11 (9),307572,Champions Tour 2024 Americas Kickoff_csvs
All Maps,MIBR,2,6 (2),2 (0),10 (4),21 (7),307572,Champions Tour 2024 Americas Kickoff_csvs
All Maps,SEN,2,6 (2),1 (0),7 (5),25 (19),307572,Champions Tour 2024 Americas Kickoff_csvs
Sunset,G2,1,2 (1),3 (1),6 (2),11 (5),307573,Champions Tour 2024 Americas Kickoff_csvs
Sunset,MIBR,1,3 (1),0 (0),5 (2),14 (10),307573,Champions Tour 2024 Americas Kickoff_csvs
Split,G2,1,3 (1),2 (1),4 (3),19 (10),307573,Champions Tour 2024 Americas Kickoff_csvs
Split,MIBR,1,3 (1),1 (1),6 (4),18 (7),307573,Champions Tour 2024 Americas Kickoff_csvs
All Maps,G2,1,3 (1),2 (1),6 (2),12 (6),307573,Champions Tour 2024 Americas Kickoff_csvs
All Maps,MIBR,1,3 (1),1 (1),6 (3),13 (8),307573,Champions Tour 2024 Americas Kickoff_csvs
Sunset,SEN,1,3 (1),0 (0),6 (3),12 (9),307574,Champions Tour 2024 Americas Kickoff_csvs
Sunset,G2,1,3 (1),2 (0),5 (1),11 (6),307574,Champions Tour 2024 Americas Kickoff_csvs
Breeze,SEN,1,3 (1),1 (0),9 (5),9 (3),307574,Champions Tour 2024 Americas Kickoff_csvs
Breeze,G2,1,3 (1),2 (0),4 (2),13 (10),307574,Champions Tour 2024 Americas Kickoff_csvs
All Maps,SEN,0,4 (0),0 (0),6 (2),12 (7),307574,Champions Tour 2024 Americas Kickoff_csvs
All Maps,G2,2,2 (2),1 (0),8 (6),11 (5),307574,Champions Tour 2024 Americas Kickoff_csvs
Ascent,EG,1,3 (1),2 (2),3 (2),12 (8),303087,Champions Tour 2024 Americas Kickoff_csvs
Ascent,LOUD,1,3 (1),0 (0),9 (3),8 (3),303087,Champions Tour 2024 Americas Kickoff_csvs
Icebox,EG,0,3 (0),3 (0),3 (1),11 (6),303087,Champions Tour 2024 Americas Kickoff_csvs
Icebox,LOUD,2,2 (2),1 (1),4 (3),13 (7),303087,Champions Tour 2024 Americas Kickoff_csvs
All Maps,EG,0,4 (0),2 (0),1 (0),11 (5),303087,Champions Tour 2024 Americas Kickoff_csvs
All Maps,LOUD,2,2 (2),0 (0),3 (2),13 (9),303087,Champions Tour 2024 Americas Kickoff_csvs
Sunset,NRG,2,2 (2),0 (0),9 (5),19 (7),303088,Champions Tour 2024 Americas Kickoff_csvs
Sunset,SEN,0,3 (0),1 (0),1 (0),25 (16),303088,Champions Tour 2024 Americas Kickoff_csvs
Ascent,NRG,1,3 (1),2 (1),3 (2),13 (9),303088,Champions Tour 2024 Americas Kickoff_csvs
Ascent,SEN,1,3 (1),1 (0),6 (3),11 (4),303088,Champions Tour 2024 Americas Kickoff_csvs
All Maps,NRG,1,3 (1),0 (0),7 (2),6 (0),303088,Champions Tour 2024 Americas Kickoff_csvs
All Maps,SEN,1,3 (1),0 (0),3 (3),10 (9),303088,Champions Tour 2024 Americas Kickoff_csvs
Sunset,LOUD,1,3 (1),2 (0),6 (3),11 (5),303086,Champions Tour 2024 Americas Kickoff_csvs
Sunset,SEN,1,3 (1),2 (1),6 (4),11 (7),303086,Champions Tour 2024 Americas Kickoff_csvs
Split,LOUD,0,4 (0),1 (0),4 (0),7 (3),303086,Champions Tour 2024 Americas Kickoff_csvs
Split,SEN,2,2 (2),0 (0),5 (5),9 (6),303086,Champions Tour 2024 Americas Kickoff_csvs
Icebox,LOUD,1,3 (2),3 (2),4 (0),14 (9),303086,Champions Tour 2024 Americas Kickoff_csvs
Icebox,SEN,1,3 (1),0 (0),7 (3),14 (7),303086,Champions Tour 2024 Americas Kickoff_csvs
Bind,LOUD,2,3 (2),1 (0),4 (1),13 (10),303086,Champions Tour 2024 Americas Kickoff_csvs
Bind,SEN,0,3 (0),2 (0),6 (4),10 (4),303086,Champions Tour 2024 Americas Kickoff_csvs
All Maps,LOUD,0,3 (0),2 (0),5 (2),7 (2),303086,Champions Tour 2024 Americas Kickoff_csvs
All Maps,SEN,2,3 (2),0 (0),6 (5),8 (6),303086,Champions Tour 2024 Americas Kickoff_csvs
Icebox,C9,1,3 (1),2 (1),5 (2),10 (3),314622,Champions Tour 2024 Americas Stage 1_csvs
Icebox,LEV,1,3 (1),1 (0),1 (1),15 (11),314622,Champions Tour 2024 Americas Stage 1_csvs
Sunset,C9,1,3 (1),1 (0),2 (1),14 (11),314622,Champions Tour 2024 Americas Stage 1_csvs
Sunset,LEV,1,3 (1),1 (0),5 (1),11 (5),314622,Champions Tour 2024 Americas Stage 1_csvs
All Maps,C9,0,4 (1),1 (0),5 (3),24 (14),314622,Champions Tour 2024 Americas Stage 1_csvs
All Maps,LEV,2,3 (2),2 (0),4 (2),25 (12),314622,Champions Tour 2024 Americas Stage 1_csvs
Breeze,NRG,2,3 (2),2 (1),7 (5),11 (5),314623,Champions Tour 2024 Americas Stage 1_csvs
Breeze,LOUD,0,4 (0),1 (1),2 (0),16 (9),314623,Champions Tour 2024 Americas Stage 1_csvs
Sunset,NRG,2,2 (2),0 (0),4 (4),9 (7),314623,Champions Tour 2024 Americas Stage 1_csvs
Sunset,LOUD,0,3 (0),1 (0),6 (2),5 (0),314623,Champions Tour 2024 Americas Stage 1_csvs
All Maps,NRG,4,5 (4),2 (1),11 (9),20 (12),314623,Champions Tour 2024 Americas Stage 1_csvs
All Maps,LOUD,0,7 (0),2 (1),8 (2),21 (9),314623,Champions Tour 2024 Americas Stage 1_csvs
Lotus,G2,2,2 (2),1 (1),8 (3),10 (7),314624,Champions Tour 2024 Americas Stage 1_csvs
Lotus,EG,0,4 (0),3 (1),3 (1),11 (6),314624,Champions Tour 2024 Americas Stage 1_csvs
Icebox,G2,2,2 (2),0 (0),3 (2),11 (9),314624,Champions Tour 2024 Americas Stage 1_csvs
Icebox,EG,0,3 (0),2 (0),6 (1),5 (2),314624,Champions Tour 2024 Americas Stage 1_csvs
All Maps,G2,4,4 (4),1 (1),11 (5),21 (16),314624,Champions Tour 2024 Americas Stage 1_csvs
All Maps,EG,0,7 (0),5 (1),9 (2),16 (8),314624,Champions Tour 2024 Americas Stage 1_csvs
Icebox,SEN,2,2 (2),1 (0),11 (6),9 (5),314625,Champions Tour 2024 Americas Stage 1_csvs
Icebox,100T,0,4 (0),2 (1),0 (0),17 (9),314625,Champions Tour 2024 Americas Stage 1_csvs
Split,SEN,1,3 (1),0 (0),4 (3),12 (9),314625,Champions Tour 2024 Americas Stage 1_csvs
Split,100T,1,3 (1),3 (0),4 (1),9 (4),314625,Champions Tour 2024 Americas Stage 1_csvs
u,SEN,3,5 (3),1 (0),15 (9),21 (14),314625,Champions Tour 2024 Americas Stage 1_csvs
u,100T,1,7 (1),5 (1),4 (1),26 (13),314625,Champions Tour 2024 Americas Stage 1_csvs
Lotus,KRÜ,1,3 (1),1 (0),3 (3),13 (9),314626,Champions Tour 2024 Americas Stage 1_csvs
Lotus,FUR,1,3 (1),2 (0),7 (3),8 (3),314626,Champions Tour 2024 Americas Stage 1_csvs
Icebox,KRÜ,1,3 (1),1 (1),5 (1),15 (8),314626,Champions Tour 2024 Americas Stage 1_csvs
Icebox,FUR,1,3 (2),2 (0),9 (7),10 (4),314626,Champions Tour 2024 Americas Stage 1_csvs
All Maps,KRÜ,0,4 (0),1 (0),0 (0),15 (13),314626,Champions Tour 2024 Americas Stage 1_csvs
All Maps,FUR,2,2 (2),2 (0),11 (4),5 (1),314626,Champions Tour 2024 Americas Stage 1_csvs
Bind,G2,1,3 (1),2 (0),6 (3),11 (5),314628,Champions Tour 2024 Americas Stage 1_csvs
Bind,100T,1,3 (1),1 (0),3 (2),15 (10),314628,Champions Tour 2024 Americas Stage 1_csvs
Split,G2,2,2 (2),2 (0),11 (4),6 (2),314628,Champions Tour 2024 Americas Stage 1_csvs
Split,100T,0,4 (0),0 (0),3 (1),14 (12),314628,Champions Tour 2024 Americas Stage 1_csvs
All Maps,G2,3,5 (3),4 (0),17 (7),17 (7),314628,Champions Tour 2024 Americas Stage 1_csvs
All Maps,100T,1,7 (1),1 (0),6 (3),29 (22),314628,Champions Tour 2024 Americas Stage 1_csvs
Lotus,SEN,1,3 (1),2 (0),10 (6),21 (10),314629,Champions Tour 2024 Americas Stage 1_csvs
Lotus,LEV,1,3 (1),2 (0),4 (3),27 (15),314629,Champions Tour 2024 Americas Stage 1_csvs
Icebox,SEN,2,3 (2),0 (0),13 (7),8 (2),314629,Champions Tour 2024 Americas Stage 1_csvs
Icebox,LEV,0,4 (1),0 (0),4 (3),16 (9),314629,Champions Tour 2024 Americas Stage 1_csvs
lotus,SEN,3,6 (3),2 (0),23 (13),29 (12),314629,Champions Tour 2024 Americas Stage 1_csvs
lotus,LEV,1,7 (2),2 (0),8 (6),43 (24),314629,Champions Tour 2024 Americas Stage 1_csvs
Icebox,KRÜ,2,2 (2),0 (0),4 (3),13 (8),314630,Champions Tour 2024 Americas Stage 1_csvs
Icebox,MIBR,0,4 (0),1 (0),5 (3),9 (3),314630,Champions Tour 2024 Americas Stage 1_csvs
Sunset,KRÜ,1,3 (1),1 (1),4 (2),13 (9),314630,Champions Tour 2024 Americas Stage 1_csvs
Sunset,MIBR,1,3 (1),0 (0),6 (2),12 (5),314630,Champions Tour 2024 Americas Stage 1_csvs
All Maps,KRÜ,3,5 (3),1 (1),8 (5),26 (17),314630,Champions Tour 2024 Americas Stage 1_csvs
All Maps,MIBR,1,7 (1),1 (0),11 (5),21 (8),314630,Champions Tour 2024 Americas Stage 1_csvs
Split,NRG,1,3 (1),0 (0),1 (1),11 (11),314631,Champions Tour 2024 Americas Stage 1_csvs
Split,FUR,1,2 (1),1 (0),8 (1),4 (0),314631,Champions Tour 2024 Americas Stage 1_csvs
Breeze,NRG,0,4 (0),1 (0),2 (2),14 (11),314631,Champions Tour 2024 Americas Stage 1_csvs
Breeze,FUR,2,2 (2),1 (0),11 (4),7 (2),314631,Champions Tour 2024 Americas Stage 1_csvs
All Maps,NRG,1,7 (1),1 (0),3 (3),25 (22),314631,Champions Tour 2024 Americas Stage 1_csvs
All Maps,FUR,3,4 (3),2 (0),19 (5),11 (2),314631,Champions Tour 2024 Americas Stage 1_csvs
Lotus,C9,1,2 (1),2 (1),9 (3),9 (4),314632,Champions Tour 2024 Americas Stage 1_csvs
Lotus,EG,1,3 (1),0 (0),5 (3),14 (9),314632,Champions Tour 2024 Americas Stage 1_csvs
Sunset,C9,1,2 (1),1 (1),4 (4),14 (7),314632,Champions Tour 2024 Americas Stage 1_csvs
Sunset,EG,1,4 (1),1 (0),6 (3),10 (4),314632,Champions Tour 2024 Americas Stage 1_csvs
All Maps,C9,2,2 (2),1 (0),3 (3),11 (8),314632,Champions Tour 2024 Americas Stage 1_csvs
All Maps,EG,0,3 (0),3 (0),5 (2),6 (2),314632,Champions Tour 2024 Americas Stage 1_csvs
Lotus,SEN,2,2 (2),0 (0),4 (3),10 (8),314634,Champions Tour 2024 Americas Stage 1_csvs
Lotus,MIBR,0,4 (0),3 (0),3 (2),6 (1),314634,Champions Tour 2024 Americas Stage 1_csvs
Bind,SEN,0,4 (1),0 (0),1 (1),15 (11),314634,Champions Tour 2024 Americas Stage 1_csvs
Bind,MIBR,2,3 (2),1 (0),7 (3),9 (2),314634,Champions Tour 2024 Americas Stage 1_csvs
All Maps,SEN,2,6 (3),0 (0),5 (4),25 (19),314634,Champions Tour 2024 Americas Stage 1_csvs
All Maps,MIBR,2,7 (2),4 (0),10 (5),15 (3),314634,Champions Tour 2024 Americas Stage 1_csvs
Bind,C9,1,2 (1),1 (0),7 (3),14 (7),314635,Champions Tour 2024 Americas Stage 1_csvs
Bind,LOUD,1,3 (1),0 (0),8 (4),13 (8),314635,Champions Tour 2024 Americas Stage 1_csvs
Icebox,C9,2,2 (2),0 (0),5 (4),10 (7),314635,Champions Tour 2024 Americas Stage 1_csvs
Icebox,LOUD,0,4 (0),2 (0),2 (1),9 (3),314635,Champions Tour 2024 Americas Stage 1_csvs
All Maps,C9,0,3 (0),1 (1),3 (3),15 (9),314635,Champions Tour 2024 Americas Stage 1_csvs
All Maps,LOUD,2,2 (2),2 (0),12 (5),6 (2),314635,Champions Tour 2024 Americas Stage 1_csvs
Lotus,KRÜ,1,3 (1),0 (0),2 (2),13 (10),314636,Champions Tour 2024 Americas Stage 1_csvs
Lotus,EG,1,4 (1),2 (0),7 (3),5 (1),314636,Champions Tour 2024 Americas Stage 1_csvs
Breeze,KRÜ,2,2 (2),3 (0),3 (2),14 (9),314636,Champions Tour 2024 Americas Stage 1_csvs
Breeze,EG,0,4 (0),0 (0),5 (3),13 (6),314636,Champions Tour 2024 Americas Stage 1_csvs
All Maps,KRÜ,3,5 (3),3 (0),5 (4),27 (19),314636,Champions Tour 2024 Americas Stage 1_csvs
All Maps,EG,1,8 (1),2 (0),12 (6),18 (7),314636,Champions Tour 2024 Americas Stage 1_csvs
Sunset,NRG,0,3 (0),2 (1),6 (3),6 (0),314637,Champions Tour 2024 Americas Stage 1_csvs
Sunset,LEV,2,2 (2),1 (0),3 (2),11 (9),314637,Champions Tour 2024 Americas Stage 1_csvs
Bind,NRG,1,3 (1),1 (0),7 (2),6 (1),314637,Champions Tour 2024 Americas Stage 1_csvs
Bind,LEV,1,3 (1),0 (0),3 (3),11 (9),314637,Champions Tour 2024 Americas Stage 1_csvs
All Maps,NRG,1,6 (1),3 (1),13 (5),12 (1),314637,Champions Tour 2024 Americas Stage 1_csvs
All Maps,LEV,3,5 (3),1 (0),6 (5),22 (18),314637,Champions Tour 2024 Americas Stage 1_csvs
Lotus,G2,1,3 (1),0 (0),3 (3),10 (9),314638,Champions Tour 2024 Americas Stage 1_csvs
Lotus,FUR,1,3 (1),1 (0),10 (2),2 (0),314638,Champions Tour 2024 Americas Stage 1_csvs
Icebox,G2,2,2 (2),0 (0),6 (4),8 (7),314638,Champions Tour 2024 Americas Stage 1_csvs
Icebox,FUR,0,3 (0),2 (0),7 (2),4 (1),314638,Champions Tour 2024 Americas Stage 1_csvs
All Maps,G2,3,5 (3),0 (0),9 (7),18 (16),314638,Champions Tour 2024 Americas Stage 1_csvs
All Maps,FUR,1,6 (1),3 (0),17 (4),6 (1),314638,Champions Tour 2024 Americas Stage 1_csvs
Bind,C9,1,3 (1),2 (0),6 (3),9 (3),314639,Champions Tour 2024 Americas Stage 1_csvs
Bind,100T,1,3 (1),1 (1),3 (3),13 (8),314639,Champions Tour 2024 Americas Stage 1_csvs
Ascent,C9,1,3 (1),0 (0),7 (2),9 (3),314639,Champions Tour 2024 Americas Stage 1_csvs
Ascent,100T,1,2 (1),1 (0),3 (2),13 (10),314639,Champions Tour 2024 Americas Stage 1_csvs
All Maps,C9,2,6 (2),2 (0),13 (5),18 (6),314639,Champions Tour 2024 Americas Stage 1_csvs
All Maps,100T,2,5 (2),2 (1),6 (5),26 (18),314639,Champions Tour 2024 Americas Stage 1_csvs
Lotus,SEN,1,3 (1),2 (1),7 (3),11 (8),314640,Champions Tour 2024 Americas Stage 1_csvs
Lotus,EG,1,3 (1),1 (0),8 (4),11 (5),314640,Champions Tour 2024 Americas Stage 1_csvs
Bind,SEN,1,3 (1),2 (0),5 (1),14 (9),314640,Champions Tour 2024 Americas Stage 1_csvs
Bind,EG,1,3 (1),0 (0),7 (3),14 (9),314640,Champions Tour 2024 Americas Stage 1_csvs
All Maps,SEN,0,5 (1),1 (0),8 (4),9 (5),314640,Champions Tour 2024 Americas Stage 1_csvs
All Maps,EG,2,2 (2),2 (0),9 (5),10 (6),314640,Champions Tour 2024 Americas Stage 1_csvs
Split,NRG,1,4 (2),1 (0),3 (1),14 (10),314641,Champions Tour 2024 Americas Stage 1_csvs
Split,MIBR,1,3 (1),2 (0),7 (5),10 (3),314641,Champions Tour 2024 Americas Stage 1_csvs
Breeze,NRG,2,2 (2),0 (0),4 (3),10 (8),314641,Champions Tour 2024 Americas Stage 1_csvs
Breeze,MIBR,0,4 (0),1 (0),5 (1),6 (2),314641,Champions Tour 2024 Americas Stage 1_csvs
All Maps,NRG,3,6 (4),1 (0),7 (4),24 (18),314641,Champions Tour 2024 Americas Stage 1_csvs
All Maps,MIBR,1,7 (1),3 (0),12 (6),16 (5),314641,Champions Tour 2024 Americas Stage 1_csvs
Breeze,G2,1,2 (1),4 (0),5 (2),8 (3),314642,Champions Tour 2024 Americas Stage 1_csvs
Breeze,LEV,1,3 (1),1 (1),3 (2),12 (9),314642,Champions Tour 2024 Americas Stage 1_csvs
Icebox,G2,1,3 (1),1 (0),6 (2),11 (10),314642,Champions Tour 2024 Americas Stage 1_csvs
Icebox,LEV,1,3 (1),0 (0),5 (2),13 (5),314642,Champions Tour 2024 Americas Stage 1_csvs
All Maps,G2,1,3 (1),1 (1),5 (2),13 (5),314642,Champions Tour 2024 Americas Stage 1_csvs
All Maps,LEV,1,3 (1),0 (0),5 (4),14 (8),314642,Champions Tour 2024 Americas Stage 1_csvs
Split,KRÜ,1,4 (2),0 (0),4 (1),13 (10),314643,Champions Tour 2024 Americas Stage 1_csvs
Split,LOUD,1,3 (1),0 (0),7 (3),11 (4),314643,Champions Tour 2024 Americas Stage 1_csvs
Ascent,KRÜ,1,3 (1),1 (1),3 (1),14 (10),314643,Champions Tour 2024 Americas Stage 1_csvs
Ascent,LOUD,1,3 (1),3 (0),4 (3),11 (4),314643,Champions Tour 2024 Americas Stage 1_csvs
All Maps,KRÜ,2,7 (3),1 (1),7 (2),27 (20),314643,Champions Tour 2024 Americas Stage 1_csvs
All Maps,LOUD,2,6 (2),3 (0),11 (6),22 (8),314643,Champions Tour 2024 Americas Stage 1_csvs
Icebox,G2,1,3 (1),3 (2),5 (2),11 (8),314644,Champions Tour 2024 Americas Stage 1_csvs
Icebox,MIBR,1,3 (1),3 (2),5 (1),11 (5),314644,Champions Tour 2024 Americas Stage 1_csvs
Bind,G2,1,3 (1),1 (1),1 (1),11 (10),314644,Champions Tour 2024 Americas Stage 1_csvs
Bind,MIBR,1,3 (1),0 (0),9 (2),4 (0),314644,Champions Tour 2024 Americas Stage 1_csvs
All Maps,G2,2,6 (2),4 (3),6 (3),22 (18),314644,Champions Tour 2024 Americas Stage 1_csvs
All Maps,MIBR,2,6 (2),3 (2),14 (3),15 (5),314644,Champions Tour 2024 Americas Stage 1_csvs
Lotus,SEN,1,3 (1),1 (0),9 (3),7 (3),314645,Champions Tour 2024 Americas Stage 1_csvs
Lotus,LOUD,1,3 (1),0 (0),5 (3),12 (9),314645,Champions Tour 2024 Americas Stage 1_csvs
Icebox,SEN,1,3 (1),0 (0),9 (4),9 (3),314645,Champions Tour 2024 Americas Stage 1_csvs
Icebox,LOUD,1,3 (1),0 (0),6 (4),12 (8),314645,Champions Tour 2024 Americas Stage 1_csvs
All Maps,SEN,2,6 (2),1 (0),18 (7),16 (6),314645,Champions Tour 2024 Americas Stage 1_csvs
All Maps,LOUD,2,6 (2),0 (0),11 (7),24 (17),314645,Champions Tour 2024 Americas Stage 1_csvs
Ascent,C9,1,3 (1),3 (0),4 (1),5 (0),314646,Champions Tour 2024 Americas Stage 1_csvs
Ascent,FUR,1,3 (1),0 (0),3 (3),9 (9),314646,Champions Tour 2024 Americas Stage 1_csvs
Lotus,C9,1,3 (2),0 (0),3 (3),10 (8),314646,Champions Tour 2024 Americas Stage 1_csvs
Lotus,FUR,1,3 (1),3 (1),6 (1),4 (0),314646,Champions Tour 2024 Americas Stage 1_csvs
All Maps,C9,1,3 (1),1 (1),5 (3),12 (8),314646,Champions Tour 2024 Americas Stage 1_csvs
All Maps,FUR,1,3 (1),2 (0),8 (5),8 (2),314646,Champions Tour 2024 Americas Stage 1_csvs
Ascent,NRG,2,2 (2),1 (0),8 (3),8 (1),314647,Champions Tour 2024 Americas Stage 1_csvs
Ascent,EG,0,4 (0),0 (0),2 (1),13 (12),314647,Champions Tour 2024 Americas Stage 1_csvs
Lotus,NRG,1,3 (1),2 (2),5 (3),20 (10),314647,Champions Tour 2024 Americas Stage 1_csvs
Lotus,EG,1,3 (1),1 (0),5 (4),21 (9),314647,Champions Tour 2024 Americas Stage 1_csvs
one,NRG,2,3 (3),0 (0),11 (5),10 (3),314647,Champions Tour 2024 Americas Stage 1_csvs
one,EG,0,4 (0),2 (0),3 (2),15 (11),314647,Champions Tour 2024 Americas Stage 1_csvs
All Maps,NRG,5,8 (6),3 (2),24 (11),38 (14),314647,Champions Tour 2024 Americas Stage 1_csvs
All Maps,EG,1,11 (1),3 (0),10 (7),49 (32),314647,Champions Tour 2024 Americas Stage 1_csvs
Sunset,KRÜ,1,3 (1),0 (0),1 (1),16 (11),314648,Champions Tour 2024 Americas Stage 1_csvs
Sunset,100T,1,3 (1),1 (0),5 (1),11 (5),314648,Champions Tour 2024 Americas Stage 1_csvs
Breeze,KRÜ,1,3 (1),4 (2),6 (3),11 (5),314648,Champions Tour 2024 Americas Stage 1_csvs
Breeze,100T,1,3 (1),1 (1),5 (3),15 (8),314648,Champions Tour 2024 Americas Stage 1_csvs
All Maps,KRÜ,2,2 (2),2 (0),3 (3),14 (8),314648,Champions Tour 2024 Americas Stage 1_csvs
All Maps,100T,0,4 (0),1 (0),2 (1),14 (7),314648,Champions Tour 2024 Americas Stage 1_csvs
Split,SEN,1,3 (2),0 (0),4 (3),11 (8),314650,Champions Tour 2024 Americas Stage 1_csvs
Split,FUR,1,4 (1),0 (0),6 (1),8 (3),314650,Champions Tour 2024 Americas Stage 1_csvs
Icebox,SEN,0,4 (0),0 (0),6 (6),12 (7),314650,Champions Tour 2024 Americas Stage 1_csvs
Icebox,FUR,2,2 (2),0 (0),15 (6),5 (1),314650,Champions Tour 2024 Americas Stage 1_csvs
All Maps,SEN,1,7 (2),0 (0),10 (9),23 (15),314650,Champions Tour 2024 Americas Stage 1_csvs
All Maps,FUR,3,6 (3),0 (0),21 (7),13 (4),314650,Champions Tour 2024 Americas Stage 1_csvs
Split,NRG,0,4 (1),2 (1),2 (1),13 (5),314651,Champions Tour 2024 Americas Stage 1_csvs
Split,100T,2,2 (2),1 (0),4 (2),14 (9),314651,Champions Tour 2024 Americas Stage 1_csvs
Bind,NRG,1,3 (1),2 (0),6 (2),9 (4),314651,Champions Tour 2024 Americas Stage 1_csvs
Bind,100T,1,3 (1),0 (0),4 (3),13 (9),314651,Champions Tour 2024 Americas Stage 1_csvs
All Maps,NRG,1,7 (2),4 (1),8 (3),22 (9),314651,Champions Tour 2024 Americas Stage 1_csvs
All Maps,100T,3,5 (3),1 (0),8 (5),27 (18),314651,Champions Tour 2024 Americas Stage 1_csvs
Ascent,KRÜ,1,3 (1),2 (0),6 (3),6 (0),314652,Champions Tour 2024 Americas Stage 1_csvs
Ascent,LEV,1,3 (1),0 (0),1 (1),13 (11),314652,Champions Tour 2024 Americas Stage 1_csvs
Breeze,KRÜ,0,4 (1),1 (1),1 (1),20 (11),314652,Champions Tour 2024 Americas Stage 1_csvs
Breeze,LEV,2,2 (2),1 (0),9 (4),14 (6),314652,Champions Tour 2024 Americas Stage 1_csvs
All Maps,KRÜ,2,3 (2),0 (0),6 (2),14 (6),314652,Champions Tour 2024 Americas Stage 1_csvs
All Maps,LEV,0,4 (1),2 (1),2 (0),15 (11),314652,Champions Tour 2024 Americas Stage 1_csvs
Icebox,C9,1,3 (1),0 (0),6 (3),17 (10),314653,Champions Tour 2024 Americas Stage 1_csvs
Icebox,MIBR,1,3 (1),1 (0),10 (5),12 (6),314653,Champions Tour 2024 Americas Stage 1_csvs
Sunset,C9,2,2 (2),0 (0),6 (3),14 (8),314653,Champions Tour 2024 Americas Stage 1_csvs
Sunset,MIBR,0,4 (0),1 (0),8 (4),9 (5),314653,Champions Tour 2024 Americas Stage 1_csvs
All Maps,C9,3,5 (3),0 (0),12 (6),31 (18),314653,Champions Tour 2024 Americas Stage 1_csvs
All Maps,MIBR,1,7 (1),2 (0),18 (9),21 (11),314653,Champions Tour 2024 Americas Stage 1_csvs
Bind,G2,2,2 (2),1 (0),4 (2),17 (7),314654,Champions Tour 2024 Americas Stage 1_csvs
Bind,LOUD,0,4 (0),0 (0),3 (2),17 (11),314654,Champions Tour 2024 Americas Stage 1_csvs
Icebox,G2,0,4 (0),1 (0),3 (1),9 (3),314654,Champions Tour 2024 Americas Stage 1_csvs
Icebox,LOUD,2,2 (2),0 (0),5 (4),10 (7),314654,Champions Tour 2024 Americas Stage 1_csvs
All Maps,G2,2,6 (2),2 (0),7 (3),26 (10),314654,Champions Tour 2024 Americas Stage 1_csvs
All Maps,LOUD,2,6 (2),0 (0),8 (6),27 (18),314654,Champions Tour 2024 Americas Stage 1_csvs
Lotus,C9,1,2 (1),1 (0),8 (2),8 (3),337407,Champions Tour 2024 Americas Stage 1_csvs
Lotus,G2,1,3 (1),0 (0),3 (2),13 (10),337407,Champions Tour 2024 Americas Stage 1_csvs
Ascent,C9,1,4 (1),0 (0),7 (3),17 (9),337407,Champions Tour 2024 Americas Stage 1_csvs
Ascent,G2,1,3 (1),0 (0),5 (3),20 (11),337407,Champions Tour 2024 Americas Stage 1_csvs
All Maps,C9,2,6 (2),1 (0),15 (5),25 (12),337407,Champions Tour 2024 Americas Stage 1_csvs
All Maps,G2,2,6 (2),0 (0),8 (5),33 (21),337407,Champions Tour 2024 Americas Stage 1_csvs
Bind,100T,0,4 (0),0 (0),1 (1),14 (12),337408,Champions Tour 2024 Americas Stage 1_csvs
Bind,LOUD,2,2 (2),1 (0),12 (4),4 (0),337408,Champions Tour 2024 Americas Stage 1_csvs
Icebox,100T,1,3 (1),0 (0),1 (1),13 (11),337408,Champions Tour 2024 Americas Stage 1_csvs
Icebox,LOUD,1,3 (1),0 (0),9 (3),5 (0),337408,Champions Tour 2024 Americas Stage 1_csvs
All Maps,100T,1,7 (1),0 (0),2 (2),27 (23),337408,Champions Tour 2024 Americas Stage 1_csvs
All Maps,LOUD,3,5 (3),1 (0),21 (7),9 (0),337408,Champions Tour 2024 Americas Stage 1_csvs
Icebox,KRÜ,0,4 (0),0 (0),6 (2),8 (3),337409,Champions Tour 2024 Americas Stage 1_csvs
Icebox,G2,2,2 (2),0 (0),4 (3),12 (8),337409,Champions Tour 2024 Americas Stage 1_csvs
Ascent,KRÜ,2,2 (2),2 (0),8 (2),9 (4),337409,Champions Tour 2024 Americas Stage 1_csvs
Ascent,G2,0,4 (0),0 (0),3 (3),14 (10),337409,Champions Tour 2024 Americas Stage 1_csvs
All Maps,KRÜ,2,6 (2),2 (0),14 (4),17 (7),337409,Champions Tour 2024 Americas Stage 1_csvs
All Maps,G2,2,6 (2),0 (0),7 (6),26 (18),337409,Champions Tour 2024 Americas Stage 1_csvs
Bind,LEV,0,3 (0),3 (0),3 (0),7 (3),337410,Champions Tour 2024 Americas Stage 1_csvs
Bind,100T,2,2 (2),0 (0),2 (2),12 (9),337410,Champions Tour 2024 Americas Stage 1_csvs
Sunset,LEV,1,3 (1),0 (0),7 (3),16 (10),337410,Champions Tour 2024 Americas Stage 1_csvs
Sunset,100T,1,4 (1),0 (0),8 (3),14 (8),337410,Champions Tour 2024 Americas Stage 1_csvs
All Maps,LEV,2,3 (2),1 (0),9 (5),10 (3),337410,Champions Tour 2024 Americas Stage 1_csvs
All Maps,100T,0,4 (1),0 (0),3 (2),16 (10),337410,Champions Tour 2024 Americas Stage 1_csvs
Ascent,G2,0,4 (0),1 (0),2 (0),11 (5),337411,Champions Tour 2024 Americas Stage 1_csvs
Ascent,100T,2,2 (2),1 (0),2 (2),13 (9),337411,Champions Tour 2024 Americas Stage 1_csvs
Bind,G2,0,4 (0),2 (1),2 (1),13 (11),337411,Champions Tour 2024 Americas Stage 1_csvs
Bind,100T,2,2 (2),1 (0),7 (2),11 (4),337411,Champions Tour 2024 Americas Stage 1_csvs
All Maps,G2,2,2 (2),1 (0),8 (3),13 (6),337411,Champions Tour 2024 Americas Stage 1_csvs
All Maps,100T,0,4 (0),0 (0),4 (2),16 (11),337411,Champions Tour 2024 Americas Stage 1_csvs
Lotus,KRÜ,1,3 (1),0 (0),1 (1),15 (11),337413,Champions Tour 2024 Americas Stage 1_csvs
Lotus,LEV,1,3 (1),3 (0),6 (4),7 (1),337413,Champions Tour 2024 Americas Stage 1_csvs
Icebox,KRÜ,2,2 (2),1 (0),13 (6),8 (3),337413,Champions Tour 2024 Americas Stage 1_csvs
Icebox,LEV,0,4 (0),0 (0),4 (3),16 (10),337413,Champions Tour 2024 Americas Stage 1_csvs
All Maps,KRÜ,0,4 (0),3 (1),1 (0),13 (7),337413,Champions Tour 2024 Americas Stage 1_csvs
All Maps,LEV,2,2 (2),0 (0),8 (4),11 (7),337413,Champions Tour 2024 Americas Stage 1_csvs
Bind,G2,2,2 (2),2 (0),4 (2),18 (8),337414,Champions Tour 2024 Americas Stage 1_csvs
Bind,LEV,0,4 (0),3 (2),2 (2),17 (10),337414,Champions Tour 2024 Americas Stage 1_csvs
Breeze,G2,2,3 (2),1 (0),5 (4),11 (7),337414,Champions Tour 2024 Americas Stage 1_csvs
Breeze,LEV,0,5 (1),1 (0),5 (2),9 (4),337414,Champions Tour 2024 Americas Stage 1_csvs
Icebox,G2,2,2 (2),1 (0),11 (5),12 (5),337414,Champions Tour 2024 Americas Stage 1_csvs
Icebox,LEV,0,4 (0),1 (0),7 (5),14 (9),337414,Champions Tour 2024 Americas Stage 1_csvs
Lotus,G2,1,3 (1),2 (0),8 (6),10 (6),337414,Champions Tour 2024 Americas Stage 1_csvs
Lotus,LEV,1,3 (1),2 (1),4 (3),14 (5),337414,Champions Tour 2024 Americas Stage 1_csvs
All Maps,G2,2,2 (2),2 (0),8 (3),12 (8),337414,Champions Tour 2024 Americas Stage 1_csvs
All Maps,LEV,0,4 (1),2 (1),5 (1),13 (8),337414,Champions Tour 2024 Americas Stage 1_csvs
Bind,100T,2,2 (2),2 (0),6 (3),12 (8),337412,Champions Tour 2024 Americas Stage 1_csvs
Bind,G2,0,4 (0),1 (0),2 (0),15 (9),337412,Champions Tour 2024 Americas Stage 1_csvs
Breeze,100T,1,3 (1),1 (0),3 (2),13 (10),337412,Champions Tour 2024 Americas Stage 1_csvs
Breeze,G2,1,3 (1),1 (0),7 (4),9 (2),337412,Champions Tour 2024 Americas Stage 1_csvs
Sunset,100T,1,3 (2),1 (1),3 (2),14 (8),337412,Champions Tour 2024 Americas Stage 1_csvs
Sunset,G2,1,3 (1),1 (0),7 (2),10 (5),337412,Champions Tour 2024 Americas Stage 1_csvs
Ascent,100T,4,8 (5),4 (1),12 (7),39 (26),337412,Champions Tour 2024 Americas Stage 1_csvs
Ascent,G2,2,10 (2),3 (0),16 (6),34 (16),337412,Champions Tour 2024 Americas Stage 1_csvs
Ascent,MIBR,2,2 (2),1 (1),6 (2),13 (4),353177,Champions Tour 2024 Americas Stage 2_csvs
Ascent,LEV,0,5 (0),1 (1),1 (0),15 (12),353177,Champions Tour 2024 Americas Stage 2_csvs
Icebox,MIBR,1,4 (1),1 (0),7 (3),8 (3),353177,Champions Tour 2024 Americas Stage 2_csvs
Icebox,LEV,1,3 (2),1 (0),3 (2),13 (9),353177,Champions Tour 2024 Americas Stage 2_csvs
All Maps,MIBR,3,6 (3),2 (1),13 (5),21 (7),353177,Champions Tour 2024 Americas Stage 2_csvs
All Maps,LEV,1,8 (2),2 (1),4 (2),28 (21),353177,Champions Tour 2024 Americas Stage 2_csvs
Lotus,SEN,0,4 (0),1 (1),5 (3),11 (9),353178,Champions Tour 2024 Americas Stage 2_csvs
Lotus,NRG,2,2 (2),2 (0),7 (2),10 (4),353178,Champions Tour 2024 Americas Stage 2_csvs
Sunset,SEN,2,2 (2),0 (0),12 (5),12 (7),353178,Champions Tour 2024 Americas Stage 2_csvs
Sunset,NRG,0,3 (0),2 (0),6 (3),15 (9),353178,Champions Tour 2024 Americas Stage 2_csvs
All Maps,SEN,2,6 (2),1 (1),17 (8),23 (16),353178,Champions Tour 2024 Americas Stage 2_csvs
All Maps,NRG,2,5 (2),4 (0),13 (5),25 (13),353178,Champions Tour 2024 Americas Stage 2_csvs
Icebox,FUR,0,4 (0),1 (0),3 (2),18 (12),353179,Champions Tour 2024 Americas Stage 2_csvs
Icebox,100T,2,2 (2),2 (0),8 (5),14 (5),353179,Champions Tour 2024 Americas Stage 2_csvs
Haven,FUR,1,3 (1),1 (0),4 (3),22 (12),353179,Champions Tour 2024 Americas Stage 2_csvs
Haven,100T,1,3 (1),2 (0),3 (2),22 (11),353179,Champions Tour 2024 Americas Stage 2_csvs
All Maps,FUR,1,7 (1),2 (0),7 (5),40 (24),353179,Champions Tour 2024 Americas Stage 2_csvs
All Maps,100T,3,5 (3),4 (0),11 (7),36 (16),353179,Champions Tour 2024 Americas Stage 2_csvs
Lotus,LOUD,2,2 (2),0 (0),7 (5),11 (6),353180,Champions Tour 2024 Americas Stage 2_csvs
Lotus,EG,0,3 (0),4 (0),4 (1),9 (6),353180,Champions Tour 2024 Americas Stage 2_csvs
Sunset,LOUD,0,4 (0),0 (0),5 (2),10 (4),353180,Champions Tour 2024 Americas Stage 2_csvs
Sunset,EG,2,2 (2),0 (0),6 (3),11 (8),353180,Champions Tour 2024 Americas Stage 2_csvs
All Maps,LOUD,1,3 (1),0 (0),5 (3),16 (7),353180,Champions Tour 2024 Americas Stage 2_csvs
All Maps,EG,1,3 (1),2 (1),5 (1),14 (10),353180,Champions Tour 2024 Americas Stage 2_csvs
Ascent,G2,2,2 (2),1 (0),7 (4),14 (7),353181,Champions Tour 2024 Americas Stage 2_csvs
Ascent,C9,0,4 (0),0 (0),5 (2),15 (9),353181,Champions Tour 2024 Americas Stage 2_csvs
Icebox,G2,1,3 (1),2 (0),7 (3),6 (1),353181,Champions Tour 2024 Americas Stage 2_csvs
Icebox,C9,1,3 (1),0 (0),5 (5),10 (7),353181,Champions Tour 2024 Americas Stage 2_csvs
All Maps,G2,2,2 (2),2 (0),6 (5),11 (6),353181,Champions Tour 2024 Americas Stage 2_csvs
All Maps,C9,0,4 (0),1 (0),4 (1),12 (7),353181,Champions Tour 2024 Americas Stage 2_csvs
Bind,EG,1,3 (2),1 (0),2 (1),12 (10),353182,Champions Tour 2024 Americas Stage 2_csvs
Bind,FUR,1,3 (1),2 (0),10 (3),3 (1),353182,Champions Tour 2024 Americas Stage 2_csvs
Lotus,EG,1,3 (2),0 (0),3 (3),11 (8),353182,Champions Tour 2024 Americas Stage 2_csvs
Lotus,FUR,1,3 (1),1 (0),8 (3),5 (0),353182,Champions Tour 2024 Americas Stage 2_csvs
All Maps,EG,2,6 (4),1 (0),5 (4),23 (18),353182,Champions Tour 2024 Americas Stage 2_csvs
All Maps,FUR,2,6 (2),3 (0),18 (6),8 (1),353182,Champions Tour 2024 Americas Stage 2_csvs
Lotus,SEN,1,3 (1),0 (0),10 (5),11 (7),353183,Champions Tour 2024 Americas Stage 2_csvs
Lotus,KRÜ,1,2 (1),2 (0),5 (2),15 (8),353183,Champions Tour 2024 Americas Stage 2_csvs
Split,SEN,0,4 (0),1 (0),5 (4),13 (9),353183,Champions Tour 2024 Americas Stage 2_csvs
Split,KRÜ,2,2 (2),0 (0),7 (3),14 (5),353183,Champions Tour 2024 Americas Stage 2_csvs
All Maps,SEN,1,7 (1),1 (0),15 (9),24 (16),353183,Champions Tour 2024 Americas Stage 2_csvs
All Maps,KRÜ,3,4 (3),2 (0),12 (5),29 (13),353183,Champions Tour 2024 Americas Stage 2_csvs
Ascent,LOUD,2,2 (2),0 (0),7 (5),11 (6),353184,Champions Tour 2024 Americas Stage 2_csvs
Ascent,MIBR,0,4 (0),1 (0),5 (1),10 (6),353184,Champions Tour 2024 Americas Stage 2_csvs
Lotus,LOUD,2,2 (2),2 (0),8 (4),12 (5),353184,Champions Tour 2024 Americas Stage 2_csvs
Lotus,MIBR,0,5 (1),0 (0),4 (3),15 (9),353184,Champions Tour 2024 Americas Stage 2_csvs
All Maps,LOUD,2,2 (2),2 (0),5 (3),13 (8),353184,Champions Tour 2024 Americas Stage 2_csvs
All Maps,MIBR,0,4 (1),0 (0),4 (2),14 (6),353184,Champions Tour 2024 Americas Stage 2_csvs
Bind,LEV,1,3 (1),1 (1),6 (3),13 (8),353185,Champions Tour 2024 Americas Stage 2_csvs
Bind,100T,1,3 (2),2 (1),3 (2),15 (5),353185,Champions Tour 2024 Americas Stage 2_csvs
Haven,LEV,2,3 (2),0 (0),3 (2),11 (9),353185,Champions Tour 2024 Americas Stage 2_csvs
Haven,100T,0,3 (0),1 (0),7 (3),6 (1),353185,Champions Tour 2024 Americas Stage 2_csvs
All Maps,LEV,3,6 (3),1 (1),9 (5),24 (17),353185,Champions Tour 2024 Americas Stage 2_csvs
All Maps,100T,1,6 (2),3 (1),10 (5),21 (6),353185,Champions Tour 2024 Americas Stage 2_csvs
Haven,NRG,1,3 (1),2 (0),6 (1),9 (5),353186,Champions Tour 2024 Americas Stage 2_csvs
Haven,G2,1,3 (1),1 (1),2 (2),14 (9),353186,Champions Tour 2024 Americas Stage 2_csvs
Bind,NRG,1,3 (1),1 (0),6 (4),11 (3),353186,Champions Tour 2024 Americas Stage 2_csvs
Bind,G2,1,3 (1),1 (1),4 (3),13 (8),353186,Champions Tour 2024 Americas Stage 2_csvs
All Maps,NRG,2,6 (2),3 (0),12 (5),20 (8),353186,Champions Tour 2024 Americas Stage 2_csvs
All Maps,G2,2,6 (2),2 (2),6 (5),27 (17),353186,Champions Tour 2024 Americas Stage 2_csvs
Haven,SEN,1,3 (2),0 (0),3 (3),12 (8),353187,Champions Tour 2024 Americas Stage 2_csvs
Haven,C9,1,4 (1),0 (0),4 (0),10 (4),353187,Champions Tour 2024 Americas Stage 2_csvs
Split,SEN,0,4 (0),0 (0),2 (2),15 (11),353187,Champions Tour 2024 Americas Stage 2_csvs
Split,C9,2,2 (2),2 (0),10 (5),7 (1),353187,Champions Tour 2024 Americas Stage 2_csvs
All Maps,SEN,1,7 (2),0 (0),5 (5),27 (19),353187,Champions Tour 2024 Americas Stage 2_csvs
All Maps,C9,3,6 (3),2 (0),14 (5),17 (5),353187,Champions Tour 2024 Americas Stage 2_csvs
Icebox,EG,0,4 (0),2 (0),4 (1),8 (4),353188,Champions Tour 2024 Americas Stage 2_csvs
Icebox,LEV,2,2 (2),0 (0),6 (4),10 (7),353188,Champions Tour 2024 Americas Stage 2_csvs
Sunset,EG,0,4 (0),2 (1),4 (2),13 (7),353188,Champions Tour 2024 Americas Stage 2_csvs
Sunset,LEV,2,2 (2),1 (0),6 (3),14 (8),353188,Champions Tour 2024 Americas Stage 2_csvs
All Maps,EG,0,8 (0),4 (1),8 (3),21 (11),353188,Champions Tour 2024 Americas Stage 2_csvs
All Maps,LEV,4,4 (4),1 (0),12 (7),24 (15),353188,Champions Tour 2024 Americas Stage 2_csvs
Haven,LOUD,2,2 (2),3 (0),5 (1),14 (10),353189,Champions Tour 2024 Americas Stage 2_csvs
Haven,FUR,0,4 (1),1 (0),3 (0),16 (10),353189,Champions Tour 2024 Americas Stage 2_csvs
Icebox,LOUD,1,3 (1),3 (3),5 (2),12 (4),353189,Champions Tour 2024 Americas Stage 2_csvs
Icebox,FUR,1,3 (1),2 (0),5 (4),13 (8),353189,Champions Tour 2024 Americas Stage 2_csvs
All Maps,LOUD,1,3 (2),0 (0),6 (2),13 (5),353189,Champions Tour 2024 Americas Stage 2_csvs
All Maps,FUR,1,3 (1),3 (2),2 (0),14 (10),353189,Champions Tour 2024 Americas Stage 2_csvs
Icebox,MIBR,1,3 (1),1 (0),8 (4),6 (0),353190,Champions Tour 2024 Americas Stage 2_csvs
Icebox,100T,1,3 (1),0 (0),3 (3),12 (9),353190,Champions Tour 2024 Americas Stage 2_csvs
Split,MIBR,1,3 (1),1 (0),7 (2),8 (3),353190,Champions Tour 2024 Americas Stage 2_csvs
Split,100T,1,3 (1),0 (0),3 (2),13 (10),353190,Champions Tour 2024 Americas Stage 2_csvs
All Maps,MIBR,2,6 (2),2 (0),15 (6),14 (3),353190,Champions Tour 2024 Americas Stage 2_csvs
All Maps,100T,2,6 (2),0 (0),6 (5),25 (19),353190,Champions Tour 2024 Americas Stage 2_csvs
Split,NRG,1,3 (1),2 (0),5 (2),11 (5),353191,Champions Tour 2024 Americas Stage 2_csvs
Split,KRÜ,1,3 (1),1 (1),5 (3),12 (8),353191,Champions Tour 2024 Americas Stage 2_csvs
Ascent,NRG,1,3 (2),1 (0),4 (3),13 (8),353191,Champions Tour 2024 Americas Stage 2_csvs
Ascent,KRÜ,1,3 (1),1 (0),6 (3),11 (4),353191,Champions Tour 2024 Americas Stage 2_csvs
All Maps,NRG,2,2 (2),2 (1),5 (4),11 (6),353191,Champions Tour 2024 Americas Stage 2_csvs
All Maps,KRÜ,0,4 (0),1 (0),3 (1),12 (6),353191,Champions Tour 2024 Americas Stage 2_csvs
Lotus,G2,1,4 (1),2 (0),7 (2),4 (1),353192,Champions Tour 2024 Americas Stage 2_csvs
Lotus,KRÜ,1,2 (1),1 (1),2 (1),12 (10),353192,Champions Tour 2024 Americas Stage 2_csvs
Ascent,G2,1,3 (1),4 (1),4 (3),19 (11),353192,Champions Tour 2024 Americas Stage 2_csvs
Ascent,KRÜ,1,3 (1),1 (1),6 (4),20 (8),353192,Champions Tour 2024 Americas Stage 2_csvs
All Maps,G2,1,3 (1),0 (0),4 (3),11 (9),353192,Champions Tour 2024 Americas Stage 2_csvs
All Maps,KRÜ,1,3 (1),1 (0),5 (1),9 (3),353192,Champions Tour 2024 Americas Stage 2_csvs
Lotus,LOUD,0,4 (0),2 (1),6 (1),12 (9),353193,Champions Tour 2024 Americas Stage 2_csvs
Lotus,LEV,2,2 (2),1 (0),5 (3),16 (8),353193,Champions Tour 2024 Americas Stage 2_csvs
Icebox,LOUD,0,4 (0),2 (0),4 (0),9 (6),353193,Champions Tour 2024 Americas Stage 2_csvs
Icebox,LEV,2,2 (2),1 (0),4 (3),12 (8),353193,Champions Tour 2024 Americas Stage 2_csvs
All Maps,LOUD,0,8 (0),4 (1),10 (1),21 (15),353193,Champions Tour 2024 Americas Stage 2_csvs
All Maps,LEV,4,4 (4),2 (0),9 (6),28 (16),353193,Champions Tour 2024 Americas Stage 2_csvs
Sunset,MIBR,1,4 (1),2 (1),4 (1),13 (7),353194,Champions Tour 2024 Americas Stage 2_csvs
Sunset,FUR,1,3 (1),0 (0),8 (5),12 (7),353194,Champions Tour 2024 Americas Stage 2_csvs
Icebox,MIBR,1,3 (1),1 (0),7 (2),9 (4),353194,Champions Tour 2024 Americas Stage 2_csvs
Icebox,FUR,1,3 (1),1 (0),4 (2),12 (10),353194,Champions Tour 2024 Americas Stage 2_csvs
All Maps,MIBR,2,7 (2),3 (1),11 (3),22 (11),353194,Champions Tour 2024 Americas Stage 2_csvs
All Maps,FUR,2,6 (2),1 (0),12 (7),24 (17),353194,Champions Tour 2024 Americas Stage 2_csvs
Ascent,NRG,2,2 (2),0 (0),4 (4),10 (7),353195,Champions Tour 2024 Americas Stage 2_csvs
Ascent,C9,0,4 (0),1 (0),2 (1),9 (2),353195,Champions Tour 2024 Americas Stage 2_csvs
Icebox,NRG,0,4 (0),2 (0),1 (1),16 (9),353195,Champions Tour 2024 Americas Stage 2_csvs
Icebox,C9,2,2 (2),0 (0),10 (4),11 (7),353195,Champions Tour 2024 Americas Stage 2_csvs
All Maps,NRG,1,3 (1),0 (0),3 (2),20 (9),353195,Champions Tour 2024 Americas Stage 2_csvs
All Maps,C9,1,3 (1),0 (0),10 (4),13 (9),353195,Champions Tour 2024 Americas Stage 2_csvs
Lotus,EG,1,4 (1),1 (0),5 (2),13 (7),353196,Champions Tour 2024 Americas Stage 2_csvs
Lotus,100T,1,4 (1),1 (0),3 (2),15 (10),353196,Champions Tour 2024 Americas Stage 2_csvs
Bind,EG,1,3 (1),3 (1),1 (1),16 (10),353196,Champions Tour 2024 Americas Stage 2_csvs
Bind,100T,1,3 (1),0 (0),6 (5),14 (4),353196,Champions Tour 2024 Americas Stage 2_csvs
but,EG,1,4 (2),1 (0),9 (2),6 (3),353196,Champions Tour 2024 Americas Stage 2_csvs
but,100T,1,3 (1),2 (1),3 (1),12 (10),353196,Champions Tour 2024 Americas Stage 2_csvs
All Maps,EG,3,11 (4),5 (1),15 (5),35 (20),353196,Champions Tour 2024 Americas Stage 2_csvs
All Maps,100T,3,10 (3),3 (1),12 (8),41 (24),353196,Champions Tour 2024 Americas Stage 2_csvs
Icebox,C9,0,5 (0),0 (0),8 (5),7 (2),353197,Champions Tour 2024 Americas Stage 2_csvs
Icebox,KRÜ,2,2 (2),1 (1),3 (2),14 (8),353197,Champions Tour 2024 Americas Stage 2_csvs
Split,C9,2,2 (2),0 (0),9 (5),12 (3),353197,Champions Tour 2024 Americas Stage 2_csvs
Split,KRÜ,0,4 (0),0 (0),2 (2),17 (11),353197,Champions Tour 2024 Americas Stage 2_csvs
All Maps,C9,2,7 (2),0 (0),17 (10),19 (5),353197,Champions Tour 2024 Americas Stage 2_csvs
All Maps,KRÜ,2,6 (2),1 (1),5 (4),31 (19),353197,Champions Tour 2024 Americas Stage 2_csvs
Bind,EG,2,2 (2),0 (0),8 (5),12 (2),353198,Champions Tour 2024 Americas Stage 2_csvs
Bind,MIBR,0,4 (0),0 (0),3 (3),15 (10),353198,Champions Tour 2024 Americas Stage 2_csvs
Lotus,EG,0,3 (0),4 (0),3 (0),5 (2),353198,Champions Tour 2024 Americas Stage 2_csvs
Lotus,MIBR,2,2 (2),0 (0),3 (3),10 (8),353198,Champions Tour 2024 Americas Stage 2_csvs
All Maps,EG,2,5 (2),4 (0),11 (5),17 (4),353198,Champions Tour 2024 Americas Stage 2_csvs
All Maps,MIBR,2,6 (2),0 (0),6 (6),25 (18),353198,Champions Tour 2024 Americas Stage 2_csvs
Sunset,LEV,1,3 (1),0 (0),3 (3),13 (9),353199,Champions Tour 2024 Americas Stage 2_csvs
Sunset,FUR,1,3 (1),4 (2),5 (2),7 (1),353199,Champions Tour 2024 Americas Stage 2_csvs
Icebox,LEV,2,2 (2),2 (1),4 (3),11 (7),353199,Champions Tour 2024 Americas Stage 2_csvs
Icebox,FUR,0,4 (0),2 (0),3 (2),10 (4),353199,Champions Tour 2024 Americas Stage 2_csvs
All Maps,LEV,3,5 (3),2 (1),7 (6),24 (16),353199,Champions Tour 2024 Americas Stage 2_csvs
All Maps,FUR,1,7 (1),6 (2),8 (4),17 (5),353199,Champions Tour 2024 Americas Stage 2_csvs
Ascent,LOUD,0,3 (0),4 (0),3 (1),4 (0),353200,Champions Tour 2024 Americas Stage 2_csvs
Ascent,100T,2,2 (2),0 (0),2 (2),10 (9),353200,Champions Tour 2024 Americas Stage 2_csvs
Bind,LOUD,1,4 (1),0 (0),3 (1),14 (11),353200,Champions Tour 2024 Americas Stage 2_csvs
Bind,100T,1,3 (1),2 (0),5 (3),11 (4),353200,Champions Tour 2024 Americas Stage 2_csvs
All Maps,LOUD,0,4 (0),1 (0),2 (1),16 (12),353200,Champions Tour 2024 Americas Stage 2_csvs
All Maps,100T,2,2 (2),0 (0),10 (5),11 (3),353200,Champions Tour 2024 Americas Stage 2_csvs
Bind,SEN,0,4 (0),2 (1),4 (1),9 (4),353201,Champions Tour 2024 Americas Stage 2_csvs
Bind,G2,2,2 (2),0 (0),5 (4),12 (7),353201,Champions Tour 2024 Americas Stage 2_csvs
Lotus,SEN,1,3 (1),1 (1),5 (2),13 (5),353201,Champions Tour 2024 Americas Stage 2_csvs
Lotus,G2,1,3 (2),2 (1),4 (1),13 (9),353201,Champions Tour 2024 Americas Stage 2_csvs
All Maps,SEN,1,7 (1),3 (2),9 (3),22 (9),353201,Champions Tour 2024 Americas Stage 2_csvs
All Maps,G2,3,5 (4),2 (1),9 (5),25 (16),353201,Champions Tour 2024 Americas Stage 2_csvs
Abyss,KRÜ,1,3 (2),0 (0),4 (3),17 (8),371266,Champions Tour 2024 Americas Stage 2_csvs
Abyss,C9,1,4 (1),3 (1),4 (1),13 (8),371266,Champions Tour 2024 Americas Stage 2_csvs
Lotus,KRÜ,1,3 (1),0 (0),8 (3),13 (7),371266,Champions Tour 2024 Americas Stage 2_csvs
Lotus,C9,1,3 (1),0 (0),9 (2),12 (10),371266,Champions Tour 2024 Americas Stage 2_csvs
All Maps,KRÜ,1,3 (1),0 (0),3 (1),13 (11),371266,Champions Tour 2024 Americas Stage 2_csvs
All Maps,C9,1,3 (1),0 (0),10 (2),6 (3),371266,Champions Tour 2024 Americas Stage 2_csvs
Haven,SEN,1,3 (1),1 (1),8 (2),8 (3),371267,Champions Tour 2024 Americas Stage 2_csvs
Haven,100T,1,3 (1),1 (0),3 (2),13 (10),371267,Champions Tour 2024 Americas Stage 2_csvs
Ascent,SEN,0,4 (0),1 (1),7 (3),11 (6),371267,Champions Tour 2024 Americas Stage 2_csvs
Ascent,100T,2,2 (2),1 (0),8 (5),12 (6),371267,Champions Tour 2024 Americas Stage 2_csvs
All Maps,SEN,1,7 (1),2 (2),15 (5),19 (9),371267,Champions Tour 2024 Americas Stage 2_csvs
All Maps,100T,3,5 (3),2 (0),11 (7),25 (16),371267,Champions Tour 2024 Americas Stage 2_csvs
Icebox,LEV,2,2 (2),0 (0),3 (3),10 (8),371268,Champions Tour 2024 Americas Stage 2_csvs
Icebox,KRÜ,0,3 (0),1 (0),5 (0),6 (2),371268,Champions Tour 2024 Americas Stage 2_csvs
Sunset,LEV,1,3 (1),0 (0),2 (2),12 (10),371268,Champions Tour 2024 Americas Stage 2_csvs
Sunset,KRÜ,1,3 (1),1 (1),8 (1),5 (1),371268,Champions Tour 2024 Americas Stage 2_csvs
All Maps,LEV,3,5 (3),0 (0),5 (5),22 (18),371268,Champions Tour 2024 Americas Stage 2_csvs
All Maps,KRÜ,1,6 (1),2 (1),13 (1),11 (3),371268,Champions Tour 2024 Americas Stage 2_csvs
Lotus,G2,1,3 (1),0 (0),3 (3),12 (9),371269,Champions Tour 2024 Americas Stage 2_csvs
Lotus,100T,1,3 (1),3 (0),6 (2),6 (2),371269,Champions Tour 2024 Americas Stage 2_csvs
Abyss,G2,2,2 (2),1 (0),7 (4),13 (7),371269,Champions Tour 2024 Americas Stage 2_csvs
Abyss,100T,0,4 (0),0 (0),8 (4),11 (6),371269,Champions Tour 2024 Americas Stage 2_csvs
All Maps,G2,3,5 (3),1 (0),10 (7),25 (16),371269,Champions Tour 2024 Americas Stage 2_csvs
All Maps,100T,1,7 (1),3 (0),14 (6),17 (8),371269,Champions Tour 2024 Americas Stage 2_csvs
Icebox,LEV,0,3 (0),3 (1),5 (3),10 (4),371270,Champions Tour 2024 Americas Stage 2_csvs
Icebox,G2,2,3 (2),3 (2),6 (1),9 (8),371270,Champions Tour 2024 Americas Stage 2_csvs
Bind,LEV,1,3 (1),1 (1),7 (3),8 (1),371270,Champions Tour 2024 Americas Stage 2_csvs
Bind,G2,1,3 (1),1 (1),4 (3),11 (8),371270,Champions Tour 2024 Americas Stage 2_csvs
All Maps,LEV,1,6 (1),4 (2),12 (6),18 (5),371270,Champions Tour 2024 Americas Stage 2_csvs
All Maps,G2,3,6 (3),4 (3),10 (4),20 (16),371270,Champions Tour 2024 Americas Stage 2_csvs
Icebox,KRÜ,1,3 (1),2 (0),6 (5),11 (3),371272,Champions Tour 2024 Americas Stage 2_csvs
Icebox,100T,1,3 (1),1 (0),3 (2),15 (10),371272,Champions Tour 2024 Americas Stage 2_csvs
Lotus,KRÜ,2,2 (2),3 (1),5 (4),14 (6),371272,Champions Tour 2024 Americas Stage 2_csvs
Lotus,100T,0,4 (0),1 (1),6 (5),13 (5),371272,Champions Tour 2024 Americas Stage 2_csvs
All Maps,KRÜ,1,3 (1),1 (0),5 (2),15 (10),371272,Champions Tour 2024 Americas Stage 2_csvs
All Maps,100T,1,3 (1),1 (0),4 (1),16 (9),371272,Champions Tour 2024 Americas Stage 2_csvs
Icebox,LEV,0,4 (1),0 (0),0 (0),12 (12),371273,Champions Tour 2024 Americas Stage 2_csvs
Icebox,KRÜ,2,2 (2),1 (0),8 (0),5 (1),371273,Champions Tour 2024 Americas Stage 2_csvs
Haven,LEV,0,5 (0),0 (0),4 (1),15 (10),371273,Champions Tour 2024 Americas Stage 2_csvs
Haven,KRÜ,2,2 (2),1 (0),8 (5),13 (6),371273,Champions Tour 2024 Americas Stage 2_csvs
Sunset,LEV,1,3 (1),3 (0),4 (2),10 (4),371273,Champions Tour 2024 Americas Stage 2_csvs
Sunset,KRÜ,1,3 (1),0 (0),3 (3),14 (9),371273,Champions Tour 2024 Americas Stage 2_csvs
Abyss,LEV,2,2 (2),1 (0),8 (7),12 (4),371273,Champions Tour 2024 Americas Stage 2_csvs
Abyss,KRÜ,0,4 (0),0 (0),6 (4),13 (6),371273,Champions Tour 2024 Americas Stage 2_csvs
All Maps,LEV,1,3 (1),2 (1),6 (3),12 (8),371273,Champions Tour 2024 Americas Stage 2_csvs
All Maps,KRÜ,1,3 (1),2 (1),5 (3),13 (5),371273,Champions Tour 2024 Americas Stage 2_csvs
Lotus,G2,2,2 (2),5 (1),7 (5),14 (5),371271,Champions Tour 2024 Americas Stage 2_csvs
Lotus,LEV,0,4 (0),1 (1),4 (3),19 (11),371271,Champions Tour 2024 Americas Stage 2_csvs
Haven,G2,2,2 (2),3 (2),10 (4),15 (6),371271,Champions Tour 2024 Americas Stage 2_csvs
Haven,LEV,0,4 (1),1 (1),1 (0),24 (14),371271,Champions Tour 2024 Americas Stage 2_csvs
Bind,G2,1,3 (1),1 (0),5 (4),13 (8),371271,Champions Tour 2024 Americas Stage 2_csvs
Bind,LEV,1,3 (1),1 (0),5 (3),13 (5),371271,Champions Tour 2024 Americas Stage 2_csvs
Ascent,G2,1,3 (1),3 (0),3 (1),8 (2),371271,Champions Tour 2024 Americas Stage 2_csvs
Ascent,LEV,1,3 (1),0 (0),2 (2),12 (10),371271,Champions Tour 2024 Americas Stage 2_csvs
All Maps,G2,6,10 (6),12 (3),25 (14),50 (21),371271,Champions Tour 2024 Americas Stage 2_csvs
All Maps,LEV,2,14 (3),3 (2),12 (8),68 (40),371271,Champions Tour 2024 Americas Stage 2_csvs
Lotus,FUT,2,4 (2),2 (2),7 (1),11 (6),297401,Champions Tour 2024 EMEA Kickoff_csvs
Lotus,TH,0,4 (1),1 (0),3 (2),16 (10),297401,Champions Tour 2024 EMEA Kickoff_csvs
Bind,FUT,0,4 (0),2 (0),1 (1),16 (9),297401,Champions Tour 2024 EMEA Kickoff_csvs
Bind,TH,2,2 (2),1 (1),8 (5),12 (5),297401,Champions Tour 2024 EMEA Kickoff_csvs
All Maps,FUT,2,8 (2),4 (2),8 (2),27 (15),297401,Champions Tour 2024 EMEA Kickoff_csvs
All Maps,TH,2,6 (3),2 (1),11 (7),28 (15),297401,Champions Tour 2024 EMEA Kickoff_csvs
Split,GX,1,3 (1),1 (0),4 (3),16 (7),297402,Champions Tour 2024 EMEA Kickoff_csvs
Split,KC,1,3 (1),2 (2),4 (3),15 (7),297402,Champions Tour 2024 EMEA Kickoff_csvs
Sunset,GX,1,3 (1),1 (0),3 (3),16 (9),297402,Champions Tour 2024 EMEA Kickoff_csvs
Sunset,KC,1,3 (1),3 (1),6 (2),11 (6),297402,Champions Tour 2024 EMEA Kickoff_csvs
All Maps,GX,0,4 (0),2 (0),4 (3),7 (1),297402,Champions Tour 2024 EMEA Kickoff_csvs
All Maps,KC,2,2 (2),0 (0),3 (3),12 (8),297402,Champions Tour 2024 EMEA Kickoff_csvs
Bind,NAVI,0,3 (0),1 (0),7 (4),10 (4),297406,Champions Tour 2024 EMEA Kickoff_csvs
Bind,BBL,2,2 (2),3 (1),6 (3),10 (7),297406,Champions Tour 2024 EMEA Kickoff_csvs
Ascent,NAVI,2,2 (2),2 (0),4 (3),11 (8),297406,Champions Tour 2024 EMEA Kickoff_csvs
Ascent,BBL,0,4 (0),2 (0),1 (0),12 (6),297406,Champions Tour 2024 EMEA Kickoff_csvs
All Maps,NAVI,2,2 (2),0 (0),5 (4),12 (7),297406,Champions Tour 2024 EMEA Kickoff_csvs
All Maps,BBL,0,4 (0),1 (0),7 (4),7 (2),297406,Champions Tour 2024 EMEA Kickoff_csvs
Icebox,TL,1,3 (1),3 (1),4 (1),13 (10),297407,Champions Tour 2024 EMEA Kickoff_csvs
Icebox,MKOI,1,3 (2),1 (0),9 (3),10 (5),297407,Champions Tour 2024 EMEA Kickoff_csvs
Bind,TL,0,3 (0),3 (0),1 (1),17 (12),297407,Champions Tour 2024 EMEA Kickoff_csvs
Bind,MKOI,2,2 (2),1 (0),8 (4),13 (5),297407,Champions Tour 2024 EMEA Kickoff_csvs
All Maps,TL,1,6 (1),6 (1),5 (2),30 (22),297407,Champions Tour 2024 EMEA Kickoff_csvs
All Maps,MKOI,3,5 (4),2 (0),17 (7),23 (10),297407,Champions Tour 2024 EMEA Kickoff_csvs
Sunset,VIT,1,3 (1),1 (0),6 (2),13 (10),297412,Champions Tour 2024 EMEA Kickoff_csvs
Sunset,M8,1,3 (1),1 (0),7 (5),12 (4),297412,Champions Tour 2024 EMEA Kickoff_csvs
Lotus,VIT,2,3 (2),1 (0),8 (5),8 (6),297412,Champions Tour 2024 EMEA Kickoff_csvs
Lotus,M8,0,3 (0),1 (0),8 (4),8 (3),297412,Champions Tour 2024 EMEA Kickoff_csvs
All Maps,VIT,3,6 (3),2 (0),14 (7),21 (16),297412,Champions Tour 2024 EMEA Kickoff_csvs
All Maps,M8,1,6 (1),2 (0),15 (9),20 (7),297412,Champions Tour 2024 EMEA Kickoff_csvs
Split,TH,2,2 (2),0 (0),5 (5),10 (6),297403,Champions Tour 2024 EMEA Kickoff_csvs
Split,KC,0,5 (0),1 (0),5 (2),6 (2),297403,Champions Tour 2024 EMEA Kickoff_csvs
Lotus,TH,1,3 (1),0 (0),3 (2),11 (10),297403,Champions Tour 2024 EMEA Kickoff_csvs
Lotus,KC,1,3 (1),1 (0),6 (1),7 (2),297403,Champions Tour 2024 EMEA Kickoff_csvs
All Maps,TH,3,5 (3),0 (0),8 (7),21 (16),297403,Champions Tour 2024 EMEA Kickoff_csvs
All Maps,KC,1,8 (1),2 (0),11 (3),13 (4),297403,Champions Tour 2024 EMEA Kickoff_csvs
Split,FUT,1,3 (1),0 (0),4 (3),12 (9),297404,Champions Tour 2024 EMEA Kickoff_csvs
Split,GX,1,3 (1),2 (0),5 (2),9 (3),297404,Champions Tour 2024 EMEA Kickoff_csvs
Icebox,FUT,2,2 (2),3 (1),5 (2),11 (3),297404,Champions Tour 2024 EMEA Kickoff_csvs
Icebox,GX,0,4 (0),0 (0),2 (2),15 (11),297404,Champions Tour 2024 EMEA Kickoff_csvs
All Maps,FUT,2,2 (2),0 (0),5 (4),13 (7),297404,Champions Tour 2024 EMEA Kickoff_csvs
All Maps,GX,0,4 (0),2 (0),2 (1),12 (6),297404,Champions Tour 2024 EMEA Kickoff_csvs
Split,NAVI,2,2 (2),1 (0),8 (3),9 (8),297408,Champions Tour 2024 EMEA Kickoff_csvs
Split,TL,0,4 (0),2 (0),3 (0),11 (7),297408,Champions Tour 2024 EMEA Kickoff_csvs
Breeze,NAVI,1,3 (1),0 (0),6 (4),11 (8),297408,Champions Tour 2024 EMEA Kickoff_csvs
Breeze,TL,1,3 (1),2 (0),6 (1),9 (5),297408,Champions Tour 2024 EMEA Kickoff_csvs
All Maps,NAVI,3,5 (3),1 (0),14 (7),20 (16),297408,Champions Tour 2024 EMEA Kickoff_csvs
All Maps,TL,1,7 (1),4 (0),9 (1),20 (12),297408,Champions Tour 2024 EMEA Kickoff_csvs
Bind,BBL,1,3 (1),2 (0),3 (2),10 (2),297409,Champions Tour 2024 EMEA Kickoff_csvs
Bind,MKOI,1,3 (1),0 (0),3 (3),12 (9),297409,Champions Tour 2024 EMEA Kickoff_csvs
Split,BBL,1,2 (1),2 (0),7 (3),12 (6),297409,Champions Tour 2024 EMEA Kickoff_csvs
Split,MKOI,1,3 (1),1 (0),6 (6),13 (6),297409,Champions Tour 2024 EMEA Kickoff_csvs
All Maps,BBL,2,5 (2),4 (0),10 (5),22 (8),297409,Champions Tour 2024 EMEA Kickoff_csvs
All Maps,MKOI,2,6 (2),1 (0),9 (9),25 (15),297409,Champions Tour 2024 EMEA Kickoff_csvs
Lotus,VIT,2,2 (2),1 (0),13 (7),10 (3),297414,Champions Tour 2024 EMEA Kickoff_csvs
Lotus,FNC,0,4 (0),2 (2),5 (2),15 (10),297414,Champions Tour 2024 EMEA Kickoff_csvs
Ascent,VIT,1,4 (1),2 (0),9 (2),3 (2),297414,Champions Tour 2024 EMEA Kickoff_csvs
Ascent,FNC,1,3 (2),0 (0),1 (1),14 (10),297414,Champions Tour 2024 EMEA Kickoff_csvs
All Maps,VIT,3,6 (3),3 (0),22 (9),13 (5),297414,Champions Tour 2024 EMEA Kickoff_csvs
All Maps,FNC,1,7 (2),2 (2),6 (3),29 (20),297414,Champions Tour 2024 EMEA Kickoff_csvs
Breeze,VIT,0,4 (1),2 (1),2 (0),9 (2),297416,Champions Tour 2024 EMEA Kickoff_csvs
Breeze,M8,2,3 (2),0 (0),4 (2),10 (9),297416,Champions Tour 2024 EMEA Kickoff_csvs
Lotus,VIT,1,4 (2),0 (0),6 (3),18 (10),297416,Champions Tour 2024 EMEA Kickoff_csvs
Lotus,M8,1,4 (1),1 (0),8 (3),15 (9),297416,Champions Tour 2024 EMEA Kickoff_csvs
All Maps,VIT,2,3 (2),0 (0),3 (2),10 (9),297416,Champions Tour 2024 EMEA Kickoff_csvs
All Maps,M8,0,3 (0),1 (1),7 (2),5 (0),297416,Champions Tour 2024 EMEA Kickoff_csvs
Lotus,KC,1,3 (1),0 (0),5 (3),30 (16),297405,Champions Tour 2024 EMEA Kickoff_csvs
Lotus,FUT,1,3 (1),3 (2),5 (3),27 (12),297405,Champions Tour 2024 EMEA Kickoff_csvs
Bind,KC,1,2 (1),4 (0),5 (1),6 (2),297405,Champions Tour 2024 EMEA Kickoff_csvs
Bind,FUT,1,3 (2),0 (0),2 (1),12 (10),297405,Champions Tour 2024 EMEA Kickoff_csvs
All Maps,KC,1,3 (1),1 (0),5 (5),11 (7),297405,Champions Tour 2024 EMEA Kickoff_csvs
All Maps,FUT,1,3 (1),0 (0),7 (4),10 (2),297405,Champions Tour 2024 EMEA Kickoff_csvs
Sunset,TL,1,3 (1),1 (0),6 (4),14 (6),297410,Champions Tour 2024 EMEA Kickoff_csvs
Sunset,MKOI,1,3 (1),1 (0),3 (2),17 (10),297410,Champions Tour 2024 EMEA Kickoff_csvs
Icebox,TL,1,2 (1),2 (1),4 (3),18 (9),297410,Champions Tour 2024 EMEA Kickoff_csvs
Icebox,MKOI,1,2 (1),3 (0),6 (4),15 (7),297410,Champions Tour 2024 EMEA Kickoff_csvs
All Maps,TL,0,4 (0),1 (0),3 (2),15 (8),297410,Champions Tour 2024 EMEA Kickoff_csvs
All Maps,MKOI,2,2 (2),1 (1),12 (5),8 (5),297410,Champions Tour 2024 EMEA Kickoff_csvs
Sunset,KC,0,4 (0),0 (0),0 (0),17 (13),307567,Champions Tour 2024 EMEA Kickoff_csvs
Sunset,VIT,2,2 (2),1 (0),14 (6),4 (0),307567,Champions Tour 2024 EMEA Kickoff_csvs
Ascent,KC,0,3 (0),2 (0),4 (3),19 (12),307567,Champions Tour 2024 EMEA Kickoff_csvs
Ascent,VIT,2,2 (2),1 (0),11 (6),14 (5),307567,Champions Tour 2024 EMEA Kickoff_csvs
All Maps,KC,0,7 (0),2 (0),4 (3),36 (25),307567,Champions Tour 2024 EMEA Kickoff_csvs
All Maps,VIT,4,4 (4),2 (0),25 (12),18 (5),307567,Champions Tour 2024 EMEA Kickoff_csvs
Sunset,MKOI,1,3 (1),1 (0),8 (3),10 (5),307565,Champions Tour 2024 EMEA Kickoff_csvs
Sunset,VIT,1,3 (1),1 (0),5 (2),13 (10),307565,Champions Tour 2024 EMEA Kickoff_csvs
Breeze,MKOI,0,3 (1),3 (0),2 (0),11 (5),307565,Champions Tour 2024 EMEA Kickoff_csvs
Breeze,VIT,2,2 (2),2 (0),5 (3),10 (8),307565,Champions Tour 2024 EMEA Kickoff_csvs
All Maps,MKOI,1,6 (2),4 (0),10 (3),21 (10),307565,Champions Tour 2024 EMEA Kickoff_csvs
All Maps,VIT,3,5 (3),3 (0),10 (5),23 (18),307565,Champions Tour 2024 EMEA Kickoff_csvs
Sunset,KC,2,2 (2),1 (0),4 (4),10 (7),307564,Champions Tour 2024 EMEA Kickoff_csvs
Sunset,MKOI,0,4 (0),2 (0),6 (2),5 (2),307564,Champions Tour 2024 EMEA Kickoff_csvs
Bind,KC,1,3 (1),0 (0),3 (2),14 (10),307564,Champions Tour 2024 EMEA Kickoff_csvs
Bind,MKOI,1,3 (1),2 (0),5 (3),10 (3),307564,Champions Tour 2024 EMEA Kickoff_csvs
All Maps,KC,3,5 (3),1 (0),7 (6),24 (17),307564,Champions Tour 2024 EMEA Kickoff_csvs
All Maps,MKOI,1,7 (1),4 (0),11 (5),15 (5),307564,Champions Tour 2024 EMEA Kickoff_csvs
Sunset,TH,1,3 (1),2 (0),5 (3),20 (12),303093,Champions Tour 2024 EMEA Kickoff_csvs
Sunset,NAVI,1,3 (1),0 (0),10 (5),17 (8),303093,Champions Tour 2024 EMEA Kickoff_csvs
Breeze,TH,1,3 (2),0 (0),2 (2),12 (9),303093,Champions Tour 2024 EMEA Kickoff_csvs
Breeze,NAVI,1,3 (1),2 (0),10 (2),2 (1),303093,Champions Tour 2024 EMEA Kickoff_csvs
All Maps,TH,2,6 (3),2 (0),7 (5),32 (21),303093,Champions Tour 2024 EMEA Kickoff_csvs
All Maps,NAVI,2,6 (2),2 (0),20 (7),19 (9),303093,Champions Tour 2024 EMEA Kickoff_csvs
Lotus,FNC,2,2 (2),1 (0),11 (4),9 (4),303094,Champions Tour 2024 EMEA Kickoff_csvs
Lotus,KC,0,4 (0),2 (1),1 (1),16 (11),303094,Champions Tour 2024 EMEA Kickoff_csvs
Split,FNC,0,3 (0),1 (0),6 (3),11 (5),303094,Champions Tour 2024 EMEA Kickoff_csvs
Split,KC,2,2 (2),1 (0),7 (5),11 (6),303094,Champions Tour 2024 EMEA Kickoff_csvs
All Maps,FNC,2,5 (2),2 (0),17 (7),20 (9),303094,Champions Tour 2024 EMEA Kickoff_csvs
All Maps,KC,2,6 (2),3 (1),8 (6),27 (17),303094,Champions Tour 2024 EMEA Kickoff_csvs
Sunset,TH,1,3 (1),2 (0),5 (3),12 (9),303095,Champions Tour 2024 EMEA Kickoff_csvs
Sunset,KC,1,3 (2),1 (0),8 (4),10 (3),303095,Champions Tour 2024 EMEA Kickoff_csvs
Lotus,TH,1,3 (1),3 (1),5 (3),9 (2),303095,Champions Tour 2024 EMEA Kickoff_csvs
Lotus,KC,1,3 (1),1 (0),3 (1),13 (11),303095,Champions Tour 2024 EMEA Kickoff_csvs
Icebox,TH,1,3 (1),2 (0),8 (3),7 (3),303095,Champions Tour 2024 EMEA Kickoff_csvs
Icebox,KC,1,3 (1),0 (0),2 (2),15 (10),303095,Champions Tour 2024 EMEA Kickoff_csvs
Split,TH,1,3 (1),0 (0),9 (2),6 (2),303095,Champions Tour 2024 EMEA Kickoff_csvs
Split,KC,1,3 (1),0 (0),2 (2),13 (10),303095,Champions Tour 2024 EMEA Kickoff_csvs
All Maps,TH,4,12 (4),7 (1),27 (11),34 (16),303095,Champions Tour 2024 EMEA Kickoff_csvs
All Maps,KC,4,12 (5),2 (0),15 (9),51 (34),303095,Champions Tour 2024 EMEA Kickoff_csvs
Breeze,KC,2,2 (2),1 (0),5 (2),9 (9),318911,Champions Tour 2024 EMEA Stage 1_csvs
Breeze,GX,0,4 (0),0 (0),6 (1),7 (3),318911,Champions Tour 2024 EMEA Stage 1_csvs
Sunset,KC,2,3 (2),2 (1),4 (2),13 (8),318911,Champions Tour 2024 EMEA Stage 1_csvs
Sunset,GX,0,4 (1),1 (0),4 (1),13 (7),318911,Champions Tour 2024 EMEA Stage 1_csvs
All Maps,KC,4,5 (4),3 (1),9 (4),22 (17),318911,Champions Tour 2024 EMEA Stage 1_csvs
All Maps,GX,0,8 (1),1 (0),10 (2),20 (10),318911,Champions Tour 2024 EMEA Stage 1_csvs
Split,MKOI,0,4 (0),0 (0),4 (1),14 (8),318913,Champions Tour 2024 EMEA Stage 1_csvs
Split,TL,2,3 (2),1 (0),4 (3),14 (8),318913,Champions Tour 2024 EMEA Stage 1_csvs
Ascent,MKOI,1,3 (1),1 (0),8 (5),8 (1),318913,Champions Tour 2024 EMEA Stage 1_csvs
Ascent,TL,1,4 (1),0 (0),3 (2),13 (10),318913,Champions Tour 2024 EMEA Stage 1_csvs
All Maps,MKOI,1,7 (1),1 (0),12 (6),22 (9),318913,Champions Tour 2024 EMEA Stage 1_csvs
All Maps,TL,3,7 (3),1 (0),7 (5),27 (18),318913,Champions Tour 2024 EMEA Stage 1_csvs
Bind,VIT,1,2 (1),3 (0),9 (3),8 (5),318914,Champions Tour 2024 EMEA Stage 1_csvs
Bind,NAVI,1,3 (1),0 (0),4 (2),15 (10),318914,Champions Tour 2024 EMEA Stage 1_csvs
Lotus,VIT,2,2 (2),2 (0),11 (2),2 (0),318914,Champions Tour 2024 EMEA Stage 1_csvs
Lotus,NAVI,0,4 (1),0 (0),0 (0),13 (12),318914,Champions Tour 2024 EMEA Stage 1_csvs
All Maps,VIT,3,4 (3),5 (0),20 (5),10 (5),318914,Champions Tour 2024 EMEA Stage 1_csvs
All Maps,NAVI,1,7 (2),0 (0),4 (2),28 (22),318914,Champions Tour 2024 EMEA Stage 1_csvs
Icebox,FNC,0,4 (0),2 (0),6 (2),5 (2),318915,Champions Tour 2024 EMEA Stage 1_csvs
Icebox,TH,2,2 (2),0 (0),4 (3),11 (8),318915,Champions Tour 2024 EMEA Stage 1_csvs
Lotus,FNC,1,3 (1),2 (1),3 (1),24 (12),318915,Champions Tour 2024 EMEA Stage 1_csvs
Lotus,TH,1,3 (1),2 (2),6 (3),21 (11),318915,Champions Tour 2024 EMEA Stage 1_csvs
All Maps,FNC,1,7 (1),4 (1),9 (3),29 (14),318915,Champions Tour 2024 EMEA Stage 1_csvs
All Maps,TH,3,5 (3),2 (2),10 (6),32 (19),318915,Champions Tour 2024 EMEA Stage 1_csvs
Split,TL,1,4 (1),0 (0),7 (2),7 (2),318916,Champions Tour 2024 EMEA Stage 1_csvs
Split,FUT,1,3 (2),1 (0),2 (1),12 (10),318916,Champions Tour 2024 EMEA Stage 1_csvs
Icebox,TL,2,4 (2),1 (0),5 (3),11 (3),318916,Champions Tour 2024 EMEA Stage 1_csvs
Icebox,FUT,0,4 (1),2 (0),1 (0),14 (12),318916,Champions Tour 2024 EMEA Stage 1_csvs
All Maps,TL,3,8 (3),1 (0),12 (5),18 (5),318916,Champions Tour 2024 EMEA Stage 1_csvs
All Maps,FUT,1,7 (3),3 (0),3 (1),26 (22),318916,Champions Tour 2024 EMEA Stage 1_csvs
Ascent,BBL,1,3 (1),1 (0),4 (1),12 (5),318917,Champions Tour 2024 EMEA Stage 1_csvs
Ascent,M8,1,3 (1),0 (0),4 (3),13 (9),318917,Champions Tour 2024 EMEA Stage 1_csvs
Sunset,BBL,1,3 (1),1 (0),4 (2),16 (8),318917,Champions Tour 2024 EMEA Stage 1_csvs
Sunset,M8,1,3 (1),0 (0),10 (7),11 (5),318917,Champions Tour 2024 EMEA Stage 1_csvs
All Maps,BBL,2,6 (2),2 (0),8 (3),28 (13),318917,Champions Tour 2024 EMEA Stage 1_csvs
All Maps,M8,2,6 (2),0 (0),14 (10),24 (14),318917,Champions Tour 2024 EMEA Stage 1_csvs
Bind,KC,1,3 (1),2 (0),2 (1),17 (11),318918,Champions Tour 2024 EMEA Stage 1_csvs
Bind,FUT,1,3 (2),3 (1),1 (1),17 (7),318918,Champions Tour 2024 EMEA Stage 1_csvs
Lotus,KC,1,4 (1),2 (0),4 (1),11 (6),318918,Champions Tour 2024 EMEA Stage 1_csvs
Lotus,FUT,1,3 (1),0 (0),4 (1),14 (11),318918,Champions Tour 2024 EMEA Stage 1_csvs
All Maps,KC,1,3 (1),1 (1),7 (2),9 (3),318918,Champions Tour 2024 EMEA Stage 1_csvs
All Maps,FUT,1,3 (1),1 (0),3 (2),13 (10),318918,Champions Tour 2024 EMEA Stage 1_csvs
Breeze,VIT,2,3 (3),3 (1),8 (5),8 (4),318919,Champions Tour 2024 EMEA Stage 1_csvs
Breeze,TH,0,3 (0),2 (1),4 (3),13 (5),318919,Champions Tour 2024 EMEA Stage 1_csvs
Sunset,VIT,2,2 (2),1 (0),10 (5),11 (4),318919,Champions Tour 2024 EMEA Stage 1_csvs
Sunset,TH,0,4 (0),3 (1),4 (3),13 (9),318919,Champions Tour 2024 EMEA Stage 1_csvs
All Maps,VIT,1,3 (1),2 (1),4 (2),13 (9),318919,Champions Tour 2024 EMEA Stage 1_csvs
All Maps,TH,1,3 (1),1 (0),11 (6),7 (2),318919,Champions Tour 2024 EMEA Stage 1_csvs
Lotus,TL,2,4 (2),0 (0),6 (3),13 (8),318920,Champions Tour 2024 EMEA Stage 1_csvs
Lotus,NAVI,0,3 (0),2 (0),2 (1),16 (9),318920,Champions Tour 2024 EMEA Stage 1_csvs
Split,TL,1,3 (1),2 (0),6 (2),13 (8),318920,Champions Tour 2024 EMEA Stage 1_csvs
Split,NAVI,1,3 (1),1 (0),7 (4),13 (8),318920,Champions Tour 2024 EMEA Stage 1_csvs
All Maps,TL,1,3 (1),2 (0),7 (1),6 (3),318920,Champions Tour 2024 EMEA Stage 1_csvs
All Maps,NAVI,1,3 (1),0 (0),4 (4),11 (8),318920,Champions Tour 2024 EMEA Stage 1_csvs
Breeze,BBL,2,3 (2),0 (0),6 (4),8 (7),318921,Champions Tour 2024 EMEA Stage 1_csvs
Breeze,MKOI,0,4 (1),0 (0),4 (1),9 (2),318921,Champions Tour 2024 EMEA Stage 1_csvs
Icebox,BBL,2,2 (2),0 (0),4 (4),10 (7),318921,Champions Tour 2024 EMEA Stage 1_csvs
Icebox,MKOI,0,4 (0),1 (0),3 (1),8 (2),318921,Champions Tour 2024 EMEA Stage 1_csvs
All Maps,BBL,4,5 (4),0 (0),10 (8),18 (14),318921,Champions Tour 2024 EMEA Stage 1_csvs
All Maps,MKOI,0,8 (1),1 (0),7 (2),17 (4),318921,Champions Tour 2024 EMEA Stage 1_csvs
Bind,FNC,1,3 (1),0 (0),2 (2),13 (10),318922,Champions Tour 2024 EMEA Stage 1_csvs
Bind,GX,1,3 (1),1 (0),6 (4),8 (0),318922,Champions Tour 2024 EMEA Stage 1_csvs
Breeze,FNC,0,4 (0),1 (0),5 (3),8 (2),318922,Champions Tour 2024 EMEA Stage 1_csvs
Breeze,GX,2,2 (2),0 (0),4 (3),12 (8),318922,Champions Tour 2024 EMEA Stage 1_csvs
All Maps,FNC,1,3 (1),0 (0),3 (2),14 (10),318922,Champions Tour 2024 EMEA Stage 1_csvs
All Maps,GX,1,3 (1),0 (0),4 (2),13 (4),318922,Champions Tour 2024 EMEA Stage 1_csvs
Split,KC,1,3 (1),0 (0),3 (3),13 (9),318923,Champions Tour 2024 EMEA Stage 1_csvs
Split,M8,1,3 (1),1 (0),6 (2),9 (3),318923,Champions Tour 2024 EMEA Stage 1_csvs
Icebox,KC,1,3 (1),2 (1),3 (2),11 (9),318923,Champions Tour 2024 EMEA Stage 1_csvs
Icebox,M8,1,3 (1),0 (0),9 (3),7 (2),318923,Champions Tour 2024 EMEA Stage 1_csvs
All Maps,KC,2,6 (2),2 (1),6 (5),24 (18),318923,Champions Tour 2024 EMEA Stage 1_csvs
All Maps,M8,2,6 (2),1 (0),15 (5),16 (5),318923,Champions Tour 2024 EMEA Stage 1_csvs
Breeze,M8,0,4 (0),2 (0),6 (4),7 (2),318924,Champions Tour 2024 EMEA Stage 1_csvs
Breeze,FNC,2,2 (2),0 (0),7 (4),10 (7),318924,Champions Tour 2024 EMEA Stage 1_csvs
Lotus,M8,1,3 (1),0 (0),11 (3),3 (0),318924,Champions Tour 2024 EMEA Stage 1_csvs
Lotus,FNC,1,3 (1),0 (0),3 (3),11 (9),318924,Champions Tour 2024 EMEA Stage 1_csvs
All Maps,M8,1,7 (1),2 (0),17 (7),10 (2),318924,Champions Tour 2024 EMEA Stage 1_csvs
All Maps,FNC,3,5 (3),0 (0),10 (7),21 (16),318924,Champions Tour 2024 EMEA Stage 1_csvs
Bind,KC,2,2 (2),1 (0),7 (3),10 (8),318925,Champions Tour 2024 EMEA Stage 1_csvs
Bind,NAVI,0,4 (0),0 (0),2 (1),14 (6),318925,Champions Tour 2024 EMEA Stage 1_csvs
Sunset,KC,1,3 (1),3 (1),3 (1),11 (4),318925,Champions Tour 2024 EMEA Stage 1_csvs
Sunset,NAVI,1,3 (1),0 (0),4 (4),13 (8),318925,Champions Tour 2024 EMEA Stage 1_csvs
All Maps,KC,0,3 (0),0 (0),7 (3),9 (3),318925,Champions Tour 2024 EMEA Stage 1_csvs
All Maps,NAVI,2,2 (2),1 (0),5 (3),11 (8),318925,Champions Tour 2024 EMEA Stage 1_csvs
Split,BBL,1,2 (1),2 (0),3 (1),13 (11),318926,Champions Tour 2024 EMEA Stage 1_csvs
Split,TH,1,3 (1),2 (0),3 (1),12 (5),318926,Champions Tour 2024 EMEA Stage 1_csvs
Sunset,BBL,0,3 (0),3 (1),2 (1),15 (11),318926,Champions Tour 2024 EMEA Stage 1_csvs
Sunset,TH,2,2 (2),0 (0),12 (4),9 (4),318926,Champions Tour 2024 EMEA Stage 1_csvs
All Maps,BBL,1,5 (1),5 (1),5 (2),28 (22),318926,Champions Tour 2024 EMEA Stage 1_csvs
All Maps,TH,3,5 (3),2 (0),15 (5),21 (9),318926,Champions Tour 2024 EMEA Stage 1_csvs
Ascent,VIT,1,3 (1),2 (0),5 (3),10 (3),318927,Champions Tour 2024 EMEA Stage 1_csvs
Ascent,FUT,1,3 (1),1 (1),2 (2),14 (9),318927,Champions Tour 2024 EMEA Stage 1_csvs
Icebox,VIT,1,3 (2),1 (0),4 (3),14 (8),318927,Champions Tour 2024 EMEA Stage 1_csvs
Icebox,FUT,1,4 (1),3 (0),2 (1),13 (7),318927,Champions Tour 2024 EMEA Stage 1_csvs
All Maps,VIT,2,2 (2),0 (0),7 (4),13 (7),318927,Champions Tour 2024 EMEA Stage 1_csvs
All Maps,FUT,0,4 (0),1 (0),4 (2),13 (7),318927,Champions Tour 2024 EMEA Stage 1_csvs
Lotus,TL,0,4 (0),0 (0),3 (1),23 (13),318928,Champions Tour 2024 EMEA Stage 1_csvs
Lotus,GX,2,3 (2),1 (0),6 (4),20 (10),318928,Champions Tour 2024 EMEA Stage 1_csvs
Icebox,TL,1,3 (1),2 (1),2 (2),13 (9),318928,Champions Tour 2024 EMEA Stage 1_csvs
Icebox,GX,1,3 (1),1 (0),6 (2),10 (4),318928,Champions Tour 2024 EMEA Stage 1_csvs
All Maps,TL,2,2 (2),3 (1),4 (2),15 (8),318928,Champions Tour 2024 EMEA Stage 1_csvs
All Maps,GX,0,5 (0),1 (0),5 (3),13 (8),318928,Champions Tour 2024 EMEA Stage 1_csvs
Bind,FNC,0,4 (0),1 (0),2 (1),17 (12),318929,Champions Tour 2024 EMEA Stage 1_csvs
Bind,MKOI,2,3 (2),2 (0),7 (3),12 (6),318929,Champions Tour 2024 EMEA Stage 1_csvs
Icebox,FNC,1,3 (1),0 (0),2 (2),12 (10),318929,Champions Tour 2024 EMEA Stage 1_csvs
Icebox,MKOI,1,3 (1),2 (0),7 (2),5 (1),318929,Champions Tour 2024 EMEA Stage 1_csvs
All Maps,FNC,1,7 (1),1 (0),4 (3),29 (22),318929,Champions Tour 2024 EMEA Stage 1_csvs
All Maps,MKOI,3,6 (3),4 (0),14 (5),17 (7),318929,Champions Tour 2024 EMEA Stage 1_csvs
Sunset,TL,0,4 (0),2 (0),4 (1),5 (1),318930,Champions Tour 2024 EMEA Stage 1_csvs
Sunset,TH,2,2 (2),0 (0),3 (3),10 (8),318930,Champions Tour 2024 EMEA Stage 1_csvs
Bind,TL,1,5 (1),0 (0),3 (1),12 (5),318930,Champions Tour 2024 EMEA Stage 1_csvs
Bind,TH,1,3 (1),0 (0),4 (2),13 (10),318930,Champions Tour 2024 EMEA Stage 1_csvs
All Maps,TL,1,9 (1),2 (0),7 (2),17 (6),318930,Champions Tour 2024 EMEA Stage 1_csvs
All Maps,TH,3,5 (3),0 (0),7 (5),23 (18),318930,Champions Tour 2024 EMEA Stage 1_csvs
Icebox,VIT,0,4 (1),1 (0),3 (1),10 (3),318931,Champions Tour 2024 EMEA Stage 1_csvs
Icebox,M8,2,2 (2),2 (1),4 (2),10 (8),318931,Champions Tour 2024 EMEA Stage 1_csvs
Sunset,VIT,0,3 (0),1 (1),7 (1),7 (3),318931,Champions Tour 2024 EMEA Stage 1_csvs
Sunset,M8,2,2 (2),0 (0),5 (3),11 (8),318931,Champions Tour 2024 EMEA Stage 1_csvs
All Maps,VIT,0,7 (1),2 (1),10 (2),17 (6),318931,Champions Tour 2024 EMEA Stage 1_csvs
All Maps,M8,4,4 (4),2 (1),9 (5),21 (16),318931,Champions Tour 2024 EMEA Stage 1_csvs
Split,FNC,1,4 (1),1 (0),7 (3),8 (3),318932,Champions Tour 2024 EMEA Stage 1_csvs
Split,FUT,1,3 (1),0 (0),2 (1),15 (11),318932,Champions Tour 2024 EMEA Stage 1_csvs
Lotus,FNC,1,3 (1),1 (0),6 (3),18 (9),318932,Champions Tour 2024 EMEA Stage 1_csvs
Lotus,FUT,1,3 (1),1 (1),7 (3),17 (10),318932,Champions Tour 2024 EMEA Stage 1_csvs
fcking,FNC,2,7 (2),2 (0),13 (6),26 (12),318932,Champions Tour 2024 EMEA Stage 1_csvs
fcking,FUT,2,6 (2),1 (1),9 (4),32 (21),318932,Champions Tour 2024 EMEA Stage 1_csvs
Ascent,BBL,0,4 (0),2 (1),4 (4),11 (3),318933,Champions Tour 2024 EMEA Stage 1_csvs
Ascent,NAVI,2,2 (2),1 (0),5 (5),13 (6),318933,Champions Tour 2024 EMEA Stage 1_csvs
Sunset,BBL,2,2 (2),1 (0),7 (4),11 (7),318933,Champions Tour 2024 EMEA Stage 1_csvs
Sunset,NAVI,0,4 (0),0 (0),3 (0),14 (8),318933,Champions Tour 2024 EMEA Stage 1_csvs
All Maps,BBL,1,3 (1),1 (1),5 (2),13 (9),318933,Champions Tour 2024 EMEA Stage 1_csvs
All Maps,NAVI,1,3 (1),0 (0),7 (4),12 (4),318933,Champions Tour 2024 EMEA Stage 1_csvs
Lotus,VIT,1,3 (2),1 (1),5 (2),21 (9),318934,Champions Tour 2024 EMEA Stage 1_csvs
Lotus,GX,1,3 (1),2 (1),11 (5),14 (9),318934,Champions Tour 2024 EMEA Stage 1_csvs
Breeze,VIT,2,2 (2),2 (0),5 (3),11 (8),318934,Champions Tour 2024 EMEA Stage 1_csvs
Breeze,GX,0,4 (1),1 (0),7 (3),8 (3),318934,Champions Tour 2024 EMEA Stage 1_csvs
All Maps,VIT,0,4 (1),0 (0),0 (0),15 (12),318934,Champions Tour 2024 EMEA Stage 1_csvs
All Maps,GX,2,2 (2),4 (0),12 (3),1 (1),318934,Champions Tour 2024 EMEA Stage 1_csvs
Sunset,KC,0,4 (0),0 (0),0 (0),16 (13),318935,Champions Tour 2024 EMEA Stage 1_csvs
Sunset,MKOI,2,2 (2),1 (0),9 (4),8 (1),318935,Champions Tour 2024 EMEA Stage 1_csvs
Icebox,KC,1,3 (1),1 (0),7 (2),9 (4),318935,Champions Tour 2024 EMEA Stage 1_csvs
Icebox,MKOI,1,3 (1),1 (1),4 (3),12 (8),318935,Champions Tour 2024 EMEA Stage 1_csvs
All Maps,KC,0,4 (0),0 (0),3 (1),21 (14),318935,Champions Tour 2024 EMEA Stage 1_csvs
All Maps,MKOI,2,3 (2),1 (1),9 (5),15 (5),318935,Champions Tour 2024 EMEA Stage 1_csvs
Bind,BBL,1,3 (1),1 (0),4 (3),11 (2),318936,Champions Tour 2024 EMEA Stage 1_csvs
Bind,GX,1,3 (1),0 (0),2 (2),14 (10),318936,Champions Tour 2024 EMEA Stage 1_csvs
Sunset,BBL,1,3 (1),2 (2),5 (0),14 (8),318936,Champions Tour 2024 EMEA Stage 1_csvs
Sunset,GX,1,3 (2),2 (0),12 (6),7 (5),318936,Champions Tour 2024 EMEA Stage 1_csvs
All Maps,BBL,2,6 (2),3 (2),9 (3),25 (10),318936,Champions Tour 2024 EMEA Stage 1_csvs
All Maps,GX,2,6 (3),2 (0),14 (8),21 (15),318936,Champions Tour 2024 EMEA Stage 1_csvs
Icebox,KC,2,2 (2),1 (0),7 (4),16 (6),318937,Champions Tour 2024 EMEA Stage 1_csvs
Icebox,TH,0,4 (0),1 (0),4 (2),17 (12),318937,Champions Tour 2024 EMEA Stage 1_csvs
Lotus,KC,1,4 (2),0 (0),1 (1),13 (10),318937,Champions Tour 2024 EMEA Stage 1_csvs
Lotus,TH,1,3 (1),3 (0),6 (2),6 (2),318937,Champions Tour 2024 EMEA Stage 1_csvs
All Maps,KC,0,4 (0),2 (2),3 (0),13 (7),318937,Champions Tour 2024 EMEA Stage 1_csvs
All Maps,TH,2,2 (2),1 (0),8 (5),11 (6),318937,Champions Tour 2024 EMEA Stage 1_csvs
Split,VIT,0,4 (0),2 (0),3 (1),9 (4),318938,Champions Tour 2024 EMEA Stage 1_csvs
Split,MKOI,2,2 (2),0 (0),6 (6),10 (5),318938,Champions Tour 2024 EMEA Stage 1_csvs
Breeze,VIT,1,3 (2),1 (0),4 (1),12 (10),318938,Champions Tour 2024 EMEA Stage 1_csvs
Breeze,MKOI,1,3 (2),2 (0),10 (3),5 (2),318938,Champions Tour 2024 EMEA Stage 1_csvs
All Maps,VIT,0,4 (0),2 (0),4 (2),7 (2),318938,Champions Tour 2024 EMEA Stage 1_csvs
All Maps,MKOI,2,2 (2),0 (0),4 (2),11 (9),318938,Champions Tour 2024 EMEA Stage 1_csvs
Breeze,NAVI,1,3 (1),2 (0),7 (2),7 (3),318939,Champions Tour 2024 EMEA Stage 1_csvs
Breeze,FNC,1,3 (1),0 (0),1 (1),15 (11),318939,Champions Tour 2024 EMEA Stage 1_csvs
Ascent,NAVI,1,3 (1),1 (1),6 (3),11 (8),318939,Champions Tour 2024 EMEA Stage 1_csvs
Ascent,FNC,1,3 (1),2 (1),6 (3),10 (3),318939,Champions Tour 2024 EMEA Stage 1_csvs
All Maps,NAVI,1,3 (1),0 (0),4 (4),9 (8),318939,Champions Tour 2024 EMEA Stage 1_csvs
All Maps,FNC,1,3 (1),0 (0),8 (2),5 (0),318939,Champions Tour 2024 EMEA Stage 1_csvs
Lotus,TL,2,2 (2),0 (0),8 (6),7 (5),318940,Champions Tour 2024 EMEA Stage 1_csvs
Lotus,M8,0,4 (0),0 (0),8 (2),5 (2),318940,Champions Tour 2024 EMEA Stage 1_csvs
Icebox,TL,2,2 (2),0 (0),4 (4),9 (7),318940,Champions Tour 2024 EMEA Stage 1_csvs
Icebox,M8,0,4 (0),2 (0),3 (0),6 (2),318940,Champions Tour 2024 EMEA Stage 1_csvs
All Maps,TL,4,4 (4),0 (0),12 (10),16 (12),318940,Champions Tour 2024 EMEA Stage 1_csvs
All Maps,M8,0,8 (0),2 (0),11 (2),11 (4),318940,Champions Tour 2024 EMEA Stage 1_csvs
Bind,BBL,1,3 (1),2 (0),4 (3),13 (5),318941,Champions Tour 2024 EMEA Stage 1_csvs
Bind,FUT,1,3 (1),0 (0),4 (2),15 (10),318941,Champions Tour 2024 EMEA Stage 1_csvs
Icebox,BBL,0,3 (0),2 (0),5 (1),9 (5),318941,Champions Tour 2024 EMEA Stage 1_csvs
Icebox,FUT,2,2 (2),1 (0),3 (3),13 (8),318941,Champions Tour 2024 EMEA Stage 1_csvs
All Maps,BBL,1,6 (1),4 (0),9 (4),22 (10),318941,Champions Tour 2024 EMEA Stage 1_csvs
All Maps,FUT,3,5 (3),1 (0),7 (5),28 (18),318941,Champions Tour 2024 EMEA Stage 1_csvs
Ascent,FNC,1,3 (1),2 (0),7 (6),12 (6),341816,Champions Tour 2024 EMEA Stage 1_csvs
Ascent,TL,1,2 (1),3 (0),5 (1),14 (9),341816,Champions Tour 2024 EMEA Stage 1_csvs
Icebox,FNC,2,2 (2),0 (0),11 (6),13 (4),341816,Champions Tour 2024 EMEA Stage 1_csvs
Icebox,TL,0,3 (0),1 (0),6 (4),16 (10),341816,Champions Tour 2024 EMEA Stage 1_csvs
All Maps,FNC,1,3 (1),0 (0),2 (1),13 (11),341816,Champions Tour 2024 EMEA Stage 1_csvs
All Maps,TL,1,3 (1),2 (0),5 (2),8 (2),341816,Champions Tour 2024 EMEA Stage 1_csvs
Lotus,NAVI,0,4 (0),2 (1),5 (2),13 (8),341817,Champions Tour 2024 EMEA Stage 1_csvs
Lotus,TH,2,2 (2),2 (0),9 (4),11 (7),341817,Champions Tour 2024 EMEA Stage 1_csvs
Split,NAVI,1,3 (1),0 (0),9 (3),10 (5),341817,Champions Tour 2024 EMEA Stage 1_csvs
Split,TH,1,4 (2),0 (0),5 (1),13 (10),341817,Champions Tour 2024 EMEA Stage 1_csvs
All Maps,NAVI,1,7 (1),2 (1),14 (5),23 (13),341817,Champions Tour 2024 EMEA Stage 1_csvs
All Maps,TH,3,6 (4),2 (0),14 (5),24 (17),341817,Champions Tour 2024 EMEA Stage 1_csvs
Breeze,KC,1,3 (1),2 (0),5 (3),14 (7),341818,Champions Tour 2024 EMEA Stage 1_csvs
Breeze,FNC,1,3 (1),1 (0),4 (2),16 (10),341818,Champions Tour 2024 EMEA Stage 1_csvs
Bind,KC,1,3 (1),2 (0),4 (2),13 (6),341818,Champions Tour 2024 EMEA Stage 1_csvs
Bind,FNC,1,3 (1),0 (0),4 (3),15 (9),341818,Champions Tour 2024 EMEA Stage 1_csvs
All Maps,KC,2,6 (2),4 (0),9 (5),27 (13),341818,Champions Tour 2024 EMEA Stage 1_csvs
All Maps,FNC,2,6 (2),1 (0),8 (5),31 (19),341818,Champions Tour 2024 EMEA Stage 1_csvs
Lotus,FUT,2,2 (2),4 (1),5 (2),12 (5),341819,Champions Tour 2024 EMEA Stage 1_csvs
Lotus,TH,0,4 (1),2 (0),2 (1),15 (11),341819,Champions Tour 2024 EMEA Stage 1_csvs
Split,FUT,1,3 (1),1 (1),4 (2),20 (9),341819,Champions Tour 2024 EMEA Stage 1_csvs
Split,TH,1,3 (1),1 (0),7 (5),17 (9),341819,Champions Tour 2024 EMEA Stage 1_csvs
All Maps,FUT,3,5 (3),5 (2),9 (4),32 (14),341819,Champions Tour 2024 EMEA Stage 1_csvs
All Maps,TH,1,7 (2),3 (0),9 (6),32 (20),341819,Champions Tour 2024 EMEA Stage 1_csvs
Lotus,FNC,2,2 (2),1 (0),5 (2),20 (9),341820,Champions Tour 2024 EMEA Stage 1_csvs
Lotus,TH,0,4 (0),1 (1),3 (2),20 (12),341820,Champions Tour 2024 EMEA Stage 1_csvs
Breeze,FNC,0,4 (0),0 (0),8 (3),5 (1),341820,Champions Tour 2024 EMEA Stage 1_csvs
Breeze,TH,2,2 (2),0 (0),6 (4),9 (7),341820,Champions Tour 2024 EMEA Stage 1_csvs
All Maps,FNC,2,6 (2),1 (0),13 (5),25 (10),341820,Champions Tour 2024 EMEA Stage 1_csvs
All Maps,TH,2,6 (2),1 (1),9 (6),29 (19),341820,Champions Tour 2024 EMEA Stage 1_csvs
Icebox,KC,2,2 (2),2 (0),8 (1),4 (0),341822,Champions Tour 2024 EMEA Stage 1_csvs
Icebox,FUT,0,4 (1),0 (0),0 (0),12 (12),341822,Champions Tour 2024 EMEA Stage 1_csvs
Sunset,KC,2,2 (2),2 (0),9 (3),10 (5),341822,Champions Tour 2024 EMEA Stage 1_csvs
Sunset,FUT,0,4 (0),2 (1),3 (2),14 (10),341822,Champions Tour 2024 EMEA Stage 1_csvs
All Maps,KC,4,4 (4),4 (0),17 (4),14 (5),341822,Champions Tour 2024 EMEA Stage 1_csvs
All Maps,FUT,0,8 (1),2 (1),3 (2),26 (22),341822,Champions Tour 2024 EMEA Stage 1_csvs
Icebox,FNC,1,3 (1),0 (0),6 (3),15 (7),341823,Champions Tour 2024 EMEA Stage 1_csvs
Icebox,FUT,1,4 (1),2 (1),5 (2),13 (9),341823,Champions Tour 2024 EMEA Stage 1_csvs
Bind,FNC,1,3 (2),0 (0),3 (2),13 (9),341823,Champions Tour 2024 EMEA Stage 1_csvs
Bind,FUT,1,3 (1),2 (0),3 (0),11 (5),341823,Champions Tour 2024 EMEA Stage 1_csvs
Breeze,FNC,0,4 (0),1 (1),2 (2),17 (10),341823,Champions Tour 2024 EMEA Stage 1_csvs
Breeze,FUT,2,2 (2),0 (0),8 (2),14 (7),341823,Champions Tour 2024 EMEA Stage 1_csvs
Split,FNC,0,4 (0),0 (0),4 (2),18 (12),341823,Champions Tour 2024 EMEA Stage 1_csvs
Split,FUT,2,2 (2),1 (0),8 (4),15 (6),341823,Champions Tour 2024 EMEA Stage 1_csvs
All Maps,FNC,2,14 (3),1 (1),15 (9),63 (38),341823,Champions Tour 2024 EMEA Stage 1_csvs
All Maps,FUT,6,11 (6),5 (1),24 (8),53 (27),341823,Champions Tour 2024 EMEA Stage 1_csvs
Sunset,TH,2,2 (2),1 (0),7 (4),10 (7),341821,Champions Tour 2024 EMEA Stage 1_csvs
Sunset,FNC,0,4 (0),0 (0),4 (1),12 (6),341821,Champions Tour 2024 EMEA Stage 1_csvs
Bind,TH,1,3 (1),0 (0),2 (1),23 (13),341821,Champions Tour 2024 EMEA Stage 1_csvs
Bind,FNC,1,3 (1),0 (0),4 (3),21 (9),341821,Champions Tour 2024 EMEA Stage 1_csvs
Lotus,TH,1,3 (1),2 (1),6 (2),10 (4),341821,Champions Tour 2024 EMEA Stage 1_csvs
Lotus,FNC,1,3 (1),1 (0),4 (2),13 (10),341821,Champions Tour 2024 EMEA Stage 1_csvs
Split,TH,0,4 (0),1 (0),5 (1),8 (4),341821,Champions Tour 2024 EMEA Stage 1_csvs
Split,FNC,2,2 (2),0 (0),3 (3),13 (8),341821,Champions Tour 2024 EMEA Stage 1_csvs
in,TH,0,4 (1),1 (0),3 (0),13 (7),341821,Champions Tour 2024 EMEA Stage 1_csvs
in,FNC,2,2 (2),1 (0),6 (4),12 (7),341821,Champions Tour 2024 EMEA Stage 1_csvs
your,TH,4,16 (5),5 (1),23 (8),64 (35),341821,Champions Tour 2024 EMEA Stage 1_csvs
your,FNC,6,14 (6),2 (0),21 (13),71 (40),341821,Champions Tour 2024 EMEA Stage 1_csvs
Split,FUT,0,4 (0),0 (0),0 (0),16 (13),353153,Champions Tour 2024 EMEA Stage 2_csvs
Split,MKOI,2,2 (2),1 (0),10 (3),7 (2),353153,Champions Tour 2024 EMEA Stage 2_csvs
Lotus,FUT,0,4 (0),2 (1),2 (1),12 (5),353153,Champions Tour 2024 EMEA Stage 2_csvs
Lotus,MKOI,2,2 (2),1 (0),7 (5),10 (6),353153,Champions Tour 2024 EMEA Stage 2_csvs
after,FUT,1,3 (1),1 (0),1 (1),14 (11),353153,Champions Tour 2024 EMEA Stage 2_csvs
after,MKOI,1,3 (1),2 (1),4 (1),10 (3),353153,Champions Tour 2024 EMEA Stage 2_csvs
All Maps,FUT,1,11 (1),3 (1),3 (2),42 (29),353153,Champions Tour 2024 EMEA Stage 2_csvs
All Maps,MKOI,5,7 (5),4 (1),21 (9),27 (11),353153,Champions Tour 2024 EMEA Stage 2_csvs
Ascent,BBL,0,4 (1),1 (0),5 (2),12 (6),353154,Champions Tour 2024 EMEA Stage 2_csvs
Ascent,FNC,2,2 (2),2 (1),5 (2),13 (8),353154,Champions Tour 2024 EMEA Stage 2_csvs
Bind,BBL,2,2 (2),1 (0),8 (5),13 (6),353154,Champions Tour 2024 EMEA Stage 2_csvs
Bind,FNC,0,4 (0),1 (0),2 (2),17 (9),353154,Champions Tour 2024 EMEA Stage 2_csvs
All Maps,BBL,1,3 (1),2 (1),5 (1),14 (8),353154,Champions Tour 2024 EMEA Stage 2_csvs
All Maps,FNC,1,3 (1),0 (0),10 (4),11 (8),353154,Champions Tour 2024 EMEA Stage 2_csvs
Sunset,TH,1,3 (2),0 (0),3 (3),10 (8),353155,Champions Tour 2024 EMEA Stage 2_csvs
Sunset,NAVI,1,3 (1),1 (0),7 (1),5 (1),353155,Champions Tour 2024 EMEA Stage 2_csvs
Bind,TH,0,3 (1),1 (1),1 (1),13 (10),353155,Champions Tour 2024 EMEA Stage 2_csvs
Bind,NAVI,2,2 (2),2 (0),8 (1),6 (2),353155,Champions Tour 2024 EMEA Stage 2_csvs
All Maps,TH,1,6 (3),1 (1),4 (4),23 (18),353155,Champions Tour 2024 EMEA Stage 2_csvs
All Maps,NAVI,3,5 (3),3 (0),15 (2),11 (3),353155,Champions Tour 2024 EMEA Stage 2_csvs
Split,GX,0,4 (0),2 (0),5 (1),3 (0),353157,Champions Tour 2024 EMEA Stage 2_csvs
Split,M8,2,2 (2),0 (0),2 (2),10 (9),353157,Champions Tour 2024 EMEA Stage 2_csvs
Sunset,GX,1,3 (1),0 (0),8 (6),13 (6),353157,Champions Tour 2024 EMEA Stage 2_csvs
Sunset,M8,1,3 (1),2 (0),6 (4),13 (6),353157,Champions Tour 2024 EMEA Stage 2_csvs
All Maps,GX,0,4 (0),0 (0),4 (3),16 (10),353157,Champions Tour 2024 EMEA Stage 2_csvs
All Maps,M8,2,2 (2),1 (0),9 (4),12 (5),353157,Champions Tour 2024 EMEA Stage 2_csvs
Lotus,VIT,0,4 (0),1 (0),1 (1),17 (12),353156,Champions Tour 2024 EMEA Stage 2_csvs
Lotus,TL,2,3 (2),0 (0),11 (7),9 (1),353156,Champions Tour 2024 EMEA Stage 2_csvs
Icebox,VIT,1,3 (1),1 (0),9 (4),19 (12),353156,Champions Tour 2024 EMEA Stage 2_csvs
Icebox,TL,1,3 (2),1 (0),5 (1),23 (12),353156,Champions Tour 2024 EMEA Stage 2_csvs
All Maps,VIT,1,7 (1),2 (0),10 (5),36 (24),353156,Champions Tour 2024 EMEA Stage 2_csvs
All Maps,TL,3,6 (4),1 (0),16 (8),32 (13),353156,Champions Tour 2024 EMEA Stage 2_csvs
Lotus,BBL,0,3 (0),3 (1),3 (1),10 (4),353159,Champions Tour 2024 EMEA Stage 2_csvs
Lotus,KC,2,2 (2),2 (1),3 (3),12 (7),353159,Champions Tour 2024 EMEA Stage 2_csvs
Sunset,BBL,1,3 (1),0 (0),10 (3),5 (1),353159,Champions Tour 2024 EMEA Stage 2_csvs
Sunset,KC,1,3 (1),2 (2),1 (1),12 (9),353159,Champions Tour 2024 EMEA Stage 2_csvs
All Maps,BBL,1,6 (1),3 (1),13 (4),15 (5),353159,Champions Tour 2024 EMEA Stage 2_csvs
All Maps,KC,3,5 (3),4 (3),4 (4),24 (16),353159,Champions Tour 2024 EMEA Stage 2_csvs
Ascent,NAVI,2,2 (2),2 (0),8 (5),12 (4),353158,Champions Tour 2024 EMEA Stage 2_csvs
Ascent,FUT,0,5 (0),0 (0),5 (2),14 (11),353158,Champions Tour 2024 EMEA Stage 2_csvs
Lotus,NAVI,0,3 (0),2 (0),6 (2),7 (3),353158,Champions Tour 2024 EMEA Stage 2_csvs
Lotus,FUT,2,2 (2),1 (1),7 (5),8 (5),353158,Champions Tour 2024 EMEA Stage 2_csvs
All Maps,NAVI,2,5 (2),4 (0),14 (7),19 (7),353158,Champions Tour 2024 EMEA Stage 2_csvs
All Maps,FUT,2,7 (2),1 (1),12 (7),22 (16),353158,Champions Tour 2024 EMEA Stage 2_csvs
Sunset,MKOI,1,3 (1),0 (0),2 (2),13 (10),353202,Champions Tour 2024 EMEA Stage 2_csvs
Sunset,GX,1,3 (1),2 (0),13 (4),0 (0),353202,Champions Tour 2024 EMEA Stage 2_csvs
Icebox,MKOI,2,2 (2),1 (0),7 (4),16 (8),353202,Champions Tour 2024 EMEA Stage 2_csvs
Icebox,GX,0,4 (0),0 (0),14 (9),8 (3),353202,Champions Tour 2024 EMEA Stage 2_csvs
All Maps,MKOI,3,5 (3),1 (0),9 (6),29 (18),353202,Champions Tour 2024 EMEA Stage 2_csvs
All Maps,GX,1,7 (1),2 (0),27 (13),8 (3),353202,Champions Tour 2024 EMEA Stage 2_csvs
Sunset,TH,1,3 (2),2 (0),3 (1),15 (10),353161,Champions Tour 2024 EMEA Stage 2_csvs
Sunset,FUT,1,5 (1),0 (0),3 (1),15 (8),353161,Champions Tour 2024 EMEA Stage 2_csvs
Split,TH,1,3 (2),0 (0),4 (2),12 (9),353161,Champions Tour 2024 EMEA Stage 2_csvs
Split,FUT,1,4 (1),2 (0),4 (2),9 (3),353161,Champions Tour 2024 EMEA Stage 2_csvs
All Maps,TH,2,6 (4),2 (0),7 (3),27 (19),353161,Champions Tour 2024 EMEA Stage 2_csvs
All Maps,FUT,2,9 (2),2 (0),7 (3),24 (11),353161,Champions Tour 2024 EMEA Stage 2_csvs
Haven,FNC,1,3 (2),0 (0),3 (3),13 (8),353160,Champions Tour 2024 EMEA Stage 2_csvs
Haven,VIT,1,3 (1),1 (0),8 (3),7 (2),353160,Champions Tour 2024 EMEA Stage 2_csvs
Icebox,FNC,1,3 (1),2 (0),7 (2),7 (3),353160,Champions Tour 2024 EMEA Stage 2_csvs
Icebox,VIT,1,2 (1),1 (1),3 (2),13 (9),353160,Champions Tour 2024 EMEA Stage 2_csvs
All Maps,FNC,1,3 (2),0 (0),1 (1),16 (10),353160,Champions Tour 2024 EMEA Stage 2_csvs
All Maps,VIT,1,3 (1),2 (0),10 (4),5 (2),353160,Champions Tour 2024 EMEA Stage 2_csvs
Lotus,BBL,1,3 (1),1 (0),1 (1),14 (11),353162,Champions Tour 2024 EMEA Stage 2_csvs
Lotus,TL,1,3 (1),3 (0),7 (2),6 (3),353162,Champions Tour 2024 EMEA Stage 2_csvs
Ascent,BBL,2,2 (2),2 (0),3 (2),11 (9),353162,Champions Tour 2024 EMEA Stage 2_csvs
Ascent,TL,0,4 (0),2 (0),4 (1),8 (4),353162,Champions Tour 2024 EMEA Stage 2_csvs
All Maps,BBL,3,5 (3),3 (0),4 (3),25 (20),353162,Champions Tour 2024 EMEA Stage 2_csvs
All Maps,TL,1,7 (1),5 (0),11 (3),14 (7),353162,Champions Tour 2024 EMEA Stage 2_csvs
Lotus,NAVI,0,4 (1),2 (1),5 (4),11 (3),353163,Champions Tour 2024 EMEA Stage 2_csvs
Lotus,GX,2,2 (2),1 (0),5 (3),14 (8),353163,Champions Tour 2024 EMEA Stage 2_csvs
Ascent,NAVI,1,3 (1),3 (1),6 (2),9 (4),353163,Champions Tour 2024 EMEA Stage 2_csvs
Ascent,GX,1,3 (1),1 (0),7 (5),10 (7),353163,Champions Tour 2024 EMEA Stage 2_csvs
All Maps,NAVI,1,7 (2),5 (2),11 (6),20 (7),353163,Champions Tour 2024 EMEA Stage 2_csvs
All Maps,GX,3,5 (3),2 (0),12 (8),24 (15),353163,Champions Tour 2024 EMEA Stage 2_csvs
Sunset,MKOI,2,2 (2),2 (0),10 (4),10 (5),353164,Champions Tour 2024 EMEA Stage 2_csvs
Sunset,M8,0,4 (1),0 (0),5 (4),15 (8),353164,Champions Tour 2024 EMEA Stage 2_csvs
Split,MKOI,1,4 (1),1 (0),3 (2),16 (8),353164,Champions Tour 2024 EMEA Stage 2_csvs
Split,M8,1,3 (2),1 (1),7 (2),13 (8),353164,Champions Tour 2024 EMEA Stage 2_csvs
All Maps,MKOI,3,6 (3),3 (0),13 (6),26 (13),353164,Champions Tour 2024 EMEA Stage 2_csvs
All Maps,M8,1,7 (3),1 (1),12 (6),28 (16),353164,Champions Tour 2024 EMEA Stage 2_csvs
Haven,FNC,1,3 (1),0 (0),1 (1),12 (11),353165,Champions Tour 2024 EMEA Stage 2_csvs
Haven,KC,1,3 (1),2 (1),5 (1),6 (0),353165,Champions Tour 2024 EMEA Stage 2_csvs
Lotus,FNC,1,3 (1),0 (0),5 (2),13 (10),353165,Champions Tour 2024 EMEA Stage 2_csvs
Lotus,KC,1,3 (1),2 (0),4 (2),12 (5),353165,Champions Tour 2024 EMEA Stage 2_csvs
All Maps,FNC,2,6 (2),0 (0),6 (3),25 (21),353165,Champions Tour 2024 EMEA Stage 2_csvs
All Maps,KC,2,6 (2),4 (1),9 (3),18 (5),353165,Champions Tour 2024 EMEA Stage 2_csvs
Bind,TH,2,2 (2),0 (0),8 (6),12 (5),353166,Champions Tour 2024 EMEA Stage 2_csvs
Bind,GX,0,4 (0),1 (0),4 (3),13 (6),353166,Champions Tour 2024 EMEA Stage 2_csvs
Split,TH,1,3 (1),2 (0),11 (5),12 (7),353166,Champions Tour 2024 EMEA Stage 2_csvs
Split,GX,1,3 (2),3 (0),5 (2),17 (11),353166,Champions Tour 2024 EMEA Stage 2_csvs
All Maps,TH,1,3 (1),1 (0),3 (1),15 (11),353166,Champions Tour 2024 EMEA Stage 2_csvs
All Maps,GX,1,3 (1),1 (0),10 (4),8 (4),353166,Champions Tour 2024 EMEA Stage 2_csvs
Sunset,FUT,0,4 (0),0 (0),1 (1),16 (12),353167,Champions Tour 2024 EMEA Stage 2_csvs
Sunset,M8,2,2 (2),2 (0),11 (5),6 (1),353167,Champions Tour 2024 EMEA Stage 2_csvs
Split,FUT,1,3 (1),0 (0),2 (2),12 (10),353167,Champions Tour 2024 EMEA Stage 2_csvs
Split,M8,1,3 (1),1 (0),10 (2),3 (1),353167,Champions Tour 2024 EMEA Stage 2_csvs
All Maps,FUT,1,7 (1),0 (0),3 (3),28 (22),353167,Champions Tour 2024 EMEA Stage 2_csvs
All Maps,M8,3,5 (3),3 (0),21 (7),9 (2),353167,Champions Tour 2024 EMEA Stage 2_csvs
Split,MKOI,2,3 (2),2 (0),5 (3),13 (8),353168,Champions Tour 2024 EMEA Stage 2_csvs
Split,NAVI,0,4 (1),2 (0),1 (0),16 (9),353168,Champions Tour 2024 EMEA Stage 2_csvs
Icebox,MKOI,2,2 (2),1 (0),4 (3),12 (8),353168,Champions Tour 2024 EMEA Stage 2_csvs
Icebox,NAVI,0,4 (0),0 (0),7 (2),8 (4),353168,Champions Tour 2024 EMEA Stage 2_csvs
All Maps,MKOI,4,5 (4),3 (0),9 (6),25 (16),353168,Champions Tour 2024 EMEA Stage 2_csvs
All Maps,NAVI,0,8 (1),2 (0),8 (2),24 (13),353168,Champions Tour 2024 EMEA Stage 2_csvs
Bind,TL,0,4 (1),2 (1),0 (0),18 (11),353169,Champions Tour 2024 EMEA Stage 2_csvs
Bind,KC,2,2 (2),4 (0),6 (3),12 (6),353169,Champions Tour 2024 EMEA Stage 2_csvs
Sunset,TL,2,2 (2),0 (0),4 (4),9 (7),353169,Champions Tour 2024 EMEA Stage 2_csvs
Sunset,KC,0,3 (0),2 (0),5 (1),5 (1),353169,Champions Tour 2024 EMEA Stage 2_csvs
All Maps,TL,2,6 (3),2 (1),4 (4),27 (18),353169,Champions Tour 2024 EMEA Stage 2_csvs
All Maps,KC,2,5 (2),6 (0),11 (4),17 (7),353169,Champions Tour 2024 EMEA Stage 2_csvs
Ascent,BBL,0,4 (0),0 (0),6 (2),10 (5),353170,Champions Tour 2024 EMEA Stage 2_csvs
Ascent,VIT,2,2 (2),0 (0),6 (4),12 (7),353170,Champions Tour 2024 EMEA Stage 2_csvs
Sunset,BBL,1,3 (1),1 (1),7 (5),8 (6),353170,Champions Tour 2024 EMEA Stage 2_csvs
Sunset,VIT,1,3 (1),1 (1),7 (1),8 (3),353170,Champions Tour 2024 EMEA Stage 2_csvs
All Maps,BBL,2,2 (2),2 (0),7 (2),13 (7),353170,Champions Tour 2024 EMEA Stage 2_csvs
All Maps,VIT,0,4 (1),1 (0),4 (1),15 (11),353170,Champions Tour 2024 EMEA Stage 2_csvs
Sunset,TH,2,2 (2),1 (0),3 (2),14 (9),353171,Champions Tour 2024 EMEA Stage 2_csvs
Sunset,M8,0,4 (0),1 (1),5 (4),10 (2),353171,Champions Tour 2024 EMEA Stage 2_csvs
Icebox,TH,1,3 (1),0 (0),6 (3),14 (6),353171,Champions Tour 2024 EMEA Stage 2_csvs
Icebox,M8,1,3 (1),0 (0),12 (7),8 (5),353171,Champions Tour 2024 EMEA Stage 2_csvs
All Maps,TH,2,2 (2),0 (0),3 (3),13 (8),353171,Champions Tour 2024 EMEA Stage 2_csvs
All Maps,M8,0,4 (0),0 (0),8 (2),6 (3),353171,Champions Tour 2024 EMEA Stage 2_csvs
Split,FUT,1,3 (1),0 (0),3 (3),11 (9),353172,Champions Tour 2024 EMEA Stage 2_csvs
Split,GX,1,3 (1),0 (0),8 (3),6 (0),353172,Champions Tour 2024 EMEA Stage 2_csvs
Lotus,FUT,1,3 (1),0 (0),3 (3),13 (9),353172,Champions Tour 2024 EMEA Stage 2_csvs
Lotus,GX,1,3 (1),0 (0),11 (4),5 (1),353172,Champions Tour 2024 EMEA Stage 2_csvs
All Maps,FUT,2,6 (2),0 (0),6 (6),24 (18),353172,Champions Tour 2024 EMEA Stage 2_csvs
All Maps,GX,2,6 (2),0 (0),19 (7),11 (1),353172,Champions Tour 2024 EMEA Stage 2_csvs
Icebox,TH,0,5 (0),1 (0),7 (3),11 (8),353173,Champions Tour 2024 EMEA Stage 2_csvs
Icebox,MKOI,2,2 (2),1 (0),6 (5),15 (6),353173,Champions Tour 2024 EMEA Stage 2_csvs
Bind,TH,1,3 (1),0 (0),3 (3),16 (9),353173,Champions Tour 2024 EMEA Stage 2_csvs
Bind,MKOI,1,3 (1),3 (1),5 (3),11 (4),353173,Champions Tour 2024 EMEA Stage 2_csvs
All Maps,TH,0,4 (1),2 (1),1 (0),16 (11),353173,Champions Tour 2024 EMEA Stage 2_csvs
All Maps,MKOI,2,3 (2),1 (0),8 (4),11 (4),353173,Champions Tour 2024 EMEA Stage 2_csvs
Icebox,FNC,1,3 (1),0 (0),1 (1),11 (11),353174,Champions Tour 2024 EMEA Stage 2_csvs
Icebox,TL,1,2 (1),3 (0),5 (1),5 (0),353174,Champions Tour 2024 EMEA Stage 2_csvs
Haven,FNC,1,3 (1),1 (0),3 (3),15 (9),353174,Champions Tour 2024 EMEA Stage 2_csvs
Haven,TL,1,3 (1),2 (1),6 (3),11 (4),353174,Champions Tour 2024 EMEA Stage 2_csvs
All Maps,FNC,2,6 (2),1 (0),4 (4),26 (20),353174,Champions Tour 2024 EMEA Stage 2_csvs
All Maps,TL,2,5 (2),5 (1),11 (4),16 (4),353174,Champions Tour 2024 EMEA Stage 2_csvs
Sunset,NAVI,1,3 (1),2 (0),4 (4),11 (8),353175,Champions Tour 2024 EMEA Stage 2_csvs
Sunset,M8,1,3 (1),1 (0),5 (1),11 (5),353175,Champions Tour 2024 EMEA Stage 2_csvs
Ascent,NAVI,1,3 (1),0 (0),8 (5),10 (2),353175,Champions Tour 2024 EMEA Stage 2_csvs
Ascent,M8,1,3 (1),1 (1),8 (6),9 (5),353175,Champions Tour 2024 EMEA Stage 2_csvs
All Maps,NAVI,0,4 (0),1 (0),5 (4),14 (9),353175,Champions Tour 2024 EMEA Stage 2_csvs
All Maps,M8,2,2 (2),1 (0),11 (6),10 (3),353175,Champions Tour 2024 EMEA Stage 2_csvs
Icebox,VIT,2,2 (2),1 (0),4 (2),10 (9),353203,Champions Tour 2024 EMEA Stage 2_csvs
Icebox,KC,0,4 (0),0 (0),5 (1),8 (3),353203,Champions Tour 2024 EMEA Stage 2_csvs
Lotus,VIT,2,2 (2),1 (0),9 (3),10 (4),353203,Champions Tour 2024 EMEA Stage 2_csvs
Lotus,KC,0,4 (0),0 (0),3 (1),15 (12),353203,Champions Tour 2024 EMEA Stage 2_csvs
All Maps,VIT,1,3 (1),0 (0),11 (6),12 (7),353203,Champions Tour 2024 EMEA Stage 2_csvs
All Maps,KC,1,3 (1),2 (0),3 (1),18 (10),353203,Champions Tour 2024 EMEA Stage 2_csvs
Haven,VIT,2,2 (2),2 (1),5 (1),12 (4),371278,Champions Tour 2024 EMEA Stage 2_csvs
Haven,NAVI,0,4 (1),1 (0),2 (0),14 (12),371278,Champions Tour 2024 EMEA Stage 2_csvs
Sunset,VIT,1,3 (1),0 (0),2 (2),13 (10),371278,Champions Tour 2024 EMEA Stage 2_csvs
Sunset,NAVI,1,3 (1),0 (0),7 (2),8 (2),371278,Champions Tour 2024 EMEA Stage 2_csvs
All Maps,VIT,1,3 (1),2 (0),5 (4),10 (8),371278,Champions Tour 2024 EMEA Stage 2_csvs
All Maps,NAVI,1,3 (1),2 (0),4 (2),11 (4),371278,Champions Tour 2024 EMEA Stage 2_csvs
Icebox,FNC,1,3 (1),0 (0),7 (3),10 (3),371279,Champions Tour 2024 EMEA Stage 2_csvs
Icebox,KC,1,3 (1),1 (0),2 (2),14 (10),371279,Champions Tour 2024 EMEA Stage 2_csvs
Sunset,FNC,1,3 (1),0 (0),6 (4),19 (10),371279,Champions Tour 2024 EMEA Stage 2_csvs
Sunset,KC,1,3 (1),3 (1),6 (3),16 (8),371279,Champions Tour 2024 EMEA Stage 2_csvs
All Maps,FNC,2,2 (2),2 (1),6 (5),9 (5),371279,Champions Tour 2024 EMEA Stage 2_csvs
All Maps,KC,0,4 (0),2 (1),5 (1),8 (4),371279,Champions Tour 2024 EMEA Stage 2_csvs
Icebox,TH,1,3 (1),1 (0),3 (1),19 (12),371280,Champions Tour 2024 EMEA Stage 2_csvs
Icebox,VIT,1,2 (1),2 (1),9 (5),13 (5),371280,Champions Tour 2024 EMEA Stage 2_csvs
Sunset,TH,1,3 (1),2 (0),6 (4),12 (5),371280,Champions Tour 2024 EMEA Stage 2_csvs
Sunset,VIT,1,3 (1),1 (1),6 (4),13 (7),371280,Champions Tour 2024 EMEA Stage 2_csvs
icebox,TH,0,4 (0),1 (0),2 (1),19 (11),371280,Champions Tour 2024 EMEA Stage 2_csvs
icebox,VIT,2,2 (2),1 (1),10 (5),13 (6),371280,Champions Tour 2024 EMEA Stage 2_csvs
All Maps,TH,2,10 (2),4 (0),11 (6),50 (28),371280,Champions Tour 2024 EMEA Stage 2_csvs
All Maps,VIT,4,7 (4),4 (3),25 (14),39 (18),371280,Champions Tour 2024 EMEA Stage 2_csvs
Sunset,FUT,1,3 (1),0 (0),3 (2),22 (10),371281,Champions Tour 2024 EMEA Stage 2_csvs
Sunset,FNC,1,3 (1),2 (1),8 (6),15 (7),371281,Champions Tour 2024 EMEA Stage 2_csvs
Haven,FUT,1,3 (1),2 (0),5 (1),8 (3),371281,Champions Tour 2024 EMEA Stage 2_csvs
Haven,FNC,1,3 (2),0 (0),2 (2),13 (9),371281,Champions Tour 2024 EMEA Stage 2_csvs
All Maps,FUT,2,6 (2),2 (0),8 (3),30 (13),371281,Champions Tour 2024 EMEA Stage 2_csvs
All Maps,FNC,2,6 (3),2 (1),10 (8),28 (16),371281,Champions Tour 2024 EMEA Stage 2_csvs
Lotus,VIT,2,2 (2),0 (0),14 (7),8 (2),371282,Champions Tour 2024 EMEA Stage 2_csvs
Lotus,FNC,0,4 (0),1 (0),3 (2),16 (11),371282,Champions Tour 2024 EMEA Stage 2_csvs
Sunset,VIT,2,2 (2),1 (0),12 (3),4 (1),371282,Champions Tour 2024 EMEA Stage 2_csvs
Sunset,FNC,0,4 (1),0 (0),0 (0),15 (12),371282,Champions Tour 2024 EMEA Stage 2_csvs
All Maps,VIT,4,4 (4),1 (0),26 (10),12 (3),371282,Champions Tour 2024 EMEA Stage 2_csvs
All Maps,FNC,0,8 (1),1 (0),3 (2),31 (23),371282,Champions Tour 2024 EMEA Stage 2_csvs
Abyss,TH,1,3 (1),0 (0),4 (2),16 (10),371284,Champions Tour 2024 EMEA Stage 2_csvs
Abyss,FUT,1,3 (1),2 (0),5 (1),13 (8),371284,Champions Tour 2024 EMEA Stage 2_csvs
Sunset,TH,1,3 (1),1 (1),6 (4),14 (7),371284,Champions Tour 2024 EMEA Stage 2_csvs
Sunset,FUT,1,3 (1),1 (1),4 (2),16 (7),371284,Champions Tour 2024 EMEA Stage 2_csvs
All Maps,TH,2,6 (2),1 (1),10 (6),30 (17),371284,Champions Tour 2024 EMEA Stage 2_csvs
All Maps,FUT,2,6 (2),3 (1),9 (3),29 (15),371284,Champions Tour 2024 EMEA Stage 2_csvs
Icebox,VIT,1,2 (1),3 (0),6 (2),8 (3),371285,Champions Tour 2024 EMEA Stage 2_csvs
Icebox,TH,1,3 (1),0 (0),4 (3),12 (9),371285,Champions Tour 2024 EMEA Stage 2_csvs
Sunset,VIT,2,2 (2),0 (0),7 (5),8 (6),371285,Champions Tour 2024 EMEA Stage 2_csvs
Sunset,TH,0,4 (0),2 (0),2 (1),9 (3),371285,Champions Tour 2024 EMEA Stage 2_csvs
Lotus,VIT,2,2 (2),0 (0),5 (4),9 (7),371285,Champions Tour 2024 EMEA Stage 2_csvs
Lotus,TH,0,4 (0),3 (0),3 (1),6 (2),371285,Champions Tour 2024 EMEA Stage 2_csvs
Haven,VIT,1,3 (1),0 (0),2 (2),17 (10),371285,Champions Tour 2024 EMEA Stage 2_csvs
Haven,TH,1,3 (1),3 (1),3 (1),13 (6),371285,Champions Tour 2024 EMEA Stage 2_csvs
All Maps,VIT,6,9 (6),3 (0),20 (13),42 (26),371285,Champions Tour 2024 EMEA Stage 2_csvs
All Maps,TH,2,14 (2),8 (1),12 (6),40 (20),371285,Champions Tour 2024 EMEA Stage 2_csvs
Haven,FNC,1,3 (1),1 (0),3 (2),14 (10),371283,Champions Tour 2024 EMEA Stage 2_csvs
Haven,VIT,1,3 (1),2 (0),6 (3),10 (4),371283,Champions Tour 2024 EMEA Stage 2_csvs
Ascent,FNC,1,3 (1),2 (1),6 (2),11 (5),371283,Champions Tour 2024 EMEA Stage 2_csvs
Ascent,VIT,1,3 (1),0 (0),7 (4),12 (8),371283,Champions Tour 2024 EMEA Stage 2_csvs
Lotus,FNC,2,2 (2),2 (0),11 (7),7 (4),371283,Champions Tour 2024 EMEA Stage 2_csvs
Lotus,VIT,0,4 (0),0 (0),8 (4),10 (5),371283,Champions Tour 2024 EMEA Stage 2_csvs
Bind,FNC,2,2 (2),0 (0),2 (2),12 (9),371283,Champions Tour 2024 EMEA Stage 2_csvs
Bind,VIT,0,3 (0),0 (0),9 (2),4 (1),371283,Champions Tour 2024 EMEA Stage 2_csvs
Sunset,FNC,6,10 (6),5 (1),22 (13),44 (28),371283,Champions Tour 2024 EMEA Stage 2_csvs
Sunset,VIT,2,13 (2),2 (0),30 (13),36 (18),371283,Champions Tour 2024 EMEA Stage 2_csvs
Icebox,KC,1,3 (1),0 (0),5 (2),13 (10),312765,Champions Tour 2024 Masters Madrid_csvs
Icebox,FPX,1,3 (1),1 (0),8 (3),9 (4),312765,Champions Tour 2024 Masters Madrid_csvs
Lotus,KC,1,3 (1),2 (1),4 (2),14 (9),312765,Champions Tour 2024 Masters Madrid_csvs
Lotus,FPX,1,3 (1),2 (0),6 (3),12 (6),312765,Champions Tour 2024 Masters Madrid_csvs
All Maps,KC,2,6 (2),2 (1),9 (4),27 (19),312765,Champions Tour 2024 Masters Madrid_csvs
All Maps,FPX,2,6 (2),3 (0),14 (6),21 (10),312765,Champions Tour 2024 Masters Madrid_csvs
Icebox,GEN,1,2 (1),2 (1),7 (5),13 (6),312766,Champions Tour 2024 Masters Madrid_csvs
Icebox,LOUD,1,3 (1),1 (0),5 (2),15 (8),312766,Champions Tour 2024 Masters Madrid_csvs
Breeze,GEN,0,4 (1),1 (0),4 (2),12 (5),312766,Champions Tour 2024 Masters Madrid_csvs
Breeze,LOUD,2,3 (2),0 (0),6 (4),12 (7),312766,Champions Tour 2024 Masters Madrid_csvs
All Maps,GEN,1,3 (1),1 (0),3 (2),11 (10),312766,Champions Tour 2024 Masters Madrid_csvs
All Maps,LOUD,1,3 (1),1 (0),4 (1),10 (3),312766,Champions Tour 2024 Masters Madrid_csvs
Sunset,EDG,1,3 (1),1 (0),6 (2),11 (5),312767,Champions Tour 2024 Masters Madrid_csvs
Sunset,PRX,1,3 (1),0 (0),5 (2),13 (10),312767,Champions Tour 2024 Masters Madrid_csvs
Bind,EDG,0,4 (0),2 (2),2 (1),14 (10),312767,Champions Tour 2024 Masters Madrid_csvs
Bind,PRX,2,2 (2),1 (0),8 (4),11 (3),312767,Champions Tour 2024 Masters Madrid_csvs
All Maps,EDG,1,3 (1),1 (1),3 (3),15 (8),312767,Champions Tour 2024 Masters Madrid_csvs
All Maps,PRX,1,3 (1),3 (1),8 (5),8 (2),312767,Champions Tour 2024 Masters Madrid_csvs
Lotus,SEN,2,4 (2),1 (0),7 (3),10 (8),312768,Champions Tour 2024 Masters Madrid_csvs
Lotus,TH,0,4 (1),2 (0),4 (0),12 (8),312768,Champions Tour 2024 Masters Madrid_csvs
Sunset,SEN,0,4 (1),1 (0),10 (2),3 (2),312768,Champions Tour 2024 Masters Madrid_csvs
Sunset,TH,2,2 (2),0 (0),5 (3),11 (8),312768,Champions Tour 2024 Masters Madrid_csvs
split,SEN,1,3 (1),1 (0),7 (4),13 (8),312768,Champions Tour 2024 Masters Madrid_csvs
split,TH,1,3 (1),0 (0),7 (2),14 (8),312768,Champions Tour 2024 Masters Madrid_csvs
lotus,SEN,3,11 (4),3 (0),24 (9),26 (18),312768,Champions Tour 2024 Masters Madrid_csvs
lotus,TH,3,9 (4),2 (0),16 (5),37 (24),312768,Champions Tour 2024 Masters Madrid_csvs
Split,SEN,1,3 (1),0 (0),2 (1),16 (11),312798,Champions Tour 2024 Masters Madrid_csvs
Split,KC,1,3 (1),1 (0),7 (2),10 (5),312798,Champions Tour 2024 Masters Madrid_csvs
Lotus,SEN,1,3 (1),1 (1),6 (4),14 (7),312798,Champions Tour 2024 Masters Madrid_csvs
Lotus,KC,1,3 (1),0 (0),7 (4),14 (6),312798,Champions Tour 2024 Masters Madrid_csvs
All Maps,SEN,2,6 (2),1 (1),8 (5),30 (18),312798,Champions Tour 2024 Masters Madrid_csvs
All Maps,KC,2,6 (2),1 (0),14 (6),24 (11),312798,Champions Tour 2024 Masters Madrid_csvs
Icebox,EDG,1,3 (1),0 (0),2 (2),16 (10),312797,Champions Tour 2024 Masters Madrid_csvs
Icebox,GEN,1,3 (1),3 (0),6 (3),9 (4),312797,Champions Tour 2024 Masters Madrid_csvs
Split,EDG,1,3 (1),1 (0),6 (2),8 (2),312797,Champions Tour 2024 Masters Madrid_csvs
Split,GEN,1,3 (1),0 (0),4 (3),11 (9),312797,Champions Tour 2024 Masters Madrid_csvs
All Maps,EDG,1,3 (1),3 (0),3 (1),10 (4),312797,Champions Tour 2024 Masters Madrid_csvs
All Maps,GEN,1,3 (1),1 (0),4 (3),11 (9),312797,Champions Tour 2024 Masters Madrid_csvs
Sunset,FPX,0,4 (0),1 (1),4 (0),9 (4),312800,Champions Tour 2024 Masters Madrid_csvs
Sunset,LOUD,2,2 (2),1 (0),4 (2),11 (9),312800,Champions Tour 2024 Masters Madrid_csvs
Breeze,FPX,0,4 (0),0 (0),4 (3),16 (8),312800,Champions Tour 2024 Masters Madrid_csvs
Breeze,LOUD,2,2 (2),1 (0),7 (5),14 (6),312800,Champions Tour 2024 Masters Madrid_csvs
All Maps,FPX,0,8 (0),1 (1),8 (3),25 (12),312800,Champions Tour 2024 Masters Madrid_csvs
All Maps,LOUD,4,4 (4),2 (0),11 (7),25 (15),312800,Champions Tour 2024 Masters Madrid_csvs
Sunset,TH,0,4 (1),2 (0),5 (3),12 (6),312799,Champions Tour 2024 Masters Madrid_csvs
Sunset,PRX,2,2 (2),1 (0),9 (5),11 (6),312799,Champions Tour 2024 Masters Madrid_csvs
Lotus,TH,1,4 (1),1 (0),5 (2),13 (10),312799,Champions Tour 2024 Masters Madrid_csvs
Lotus,PRX,1,2 (1),1 (1),10 (3),10 (5),312799,Champions Tour 2024 Masters Madrid_csvs
split,TH,0,4 (0),0 (0),4 (0),12 (7),312799,Champions Tour 2024 Masters Madrid_csvs
split,PRX,2,2 (2),1 (0),7 (3),10 (8),312799,Champions Tour 2024 Masters Madrid_csvs
sunset,TH,1,12 (2),3 (0),14 (5),37 (23),312799,Champions Tour 2024 Masters Madrid_csvs
sunset,PRX,5,6 (5),3 (1),26 (11),31 (19),312799,Champions Tour 2024 Masters Madrid_csvs
Icebox,LOUD,1,3 (2),0 (0),3 (2),9 (9),312803,Champions Tour 2024 Masters Madrid_csvs
Icebox,EDG,1,3 (1),0 (0),9 (0),3 (1),312803,Champions Tour 2024 Masters Madrid_csvs
Sunset,LOUD,2,2 (2),1 (0),5 (4),8 (7),312803,Champions Tour 2024 Masters Madrid_csvs
Sunset,EDG,0,4 (1),0 (0),7 (1),5 (1),312803,Champions Tour 2024 Masters Madrid_csvs
All Maps,LOUD,3,5 (4),1 (0),8 (6),17 (16),312803,Champions Tour 2024 Masters Madrid_csvs
All Maps,EDG,1,7 (2),0 (0),16 (1),8 (2),312803,Champions Tour 2024 Masters Madrid_csvs
Bind,KC,0,3 (0),1 (1),7 (3),12 (6),312802,Champions Tour 2024 Masters Madrid_csvs
Bind,PRX,2,2 (2),1 (0),7 (3),13 (8),312802,Champions Tour 2024 Masters Madrid_csvs
Lotus,KC,0,4 (0),0 (0),2 (2),13 (11),312802,Champions Tour 2024 Masters Madrid_csvs
Lotus,PRX,2,2 (2),1 (0),10 (4),6 (0),312802,Champions Tour 2024 Masters Madrid_csvs
All Maps,KC,2,2 (2),2 (0),6 (3),16 (7),312802,Champions Tour 2024 Masters Madrid_csvs
All Maps,PRX,0,4 (0),1 (0),3 (1),18 (13),312802,Champions Tour 2024 Masters Madrid_csvs
Split,GEN,0,4 (0),0 (0),0 (0),17 (13),312777,Champions Tour 2024 Masters Madrid_csvs
Split,PRX,2,2 (2),0 (0),12 (4),7 (2),312777,Champions Tour 2024 Masters Madrid_csvs
Lotus,GEN,1,3 (1),1 (1),3 (1),15 (10),312777,Champions Tour 2024 Masters Madrid_csvs
Lotus,PRX,1,3 (1),3 (0),5 (3),11 (5),312777,Champions Tour 2024 Masters Madrid_csvs
All Maps,GEN,1,7 (1),1 (1),3 (1),32 (23),312777,Champions Tour 2024 Masters Madrid_csvs
All Maps,PRX,3,5 (3),3 (0),17 (7),18 (7),312777,Champions Tour 2024 Masters Madrid_csvs
Split,SEN,2,2 (2),0 (0),5 (5),10 (6),312776,Champions Tour 2024 Masters Madrid_csvs
Split,LOUD,0,3 (0),2 (0),3 (0),9 (4),312776,Champions Tour 2024 Masters Madrid_csvs
Icebox,SEN,2,2 (2),3 (0),9 (4),12 (6),312776,Champions Tour 2024 Masters Madrid_csvs
Icebox,LOUD,0,4 (0),1 (1),1 (1),20 (12),312776,Champions Tour 2024 Masters Madrid_csvs
split,SEN,0,3 (0),2 (0),10 (6),11 (8),312776,Champions Tour 2024 Masters Madrid_csvs
split,LOUD,2,2 (2),3 (0),6 (4),15 (6),312776,Champions Tour 2024 Masters Madrid_csvs
All Maps,SEN,4,7 (4),5 (0),24 (15),33 (20),312776,Champions Tour 2024 Masters Madrid_csvs
All Maps,LOUD,2,9 (2),6 (1),10 (5),44 (22),312776,Champions Tour 2024 Masters Madrid_csvs
Split,GEN,2,3 (3),0 (0),5 (3),10 (7),312778,Champions Tour 2024 Masters Madrid_csvs
Split,SEN,0,4 (1),1 (0),7 (2),6 (2),312778,Champions Tour 2024 Masters Madrid_csvs
Lotus,GEN,2,2 (2),1 (0),9 (2),8 (3),312778,Champions Tour 2024 Masters Madrid_csvs
Lotus,SEN,0,3 (0),0 (0),4 (4),13 (9),312778,Champions Tour 2024 Masters Madrid_csvs
it,GEN,2,2 (2),0 (0),4 (4),10 (7),312778,Champions Tour 2024 Masters Madrid_csvs
it,SEN,0,4 (0),1 (0),7 (3),4 (0),312778,Champions Tour 2024 Masters Madrid_csvs
lotus,GEN,6,7 (7),1 (0),18 (9),28 (17),312778,Champions Tour 2024 Masters Madrid_csvs
lotus,SEN,0,11 (1),2 (0),18 (9),23 (11),312778,Champions Tour 2024 Masters Madrid_csvs
Ascent,PRX,2,2 (2),2 (0),6 (2),14 (9),312780,Champions Tour 2024 Masters Madrid_csvs
Ascent,LOUD,0,4 (0),2 (1),4 (0),14 (10),312780,Champions Tour 2024 Masters Madrid_csvs
Sunset,PRX,1,3 (2),2 (2),4 (2),12 (7),312780,Champions Tour 2024 Masters Madrid_csvs
Sunset,LOUD,1,3 (1),2 (1),6 (2),10 (4),312780,Champions Tour 2024 Masters Madrid_csvs
Breeze,PRX,3,5 (4),4 (2),10 (4),26 (16),312780,Champions Tour 2024 Masters Madrid_csvs
Breeze,LOUD,1,7 (1),4 (2),10 (2),24 (14),312780,Champions Tour 2024 Masters Madrid_csvs
Lotus,SEN,1,2 (1),2 (1),8 (3),14 (9),312781,Champions Tour 2024 Masters Madrid_csvs
Lotus,PRX,1,3 (1),2 (0),7 (3),14 (8),312781,Champions Tour 2024 Masters Madrid_csvs
Ascent,SEN,2,2 (2),1 (0),6 (3),10 (8),312781,Champions Tour 2024 Masters Madrid_csvs
Ascent,PRX,0,4 (0),1 (1),4 (0),10 (5),312781,Champions Tour 2024 Masters Madrid_csvs
Split,SEN,0,4 (0),2 (0),6 (3),6 (2),312781,Champions Tour 2024 Masters Madrid_csvs
Split,PRX,2,2 (2),1 (0),5 (3),10 (8),312781,Champions Tour 2024 Masters Madrid_csvs
Sunset,SEN,1,3 (2),0 (0),3 (3),10 (8),312781,Champions Tour 2024 Masters Madrid_csvs
Sunset,PRX,1,4 (1),0 (0),9 (1),3 (1),312781,Champions Tour 2024 Masters Madrid_csvs
All Maps,SEN,4,11 (5),5 (1),23 (12),40 (27),312781,Champions Tour 2024 Masters Madrid_csvs
All Maps,PRX,4,13 (4),4 (1),25 (7),37 (22),312781,Champions Tour 2024 Masters Madrid_csvs
Breeze,GEN,1,3 (1),1 (1),6 (5),11 (6),312779,Champions Tour 2024 Masters Madrid_csvs
Breeze,SEN,1,3 (1),2 (1),8 (4),8 (2),312779,Champions Tour 2024 Masters Madrid_csvs
Bind,GEN,1,3 (1),1 (0),6 (5),16 (6),312779,Champions Tour 2024 Masters Madrid_csvs
Bind,SEN,1,3 (1),1 (1),6 (2),16 (10),312779,Champions Tour 2024 Masters Madrid_csvs
Ascent,GEN,1,3 (1),0 (0),7 (5),11 (7),312779,Champions Tour 2024 Masters Madrid_csvs
Ascent,SEN,1,3 (1),2 (1),5 (2),11 (4),312779,Champions Tour 2024 Masters Madrid_csvs
Split,GEN,1,3 (1),1 (0),8 (4),11 (5),312779,Champions Tour 2024 Masters Madrid_csvs
Split,SEN,1,3 (1),0 (0),7 (4),13 (8),312779,Champions Tour 2024 Masters Madrid_csvs
split,GEN,0,5 (0),0 (0),4 (2),10 (4),312779,Champions Tour 2024 Masters Madrid_csvs
split,SEN,2,2 (2),1 (0),6 (3),10 (8),312779,Champions Tour 2024 Masters Madrid_csvs
Lotus,GEN,4,17 (4),3 (1),31 (21),59 (28),312779,Champions Tour 2024 Masters Madrid_csvs
Lotus,SEN,6,14 (6),6 (3),32 (15),58 (32),312779,Champions Tour 2024 Masters Madrid_csvs
Breeze,T1,0,4 (0),2 (0),5 (3),23 (15),296735,Champions Tour 2024 Pacific Kickoff_csvs
Breeze,BLD,2,2 (2),0 (0),9 (4),23 (10),296735,Champions Tour 2024 Pacific Kickoff_csvs
Lotus,T1,2,2 (2),1 (0),5 (4),11 (7),296735,Champions Tour 2024 Pacific Kickoff_csvs
Lotus,BLD,0,3 (0),1 (0),7 (1),8 (5),296735,Champions Tour 2024 Pacific Kickoff_csvs
All Maps,T1,2,6 (2),3 (0),10 (7),34 (22),296735,Champions Tour 2024 Pacific Kickoff_csvs
All Maps,BLD,2,5 (2),1 (0),16 (5),31 (15),296735,Champions Tour 2024 Pacific Kickoff_csvs
Icebox,GEN,1,4 (1),2 (2),5 (3),13 (7),296745,Champions Tour 2024 Pacific Kickoff_csvs
Icebox,RRQ,1,3 (1),1 (0),5 (4),15 (6),296745,Champions Tour 2024 Pacific Kickoff_csvs
Split,GEN,1,3 (1),1 (0),8 (4),12 (6),296745,Champions Tour 2024 Pacific Kickoff_csvs
Split,RRQ,1,3 (1),1 (0),9 (4),11 (8),296745,Champions Tour 2024 Pacific Kickoff_csvs
jett,GEN,1,3 (1),0 (0),5 (3),13 (9),296745,Champions Tour 2024 Pacific Kickoff_csvs
jett,RRQ,1,3 (1),1 (0),10 (4),7 (3),296745,Champions Tour 2024 Pacific Kickoff_csvs
All Maps,GEN,3,10 (3),3 (2),18 (10),38 (22),296745,Champions Tour 2024 Pacific Kickoff_csvs
All Maps,RRQ,3,9 (3),3 (0),24 (12),33 (17),296745,Champions Tour 2024 Pacific Kickoff_csvs
Bind,ZETA,1,3 (1),1 (0),4 (3),15 (9),296730,Champions Tour 2024 Pacific Kickoff_csvs
Bind,GE,1,4 (1),0 (0),9 (4),10 (5),296730,Champions Tour 2024 Pacific Kickoff_csvs
Icebox,ZETA,2,3 (3),0 (0),4 (2),13 (8),296730,Champions Tour 2024 Pacific Kickoff_csvs
Icebox,GE,0,4 (0),0 (0),6 (3),10 (4),296730,Champions Tour 2024 Pacific Kickoff_csvs
All Maps,ZETA,3,6 (4),1 (0),8 (5),28 (17),296730,Champions Tour 2024 Pacific Kickoff_csvs
All Maps,GE,1,8 (1),0 (0),15 (7),20 (9),296730,Champions Tour 2024 Pacific Kickoff_csvs
Breeze,TS,1,3 (1),2 (0),5 (3),11 (4),296731,Champions Tour 2024 Pacific Kickoff_csvs
Breeze,TLN,1,3 (1),0 (0),4 (2),14 (10),296731,Champions Tour 2024 Pacific Kickoff_csvs
Ascent,TS,0,4 (0),1 (0),6 (1),5 (2),296731,Champions Tour 2024 Pacific Kickoff_csvs
Ascent,TLN,2,2 (2),0 (0),5 (4),9 (7),296731,Champions Tour 2024 Pacific Kickoff_csvs
All Maps,TS,1,7 (1),3 (0),11 (4),16 (6),296731,Champions Tour 2024 Pacific Kickoff_csvs
All Maps,TLN,3,5 (3),0 (0),9 (6),23 (17),296731,Champions Tour 2024 Pacific Kickoff_csvs
Lotus,DRX,2,2 (2),0 (0),7 (3),12 (8),296736,Champions Tour 2024 Pacific Kickoff_csvs
Lotus,DFM,0,4 (0),2 (0),6 (2),9 (6),296736,Champions Tour 2024 Pacific Kickoff_csvs
Breeze,DRX,2,2 (2),1 (1),6 (4),12 (6),296736,Champions Tour 2024 Pacific Kickoff_csvs
Breeze,DFM,0,4 (0),0 (0),7 (4),10 (4),296736,Champions Tour 2024 Pacific Kickoff_csvs
All Maps,DRX,4,4 (4),1 (1),13 (7),24 (14),296736,Champions Tour 2024 Pacific Kickoff_csvs
All Maps,DFM,0,8 (0),2 (0),13 (6),19 (10),296736,Champions Tour 2024 Pacific Kickoff_csvs
Breeze,GEN,1,3 (2),2 (0),6 (4),12 (7),296747,Champions Tour 2024 Pacific Kickoff_csvs
Breeze,PRX,1,4 (1),1 (0),7 (3),11 (6),296747,Champions Tour 2024 Pacific Kickoff_csvs
Lotus,GEN,1,3 (2),2 (1),5 (2),13 (5),296747,Champions Tour 2024 Pacific Kickoff_csvs
Lotus,PRX,1,4 (1),1 (0),5 (2),13 (10),296747,Champions Tour 2024 Pacific Kickoff_csvs
All Maps,GEN,1,3 (1),2 (0),6 (3),9 (3),296747,Champions Tour 2024 Pacific Kickoff_csvs
All Maps,PRX,1,3 (1),0 (0),6 (4),11 (8),296747,Champions Tour 2024 Pacific Kickoff_csvs
Sunset,BLD,0,4 (0),2 (0),1 (1),15 (8),296738,Champions Tour 2024 Pacific Kickoff_csvs
Sunset,GE,2,3 (2),0 (0),4 (2),15 (9),296738,Champions Tour 2024 Pacific Kickoff_csvs
Icebox,BLD,2,3 (2),0 (0),7 (4),13 (7),296738,Champions Tour 2024 Pacific Kickoff_csvs
Icebox,GE,0,4 (0),1 (0),4 (3),14 (7),296738,Champions Tour 2024 Pacific Kickoff_csvs
All Maps,BLD,1,3 (1),3 (1),4 (1),14 (8),296738,Champions Tour 2024 Pacific Kickoff_csvs
All Maps,GE,1,3 (2),1 (0),3 (1),17 (10),296738,Champions Tour 2024 Pacific Kickoff_csvs
Ascent,T1,0,3 (0),1 (0),8 (3),12 (8),296737,Champions Tour 2024 Pacific Kickoff_csvs
Ascent,ZETA,2,2 (2),2 (0),6 (3),14 (8),296737,Champions Tour 2024 Pacific Kickoff_csvs
Lotus,T1,1,3 (2),0 (0),2 (2),12 (9),296737,Champions Tour 2024 Pacific Kickoff_csvs
Lotus,ZETA,1,3 (1),2 (0),7 (2),5 (1),296737,Champions Tour 2024 Pacific Kickoff_csvs
All Maps,T1,1,3 (1),0 (0),4 (2),13 (10),296737,Champions Tour 2024 Pacific Kickoff_csvs
All Maps,ZETA,1,3 (1),1 (0),7 (3),9 (3),296737,Champions Tour 2024 Pacific Kickoff_csvs
Lotus,DFM,0,3 (0),3 (0),3 (2),11 (5),296733,Champions Tour 2024 Pacific Kickoff_csvs
Lotus,TS,2,2 (2),1 (0),5 (4),12 (7),296733,Champions Tour 2024 Pacific Kickoff_csvs
Breeze,DFM,2,2 (2),0 (0),11 (4),11 (5),296733,Champions Tour 2024 Pacific Kickoff_csvs
Breeze,TS,0,4 (0),1 (0),5 (5),14 (8),296733,Champions Tour 2024 Pacific Kickoff_csvs
All Maps,DFM,2,5 (2),3 (0),14 (6),22 (10),296733,Champions Tour 2024 Pacific Kickoff_csvs
All Maps,TS,2,6 (2),2 (0),10 (9),26 (15),296733,Champions Tour 2024 Pacific Kickoff_csvs
Split,DRX,1,3 (1),0 (0),5 (4),15 (8),296732,Champions Tour 2024 Pacific Kickoff_csvs
Split,TLN,1,3 (1),2 (1),6 (4),12 (4),296732,Champions Tour 2024 Pacific Kickoff_csvs
Ascent,DRX,1,3 (1),0 (0),5 (2),13 (10),296732,Champions Tour 2024 Pacific Kickoff_csvs
Ascent,TLN,1,4 (1),0 (0),3 (1),14 (6),296732,Champions Tour 2024 Pacific Kickoff_csvs
All Maps,DRX,2,6 (2),0 (0),10 (6),28 (18),296732,Champions Tour 2024 Pacific Kickoff_csvs
All Maps,TLN,2,7 (2),2 (1),9 (5),26 (10),296732,Champions Tour 2024 Pacific Kickoff_csvs
Lotus,GEN,2,2 (2),0 (0),8 (5),10 (6),296749,Champions Tour 2024 Pacific Kickoff_csvs
Lotus,RRQ,0,4 (0),1 (0),3 (0),12 (7),296749,Champions Tour 2024 Pacific Kickoff_csvs
Breeze,GEN,0,4 (0),1 (0),7 (4),11 (6),296749,Champions Tour 2024 Pacific Kickoff_csvs
Breeze,RRQ,2,2 (2),1 (0),9 (5),11 (6),296749,Champions Tour 2024 Pacific Kickoff_csvs
All Maps,GEN,2,3 (2),1 (0),6 (4),14 (7),296749,Champions Tour 2024 Pacific Kickoff_csvs
All Maps,RRQ,0,4 (1),1 (1),7 (3),12 (6),296749,Champions Tour 2024 Pacific Kickoff_csvs
Breeze,TLN,1,5 (2),1 (1),6 (1),9 (4),296734,Champions Tour 2024 Pacific Kickoff_csvs
Breeze,TS,1,3 (1),1 (1),4 (3),13 (8),296734,Champions Tour 2024 Pacific Kickoff_csvs
Ascent,TLN,1,3 (1),2 (0),5 (1),10 (5),296734,Champions Tour 2024 Pacific Kickoff_csvs
Ascent,TS,1,3 (1),1 (0),4 (3),12 (9),296734,Champions Tour 2024 Pacific Kickoff_csvs
All Maps,TLN,2,8 (3),3 (1),11 (2),19 (9),296734,Champions Tour 2024 Pacific Kickoff_csvs
All Maps,TS,2,6 (2),2 (1),8 (6),25 (17),296734,Champions Tour 2024 Pacific Kickoff_csvs
Bind,ZETA,1,3 (1),1 (1),3 (3),14 (8),296739,Champions Tour 2024 Pacific Kickoff_csvs
Bind,GE,1,3 (1),1 (0),10 (5),7 (2),296739,Champions Tour 2024 Pacific Kickoff_csvs
Lotus,ZETA,2,2 (2),0 (0),3 (3),11 (8),296739,Champions Tour 2024 Pacific Kickoff_csvs
Lotus,GE,0,3 (0),2 (0),3 (0),8 (3),296739,Champions Tour 2024 Pacific Kickoff_csvs
All Maps,ZETA,3,5 (3),1 (1),6 (6),25 (16),296739,Champions Tour 2024 Pacific Kickoff_csvs
All Maps,GE,1,6 (1),3 (0),13 (5),15 (5),296739,Champions Tour 2024 Pacific Kickoff_csvs
Breeze,TS,1,3 (2),0 (0),2 (2),13 (9),297254,Champions Tour 2024 Pacific Kickoff_csvs
Breeze,GEN,1,4 (1),3 (1),6 (2),5 (1),297254,Champions Tour 2024 Pacific Kickoff_csvs
Lotus,TS,1,3 (1),1 (0),5 (3),13 (5),297254,Champions Tour 2024 Pacific Kickoff_csvs
Lotus,GEN,1,3 (1),2 (1),5 (5),12 (6),297254,Champions Tour 2024 Pacific Kickoff_csvs
All Maps,TS,1,3 (1),2 (1),6 (3),17 (8),297254,Champions Tour 2024 Pacific Kickoff_csvs
All Maps,GEN,1,2 (1),2 (1),9 (2),15 (11),297254,Champions Tour 2024 Pacific Kickoff_csvs
Icebox,ZETA,0,3 (0),2 (0),4 (0),5 (1),297253,Champions Tour 2024 Pacific Kickoff_csvs
Icebox,TS,2,2 (2),0 (0),3 (3),9 (8),297253,Champions Tour 2024 Pacific Kickoff_csvs
Ascent,ZETA,1,3 (1),2 (0),4 (1),12 (6),297253,Champions Tour 2024 Pacific Kickoff_csvs
Ascent,TS,1,3 (1),1 (0),5 (3),12 (9),297253,Champions Tour 2024 Pacific Kickoff_csvs
All Maps,ZETA,1,6 (1),4 (0),8 (1),17 (7),297253,Champions Tour 2024 Pacific Kickoff_csvs
All Maps,TS,3,5 (3),1 (0),8 (6),21 (17),297253,Champions Tour 2024 Pacific Kickoff_csvs
Icebox,GEN,1,3 (1),0 (0),1 (1),15 (11),297255,Champions Tour 2024 Pacific Kickoff_csvs
Icebox,ZETA,1,3 (1),1 (0),7 (2),8 (3),297255,Champions Tour 2024 Pacific Kickoff_csvs
Ascent,GEN,1,3 (1),1 (1),2 (2),11 (9),297255,Champions Tour 2024 Pacific Kickoff_csvs
Ascent,ZETA,1,3 (1),0 (0),7 (2),7 (1),297255,Champions Tour 2024 Pacific Kickoff_csvs
All Maps,GEN,2,6 (2),1 (1),3 (3),26 (20),297255,Champions Tour 2024 Pacific Kickoff_csvs
All Maps,ZETA,2,6 (2),1 (0),14 (4),15 (4),297255,Champions Tour 2024 Pacific Kickoff_csvs
Split,T1,1,3 (1),1 (0),4 (3),22 (10),297256,Champions Tour 2024 Pacific Kickoff_csvs
Split,PRX,1,3 (1),1 (0),6 (3),20 (12),297256,Champions Tour 2024 Pacific Kickoff_csvs
Ascent,T1,2,4 (2),1 (0),7 (2),7 (2),297256,Champions Tour 2024 Pacific Kickoff_csvs
Ascent,PRX,0,3 (1),0 (0),4 (4),12 (8),297256,Champions Tour 2024 Pacific Kickoff_csvs
All Maps,T1,3,7 (3),2 (0),11 (5),29 (12),297256,Champions Tour 2024 Pacific Kickoff_csvs
All Maps,PRX,1,6 (2),1 (0),10 (7),32 (20),297256,Champions Tour 2024 Pacific Kickoff_csvs
Bind,DRX,2,4 (3),2 (0),5 (2),15 (7),297257,Champions Tour 2024 Pacific Kickoff_csvs
Bind,GEN,0,4 (1),3 (2),3 (2),16 (9),297257,Champions Tour 2024 Pacific Kickoff_csvs
Lotus,DRX,1,4 (1),1 (0),4 (2),12 (5),297257,Champions Tour 2024 Pacific Kickoff_csvs
Lotus,GEN,1,3 (1),0 (0),6 (4),12 (8),297257,Champions Tour 2024 Pacific Kickoff_csvs
All Maps,DRX,3,8 (4),3 (0),9 (4),27 (12),297257,Champions Tour 2024 Pacific Kickoff_csvs
All Maps,GEN,1,7 (2),3 (2),9 (6),28 (17),297257,Champions Tour 2024 Pacific Kickoff_csvs
Ascent,PRX,1,3 (1),2 (0),6 (2),7 (2),297258,Champions Tour 2024 Pacific Kickoff_csvs
Ascent,GEN,1,3 (1),0 (0),4 (4),11 (8),297258,Champions Tour 2024 Pacific Kickoff_csvs
Split,PRX,2,2 (2),1 (0),5 (4),9 (7),297258,Champions Tour 2024 Pacific Kickoff_csvs
Split,GEN,0,4 (0),3 (1),2 (1),8 (2),297258,Champions Tour 2024 Pacific Kickoff_csvs
Lotus,PRX,0,3 (0),3 (0),4 (2),14 (9),297258,Champions Tour 2024 Pacific Kickoff_csvs
Lotus,GEN,2,2 (2),1 (0),7 (4),14 (7),297258,Champions Tour 2024 Pacific Kickoff_csvs
Bind,PRX,0,4 (0),1 (0),4 (1),8 (3),297258,Champions Tour 2024 Pacific Kickoff_csvs
Bind,GEN,2,2 (2),0 (0),4 (4),11 (7),297258,Champions Tour 2024 Pacific Kickoff_csvs
All Maps,PRX,3,12 (3),7 (0),19 (9),38 (21),297258,Champions Tour 2024 Pacific Kickoff_csvs
All Maps,GEN,5,11 (5),4 (1),17 (13),44 (24),297258,Champions Tour 2024 Pacific Kickoff_csvs
Sunset,GE,0,4 (0),0 (0),6 (0),4 (1),314301,Champions Tour 2024 Pacific Stage 1_csvs
Sunset,ZETA,2,2 (2),0 (0),4 (4),8 (7),314301,Champions Tour 2024 Pacific Stage 1_csvs
Icebox,GE,2,2 (2),2 (0),5 (2),14 (9),314301,Champions Tour 2024 Pacific Stage 1_csvs
Icebox,ZETA,0,4 (1),2 (0),3 (2),14 (7),314301,Champions Tour 2024 Pacific Stage 1_csvs
All Maps,GE,0,4 (0),0 (0),5 (3),12 (5),314301,Champions Tour 2024 Pacific Stage 1_csvs
All Maps,ZETA,2,2 (2),2 (0),5 (4),12 (7),314301,Champions Tour 2024 Pacific Stage 1_csvs
Sunset,TS,0,4 (0),1 (0),2 (1),14 (7),314302,Champions Tour 2024 Pacific Stage 1_csvs
Sunset,DRX,2,2 (2),2 (1),5 (3),12 (7),314302,Champions Tour 2024 Pacific Stage 1_csvs
Lotus,TS,0,4 (0),2 (1),2 (1),13 (6),314302,Champions Tour 2024 Pacific Stage 1_csvs
Lotus,DRX,2,2 (2),1 (0),9 (6),9 (5),314302,Champions Tour 2024 Pacific Stage 1_csvs
All Maps,TS,0,8 (0),3 (1),4 (2),27 (13),314302,Champions Tour 2024 Pacific Stage 1_csvs
All Maps,DRX,4,4 (4),3 (1),14 (9),21 (12),314302,Champions Tour 2024 Pacific Stage 1_csvs
Lotus,BLD,2,2 (2),0 (0),5 (4),15 (7),314303,Champions Tour 2024 Pacific Stage 1_csvs
Lotus,TLN,0,5 (0),1 (0),2 (0),14 (9),314303,Champions Tour 2024 Pacific Stage 1_csvs
Bind,BLD,1,3 (1),2 (0),6 (3),9 (3),314303,Champions Tour 2024 Pacific Stage 1_csvs
Bind,TLN,1,3 (1),0 (0),3 (3),14 (9),314303,Champions Tour 2024 Pacific Stage 1_csvs
All Maps,BLD,1,3 (2),1 (0),6 (3),9 (1),314303,Champions Tour 2024 Pacific Stage 1_csvs
All Maps,TLN,1,4 (1),0 (0),3 (1),12 (11),314303,Champions Tour 2024 Pacific Stage 1_csvs
Lotus,T1,1,3 (1),0 (0),8 (3),12 (6),314304,Champions Tour 2024 Pacific Stage 1_csvs
Lotus,PRX,1,3 (1),0 (0),8 (4),12 (8),314304,Champions Tour 2024 Pacific Stage 1_csvs
Bind,T1,0,4 (0),0 (0),5 (3),17 (9),314304,Champions Tour 2024 Pacific Stage 1_csvs
Bind,PRX,2,2 (2),0 (0),8 (4),16 (8),314304,Champions Tour 2024 Pacific Stage 1_csvs
All Maps,T1,1,7 (1),0 (0),13 (6),29 (15),314304,Champions Tour 2024 Pacific Stage 1_csvs
All Maps,PRX,3,5 (3),0 (0),16 (8),28 (16),314304,Champions Tour 2024 Pacific Stage 1_csvs
Breeze,TS,1,3 (1),2 (0),8 (5),10 (4),314305,Champions Tour 2024 Pacific Stage 1_csvs
Breeze,RRQ,1,3 (1),0 (0),9 (5),11 (7),314305,Champions Tour 2024 Pacific Stage 1_csvs
Split,TS,1,3 (1),0 (0),4 (4),12 (8),314305,Champions Tour 2024 Pacific Stage 1_csvs
Split,RRQ,1,3 (1),0 (0),11 (2),5 (3),314305,Champions Tour 2024 Pacific Stage 1_csvs
All Maps,TS,1,3 (1),1 (0),4 (2),18 (9),314305,Champions Tour 2024 Pacific Stage 1_csvs
All Maps,RRQ,1,3 (1),0 (0),8 (4),15 (9),314305,Champions Tour 2024 Pacific Stage 1_csvs
Ascent,GE,2,2 (2),1 (0),9 (2),9 (4),314306,Champions Tour 2024 Pacific Stage 1_csvs
Ascent,DRX,0,4 (0),0 (0),1 (0),16 (13),314306,Champions Tour 2024 Pacific Stage 1_csvs
Lotus,GE,0,4 (0),0 (0),8 (4),7 (2),314306,Champions Tour 2024 Pacific Stage 1_csvs
Lotus,DRX,2,2 (2),2 (1),4 (3),11 (7),314306,Champions Tour 2024 Pacific Stage 1_csvs
All Maps,GE,2,6 (2),1 (0),17 (6),16 (6),314306,Champions Tour 2024 Pacific Stage 1_csvs
All Maps,DRX,2,6 (2),2 (1),5 (3),27 (20),314306,Champions Tour 2024 Pacific Stage 1_csvs
Lotus,GEN,1,2 (1),1 (0),7 (5),12 (7),314307,Champions Tour 2024 Pacific Stage 1_csvs
Lotus,TLN,1,4 (1),1 (0),4 (2),13 (6),314307,Champions Tour 2024 Pacific Stage 1_csvs
Ascent,GEN,0,4 (1),0 (0),4 (2),13 (10),314307,Champions Tour 2024 Pacific Stage 1_csvs
Ascent,TLN,2,3 (2),2 (0),6 (1),10 (5),314307,Champions Tour 2024 Pacific Stage 1_csvs
All Maps,GEN,1,6 (2),1 (0),11 (7),25 (17),314307,Champions Tour 2024 Pacific Stage 1_csvs
All Maps,TLN,3,7 (3),3 (0),10 (3),23 (11),314307,Champions Tour 2024 Pacific Stage 1_csvs
Ascent,T1,1,3 (1),0 (0),6 (3),14 (6),314308,Champions Tour 2024 Pacific Stage 1_csvs
Ascent,DFM,1,3 (1),0 (0),7 (1),13 (11),314308,Champions Tour 2024 Pacific Stage 1_csvs
Lotus,T1,1,3 (2),2 (2),2 (1),11 (8),314308,Champions Tour 2024 Pacific Stage 1_csvs
Lotus,DFM,1,2 (1),4 (0),7 (2),5 (2),314308,Champions Tour 2024 Pacific Stage 1_csvs
All Maps,T1,1,3 (1),0 (0),10 (6),11 (4),314308,Champions Tour 2024 Pacific Stage 1_csvs
All Maps,DFM,1,3 (1),0 (0),10 (6),11 (6),314308,Champions Tour 2024 Pacific Stage 1_csvs
Lotus,GEN,1,3 (1),1 (1),8 (3),12 (8),314309,Champions Tour 2024 Pacific Stage 1_csvs
Lotus,PRX,1,3 (1),1 (0),5 (1),15 (9),314309,Champions Tour 2024 Pacific Stage 1_csvs
Icebox,GEN,1,4 (2),2 (0),7 (3),11 (6),314309,Champions Tour 2024 Pacific Stage 1_csvs
Icebox,PRX,1,2 (1),3 (1),4 (2),15 (9),314309,Champions Tour 2024 Pacific Stage 1_csvs
All Maps,GEN,1,3 (1),1 (0),12 (5),3 (0),314309,Champions Tour 2024 Pacific Stage 1_csvs
All Maps,PRX,1,3 (1),0 (0),3 (2),13 (10),314309,Champions Tour 2024 Pacific Stage 1_csvs
Breeze,T1,1,3 (1),1 (0),4 (2),14 (10),314310,Champions Tour 2024 Pacific Stage 1_csvs
Breeze,DRX,1,4 (1),1 (0),4 (1),13 (7),314310,Champions Tour 2024 Pacific Stage 1_csvs
Split,T1,1,3 (1),0 (0),10 (4),5 (0),314310,Champions Tour 2024 Pacific Stage 1_csvs
Split,DRX,1,3 (1),0 (0),5 (4),10 (8),314310,Champions Tour 2024 Pacific Stage 1_csvs
All Maps,T1,1,3 (1),1 (0),9 (4),6 (1),314310,Champions Tour 2024 Pacific Stage 1_csvs
All Maps,DRX,1,3 (1),0 (0),2 (2),14 (10),314310,Champions Tour 2024 Pacific Stage 1_csvs
Icebox,TS,0,4 (0),0 (0),4 (3),13 (10),314311,Champions Tour 2024 Pacific Stage 1_csvs
Icebox,ZETA,2,2 (2),0 (0),11 (3),8 (3),314311,Champions Tour 2024 Pacific Stage 1_csvs
Lotus,TS,1,3 (1),3 (0),5 (1),8 (4),314311,Champions Tour 2024 Pacific Stage 1_csvs
Lotus,ZETA,1,3 (1),1 (1),2 (2),13 (9),314311,Champions Tour 2024 Pacific Stage 1_csvs
All Maps,TS,1,3 (1),2 (0),3 (2),12 (10),314311,Champions Tour 2024 Pacific Stage 1_csvs
All Maps,ZETA,1,3 (2),1 (0),9 (3),7 (2),314311,Champions Tour 2024 Pacific Stage 1_csvs
Lotus,BLD,0,3 (0),3 (0),4 (1),5 (1),314312,Champions Tour 2024 Pacific Stage 1_csvs
Lotus,RRQ,2,2 (2),0 (0),3 (3),10 (8),314312,Champions Tour 2024 Pacific Stage 1_csvs
Icebox,BLD,1,3 (1),1 (0),7 (2),7 (2),314312,Champions Tour 2024 Pacific Stage 1_csvs
Icebox,RRQ,1,3 (1),0 (0),4 (4),11 (8),314312,Champions Tour 2024 Pacific Stage 1_csvs
All Maps,BLD,1,6 (1),4 (0),11 (3),12 (3),314312,Champions Tour 2024 Pacific Stage 1_csvs
All Maps,RRQ,3,5 (3),0 (0),7 (7),21 (16),314312,Champions Tour 2024 Pacific Stage 1_csvs
Split,GEN,1,3 (1),1 (1),1 (1),16 (10),314313,Champions Tour 2024 Pacific Stage 1_csvs
Split,DFM,1,3 (1),0 (0),6 (2),12 (5),314313,Champions Tour 2024 Pacific Stage 1_csvs
Lotus,GEN,2,2 (2),1 (0),8 (5),9 (6),314313,Champions Tour 2024 Pacific Stage 1_csvs
Lotus,DFM,0,4 (0),0 (0),5 (3),11 (4),314313,Champions Tour 2024 Pacific Stage 1_csvs
All Maps,GEN,3,5 (3),2 (1),9 (6),25 (16),314313,Champions Tour 2024 Pacific Stage 1_csvs
All Maps,DFM,1,7 (1),0 (0),11 (5),23 (9),314313,Champions Tour 2024 Pacific Stage 1_csvs
Icebox,GE,2,2 (2),0 (0),5 (5),10 (6),314314,Champions Tour 2024 Pacific Stage 1_csvs
Icebox,TLN,0,3 (0),4 (0),1 (1),9 (3),314314,Champions Tour 2024 Pacific Stage 1_csvs
Breeze,GE,0,3 (0),1 (1),8 (6),14 (5),314314,Champions Tour 2024 Pacific Stage 1_csvs
Breeze,TLN,2,3 (2),2 (2),5 (1),16 (9),314314,Champions Tour 2024 Pacific Stage 1_csvs
All Maps,GE,0,4 (0),0 (0),4 (2),11 (4),314314,Champions Tour 2024 Pacific Stage 1_csvs
All Maps,TLN,2,2 (2),0 (0),6 (3),11 (8),314314,Champions Tour 2024 Pacific Stage 1_csvs
Ascent,T1,1,3 (1),1 (1),3 (3),12 (8),314315,Champions Tour 2024 Pacific Stage 1_csvs
Ascent,RRQ,1,3 (1),0 (0),11 (4),5 (1),314315,Champions Tour 2024 Pacific Stage 1_csvs
Lotus,T1,2,2 (2),2 (1),6 (4),11 (6),314315,Champions Tour 2024 Pacific Stage 1_csvs
Lotus,RRQ,0,4 (0),0 (0),10 (4),7 (4),314315,Champions Tour 2024 Pacific Stage 1_csvs
All Maps,T1,3,5 (3),3 (2),9 (7),23 (14),314315,Champions Tour 2024 Pacific Stage 1_csvs
All Maps,RRQ,1,7 (1),0 (0),21 (8),12 (5),314315,Champions Tour 2024 Pacific Stage 1_csvs
Sunset,BLD,1,3 (1),1 (0),7 (2),11 (6),314316,Champions Tour 2024 Pacific Stage 1_csvs
Sunset,ZETA,1,3 (1),3 (0),3 (1),13 (11),314316,Champions Tour 2024 Pacific Stage 1_csvs
Ascent,BLD,2,2 (2),1 (0),5 (3),14 (8),314316,Champions Tour 2024 Pacific Stage 1_csvs
Ascent,ZETA,0,4 (0),1 (0),5 (3),12 (6),314316,Champions Tour 2024 Pacific Stage 1_csvs
All Maps,BLD,0,4 (0),0 (0),4 (1),13 (7),314316,Champions Tour 2024 Pacific Stage 1_csvs
All Maps,ZETA,2,2 (2),1 (0),5 (3),13 (8),314316,Champions Tour 2024 Pacific Stage 1_csvs
Bind,GEN,1,3 (1),1 (0),8 (4),11 (5),314317,Champions Tour 2024 Pacific Stage 1_csvs
Bind,DRX,1,3 (1),1 (1),3 (2),16 (9),314317,Champions Tour 2024 Pacific Stage 1_csvs
Ascent,GEN,2,2 (2),0 (0),7 (4),13 (7),314317,Champions Tour 2024 Pacific Stage 1_csvs
Ascent,DRX,0,4 (0),2 (0),1 (1),15 (8),314317,Champions Tour 2024 Pacific Stage 1_csvs
All Maps,GEN,1,3 (1),2 (0),4 (3),11 (3),314317,Champions Tour 2024 Pacific Stage 1_csvs
All Maps,DRX,1,3 (1),0 (0),2 (2),15 (10),314317,Champions Tour 2024 Pacific Stage 1_csvs
Lotus,BLD,1,3 (1),1 (0),5 (1),13 (7),314318,Champions Tour 2024 Pacific Stage 1_csvs
Lotus,DFM,1,3 (1),0 (0),7 (4),12 (8),314318,Champions Tour 2024 Pacific Stage 1_csvs
Split,BLD,1,3 (1),0 (0),3 (2),14 (10),314318,Champions Tour 2024 Pacific Stage 1_csvs
Split,DFM,1,3 (1),0 (0),7 (3),10 (3),314318,Champions Tour 2024 Pacific Stage 1_csvs
All Maps,BLD,1,3 (2),0 (0),2 (2),12 (9),314318,Champions Tour 2024 Pacific Stage 1_csvs
All Maps,DFM,1,3 (1),2 (0),4 (2),8 (1),314318,Champions Tour 2024 Pacific Stage 1_csvs
Lotus,GE,2,2 (2),1 (0),5 (3),15 (8),314319,Champions Tour 2024 Pacific Stage 1_csvs
Lotus,RRQ,0,4 (0),2 (0),4 (2),13 (8),314319,Champions Tour 2024 Pacific Stage 1_csvs
Icebox,GE,2,2 (2),1 (1),3 (2),11 (8),314319,Champions Tour 2024 Pacific Stage 1_csvs
Icebox,RRQ,0,4 (1),1 (0),6 (1),6 (2),314319,Champions Tour 2024 Pacific Stage 1_csvs
All Maps,GE,4,4 (4),2 (1),8 (5),26 (16),314319,Champions Tour 2024 Pacific Stage 1_csvs
All Maps,RRQ,0,8 (1),3 (0),10 (3),19 (10),314319,Champions Tour 2024 Pacific Stage 1_csvs
Icebox,TS,0,4 (0),1 (1),1 (1),16 (11),314320,Champions Tour 2024 Pacific Stage 1_csvs
Icebox,PRX,2,2 (2),2 (0),10 (5),8 (2),314320,Champions Tour 2024 Pacific Stage 1_csvs
Sunset,TS,2,2 (2),0 (0),7 (6),12 (5),314320,Champions Tour 2024 Pacific Stage 1_csvs
Sunset,PRX,0,4 (0),0 (0),6 (4),11 (4),314320,Champions Tour 2024 Pacific Stage 1_csvs
All Maps,TS,2,6 (2),1 (1),8 (7),28 (16),314320,Champions Tour 2024 Pacific Stage 1_csvs
All Maps,PRX,2,6 (2),2 (0),16 (9),19 (6),314320,Champions Tour 2024 Pacific Stage 1_csvs
Lotus,T1,1,3 (1),1 (0),5 (2),15 (8),314321,Champions Tour 2024 Pacific Stage 1_csvs
Lotus,TLN,1,3 (1),1 (0),6 (4),14 (8),314321,Champions Tour 2024 Pacific Stage 1_csvs
Bind,T1,1,3 (1),1 (0),7 (4),12 (5),314321,Champions Tour 2024 Pacific Stage 1_csvs
Bind,TLN,1,3 (1),1 (1),2 (1),17 (10),314321,Champions Tour 2024 Pacific Stage 1_csvs
All Maps,T1,2,6 (2),2 (0),12 (6),27 (13),314321,Champions Tour 2024 Pacific Stage 1_csvs
All Maps,TLN,2,6 (2),2 (1),8 (5),31 (18),314321,Champions Tour 2024 Pacific Stage 1_csvs
Split,GEN,2,2 (2),1 (0),3 (2),15 (9),314322,Champions Tour 2024 Pacific Stage 1_csvs
Split,ZETA,0,4 (1),1 (0),3 (2),13 (5),314322,Champions Tour 2024 Pacific Stage 1_csvs
Ascent,GEN,1,3 (1),1 (0),3 (2),19 (11),314322,Champions Tour 2024 Pacific Stage 1_csvs
Ascent,ZETA,1,3 (1),0 (0),5 (1),18 (10),314322,Champions Tour 2024 Pacific Stage 1_csvs
All Maps,GEN,3,5 (3),2 (0),6 (4),34 (20),314322,Champions Tour 2024 Pacific Stage 1_csvs
All Maps,ZETA,1,7 (2),1 (0),8 (3),31 (15),314322,Champions Tour 2024 Pacific Stage 1_csvs
Lotus,TS,2,3 (2),0 (0),3 (2),11 (9),314323,Champions Tour 2024 Pacific Stage 1_csvs
Lotus,DFM,0,3 (0),2 (0),5 (3),7 (1),314323,Champions Tour 2024 Pacific Stage 1_csvs
Breeze,TS,1,3 (1),1 (0),7 (2),11 (6),314323,Champions Tour 2024 Pacific Stage 1_csvs
Breeze,DFM,1,3 (1),1 (0),6 (3),12 (9),314323,Champions Tour 2024 Pacific Stage 1_csvs
All Maps,TS,1,3 (1),0 (0),2 (2),10 (10),314323,Champions Tour 2024 Pacific Stage 1_csvs
All Maps,DFM,1,3 (1),1 (0),7 (1),4 (0),314323,Champions Tour 2024 Pacific Stage 1_csvs
Sunset,GE,1,4 (1),0 (0),9 (2),4 (1),314324,Champions Tour 2024 Pacific Stage 1_csvs
Sunset,PRX,1,3 (1),0 (0),3 (3),11 (9),314324,Champions Tour 2024 Pacific Stage 1_csvs
Icebox,GE,1,3 (1),1 (1),7 (3),9 (2),314324,Champions Tour 2024 Pacific Stage 1_csvs
Icebox,PRX,1,3 (1),1 (1),3 (2),13 (9),314324,Champions Tour 2024 Pacific Stage 1_csvs
All Maps,GE,2,7 (2),1 (1),16 (5),13 (3),314324,Champions Tour 2024 Pacific Stage 1_csvs
All Maps,PRX,2,6 (2),1 (1),6 (5),24 (18),314324,Champions Tour 2024 Pacific Stage 1_csvs
Ascent,BLD,0,4 (0),1 (1),7 (3),6 (1),314325,Champions Tour 2024 Pacific Stage 1_csvs
Ascent,PRX,2,2 (2),1 (0),4 (3),11 (8),314325,Champions Tour 2024 Pacific Stage 1_csvs
Bind,BLD,0,4 (0),2 (1),2 (0),11 (5),314325,Champions Tour 2024 Pacific Stage 1_csvs
Bind,PRX,2,2 (2),0 (0),6 (4),11 (7),314325,Champions Tour 2024 Pacific Stage 1_csvs
All Maps,BLD,0,8 (0),3 (2),9 (3),17 (6),314325,Champions Tour 2024 Pacific Stage 1_csvs
All Maps,PRX,4,4 (4),1 (0),10 (7),22 (15),314325,Champions Tour 2024 Pacific Stage 1_csvs
Split,GE,1,3 (1),1 (0),8 (5),11 (4),314326,Champions Tour 2024 Pacific Stage 1_csvs
Split,DFM,1,3 (1),1 (0),3 (1),16 (11),314326,Champions Tour 2024 Pacific Stage 1_csvs
Lotus,GE,1,3 (1),2 (1),3 (1),10 (10),314326,Champions Tour 2024 Pacific Stage 1_csvs
Lotus,DFM,1,3 (2),0 (0),9 (1),6 (2),314326,Champions Tour 2024 Pacific Stage 1_csvs
All Maps,GE,2,2 (2),1 (0),8 (6),13 (5),314326,Champions Tour 2024 Pacific Stage 1_csvs
All Maps,DFM,0,4 (0),1 (0),6 (4),13 (7),314326,Champions Tour 2024 Pacific Stage 1_csvs
Bind,T1,1,3 (1),1 (1),4 (2),16 (7),314327,Champions Tour 2024 Pacific Stage 1_csvs
Bind,ZETA,1,3 (1),1 (0),4 (2),16 (10),314327,Champions Tour 2024 Pacific Stage 1_csvs
Lotus,T1,1,3 (1),1 (0),4 (2),14 (10),314327,Champions Tour 2024 Pacific Stage 1_csvs
Lotus,ZETA,1,3 (1),1 (0),6 (2),12 (6),314327,Champions Tour 2024 Pacific Stage 1_csvs
All Maps,T1,2,2 (2),1 (1),9 (4),11 (6),314327,Champions Tour 2024 Pacific Stage 1_csvs
All Maps,ZETA,0,4 (0),1 (0),4 (3),14 (7),314327,Champions Tour 2024 Pacific Stage 1_csvs
Sunset,TS,1,3 (1),1 (0),7 (3),13 (9),314328,Champions Tour 2024 Pacific Stage 1_csvs
Sunset,TLN,1,3 (1),0 (0),6 (2),15 (8),314328,Champions Tour 2024 Pacific Stage 1_csvs
Lotus,TS,2,2 (2),2 (0),7 (3),13 (6),314328,Champions Tour 2024 Pacific Stage 1_csvs
Lotus,TLN,0,5 (0),0 (0),3 (0),16 (13),314328,Champions Tour 2024 Pacific Stage 1_csvs
All Maps,TS,0,4 (1),0 (0),5 (2),14 (7),314328,Champions Tour 2024 Pacific Stage 1_csvs
All Maps,TLN,2,3 (2),2 (1),7 (5),11 (5),314328,Champions Tour 2024 Pacific Stage 1_csvs
Bind,BLD,0,4 (0),1 (1),2 (0),15 (8),314329,Champions Tour 2024 Pacific Stage 1_csvs
Bind,DRX,2,2 (2),3 (1),6 (5),11 (5),314329,Champions Tour 2024 Pacific Stage 1_csvs
Breeze,BLD,2,2 (2),3 (0),8 (2),4 (0),314329,Champions Tour 2024 Pacific Stage 1_csvs
Breeze,DRX,0,4 (1),0 (0),0 (0),13 (12),314329,Champions Tour 2024 Pacific Stage 1_csvs
All Maps,BLD,2,6 (2),4 (1),10 (2),19 (8),314329,Champions Tour 2024 Pacific Stage 1_csvs
All Maps,DRX,2,6 (3),3 (1),6 (5),24 (17),314329,Champions Tour 2024 Pacific Stage 1_csvs
Breeze,GEN,1,3 (1),0 (0),4 (4),9 (8),314330,Champions Tour 2024 Pacific Stage 1_csvs
Breeze,RRQ,1,3 (1),1 (0),12 (2),0 (0),314330,Champions Tour 2024 Pacific Stage 1_csvs
Ascent,GEN,1,3 (2),2 (0),5 (1),14 (8),314330,Champions Tour 2024 Pacific Stage 1_csvs
Ascent,RRQ,1,3 (1),1 (0),9 (5),11 (7),314330,Champions Tour 2024 Pacific Stage 1_csvs
All Maps,GEN,0,4 (0),2 (1),4 (3),13 (6),314330,Champions Tour 2024 Pacific Stage 1_csvs
All Maps,RRQ,2,2 (2),1 (1),9 (6),11 (4),314330,Champions Tour 2024 Pacific Stage 1_csvs
Lotus,TS,1,3 (2),2 (0),4 (1),11 (4),329907,Champions Tour 2024 Pacific Stage 1_csvs
Lotus,T1,1,4 (1),0 (0),3 (2),13 (10),329907,Champions Tour 2024 Pacific Stage 1_csvs
Sunset,TS,1,4 (1),0 (0),8 (3),12 (7),329907,Champions Tour 2024 Pacific Stage 1_csvs
Sunset,T1,1,3 (1),1 (1),5 (1),15 (10),329907,Champions Tour 2024 Pacific Stage 1_csvs
All Maps,TS,2,7 (3),2 (0),12 (4),23 (11),329907,Champions Tour 2024 Pacific Stage 1_csvs
All Maps,T1,2,7 (2),1 (1),8 (3),28 (20),329907,Champions Tour 2024 Pacific Stage 1_csvs
Lotus,PRX,2,2 (2),0 (0),2 (2),9 (9),329908,Champions Tour 2024 Pacific Stage 1_csvs
Lotus,TLN,0,3 (0),3 (0),4 (0),3 (0),329908,Champions Tour 2024 Pacific Stage 1_csvs
Bind,PRX,1,3 (1),0 (0),6 (4),13 (8),329908,Champions Tour 2024 Pacific Stage 1_csvs
Bind,TLN,1,3 (1),1 (0),6 (3),12 (5),329908,Champions Tour 2024 Pacific Stage 1_csvs
All Maps,PRX,1,3 (1),1 (0),7 (1),9 (5),329908,Champions Tour 2024 Pacific Stage 1_csvs
All Maps,TLN,1,3 (1),2 (1),1 (1),14 (10),329908,Champions Tour 2024 Pacific Stage 1_csvs
Ascent,GEN,1,3 (1),1 (0),9 (5),9 (3),329909,Champions Tour 2024 Pacific Stage 1_csvs
Ascent,T1,1,3 (1),1 (0),3 (2),15 (10),329909,Champions Tour 2024 Pacific Stage 1_csvs
Sunset,GEN,1,3 (1),1 (0),4 (2),13 (10),329909,Champions Tour 2024 Pacific Stage 1_csvs
Sunset,T1,1,3 (1),2 (0),5 (2),11 (5),329909,Champions Tour 2024 Pacific Stage 1_csvs
All Maps,GEN,1,3 (1),0 (0),8 (4),9 (2),329909,Champions Tour 2024 Pacific Stage 1_csvs
All Maps,T1,1,3 (2),1 (1),4 (2),12 (8),329909,Champions Tour 2024 Pacific Stage 1_csvs
Lotus,DRX,1,3 (1),2 (1),5 (1),9 (3),329910,Champions Tour 2024 Pacific Stage 1_csvs
Lotus,PRX,1,3 (1),0 (0),6 (4),10 (8),329910,Champions Tour 2024 Pacific Stage 1_csvs
Ascent,DRX,2,3 (2),2 (1),4 (1),14 (9),329910,Champions Tour 2024 Pacific Stage 1_csvs
Ascent,PRX,0,4 (2),1 (0),3 (1),15 (7),329910,Champions Tour 2024 Pacific Stage 1_csvs
All Maps,DRX,2,2 (2),3 (0),6 (2),8 (2),329910,Champions Tour 2024 Pacific Stage 1_csvs
All Maps,PRX,0,4 (0),0 (0),1 (1),14 (12),329910,Champions Tour 2024 Pacific Stage 1_csvs
Lotus,T1,1,3 (1),2 (0),6 (1),5 (1),329912,Champions Tour 2024 Pacific Stage 1_csvs
Lotus,PRX,1,3 (1),0 (0),3 (3),10 (9),329912,Champions Tour 2024 Pacific Stage 1_csvs
Sunset,T1,1,5 (1),0 (0),8 (3),5 (1),329912,Champions Tour 2024 Pacific Stage 1_csvs
Sunset,PRX,1,3 (1),0 (0),3 (3),12 (9),329912,Champions Tour 2024 Pacific Stage 1_csvs
All Maps,T1,2,8 (2),2 (0),14 (4),10 (2),329912,Champions Tour 2024 Pacific Stage 1_csvs
All Maps,PRX,2,6 (2),0 (0),6 (6),22 (18),329912,Champions Tour 2024 Pacific Stage 1_csvs
Bind,GEN,0,4 (0),0 (0),5 (2),12 (6),329911,Champions Tour 2024 Pacific Stage 1_csvs
Bind,DRX,2,2 (2),1 (1),7 (5),11 (5),329911,Champions Tour 2024 Pacific Stage 1_csvs
Sunset,GEN,1,3 (1),2 (0),5 (4),14 (8),329911,Champions Tour 2024 Pacific Stage 1_csvs
Sunset,DRX,1,3 (1),1 (1),4 (1),16 (8),329911,Champions Tour 2024 Pacific Stage 1_csvs
All Maps,GEN,2,2 (2),0 (0),6 (4),13 (7),329911,Champions Tour 2024 Pacific Stage 1_csvs
All Maps,DRX,0,4 (0),2 (1),4 (3),11 (4),329911,Champions Tour 2024 Pacific Stage 1_csvs
Lotus,T1,0,3 (0),2 (0),5 (0),5 (2),329913,Champions Tour 2024 Pacific Stage 1_csvs
Lotus,GEN,2,2 (2),0 (0),4 (3),9 (8),329913,Champions Tour 2024 Pacific Stage 1_csvs
Icebox,T1,0,4 (1),2 (0),0 (0),18 (10),329913,Champions Tour 2024 Pacific Stage 1_csvs
Icebox,GEN,2,3 (2),1 (1),9 (3),11 (7),329913,Champions Tour 2024 Pacific Stage 1_csvs
Bind,T1,1,3 (1),0 (0),7 (1),12 (7),329913,Champions Tour 2024 Pacific Stage 1_csvs
Bind,GEN,1,3 (2),3 (1),2 (2),14 (8),329913,Champions Tour 2024 Pacific Stage 1_csvs
Split,T1,1,10 (2),4 (0),12 (1),35 (19),329913,Champions Tour 2024 Pacific Stage 1_csvs
Split,GEN,5,8 (6),4 (2),15 (8),34 (23),329913,Champions Tour 2024 Pacific Stage 1_csvs
Lotus,PRX,1,3 (1),0 (0),9 (5),10 (3),329914,Champions Tour 2024 Pacific Stage 1_csvs
Lotus,GEN,1,3 (1),0 (0),8 (6),11 (6),329914,Champions Tour 2024 Pacific Stage 1_csvs
Sunset,PRX,0,4 (0),0 (0),1 (1),17 (12),329914,Champions Tour 2024 Pacific Stage 1_csvs
Sunset,GEN,2,2 (2),0 (0),12 (4),8 (3),329914,Champions Tour 2024 Pacific Stage 1_csvs
Icebox,PRX,1,2 (1),2 (1),6 (3),14 (8),329914,Champions Tour 2024 Pacific Stage 1_csvs
Icebox,GEN,1,3 (1),1 (1),9 (5),11 (4),329914,Champions Tour 2024 Pacific Stage 1_csvs
Bind,PRX,1,3 (1),1 (1),4 (1),14 (6),329914,Champions Tour 2024 Pacific Stage 1_csvs
Bind,GEN,1,3 (1),1 (0),7 (5),11 (7),329914,Champions Tour 2024 Pacific Stage 1_csvs
All Maps,PRX,1,3 (1),0 (0),7 (5),11 (7),329914,Champions Tour 2024 Pacific Stage 1_csvs
All Maps,GEN,1,3 (1),1 (0),5 (2),12 (5),329914,Champions Tour 2024 Pacific Stage 1_csvs
Icebox,ZETA,0,3 (0),2 (0),3 (0),5 (0),314340,Champions Tour 2024 Pacific Stage 2_csvs
Icebox,DRX,2,2 (2),0 (0),1 (1),10 (10),314340,Champions Tour 2024 Pacific Stage 2_csvs
Sunset,ZETA,2,2 (2),3 (1),6 (3),13 (7),314340,Champions Tour 2024 Pacific Stage 2_csvs
Sunset,DRX,0,4 (0),1 (1),2 (0),17 (10),314340,Champions Tour 2024 Pacific Stage 2_csvs
All Maps,ZETA,1,3 (1),2 (2),6 (1),6 (0),314340,Champions Tour 2024 Pacific Stage 2_csvs
All Maps,DRX,1,3 (1),0 (0),1 (1),13 (11),314340,Champions Tour 2024 Pacific Stage 2_csvs
Ascent,TS,1,3 (1),0 (0),7 (2),13 (7),314341,Champions Tour 2024 Pacific Stage 2_csvs
Ascent,BLD,1,3 (1),1 (0),5 (2),14 (10),314341,Champions Tour 2024 Pacific Stage 2_csvs
Sunset,TS,1,3 (1),2 (1),3 (3),13 (8),314341,Champions Tour 2024 Pacific Stage 2_csvs
Sunset,BLD,1,3 (1),1 (1),6 (4),11 (2),314341,Champions Tour 2024 Pacific Stage 2_csvs
All Maps,TS,2,2 (2),0 (0),5 (2),14 (9),314341,Champions Tour 2024 Pacific Stage 2_csvs
All Maps,BLD,0,5 (0),1 (1),4 (3),11 (4),314341,Champions Tour 2024 Pacific Stage 2_csvs
Split,T1,1,3 (1),0 (0),5 (3),20 (9),314342,Champions Tour 2024 Pacific Stage 2_csvs
Split,GEN,1,3 (1),1 (0),9 (3),15 (11),314342,Champions Tour 2024 Pacific Stage 2_csvs
Lotus,T1,2,2 (2),1 (1),5 (3),10 (7),314342,Champions Tour 2024 Pacific Stage 2_csvs
Lotus,GEN,0,4 (0),1 (0),9 (4),4 (1),314342,Champions Tour 2024 Pacific Stage 2_csvs
All Maps,T1,0,4 (0),0 (0),3 (1),15 (8),314342,Champions Tour 2024 Pacific Stage 2_csvs
All Maps,GEN,2,2 (2),1 (1),8 (6),11 (4),314342,Champions Tour 2024 Pacific Stage 2_csvs
Icebox,PRX,2,2 (2),0 (0),3 (2),12 (9),314343,Champions Tour 2024 Pacific Stage 2_csvs
Icebox,TLN,0,3 (0),2 (0),3 (1),9 (3),314343,Champions Tour 2024 Pacific Stage 2_csvs
Sunset,PRX,1,3 (2),1 (0),2 (2),14 (9),314343,Champions Tour 2024 Pacific Stage 2_csvs
Sunset,TLN,1,4 (1),1 (0),3 (1),12 (5),314343,Champions Tour 2024 Pacific Stage 2_csvs
All Maps,PRX,3,5 (4),1 (0),5 (4),26 (18),314343,Champions Tour 2024 Pacific Stage 2_csvs
All Maps,TLN,1,7 (1),3 (0),6 (2),21 (8),314343,Champions Tour 2024 Pacific Stage 2_csvs
Icebox,RRQ,1,3 (1),0 (0),10 (6),15 (8),314344,Champions Tour 2024 Pacific Stage 2_csvs
Icebox,DFM,1,4 (1),1 (0),9 (5),14 (7),314344,Champions Tour 2024 Pacific Stage 2_csvs
Ascent,RRQ,0,4 (0),0 (0),4 (3),14 (10),314344,Champions Tour 2024 Pacific Stage 2_csvs
Ascent,DFM,2,2 (2),2 (1),8 (4),10 (2),314344,Champions Tour 2024 Pacific Stage 2_csvs
All Maps,RRQ,1,7 (1),0 (0),14 (9),29 (18),314344,Champions Tour 2024 Pacific Stage 2_csvs
All Maps,DFM,3,6 (3),3 (1),17 (9),24 (9),314344,Champions Tour 2024 Pacific Stage 2_csvs
Sunset,TS,1,3 (1),0 (0),6 (2),12 (10),314345,Champions Tour 2024 Pacific Stage 2_csvs
Sunset,GE,1,3 (1),1 (0),7 (1),10 (6),314345,Champions Tour 2024 Pacific Stage 2_csvs
Ascent,TS,2,2 (2),1 (0),7 (4),13 (7),314345,Champions Tour 2024 Pacific Stage 2_csvs
Ascent,GE,0,4 (1),2 (0),1 (1),16 (8),314345,Champions Tour 2024 Pacific Stage 2_csvs
All Maps,TS,3,5 (3),1 (0),13 (6),25 (17),314345,Champions Tour 2024 Pacific Stage 2_csvs
All Maps,GE,1,7 (2),3 (0),8 (2),26 (14),314345,Champions Tour 2024 Pacific Stage 2_csvs
Lotus,TLN,1,4 (1),1 (0),2 (1),21 (13),314346,Champions Tour 2024 Pacific Stage 2_csvs
Lotus,RRQ,1,3 (2),0 (0),4 (3),21 (8),314346,Champions Tour 2024 Pacific Stage 2_csvs
Ascent,TLN,1,3 (1),2 (1),6 (2),12 (6),314346,Champions Tour 2024 Pacific Stage 2_csvs
Ascent,RRQ,1,3 (1),0 (0),4 (4),16 (8),314346,Champions Tour 2024 Pacific Stage 2_csvs
All Maps,TLN,1,4 (1),1 (0),2 (2),16 (10),314346,Champions Tour 2024 Pacific Stage 2_csvs
All Maps,RRQ,1,3 (1),1 (0),11 (4),8 (5),314346,Champions Tour 2024 Pacific Stage 2_csvs
Split,PRX,2,2 (2),0 (0),5 (4),10 (7),314347,Champions Tour 2024 Pacific Stage 2_csvs
Split,DRX,0,4 (0),0 (0),5 (2),8 (2),314347,Champions Tour 2024 Pacific Stage 2_csvs
Haven,PRX,0,4 (0),3 (2),4 (0),10 (6),314347,Champions Tour 2024 Pacific Stage 2_csvs
Haven,DRX,2,2 (2),1 (0),6 (4),12 (7),314347,Champions Tour 2024 Pacific Stage 2_csvs
All Maps,PRX,2,3 (2),0 (0),6 (4),9 (7),314347,Champions Tour 2024 Pacific Stage 2_csvs
All Maps,DRX,0,3 (0),3 (1),3 (1),9 (3),314347,Champions Tour 2024 Pacific Stage 2_csvs
Lotus,GE,1,3 (1),0 (0),5 (5),11 (7),314348,Champions Tour 2024 Pacific Stage 2_csvs
Lotus,BLD,1,4 (1),2 (0),4 (1),9 (4),314348,Champions Tour 2024 Pacific Stage 2_csvs
Sunset,GE,1,3 (1),0 (0),8 (6),8 (6),314348,Champions Tour 2024 Pacific Stage 2_csvs
Sunset,BLD,1,3 (1),1 (0),6 (3),9 (2),314348,Champions Tour 2024 Pacific Stage 2_csvs
All Maps,GE,2,6 (2),0 (0),13 (11),19 (13),314348,Champions Tour 2024 Pacific Stage 2_csvs
All Maps,BLD,2,7 (2),3 (0),10 (4),18 (6),314348,Champions Tour 2024 Pacific Stage 2_csvs
Haven,DFM,2,2 (2),1 (0),7 (3),10 (2),314349,Champions Tour 2024 Pacific Stage 2_csvs
Haven,ZETA,0,4 (0),0 (0),0 (0),16 (13),314349,Champions Tour 2024 Pacific Stage 2_csvs
Sunset,DFM,2,2 (2),1 (0),7 (5),12 (6),314349,Champions Tour 2024 Pacific Stage 2_csvs
Sunset,ZETA,0,4 (0),2 (0),2 (2),14 (7),314349,Champions Tour 2024 Pacific Stage 2_csvs
All Maps,DFM,0,4 (0),2 (1),1 (1),16 (11),314349,Champions Tour 2024 Pacific Stage 2_csvs
All Maps,ZETA,2,2 (2),1 (1),9 (3),11 (4),314349,Champions Tour 2024 Pacific Stage 2_csvs
Split,DRX,2,2 (2),4 (1),6 (4),14 (5),314350,Champions Tour 2024 Pacific Stage 2_csvs
Split,RRQ,0,4 (1),0 (0),2 (2),20 (11),314350,Champions Tour 2024 Pacific Stage 2_csvs
Sunset,DRX,1,3 (1),3 (1),5 (2),15 (8),314350,Champions Tour 2024 Pacific Stage 2_csvs
Sunset,RRQ,1,3 (1),0 (0),12 (7),11 (6),314350,Champions Tour 2024 Pacific Stage 2_csvs
All Maps,DRX,3,5 (3),7 (2),11 (6),29 (13),314350,Champions Tour 2024 Pacific Stage 2_csvs
All Maps,RRQ,1,7 (2),0 (0),14 (9),31 (17),314350,Champions Tour 2024 Pacific Stage 2_csvs
Haven,TS,2,3 (3),3 (1),7 (2),10 (4),314351,Champions Tour 2024 Pacific Stage 2_csvs
Haven,T1,0,4 (1),0 (0),6 (2),13 (10),314351,Champions Tour 2024 Pacific Stage 2_csvs
Split,TS,2,2 (2),0 (0),7 (4),10 (7),314351,Champions Tour 2024 Pacific Stage 2_csvs
Split,T1,0,4 (0),1 (0),3 (1),11 (5),314351,Champions Tour 2024 Pacific Stage 2_csvs
lotus,TS,1,4 (1),0 (0),4 (2),18 (11),314351,Champions Tour 2024 Pacific Stage 2_csvs
lotus,T1,1,3 (2),2 (0),5 (3),16 (7),314351,Champions Tour 2024 Pacific Stage 2_csvs
All Maps,TS,5,9 (6),3 (1),18 (8),38 (22),314351,Champions Tour 2024 Pacific Stage 2_csvs
All Maps,T1,1,11 (3),3 (0),14 (6),40 (22),314351,Champions Tour 2024 Pacific Stage 2_csvs
Lotus,TLN,1,4 (1),0 (0),1 (0),15 (12),314352,Champions Tour 2024 Pacific Stage 2_csvs
Lotus,DFM,1,3 (2),3 (0),4 (1),10 (4),314352,Champions Tour 2024 Pacific Stage 2_csvs
Sunset,TLN,2,2 (2),1 (0),12 (7),8 (4),314352,Champions Tour 2024 Pacific Stage 2_csvs
Sunset,DFM,0,4 (0),2 (1),1 (1),16 (8),314352,Champions Tour 2024 Pacific Stage 2_csvs
All Maps,TLN,3,6 (3),1 (0),13 (7),23 (16),314352,Champions Tour 2024 Pacific Stage 2_csvs
All Maps,DFM,1,7 (2),5 (1),5 (2),26 (12),314352,Champions Tour 2024 Pacific Stage 2_csvs
Split,ZETA,1,3 (1),2 (0),4 (3),12 (4),314353,Champions Tour 2024 Pacific Stage 2_csvs
Split,RRQ,1,3 (1),0 (0),3 (2),15 (10),314353,Champions Tour 2024 Pacific Stage 2_csvs
Sunset,ZETA,1,3 (1),0 (0),6 (3),14 (6),314353,Champions Tour 2024 Pacific Stage 2_csvs
Sunset,RRQ,1,3 (1),1 (1),9 (5),10 (6),314353,Champions Tour 2024 Pacific Stage 2_csvs
All Maps,ZETA,2,6 (2),2 (0),10 (6),26 (10),314353,Champions Tour 2024 Pacific Stage 2_csvs
All Maps,RRQ,2,6 (2),1 (1),12 (7),25 (16),314353,Champions Tour 2024 Pacific Stage 2_csvs
Icebox,GE,2,2 (2),2 (2),8 (4),11 (5),314354,Champions Tour 2024 Pacific Stage 2_csvs
Icebox,T1,0,4 (0),1 (0),2 (2),16 (8),314354,Champions Tour 2024 Pacific Stage 2_csvs
Lotus,GE,2,3 (2),1 (0),13 (4),4 (2),314354,Champions Tour 2024 Pacific Stage 2_csvs
Lotus,T1,0,4 (0),0 (0),1 (1),16 (12),314354,Champions Tour 2024 Pacific Stage 2_csvs
All Maps,GE,1,3 (1),1 (0),9 (5),8 (2),314354,Champions Tour 2024 Pacific Stage 2_csvs
All Maps,T1,1,3 (1),0 (0),4 (2),14 (10),314354,Champions Tour 2024 Pacific Stage 2_csvs
Ascent,BLD,0,4 (0),2 (1),2 (0),11 (5),314355,Champions Tour 2024 Pacific Stage 2_csvs
Ascent,GEN,2,2 (2),0 (0),6 (3),11 (8),314355,Champions Tour 2024 Pacific Stage 2_csvs
Sunset,BLD,1,3 (1),2 (1),2 (1),16 (10),314355,Champions Tour 2024 Pacific Stage 2_csvs
Sunset,GEN,1,3 (2),1 (0),8 (5),11 (3),314355,Champions Tour 2024 Pacific Stage 2_csvs
All Maps,BLD,0,4 (0),2 (0),1 (1),17 (10),314355,Champions Tour 2024 Pacific Stage 2_csvs
All Maps,GEN,2,2 (2),0 (0),6 (4),16 (7),314355,Champions Tour 2024 Pacific Stage 2_csvs
Icebox,PRX,1,3 (1),0 (0),2 (2),12 (10),314356,Champions Tour 2024 Pacific Stage 2_csvs
Icebox,DFM,1,3 (1),1 (1),7 (2),6 (0),314356,Champions Tour 2024 Pacific Stage 2_csvs
Sunset,PRX,1,3 (1),1 (0),3 (2),14 (10),314356,Champions Tour 2024 Pacific Stage 2_csvs
Sunset,DFM,1,3 (1),0 (0),4 (1),14 (6),314356,Champions Tour 2024 Pacific Stage 2_csvs
All Maps,PRX,2,6 (2),1 (0),5 (4),26 (20),314356,Champions Tour 2024 Pacific Stage 2_csvs
All Maps,DFM,2,6 (2),1 (1),11 (3),20 (6),314356,Champions Tour 2024 Pacific Stage 2_csvs
Ascent,DRX,1,3 (1),4 (1),3 (2),14 (7),314357,Champions Tour 2024 Pacific Stage 2_csvs
Ascent,TLN,1,3 (1),1 (0),2 (1),18 (11),314357,Champions Tour 2024 Pacific Stage 2_csvs
Haven,DRX,0,4 (0),2 (2),1 (0),16 (11),314357,Champions Tour 2024 Pacific Stage 2_csvs
Haven,TLN,2,2 (2),0 (0),9 (3),12 (5),314357,Champions Tour 2024 Pacific Stage 2_csvs
All Maps,DRX,1,3 (1),1 (0),3 (3),11 (9),314357,Champions Tour 2024 Pacific Stage 2_csvs
All Maps,TLN,1,3 (1),1 (0),9 (1),5 (3),314357,Champions Tour 2024 Pacific Stage 2_csvs
Lotus,PRX,0,3 (0),0 (0),6 (6),11 (7),314358,Champions Tour 2024 Pacific Stage 2_csvs
Lotus,RRQ,2,2 (2),1 (0),6 (2),11 (3),314358,Champions Tour 2024 Pacific Stage 2_csvs
Ascent,PRX,1,3 (1),1 (0),9 (5),7 (1),314358,Champions Tour 2024 Pacific Stage 2_csvs
Ascent,RRQ,1,3 (2),0 (0),6 (5),11 (6),314358,Champions Tour 2024 Pacific Stage 2_csvs
All Maps,PRX,2,2 (2),2 (1),5 (3),14 (7),314358,Champions Tour 2024 Pacific Stage 2_csvs
All Maps,RRQ,0,4 (0),1 (0),9 (5),9 (5),314358,Champions Tour 2024 Pacific Stage 2_csvs
Lotus,GEN,2,2 (2),0 (0),4 (3),8 (8),314359,Champions Tour 2024 Pacific Stage 2_csvs
Lotus,GE,0,3 (0),1 (0),8 (0),2 (1),314359,Champions Tour 2024 Pacific Stage 2_csvs
Ascent,GEN,2,2 (2),1 (0),7 (3),9 (8),314359,Champions Tour 2024 Pacific Stage 2_csvs
Ascent,GE,0,4 (0),0 (0),8 (2),7 (4),314359,Champions Tour 2024 Pacific Stage 2_csvs
All Maps,GEN,4,4 (4),1 (0),11 (6),17 (16),314359,Champions Tour 2024 Pacific Stage 2_csvs
All Maps,GE,0,7 (0),1 (0),16 (2),9 (5),314359,Champions Tour 2024 Pacific Stage 2_csvs
Icebox,DRX,1,3 (1),1 (0),3 (3),13 (9),314360,Champions Tour 2024 Pacific Stage 2_csvs
Icebox,DFM,1,3 (1),1 (1),4 (2),12 (3),314360,Champions Tour 2024 Pacific Stage 2_csvs
Ascent,DRX,0,4 (0),0 (0),4 (2),11 (4),314360,Champions Tour 2024 Pacific Stage 2_csvs
Ascent,DFM,2,2 (2),0 (0),7 (5),10 (6),314360,Champions Tour 2024 Pacific Stage 2_csvs
All Maps,DRX,2,2 (2),0 (0),3 (3),10 (8),314360,Champions Tour 2024 Pacific Stage 2_csvs
All Maps,DFM,0,3 (0),2 (0),4 (0),6 (2),314360,Champions Tour 2024 Pacific Stage 2_csvs
Ascent,ZETA,1,3 (1),1 (0),3 (3),12 (9),314361,Champions Tour 2024 Pacific Stage 2_csvs
Ascent,TLN,1,3 (1),1 (0),7 (3),8 (2),314361,Champions Tour 2024 Pacific Stage 2_csvs
Lotus,ZETA,1,3 (1),2 (0),6 (2),10 (5),314361,Champions Tour 2024 Pacific Stage 2_csvs
Lotus,TLN,1,3 (1),0 (0),4 (4),14 (8),314361,Champions Tour 2024 Pacific Stage 2_csvs
All Maps,ZETA,1,2 (1),1 (1),5 (5),13 (6),314361,Champions Tour 2024 Pacific Stage 2_csvs
All Maps,TLN,1,5 (1),0 (0),5 (2),11 (5),314361,Champions Tour 2024 Pacific Stage 2_csvs
Sunset,GEN,2,2 (2),2 (0),9 (2),6 (2),314362,Champions Tour 2024 Pacific Stage 2_csvs
Sunset,TS,0,4 (1),1 (0),1 (1),13 (11),314362,Champions Tour 2024 Pacific Stage 2_csvs
Lotus,GEN,2,2 (2),0 (0),6 (3),12 (8),314362,Champions Tour 2024 Pacific Stage 2_csvs
Lotus,TS,0,4 (0),1 (0),4 (2),11 (5),314362,Champions Tour 2024 Pacific Stage 2_csvs
this,GEN,1,3 (1),1 (0),6 (4),16 (7),314362,Champions Tour 2024 Pacific Stage 2_csvs
this,TS,1,3 (1),1 (0),5 (3),17 (10),314362,Champions Tour 2024 Pacific Stage 2_csvs
All Maps,GEN,5,7 (5),3 (0),21 (9),34 (17),314362,Champions Tour 2024 Pacific Stage 2_csvs
All Maps,TS,1,11 (2),3 (0),10 (6),41 (26),314362,Champions Tour 2024 Pacific Stage 2_csvs
Ascent,PRX,0,3 (1),1 (0),5 (1),13 (7),314363,Champions Tour 2024 Pacific Stage 2_csvs
Ascent,ZETA,2,3 (2),2 (0),5 (3),12 (8),314363,Champions Tour 2024 Pacific Stage 2_csvs
Lotus,PRX,1,3 (1),1 (0),4 (2),13 (10),314363,Champions Tour 2024 Pacific Stage 2_csvs
Lotus,ZETA,1,3 (1),3 (0),5 (2),10 (5),314363,Champions Tour 2024 Pacific Stage 2_csvs
All Maps,PRX,1,3 (1),0 (0),2 (2),12 (10),314363,Champions Tour 2024 Pacific Stage 2_csvs
All Maps,ZETA,1,3 (1),1 (1),6 (1),7 (1),314363,Champions Tour 2024 Pacific Stage 2_csvs
Bind,T1,1,3 (1),1 (1),4 (2),16 (9),314364,Champions Tour 2024 Pacific Stage 2_csvs
Bind,BLD,1,3 (1),2 (1),6 (3),13 (6),314364,Champions Tour 2024 Pacific Stage 2_csvs
Lotus,T1,2,2 (2),2 (0),8 (3),10 (4),314364,Champions Tour 2024 Pacific Stage 2_csvs
Lotus,BLD,0,3 (1),2 (1),2 (2),15 (9),314364,Champions Tour 2024 Pacific Stage 2_csvs
All Maps,T1,2,2 (2),1 (0),7 (4),11 (7),314364,Champions Tour 2024 Pacific Stage 2_csvs
All Maps,BLD,0,6 (0),1 (1),3 (2),11 (5),314364,Champions Tour 2024 Pacific Stage 2_csvs
Haven,GEN,1,3 (1),0 (0),2 (1),16 (11),365316,Champions Tour 2024 Pacific Stage 2_csvs
Haven,RRQ,1,3 (1),1 (0),11 (3),6 (4),365316,Champions Tour 2024 Pacific Stage 2_csvs
Bind,GEN,1,3 (2),0 (0),7 (5),14 (6),365316,Champions Tour 2024 Pacific Stage 2_csvs
Bind,RRQ,1,4 (1),2 (0),9 (5),9 (5),365316,Champions Tour 2024 Pacific Stage 2_csvs
All Maps,GEN,2,6 (3),0 (0),9 (6),30 (17),365316,Champions Tour 2024 Pacific Stage 2_csvs
All Maps,RRQ,2,7 (2),3 (0),20 (8),15 (9),365316,Champions Tour 2024 Pacific Stage 2_csvs
Lotus,TS,0,4 (0),0 (0),3 (2),17 (9),365317,Champions Tour 2024 Pacific Stage 2_csvs
Lotus,TLN,2,2 (2),1 (0),9 (5),12 (6),365317,Champions Tour 2024 Pacific Stage 2_csvs
Abyss,TS,0,4 (0),2 (1),5 (3),13 (7),365317,Champions Tour 2024 Pacific Stage 2_csvs
Abyss,TLN,2,2 (2),0 (0),10 (6),12 (5),365317,Champions Tour 2024 Pacific Stage 2_csvs
All Maps,TS,0,8 (0),2 (1),8 (5),30 (16),365317,Champions Tour 2024 Pacific Stage 2_csvs
All Maps,TLN,4,4 (4),1 (0),19 (11),24 (11),365317,Champions Tour 2024 Pacific Stage 2_csvs
Ascent,PRX,0,4 (0),1 (1),6 (1),12 (8),365318,Champions Tour 2024 Pacific Stage 2_csvs
Ascent,GEN,2,2 (2),0 (0),6 (4),15 (7),365318,Champions Tour 2024 Pacific Stage 2_csvs
Icebox,PRX,1,3 (1),1 (0),7 (2),7 (2),365318,Champions Tour 2024 Pacific Stage 2_csvs
Icebox,GEN,1,3 (2),0 (0),3 (3),12 (8),365318,Champions Tour 2024 Pacific Stage 2_csvs
All Maps,PRX,1,7 (1),2 (1),13 (3),19 (10),365318,Champions Tour 2024 Pacific Stage 2_csvs
All Maps,GEN,3,5 (4),0 (0),9 (7),27 (15),365318,Champions Tour 2024 Pacific Stage 2_csvs
Ascent,DRX,1,3 (2),2 (0),2 (2),14 (9),365319,Champions Tour 2024 Pacific Stage 2_csvs
Ascent,TLN,1,3 (1),1 (0),8 (3),9 (4),365319,Champions Tour 2024 Pacific Stage 2_csvs
Abyss,DRX,2,2 (2),0 (0),4 (4),11 (7),365319,Champions Tour 2024 Pacific Stage 2_csvs
Abyss,TLN,0,4 (0),1 (0),5 (4),7 (0),365319,Champions Tour 2024 Pacific Stage 2_csvs
All Maps,DRX,3,5 (4),2 (0),6 (6),25 (16),365319,Champions Tour 2024 Pacific Stage 2_csvs
All Maps,TLN,1,7 (1),2 (0),13 (7),16 (4),365319,Champions Tour 2024 Pacific Stage 2_csvs
Haven,GEN,2,2 (2),1 (0),7 (3),12 (8),365320,Champions Tour 2024 Pacific Stage 2_csvs
Haven,DRX,0,4 (0),2 (0),2 (1),14 (8),365320,Champions Tour 2024 Pacific Stage 2_csvs
Sunset,GEN,0,4 (0),1 (1),5 (1),13 (8),365320,Champions Tour 2024 Pacific Stage 2_csvs
Sunset,DRX,2,2 (2),0 (0),7 (4),14 (7),365320,Champions Tour 2024 Pacific Stage 2_csvs
All Maps,GEN,1,3 (1),0 (0),3 (3),13 (9),365320,Champions Tour 2024 Pacific Stage 2_csvs
All Maps,DRX,1,3 (1),0 (0),6 (1),10 (4),365320,Champions Tour 2024 Pacific Stage 2_csvs
Ascent,PRX,2,2 (2),0 (0),4 (3),10 (8),365322,Champions Tour 2024 Pacific Stage 2_csvs
Ascent,TLN,0,4 (0),2 (0),3 (1),7 (2),365322,Champions Tour 2024 Pacific Stage 2_csvs
Sunset,PRX,2,2 (2),0 (0),4 (4),10 (7),365322,Champions Tour 2024 Pacific Stage 2_csvs
Sunset,TLN,0,4 (0),1 (0),3 (1),8 (2),365322,Champions Tour 2024 Pacific Stage 2_csvs
All Maps,PRX,4,4 (4),0 (0),8 (7),20 (15),365322,Champions Tour 2024 Pacific Stage 2_csvs
All Maps,TLN,0,8 (0),3 (0),6 (2),15 (4),365322,Champions Tour 2024 Pacific Stage 2_csvs
Abyss,DRX,0,4 (0),1 (0),2 (0),13 (7),365323,Champions Tour 2024 Pacific Stage 2_csvs
Abyss,PRX,2,2 (2),0 (0),4 (3),14 (8),365323,Champions Tour 2024 Pacific Stage 2_csvs
Lotus,DRX,1,3 (1),0 (0),8 (3),12 (6),365323,Champions Tour 2024 Pacific Stage 2_csvs
Lotus,PRX,1,2 (1),1 (0),6 (2),14 (10),365323,Champions Tour 2024 Pacific Stage 2_csvs
Bind,DRX,1,3 (1),0 (0),3 (1),17 (11),365323,Champions Tour 2024 Pacific Stage 2_csvs
Bind,PRX,1,3 (1),0 (0),7 (4),13 (5),365323,Champions Tour 2024 Pacific Stage 2_csvs
Icebox,DRX,2,2 (2),3 (1),4 (2),14 (8),365323,Champions Tour 2024 Pacific Stage 2_csvs
Icebox,PRX,0,4 (0),0 (0),8 (2),11 (8),365323,Champions Tour 2024 Pacific Stage 2_csvs
All Maps,DRX,2,2 (2),1 (1),5 (4),12 (6),365323,Champions Tour 2024 Pacific Stage 2_csvs
All Maps,PRX,0,2 (0),3 (0),6 (3),9 (4),365323,Champions Tour 2024 Pacific Stage 2_csvs
Haven,GEN,1,3 (1),1 (0),6 (2),9 (3),365321,Champions Tour 2024 Pacific Stage 2_csvs
Haven,DRX,1,4 (1),0 (0),1 (1),14 (11),365321,Champions Tour 2024 Pacific Stage 2_csvs
Bind,GEN,0,4 (1),0 (0),5 (3),25 (14),365321,Champions Tour 2024 Pacific Stage 2_csvs
Bind,DRX,2,2 (2),5 (2),7 (3),20 (9),365321,Champions Tour 2024 Pacific Stage 2_csvs
Lotus,GEN,2,2 (2),1 (0),10 (6),13 (6),365321,Champions Tour 2024 Pacific Stage 2_csvs
Lotus,DRX,0,4 (0),2 (1),2 (1),18 (10),365321,Champions Tour 2024 Pacific Stage 2_csvs
Icebox,GEN,1,3 (1),1 (1),3 (2),12 (9),365321,Champions Tour 2024 Pacific Stage 2_csvs
Icebox,DRX,1,3 (1),1 (0),4 (1),11 (4),365321,Champions Tour 2024 Pacific Stage 2_csvs
All Maps,GEN,4,12 (5),3 (1),24 (13),59 (32),365321,Champions Tour 2024 Pacific Stage 2_csvs
All Maps,DRX,4,13 (4),8 (3),14 (6),63 (34),365321,Champions Tour 2024 Pacific Stage 2_csvs
Split,EG,0,4 (0),1 (1),1 (0),20 (11),427991,VCT 2025 Americas Kickoff_csvs
Split,LOUD,2,2 (2),1 (0),10 (3),13 (9),427991,VCT 2025 Americas Kickoff_csvs
Pearl,EG,2,2 (2),3 (0),5 (2),13 (6),427991,VCT 2025 Americas Kickoff_csvs
Pearl,LOUD,0,4 (0),0 (0),4 (3),15 (10),427991,VCT 2025 Americas Kickoff_csvs
All Maps,EG,2,6 (2),4 (1),6 (2),33 (17),427991,VCT 2025 Americas Kickoff_csvs
All Maps,LOUD,2,6 (2),1 (0),14 (6),28 (19),427991,VCT 2025 Americas Kickoff_csvs
Lotus,MIBR,1,3 (1),1 (0),9 (3),4 (0),427992,VCT 2025 Americas Kickoff_csvs
Lotus,100T,1,3 (1),0 (0),2 (2),12 (10),427992,VCT 2025 Americas Kickoff_csvs
Bind,MIBR,0,4 (0),2 (0),3 (0),13 (9),427992,VCT 2025 Americas Kickoff_csvs
Bind,100T,2,2 (2),0 (0),7 (2),13 (9),427992,VCT 2025 Americas Kickoff_csvs
All Maps,MIBR,1,7 (1),3 (0),12 (3),17 (9),427992,VCT 2025 Americas Kickoff_csvs
All Maps,100T,3,5 (3),0 (0),9 (4),25 (19),427992,VCT 2025 Americas Kickoff_csvs
Haven,2G,2,3 (2),1 (0),6 (2),10 (3),427994,VCT 2025 Americas Kickoff_csvs
Haven,FUR,0,4 (1),1 (0),2 (2),13 (10),427994,VCT 2025 Americas Kickoff_csvs
Lotus,2G,0,4 (0),3 (0),2 (1),9 (4),427994,VCT 2025 Americas Kickoff_csvs
Lotus,FUR,2,2 (2),0 (0),6 (4),10 (7),427994,VCT 2025 Americas Kickoff_csvs
All Maps,2G,2,7 (2),4 (0),8 (3),19 (7),427994,VCT 2025 Americas Kickoff_csvs
All Maps,FUR,2,6 (3),1 (0),8 (6),23 (17),427994,VCT 2025 Americas Kickoff_csvs
Fracture,NRG,1,3 (1),2 (0),6 (3),15 (8),427993,VCT 2025 Americas Kickoff_csvs
Fracture,C9,1,3 (1),1 (0),6 (3),16 (10),427993,VCT 2025 Americas Kickoff_csvs
Lotus,NRG,1,3 (1),2 (0),4 (2),14 (7),427993,VCT 2025 Americas Kickoff_csvs
Lotus,C9,1,3 (1),0 (0),6 (2),14 (10),427993,VCT 2025 Americas Kickoff_csvs
All Maps,NRG,2,6 (2),4 (0),10 (5),29 (15),427993,VCT 2025 Americas Kickoff_csvs
All Maps,C9,2,6 (2),1 (0),12 (5),30 (20),427993,VCT 2025 Americas Kickoff_csvs
Haven,KRÜ,1,3 (1),2 (0),6 (3),9 (3),427995,VCT 2025 Americas Kickoff_csvs
Haven,LOUD,1,3 (1),1 (1),2 (1),14 (10),427995,VCT 2025 Americas Kickoff_csvs
Split,KRÜ,0,4 (0),0 (0),1 (0),18 (10),427995,VCT 2025 Americas Kickoff_csvs
Split,LOUD,2,2 (2),3 (1),9 (5),9 (5),427995,VCT 2025 Americas Kickoff_csvs
All Maps,KRÜ,1,7 (1),2 (0),7 (3),27 (13),427995,VCT 2025 Americas Kickoff_csvs
All Maps,LOUD,3,5 (3),4 (2),11 (6),23 (15),427995,VCT 2025 Americas Kickoff_csvs
Split,SEN,1,3 (1),0 (0),7 (1),7 (2),427996,VCT 2025 Americas Kickoff_csvs
Split,100T,1,3 (1),1 (0),4 (4),9 (8),427996,VCT 2025 Americas Kickoff_csvs
Bind,SEN,1,3 (1),1 (1),5 (1),13 (10),427996,VCT 2025 Americas Kickoff_csvs
Bind,100T,1,3 (1),1 (0),5 (2),13 (6),427996,VCT 2025 Americas Kickoff_csvs
All Maps,SEN,1,2 (1),2 (1),7 (5),11 (6),427996,VCT 2025 Americas Kickoff_csvs
All Maps,100T,1,3 (1),2 (0),3 (1),14 (7),427996,VCT 2025 Americas Kickoff_csvs
Haven,LEV,1,3 (1),1 (0),3 (2),14 (10),427998,VCT 2025 Americas Kickoff_csvs
Haven,FUR,1,3 (1),2 (0),5 (3),11 (4),427998,VCT 2025 Americas Kickoff_csvs
Split,LEV,2,2 (2),0 (0),5 (4),12 (7),427998,VCT 2025 Americas Kickoff_csvs
Split,FUR,0,3 (0),2 (1),4 (1),10 (4),427998,VCT 2025 Americas Kickoff_csvs
All Maps,LEV,3,5 (3),1 (0),8 (6),26 (17),427998,VCT 2025 Americas Kickoff_csvs
All Maps,FUR,1,6 (1),4 (1),9 (4),21 (8),427998,VCT 2025 Americas Kickoff_csvs
Lotus,G2,2,2 (2),0 (0),5 (4),12 (7),427997,VCT 2025 Americas Kickoff_csvs
Lotus,C9,0,4 (0),2 (0),3 (1),10 (5),427997,VCT 2025 Americas Kickoff_csvs
Abyss,G2,1,3 (1),0 (0),6 (3),12 (9),427997,VCT 2025 Americas Kickoff_csvs
Abyss,C9,1,3 (1),0 (0),7 (1),11 (6),427997,VCT 2025 Americas Kickoff_csvs
All Maps,G2,3,5 (3),0 (0),11 (7),24 (16),427997,VCT 2025 Americas Kickoff_csvs
All Maps,C9,1,7 (1),2 (0),10 (2),21 (11),427997,VCT 2025 Americas Kickoff_csvs
Abyss,FUR,0,4 (1),0 (0),5 (3),11 (3),428003,VCT 2025 Americas Kickoff_csvs
Abyss,EG,2,2 (2),2 (0),4 (2),12 (9),428003,VCT 2025 Americas Kickoff_csvs
Fracture,FUR,1,3 (1),1 (0),7 (2),9 (4),428003,VCT 2025 Americas Kickoff_csvs
Fracture,EG,1,3 (1),1 (1),3 (2),13 (9),428003,VCT 2025 Americas Kickoff_csvs
All Maps,FUR,1,7 (2),1 (0),12 (5),20 (7),428003,VCT 2025 Americas Kickoff_csvs
All Maps,EG,3,5 (3),3 (1),7 (4),25 (18),428003,VCT 2025 Americas Kickoff_csvs
Lotus,C9,2,2 (2),0 (0),6 (4),12 (7),428004,VCT 2025 Americas Kickoff_csvs
Lotus,MIBR,0,4 (0),1 (0),4 (1),11 (6),428004,VCT 2025 Americas Kickoff_csvs
Abyss,C9,1,3 (1),1 (0),5 (3),14 (6),428004,VCT 2025 Americas Kickoff_csvs
Abyss,MIBR,1,3 (1),1 (0),4 (3),15 (9),428004,VCT 2025 Americas Kickoff_csvs
All Maps,C9,1,3 (1),1 (0),8 (3),8 (3),428004,VCT 2025 Americas Kickoff_csvs
All Maps,MIBR,1,3 (1),1 (1),4 (3),12 (8),428004,VCT 2025 Americas Kickoff_csvs
Abyss,KRÜ,2,2 (2),1 (1),3 (2),10 (8),428006,VCT 2025 Americas Kickoff_csvs
Abyss,2G,0,3 (0),1 (0),7 (1),5 (2),428006,VCT 2025 Americas Kickoff_csvs
Split,KRÜ,2,2 (2),0 (0),4 (4),9 (7),428006,VCT 2025 Americas Kickoff_csvs
Split,2G,0,3 (0),2 (0),4 (1),6 (1),428006,VCT 2025 Americas Kickoff_csvs
All Maps,KRÜ,4,4 (4),1 (1),7 (6),19 (15),428006,VCT 2025 Americas Kickoff_csvs
All Maps,2G,0,6 (0),3 (0),11 (2),11 (3),428006,VCT 2025 Americas Kickoff_csvs
Lotus,100T,2,2 (2),0 (0),7 (4),17 (8),428005,VCT 2025 Americas Kickoff_csvs
Lotus,NRG,0,4 (0),1 (0),2 (2),19 (10),428005,VCT 2025 Americas Kickoff_csvs
Pearl,100T,0,4 (0),2 (0),3 (2),13 (7),428005,VCT 2025 Americas Kickoff_csvs
Pearl,NRG,2,2 (2),4 (3),6 (3),10 (5),428005,VCT 2025 Americas Kickoff_csvs
All Maps,100T,0,4 (0),0 (0),3 (1),15 (8),428005,VCT 2025 Americas Kickoff_csvs
All Maps,NRG,2,2 (2),0 (0),5 (5),15 (6),428005,VCT 2025 Americas Kickoff_csvs
Lotus,LOUD,1,3 (1),2 (1),3 (2),16 (9),427999,VCT 2025 Americas Kickoff_csvs
Lotus,SEN,1,3 (1),0 (0),7 (3),14 (7),427999,VCT 2025 Americas Kickoff_csvs
Pearl,LOUD,1,4 (1),0 (0),4 (2),16 (8),427999,VCT 2025 Americas Kickoff_csvs
Pearl,SEN,1,3 (1),2 (0),4 (3),15 (9),427999,VCT 2025 Americas Kickoff_csvs
All Maps,LOUD,1,3 (1),2 (0),4 (3),13 (5),427999,VCT 2025 Americas Kickoff_csvs
All Maps,SEN,1,3 (1),2 (0),3 (2),14 (10),427999,VCT 2025 Americas Kickoff_csvs
Pearl,G2,1,3 (1),0 (0),4 (3),11 (9),428000,VCT 2025 Americas Kickoff_csvs
Pearl,LEV,1,4 (1),2 (0),6 (1),6 (3),428000,VCT 2025 Americas Kickoff_csvs
Fracture,G2,1,3 (1),2 (1),6 (5),11 (6),428000,VCT 2025 Americas Kickoff_csvs
Fracture,LEV,1,3 (1),3 (2),5 (1),11 (5),428000,VCT 2025 Americas Kickoff_csvs
All Maps,G2,2,6 (2),2 (1),10 (8),22 (15),428000,VCT 2025 Americas Kickoff_csvs
All Maps,LEV,2,7 (2),5 (2),11 (2),17 (8),428000,VCT 2025 Americas Kickoff_csvs
Abyss,EG,1,3 (2),2 (0),8 (3),10 (5),428007,VCT 2025 Americas Kickoff_csvs
Abyss,MIBR,1,3 (1),2 (1),3 (0),15 (11),428007,VCT 2025 Americas Kickoff_csvs
Split,EG,1,2 (1),2 (0),6 (2),6 (0),428007,VCT 2025 Americas Kickoff_csvs
Split,MIBR,1,3 (2),0 (0),3 (3),10 (8),428007,VCT 2025 Americas Kickoff_csvs
All Maps,EG,2,5 (3),4 (0),14 (5),16 (5),428007,VCT 2025 Americas Kickoff_csvs
All Maps,MIBR,2,6 (3),2 (1),6 (3),25 (19),428007,VCT 2025 Americas Kickoff_csvs
Abyss,NRG,0,4 (0),1 (0),4 (1),12 (7),428008,VCT 2025 Americas Kickoff_csvs
Abyss,KRÜ,2,2 (2),2 (0),6 (4),11 (7),428008,VCT 2025 Americas Kickoff_csvs
Haven,NRG,1,3 (1),1 (0),6 (5),13 (7),428008,VCT 2025 Americas Kickoff_csvs
Haven,KRÜ,1,3 (1),1 (0),5 (3),14 (6),428008,VCT 2025 Americas Kickoff_csvs
All Maps,NRG,1,3 (1),1 (0),8 (4),8 (2),428008,VCT 2025 Americas Kickoff_csvs
All Maps,KRÜ,1,3 (2),0 (0),3 (2),14 (9),428008,VCT 2025 Americas Kickoff_csvs
Lotus,LEV,1,3 (1),1 (0),4 (3),12 (9),428009,VCT 2025 Americas Kickoff_csvs
Lotus,MIBR,1,3 (1),0 (0),7 (2),10 (4),428009,VCT 2025 Americas Kickoff_csvs
Pearl,LEV,1,3 (1),1 (0),6 (4),12 (4),428009,VCT 2025 Americas Kickoff_csvs
Pearl,MIBR,1,3 (1),0 (0),6 (5),13 (7),428009,VCT 2025 Americas Kickoff_csvs
All Maps,LEV,1,3 (1),0 (0),8 (3),15 (8),428009,VCT 2025 Americas Kickoff_csvs
All Maps,MIBR,1,3 (1),2 (1),3 (2),18 (10),428009,VCT 2025 Americas Kickoff_csvs
Bind,LOUD,1,4 (1),1 (0),4 (1),9 (3),428010,VCT 2025 Americas Kickoff_csvs
Bind,KRÜ,1,3 (2),1 (1),1 (1),13 (9),428010,VCT 2025 Americas Kickoff_csvs
Haven,LOUD,1,3 (1),1 (0),6 (3),14 (7),428010,VCT 2025 Americas Kickoff_csvs
Haven,KRÜ,1,3 (1),1 (0),5 (2),15 (10),428010,VCT 2025 Americas Kickoff_csvs
All Maps,LOUD,2,7 (2),2 (0),10 (4),23 (10),428010,VCT 2025 Americas Kickoff_csvs
All Maps,KRÜ,2,6 (3),2 (1),6 (3),28 (19),428010,VCT 2025 Americas Kickoff_csvs
Abyss,SEN,1,3 (1),1 (0),7 (4),9 (2),428001,VCT 2025 Americas Kickoff_csvs
Abyss,G2,1,3 (1),1 (0),3 (3),13 (9),428001,VCT 2025 Americas Kickoff_csvs
Pearl,SEN,1,4 (2),1 (0),6 (1),9 (4),428001,VCT 2025 Americas Kickoff_csvs
Pearl,G2,1,3 (1),1 (0),5 (3),11 (9),428001,VCT 2025 Americas Kickoff_csvs
All Maps,SEN,2,7 (3),2 (0),13 (5),18 (6),428001,VCT 2025 Americas Kickoff_csvs
All Maps,G2,2,6 (2),2 (0),8 (6),24 (18),428001,VCT 2025 Americas Kickoff_csvs
Bind,MIBR,1,3 (1),1 (0),8 (4),9 (3),428011,VCT 2025 Americas Kickoff_csvs
Bind,KRÜ,1,3 (1),1 (0),3 (3),14 (9),428011,VCT 2025 Americas Kickoff_csvs
Abyss,MIBR,1,3 (1),1 (0),2 (1),15 (11),428011,VCT 2025 Americas Kickoff_csvs
Abyss,KRÜ,1,3 (1),2 (0),6 (3),10 (4),428011,VCT 2025 Americas Kickoff_csvs
and,MIBR,2,2 (2),2 (1),7 (4),13 (6),428011,VCT 2025 Americas Kickoff_csvs
and,KRÜ,0,4 (0),2 (0),2 (0),16 (11),428011,VCT 2025 Americas Kickoff_csvs
All Maps,MIBR,4,8 (4),4 (1),17 (9),37 (20),428011,VCT 2025 Americas Kickoff_csvs
All Maps,KRÜ,2,10 (2),5 (0),11 (6),40 (24),428011,VCT 2025 Americas Kickoff_csvs
Lotus,SEN,1,3 (2),1 (0),5 (3),11 (8),428012,VCT 2025 Americas Kickoff_csvs
Lotus,MIBR,1,3 (1),2 (1),4 (1),11 (4),428012,VCT 2025 Americas Kickoff_csvs
Abyss,SEN,0,4 (1),0 (0),0 (0),14 (12),428012,VCT 2025 Americas Kickoff_csvs
Abyss,MIBR,2,3 (2),1 (0),8 (2),6 (1),428012,VCT 2025 Americas Kickoff_csvs
Pearl,SEN,1,3 (1),2 (0),9 (5),26 (13),428012,VCT 2025 Americas Kickoff_csvs
Pearl,MIBR,1,3 (1),1 (0),6 (3),30 (17),428012,VCT 2025 Americas Kickoff_csvs
Split,SEN,2,3 (3),0 (0),5 (3),12 (7),428012,VCT 2025 Americas Kickoff_csvs
Split,MIBR,0,3 (0),3 (1),4 (2),10 (4),428012,VCT 2025 Americas Kickoff_csvs
bind,SEN,4,13 (7),3 (0),19 (11),63 (40),428012,VCT 2025 Americas Kickoff_csvs
bind,MIBR,4,12 (4),7 (2),22 (8),57 (26),428012,VCT 2025 Americas Kickoff_csvs
Split,G2,0,4 (0),2 (0),4 (2),7 (2),428002,VCT 2025 Americas Kickoff_csvs
Split,SEN,2,2 (2),1 (1),4 (2),10 (8),428002,VCT 2025 Americas Kickoff_csvs
Pearl,G2,2,2 (2),2 (0),5 (4),12 (7),428002,VCT 2025 Americas Kickoff_csvs
Pearl,SEN,0,4 (0),2 (1),3 (1),12 (6),428002,VCT 2025 Americas Kickoff_csvs
Abyss,G2,1,4 (1),2 (1),3 (2),13 (5),428002,VCT 2025 Americas Kickoff_csvs
Abyss,SEN,1,3 (1),1 (0),3 (2),15 (10),428002,VCT 2025 Americas Kickoff_csvs
Fracture,G2,2,2 (2),0 (0),4 (3),12 (8),428002,VCT 2025 Americas Kickoff_csvs
Fracture,SEN,0,4 (0),2 (0),7 (2),5 (3),428002,VCT 2025 Americas Kickoff_csvs
All Maps,G2,2,2 (2),1 (0),7 (4),13 (7),428002,VCT 2025 Americas Kickoff_csvs
All Maps,SEN,0,4 (0),1 (0),5 (3),13 (7),428002,VCT 2025 Americas Kickoff_csvs
Lotus,C9,0,4 (0),0 (0),5 (1),10 (5),459517,VCT 2025 Americas Stage 1_csvs
Lotus,NRG,2,2 (2),0 (0),8 (6),9 (5),459517,VCT 2025 Americas Stage 1_csvs
Fracture,C9,1,3 (2),0 (0),3 (3),12 (8),459517,VCT 2025 Americas Stage 1_csvs
Fracture,NRG,1,3 (1),1 (0),8 (3),6 (1),459517,VCT 2025 Americas Stage 1_csvs
All Maps,C9,2,2 (2),2 (0),6 (4),12 (7),459517,VCT 2025 Americas Stage 1_csvs
All Maps,NRG,0,3 (0),3 (1),7 (5),9 (3),459517,VCT 2025 Americas Stage 1_csvs
Fracture,KRÜ,0,3 (0),2 (1),5 (2),6 (0),459518,VCT 2025 Americas Stage 1_csvs
Fracture,LOUD,2,3 (2),0 (0),2 (1),11 (10),459518,VCT 2025 Americas Stage 1_csvs
Haven,KRÜ,2,2 (2),0 (0),5 (4),8 (7),459518,VCT 2025 Americas Stage 1_csvs
Haven,LOUD,0,3 (0),3 (0),3 (1),6 (1),459518,VCT 2025 Americas Stage 1_csvs
All Maps,KRÜ,2,4 (2),2 (1),6 (3),11 (7),459518,VCT 2025 Americas Stage 1_csvs
All Maps,LOUD,0,4 (1),2 (0),4 (2),13 (7),459518,VCT 2025 Americas Stage 1_csvs
Lotus,G2,1,3 (1),3 (0),4 (4),13 (8),459519,VCT 2025 Americas Stage 1_csvs
Lotus,FUR,1,3 (1),2 (0),6 (2),12 (7),459519,VCT 2025 Americas Stage 1_csvs
Ascent,G2,2,3 (2),1 (1),5 (2),11 (8),459519,VCT 2025 Americas Stage 1_csvs
Ascent,FUR,0,4 (1),0 (0),5 (3),11 (3),459519,VCT 2025 Americas Stage 1_csvs
All Maps,G2,3,6 (3),4 (1),9 (6),24 (16),459519,VCT 2025 Americas Stage 1_csvs
All Maps,FUR,1,7 (2),2 (0),11 (5),23 (10),459519,VCT 2025 Americas Stage 1_csvs
Split,MIBR,2,2 (2),0 (0),6 (3),12 (8),459520,VCT 2025 Americas Stage 1_csvs
Split,LEV,0,4 (0),2 (0),2 (0),12 (7),459520,VCT 2025 Americas Stage 1_csvs
Icebox,MIBR,2,2 (2),1 (0),5 (3),13 (8),459520,VCT 2025 Americas Stage 1_csvs
Icebox,LEV,0,4 (0),1 (0),3 (0),13 (8),459520,VCT 2025 Americas Stage 1_csvs
All Maps,MIBR,4,4 (4),1 (0),11 (6),25 (16),459520,VCT 2025 Americas Stage 1_csvs
All Maps,LEV,0,8 (0),3 (0),5 (0),25 (15),459520,VCT 2025 Americas Stage 1_csvs
Haven,2G,1,4 (1),1 (0),4 (1),15 (9),459521,VCT 2025 Americas Stage 1_csvs
Haven,EG,1,3 (2),2 (0),6 (3),13 (8),459521,VCT 2025 Americas Stage 1_csvs
Lotus,2G,0,4 (1),1 (0),4 (1),12 (6),459521,VCT 2025 Americas Stage 1_csvs
Lotus,EG,2,2 (2),2 (0),4 (3),13 (8),459521,VCT 2025 Americas Stage 1_csvs
All Maps,2G,1,8 (2),2 (0),8 (2),27 (15),459521,VCT 2025 Americas Stage 1_csvs
All Maps,EG,3,5 (4),4 (0),10 (6),26 (16),459521,VCT 2025 Americas Stage 1_csvs
Pearl,SEN,2,3 (2),0 (0),4 (2),11 (9),459522,VCT 2025 Americas Stage 1_csvs
Pearl,100T,0,4 (1),2 (0),3 (1),9 (3),459522,VCT 2025 Americas Stage 1_csvs
Haven,SEN,0,4 (0),1 (0),3 (1),14 (8),459522,VCT 2025 Americas Stage 1_csvs
Haven,100T,2,2 (2),0 (0),4 (3),16 (8),459522,VCT 2025 Americas Stage 1_csvs
All Maps,SEN,2,2 (2),0 (0),3 (3),9 (8),459522,VCT 2025 Americas Stage 1_csvs
All Maps,100T,0,3 (0),3 (0),3 (0),5 (1),459522,VCT 2025 Americas Stage 1_csvs
Lotus,NRG,0,4 (0),1 (0),3 (2),15 (8),459523,VCT 2025 Americas Stage 1_csvs
Lotus,FUR,2,2 (2),1 (0),10 (6),10 (5),459523,VCT 2025 Americas Stage 1_csvs
Pearl,NRG,2,2 (2),0 (0),4 (4),9 (7),459523,VCT 2025 Americas Stage 1_csvs
Pearl,FUR,0,3 (0),1 (0),9 (2),2 (0),459523,VCT 2025 Americas Stage 1_csvs
All Maps,NRG,1,3 (1),0 (0),3 (3),11 (9),459523,VCT 2025 Americas Stage 1_csvs
All Maps,FUR,1,3 (1),0 (0),12 (3),2 (0),459523,VCT 2025 Americas Stage 1_csvs
Lotus,SEN,1,3 (1),1 (1),4 (2),12 (3),459524,VCT 2025 Americas Stage 1_csvs
Lotus,KRÜ,1,3 (1),1 (0),2 (1),14 (11),459524,VCT 2025 Americas Stage 1_csvs
Icebox,SEN,0,4 (0),1 (0),3 (0),13 (8),459524,VCT 2025 Americas Stage 1_csvs
Icebox,KRÜ,2,2 (2),1 (0),6 (4),12 (7),459524,VCT 2025 Americas Stage 1_csvs
y,SEN,1,7 (1),2 (1),7 (2),25 (11),459524,VCT 2025 Americas Stage 1_csvs
y,KRÜ,3,5 (3),2 (0),8 (5),26 (18),459524,VCT 2025 Americas Stage 1_csvs
Fracture,100T,0,4 (1),2 (2),0 (0),17 (10),459525,VCT 2025 Americas Stage 1_csvs
Fracture,EG,2,2 (2),2 (1),10 (4),9 (3),459525,VCT 2025 Americas Stage 1_csvs
Haven,100T,2,2 (2),1 (0),6 (3),11 (8),459525,VCT 2025 Americas Stage 1_csvs
Haven,EG,0,4 (0),2 (0),6 (3),8 (4),459525,VCT 2025 Americas Stage 1_csvs
All Maps,100T,2,6 (3),3 (2),6 (3),28 (18),459525,VCT 2025 Americas Stage 1_csvs
All Maps,EG,2,6 (2),4 (1),16 (7),17 (7),459525,VCT 2025 Americas Stage 1_csvs
Pearl,G2,1,3 (1),1 (1),5 (3),17 (7),459526,VCT 2025 Americas Stage 1_csvs
Pearl,MIBR,1,3 (1),1 (0),9 (5),13 (8),459526,VCT 2025 Americas Stage 1_csvs
Haven,G2,1,2 (1),1 (0),9 (5),12 (7),459526,VCT 2025 Americas Stage 1_csvs
Haven,MIBR,1,3 (1),1 (0),5 (3),15 (7),459526,VCT 2025 Americas Stage 1_csvs
All Maps,G2,2,2 (2),1 (0),8 (5),10 (6),459526,VCT 2025 Americas Stage 1_csvs
All Maps,MIBR,0,3 (0),2 (1),5 (0),11 (7),459526,VCT 2025 Americas Stage 1_csvs
Lotus,LOUD,1,3 (1),1 (0),5 (4),17 (7),459527,VCT 2025 Americas Stage 1_csvs
Lotus,2G,1,3 (1),1 (0),3 (1),19 (12),459527,VCT 2025 Americas Stage 1_csvs
Pearl,LOUD,0,4 (0),2 (1),2 (1),16 (9),459527,VCT 2025 Americas Stage 1_csvs
Pearl,2G,2,2 (2),6 (1),3 (3),13 (7),459527,VCT 2025 Americas Stage 1_csvs
All Maps,LOUD,1,7 (1),3 (1),7 (5),33 (16),459527,VCT 2025 Americas Stage 1_csvs
All Maps,2G,3,5 (3),7 (1),6 (4),32 (19),459527,VCT 2025 Americas Stage 1_csvs
Split,LEV,1,3 (1),3 (0),5 (3),10 (4),459528,VCT 2025 Americas Stage 1_csvs
Split,C9,1,3 (1),0 (0),4 (3),14 (9),459528,VCT 2025 Americas Stage 1_csvs
Ascent,LEV,0,3 (0),4 (1),3 (1),6 (1),459528,VCT 2025 Americas Stage 1_csvs
Ascent,C9,2,3 (2),0 (0),3 (2),10 (9),459528,VCT 2025 Americas Stage 1_csvs
All Maps,LEV,1,6 (1),7 (1),8 (4),16 (5),459528,VCT 2025 Americas Stage 1_csvs
All Maps,C9,3,6 (3),0 (0),7 (5),24 (18),459528,VCT 2025 Americas Stage 1_csvs
Haven,EG,1,3 (1),2 (1),6 (1),6 (1),459529,VCT 2025 Americas Stage 1_csvs
Haven,SEN,1,3 (1),0 (0),1 (1),13 (11),459529,VCT 2025 Americas Stage 1_csvs
Pearl,EG,0,5 (0),1 (0),6 (3),7 (3),459529,VCT 2025 Americas Stage 1_csvs
Pearl,SEN,2,2 (2),0 (0),8 (5),9 (6),459529,VCT 2025 Americas Stage 1_csvs
All Maps,EG,1,8 (1),3 (1),12 (4),13 (4),459529,VCT 2025 Americas Stage 1_csvs
All Maps,SEN,3,5 (3),0 (0),9 (6),22 (17),459529,VCT 2025 Americas Stage 1_csvs
Haven,100T,0,4 (0),0 (0),6 (4),9 (2),459530,VCT 2025 Americas Stage 1_csvs
Haven,LOUD,2,2 (2),0 (0),4 (4),13 (7),459530,VCT 2025 Americas Stage 1_csvs
Icebox,100T,2,3 (2),3 (1),3 (1),15 (9),459530,VCT 2025 Americas Stage 1_csvs
Icebox,LOUD,0,4 (1),1 (0),5 (0),14 (10),459530,VCT 2025 Americas Stage 1_csvs
All Maps,100T,0,4 (0),1 (0),1 (1),15 (12),459530,VCT 2025 Americas Stage 1_csvs
All Maps,LOUD,2,2 (2),1 (0),10 (3),8 (3),459530,VCT 2025 Americas Stage 1_csvs
Icebox,2G,1,3 (1),2 (0),5 (2),9 (3),459531,VCT 2025 Americas Stage 1_csvs
Icebox,KRÜ,1,3 (1),1 (1),1 (1),14 (10),459531,VCT 2025 Americas Stage 1_csvs
Ascent,2G,2,2 (2),0 (0),4 (3),13 (8),459531,VCT 2025 Americas Stage 1_csvs
Ascent,KRÜ,0,4 (0),0 (0),5 (1),10 (5),459531,VCT 2025 Americas Stage 1_csvs
All Maps,2G,1,3 (1),2 (0),5 (2),9 (3),459531,VCT 2025 Americas Stage 1_csvs
All Maps,KRÜ,1,3 (1),1 (0),4 (3),11 (9),459531,VCT 2025 Americas Stage 1_csvs
Lotus,G2,2,2 (2),0 (0),3 (3),9 (8),459532,VCT 2025 Americas Stage 1_csvs
Lotus,NRG,0,3 (0),2 (0),3 (0),6 (1),459532,VCT 2025 Americas Stage 1_csvs
Ascent,G2,1,2 (1),2 (0),6 (5),9 (7),459532,VCT 2025 Americas Stage 1_csvs
Ascent,NRG,1,3 (1),3 (0),5 (2),8 (3),459532,VCT 2025 Americas Stage 1_csvs
All Maps,G2,3,4 (3),2 (0),9 (8),18 (15),459532,VCT 2025 Americas Stage 1_csvs
All Maps,NRG,1,6 (1),5 (0),8 (2),14 (4),459532,VCT 2025 Americas Stage 1_csvs
Ascent,FUR,0,4 (0),1 (0),2 (1),10 (3),459533,VCT 2025 Americas Stage 1_csvs
Ascent,LEV,2,3 (2),0 (0),5 (5),9 (6),459533,VCT 2025 Americas Stage 1_csvs
Pearl,FUR,0,5 (0),0 (0),11 (3),2 (2),459533,VCT 2025 Americas Stage 1_csvs
Pearl,LEV,2,2 (2),1 (1),5 (4),10 (6),459533,VCT 2025 Americas Stage 1_csvs
All Maps,FUR,0,9 (0),1 (0),13 (4),12 (5),459533,VCT 2025 Americas Stage 1_csvs
All Maps,LEV,4,5 (4),1 (1),10 (9),19 (12),459533,VCT 2025 Americas Stage 1_csvs
Pearl,C9,1,3 (1),1 (0),2 (2),16 (10),459534,VCT 2025 Americas Stage 1_csvs
Pearl,MIBR,1,3 (1),2 (1),7 (3),10 (4),459534,VCT 2025 Americas Stage 1_csvs
Lotus,C9,1,3 (1),0 (0),8 (4),17 (8),459534,VCT 2025 Americas Stage 1_csvs
Lotus,MIBR,1,3 (1),0 (0),10 (4),15 (10),459534,VCT 2025 Americas Stage 1_csvs
All Maps,C9,1,2 (1),1 (0),7 (2),14 (8),459534,VCT 2025 Americas Stage 1_csvs
All Maps,MIBR,1,2 (1),2 (0),9 (5),11 (7),459534,VCT 2025 Americas Stage 1_csvs
Ascent,100T,1,4 (1),4 (2),3 (0),17 (12),459535,VCT 2025 Americas Stage 1_csvs
Ascent,2G,1,3 (2),2 (0),3 (2),20 (9),459535,VCT 2025 Americas Stage 1_csvs
Icebox,100T,0,4 (1),1 (1),0 (0),14 (11),459535,VCT 2025 Americas Stage 1_csvs
Icebox,2G,2,2 (2),3 (0),6 (3),8 (1),459535,VCT 2025 Americas Stage 1_csvs
All Maps,100T,1,8 (2),5 (3),3 (0),31 (23),459535,VCT 2025 Americas Stage 1_csvs
All Maps,2G,3,5 (4),5 (0),9 (5),28 (10),459535,VCT 2025 Americas Stage 1_csvs
Lotus,G2,0,3 (0),0 (0),7 (5),13 (8),459536,VCT 2025 Americas Stage 1_csvs
Lotus,LEV,2,3 (2),1 (0),4 (1),15 (7),459536,VCT 2025 Americas Stage 1_csvs
Fracture,G2,2,2 (2),3 (2),8 (4),11 (3),459536,VCT 2025 Americas Stage 1_csvs
Fracture,LEV,0,4 (1),2 (0),1 (1),17 (11),459536,VCT 2025 Americas Stage 1_csvs
All Maps,G2,0,4 (0),1 (0),1 (1),14 (12),459536,VCT 2025 Americas Stage 1_csvs
All Maps,LEV,2,2 (2),3 (0),7 (2),8 (3),459536,VCT 2025 Americas Stage 1_csvs
Lotus,FUR,1,3 (1),0 (0),9 (4),18 (9),459537,VCT 2025 Americas Stage 1_csvs
Lotus,C9,1,3 (1),1 (0),6 (1),20 (14),459537,VCT 2025 Americas Stage 1_csvs
Pearl,FUR,0,3 (0),2 (0),8 (1),1 (0),459537,VCT 2025 Americas Stage 1_csvs
Pearl,C9,2,2 (2),0 (0),3 (3),9 (8),459537,VCT 2025 Americas Stage 1_csvs
All Maps,FUR,1,6 (1),2 (0),17 (5),19 (9),459537,VCT 2025 Americas Stage 1_csvs
All Maps,C9,3,5 (3),1 (0),9 (4),29 (22),459537,VCT 2025 Americas Stage 1_csvs
Split,SEN,1,3 (2),0 (0),5 (3),15 (8),459538,VCT 2025 Americas Stage 1_csvs
Split,LOUD,1,4 (1),2 (1),3 (1),14 (7),459538,VCT 2025 Americas Stage 1_csvs
Lotus,SEN,1,4 (2),1 (0),3 (1),16 (8),459538,VCT 2025 Americas Stage 1_csvs
Lotus,LOUD,1,3 (1),2 (0),1 (1),18 (11),459538,VCT 2025 Americas Stage 1_csvs
All Maps,SEN,1,3 (2),1 (0),3 (2),11 (9),459538,VCT 2025 Americas Stage 1_csvs
All Maps,LOUD,1,3 (1),4 (1),2 (0),9 (3),459538,VCT 2025 Americas Stage 1_csvs
Lotus,KRÜ,1,3 (1),1 (0),7 (2),6 (1),459539,VCT 2025 Americas Stage 1_csvs
Lotus,EG,1,3 (2),0 (0),2 (1),12 (10),459539,VCT 2025 Americas Stage 1_csvs
Pearl,KRÜ,1,3 (1),3 (0),6 (3),8 (3),459539,VCT 2025 Americas Stage 1_csvs
Pearl,EG,1,3 (1),2 (1),5 (5),10 (6),459539,VCT 2025 Americas Stage 1_csvs
All Maps,KRÜ,2,6 (2),4 (0),13 (5),14 (4),459539,VCT 2025 Americas Stage 1_csvs
All Maps,EG,2,6 (3),2 (1),7 (6),22 (16),459539,VCT 2025 Americas Stage 1_csvs
Haven,NRG,1,3 (1),0 (0),5 (2),11 (3),459540,VCT 2025 Americas Stage 1_csvs
Haven,MIBR,1,3 (1),1 (0),3 (3),12 (9),459540,VCT 2025 Americas Stage 1_csvs
Icebox,NRG,2,2 (2),1 (0),10 (3),5 (0),459540,VCT 2025 Americas Stage 1_csvs
Icebox,MIBR,0,4 (1),0 (0),0 (0),14 (12),459540,VCT 2025 Americas Stage 1_csvs
All Maps,NRG,3,5 (3),1 (0),15 (5),16 (3),459540,VCT 2025 Americas Stage 1_csvs
All Maps,MIBR,1,7 (2),1 (0),3 (3),26 (21),459540,VCT 2025 Americas Stage 1_csvs
Icebox,G2,1,3 (1),1 (1),2 (2),12 (9),459541,VCT 2025 Americas Stage 1_csvs
Icebox,C9,1,3 (1),2 (0),6 (2),7 (2),459541,VCT 2025 Americas Stage 1_csvs
Haven,G2,0,3 (0),3 (1),5 (1),6 (2),459541,VCT 2025 Americas Stage 1_csvs
Haven,C9,2,2 (2),0 (0),5 (4),10 (7),459541,VCT 2025 Americas Stage 1_csvs
All Maps,G2,2,2 (2),3 (1),7 (4),12 (6),459541,VCT 2025 Americas Stage 1_csvs
All Maps,C9,0,4 (0),2 (1),1 (1),17 (9),459541,VCT 2025 Americas Stage 1_csvs
Icebox,MIBR,2,2 (2),0 (0),5 (3),9 (8),459542,VCT 2025 Americas Stage 1_csvs
Icebox,FUR,0,4 (0),0 (0),5 (0),7 (3),459542,VCT 2025 Americas Stage 1_csvs
Ascent,MIBR,2,2 (2),0 (0),9 (2),11 (5),459542,VCT 2025 Americas Stage 1_csvs
Ascent,FUR,0,4 (0),1 (0),5 (3),12 (10),459542,VCT 2025 Americas Stage 1_csvs
All Maps,MIBR,1,3 (2),0 (0),5 (4),13 (7),459542,VCT 2025 Americas Stage 1_csvs
All Maps,FUR,1,3 (1),3 (0),5 (2),10 (5),459542,VCT 2025 Americas Stage 1_csvs
Haven,SEN,1,3 (1),0 (0),2 (1),12 (11),459543,VCT 2025 Americas Stage 1_csvs
Haven,2G,1,3 (1),2 (0),6 (1),6 (2),459543,VCT 2025 Americas Stage 1_csvs
Pearl,SEN,2,2 (2),1 (1),8 (7),7 (3),459543,VCT 2025 Americas Stage 1_csvs
Pearl,2G,0,4 (0),0 (0),4 (1),10 (4),459543,VCT 2025 Americas Stage 1_csvs
ban,SEN,3,5 (3),1 (1),10 (8),19 (14),459543,VCT 2025 Americas Stage 1_csvs
ban,2G,1,7 (1),2 (0),10 (2),16 (6),459543,VCT 2025 Americas Stage 1_csvs
Fracture,KRÜ,1,3 (1),1 (0),4 (4),15 (8),459544,VCT 2025 Americas Stage 1_csvs
Fracture,100T,1,3 (1),1 (0),5 (1),14 (8),459544,VCT 2025 Americas Stage 1_csvs
Icebox,KRÜ,1,3 (1),1 (1),4 (2),14 (9),459544,VCT 2025 Americas Stage 1_csvs
Icebox,100T,1,3 (2),3 (1),6 (2),10 (4),459544,VCT 2025 Americas Stage 1_csvs
All Maps,KRÜ,2,6 (2),2 (1),8 (6),29 (17),459544,VCT 2025 Americas Stage 1_csvs
All Maps,100T,2,6 (3),4 (1),11 (3),24 (12),459544,VCT 2025 Americas Stage 1_csvs
Lotus,EG,1,4 (1),2 (1),9 (4),9 (5),459545,VCT 2025 Americas Stage 1_csvs
Lotus,LOUD,1,3 (1),3 (1),2 (2),16 (9),459545,VCT 2025 Americas Stage 1_csvs
Pearl,EG,0,4 (0),4 (3),3 (2),15 (9),459545,VCT 2025 Americas Stage 1_csvs
Pearl,LOUD,2,2 (2),1 (0),7 (3),16 (7),459545,VCT 2025 Americas Stage 1_csvs
All Maps,EG,1,3 (1),3 (1),5 (3),13 (8),459545,VCT 2025 Americas Stage 1_csvs
All Maps,LOUD,1,3 (1),0 (0),6 (3),15 (7),459545,VCT 2025 Americas Stage 1_csvs
Fracture,LEV,0,4 (0),0 (0),0 (0),24 (13),459546,VCT 2025 Americas Stage 1_csvs
Fracture,NRG,2,2 (2),0 (0),12 (6),14 (7),459546,VCT 2025 Americas Stage 1_csvs
Icebox,LEV,0,4 (0),1 (0),4 (2),12 (6),459546,VCT 2025 Americas Stage 1_csvs
Icebox,NRG,2,2 (2),1 (0),6 (4),12 (7),459546,VCT 2025 Americas Stage 1_csvs
All Maps,LEV,0,8 (0),1 (0),4 (2),36 (19),459546,VCT 2025 Americas Stage 1_csvs
All Maps,NRG,4,4 (4),1 (0),18 (10),26 (14),459546,VCT 2025 Americas Stage 1_csvs
Split,MIBR,2,2 (2),1 (0),3 (2),17 (9),475897,VCT 2025 Americas Stage 1_csvs
Split,100T,0,4 (0),3 (1),2 (1),14 (8),475897,VCT 2025 Americas Stage 1_csvs
Icebox,MIBR,1,3 (2),0 (0),3 (3),11 (8),475897,VCT 2025 Americas Stage 1_csvs
Icebox,100T,1,4 (1),2 (1),5 (1),6 (1),475897,VCT 2025 Americas Stage 1_csvs
All Maps,MIBR,3,5 (4),1 (0),6 (5),28 (17),475897,VCT 2025 Americas Stage 1_csvs
All Maps,100T,1,8 (1),5 (2),7 (2),20 (9),475897,VCT 2025 Americas Stage 1_csvs
Ascent,SEN,1,3 (2),1 (1),4 (1),14 (9),475898,VCT 2025 Americas Stage 1_csvs
Ascent,C9,1,2 (1),3 (0),7 (3),10 (5),475898,VCT 2025 Americas Stage 1_csvs
Pearl,SEN,1,3 (1),1 (1),5 (3),13 (8),475898,VCT 2025 Americas Stage 1_csvs
Pearl,C9,1,3 (1),2 (0),5 (1),12 (7),475898,VCT 2025 Americas Stage 1_csvs
icebox,SEN,2,6 (3),2 (2),9 (4),27 (17),475898,VCT 2025 Americas Stage 1_csvs
icebox,C9,2,5 (2),5 (0),12 (4),22 (12),475898,VCT 2025 Americas Stage 1_csvs
Fracture,100T,2,2 (2),0 (0),6 (5),10 (6),475903,VCT 2025 Americas Stage 1_csvs
Fracture,NRG,0,4 (0),1 (0),6 (2),7 (3),475903,VCT 2025 Americas Stage 1_csvs
Haven,100T,1,3 (1),2 (0),5 (3),14 (9),475903,VCT 2025 Americas Stage 1_csvs
Haven,NRG,1,3 (1),0 (0),7 (3),14 (7),475903,VCT 2025 Americas Stage 1_csvs
All Maps,100T,3,5 (3),2 (0),11 (8),24 (15),475903,VCT 2025 Americas Stage 1_csvs
All Maps,NRG,1,7 (1),1 (0),13 (5),21 (10),475903,VCT 2025 Americas Stage 1_csvs
Fracture,C9,1,3 (2),1 (0),9 (3),9 (4),475904,VCT 2025 Americas Stage 1_csvs
Fracture,EG,1,3 (1),1 (1),3 (0),15 (11),475904,VCT 2025 Americas Stage 1_csvs
Icebox,C9,1,3 (1),4 (0),4 (4),17 (8),475904,VCT 2025 Americas Stage 1_csvs
Icebox,EG,1,3 (1),3 (1),5 (2),17 (11),475904,VCT 2025 Americas Stage 1_csvs
All Maps,C9,2,6 (3),5 (0),13 (7),26 (12),475904,VCT 2025 Americas Stage 1_csvs
All Maps,EG,2,6 (2),4 (2),8 (2),32 (22),475904,VCT 2025 Americas Stage 1_csvs
Lotus,KRÜ,0,4 (0),0 (0),5 (3),12 (5),475899,VCT 2025 Americas Stage 1_csvs
Lotus,MIBR,2,2 (2),2 (2),7 (4),10 (5),475899,VCT 2025 Americas Stage 1_csvs
Icebox,KRÜ,1,3 (1),1 (1),2 (1),12 (2),475899,VCT 2025 Americas Stage 1_csvs
Icebox,MIBR,1,3 (1),0 (0),2 (2),13 (10),475899,VCT 2025 Americas Stage 1_csvs
All Maps,KRÜ,1,7 (1),1 (1),7 (4),24 (7),475899,VCT 2025 Americas Stage 1_csvs
All Maps,MIBR,3,5 (3),2 (2),9 (6),23 (15),475899,VCT 2025 Americas Stage 1_csvs
Split,G2,1,2 (1),1 (0),4 (2),11 (10),475900,VCT 2025 Americas Stage 1_csvs
Split,SEN,1,3 (1),0 (0),8 (3),7 (1),475900,VCT 2025 Americas Stage 1_csvs
Icebox,G2,2,2 (2),2 (0),9 (4),11 (5),475900,VCT 2025 Americas Stage 1_csvs
Icebox,SEN,0,4 (0),0 (0),2 (2),18 (11),475900,VCT 2025 Americas Stage 1_csvs
Lotus,G2,0,2 (0),0 (0),8 (4),14 (7),475900,VCT 2025 Americas Stage 1_csvs
Lotus,SEN,2,4 (2),1 (0),4 (0),15 (11),475900,VCT 2025 Americas Stage 1_csvs
Pearl,G2,3,6 (3),3 (0),21 (10),36 (22),475900,VCT 2025 Americas Stage 1_csvs
Pearl,SEN,3,11 (3),1 (0),14 (5),40 (23),475900,VCT 2025 Americas Stage 1_csvs
Lotus,KRÜ,2,2 (2),2 (1),7 (4),15 (5),475906,VCT 2025 Americas Stage 1_csvs
Lotus,EG,0,4 (0),2 (1),1 (1),19 (12),475906,VCT 2025 Americas Stage 1_csvs
Icebox,KRÜ,1,3 (1),2 (1),5 (1),14 (8),475906,VCT 2025 Americas Stage 1_csvs
Icebox,EG,1,4 (1),2 (1),4 (2),14 (9),475906,VCT 2025 Americas Stage 1_csvs
All Maps,KRÜ,3,5 (3),4 (2),12 (5),29 (13),475906,VCT 2025 Americas Stage 1_csvs
All Maps,EG,1,8 (1),4 (2),5 (3),33 (21),475906,VCT 2025 Americas Stage 1_csvs
Haven,G2,1,2 (1),0 (0),6 (5),9 (7),475905,VCT 2025 Americas Stage 1_csvs
Haven,100T,1,3 (1),3 (0),5 (0),6 (3),475905,VCT 2025 Americas Stage 1_csvs
Split,G2,0,4 (0),1 (0),2 (1),19 (11),475905,VCT 2025 Americas Stage 1_csvs
Split,100T,2,2 (2),1 (0),10 (6),13 (6),475905,VCT 2025 Americas Stage 1_csvs
Lotus,G2,1,3 (1),3 (2),4 (1),20 (12),475905,VCT 2025 Americas Stage 1_csvs
Lotus,100T,1,3 (1),3 (0),3 (2),21 (11),475905,VCT 2025 Americas Stage 1_csvs
SPLIT,G2,2,9 (2),4 (2),12 (7),48 (30),475905,VCT 2025 Americas Stage 1_csvs
SPLIT,100T,4,8 (4),7 (0),18 (8),40 (20),475905,VCT 2025 Americas Stage 1_csvs
Lotus,MIBR,1,3 (1),0 (0),8 (3),9 (3),475901,VCT 2025 Americas Stage 1_csvs
Lotus,SEN,1,3 (1),0 (0),3 (3),14 (9),475901,VCT 2025 Americas Stage 1_csvs
Split,MIBR,1,3 (2),1 (0),7 (4),13 (5),475901,VCT 2025 Americas Stage 1_csvs
Split,SEN,1,3 (1),1 (0),6 (2),14 (10),475901,VCT 2025 Americas Stage 1_csvs
haven,MIBR,2,6 (3),1 (0),15 (7),22 (8),475901,VCT 2025 Americas Stage 1_csvs
haven,SEN,2,6 (2),1 (0),9 (5),28 (19),475901,VCT 2025 Americas Stage 1_csvs
Lotus,G2,0,3 (0),0 (0),8 (3),11 (6),475907,VCT 2025 Americas Stage 1_csvs
Lotus,EG,2,3 (3),2 (0),4 (2),13 (8),475907,VCT 2025 Americas Stage 1_csvs
Split,G2,1,2 (1),1 (1),5 (2),12 (9),475907,VCT 2025 Americas Stage 1_csvs
Split,EG,1,2 (1),3 (0),7 (4),8 (2),475907,VCT 2025 Americas Stage 1_csvs
instead,G2,1,4 (1),1 (1),6 (2),13 (9),475907,VCT 2025 Americas Stage 1_csvs
instead,EG,1,4 (1),3 (0),5 (3),12 (7),475907,VCT 2025 Americas Stage 1_csvs
All Maps,G2,2,9 (2),2 (2),19 (7),36 (24),475907,VCT 2025 Americas Stage 1_csvs
All Maps,EG,4,9 (5),8 (0),16 (9),33 (17),475907,VCT 2025 Americas Stage 1_csvs
Haven,MIBR,2,2 (2),0 (0),8 (6),13 (5),475908,VCT 2025 Americas Stage 1_csvs
Haven,G2,0,3 (0),4 (2),3 (1),13 (7),475908,VCT 2025 Americas Stage 1_csvs
Lotus,MIBR,1,3 (1),2 (0),5 (2),18 (10),475908,VCT 2025 Americas Stage 1_csvs
Lotus,G2,1,2 (1),2 (1),5 (1),19 (12),475908,VCT 2025 Americas Stage 1_csvs
Split,MIBR,1,3 (1),3 (3),6 (2),11 (4),475908,VCT 2025 Americas Stage 1_csvs
Split,G2,1,3 (1),0 (0),2 (1),18 (11),475908,VCT 2025 Americas Stage 1_csvs
Ascent,MIBR,0,4 (0),2 (1),5 (2),10 (5),475908,VCT 2025 Americas Stage 1_csvs
Ascent,G2,2,2 (2),2 (2),8 (4),9 (5),475908,VCT 2025 Americas Stage 1_csvs
All Maps,MIBR,4,12 (4),7 (4),24 (12),52 (24),475908,VCT 2025 Americas Stage 1_csvs
All Maps,G2,4,10 (4),8 (5),18 (7),59 (35),475908,VCT 2025 Americas Stage 1_csvs
Haven,SEN,0,4 (0),0 (0),4 (1),14 (8),475902,VCT 2025 Americas Stage 1_csvs
Haven,G2,2,2 (2),2 (0),8 (5),10 (6),475902,VCT 2025 Americas Stage 1_csvs
Split,SEN,2,2 (2),2 (0),8 (2),10 (5),475902,VCT 2025 Americas Stage 1_csvs
Split,G2,0,4 (1),1 (0),4 (2),13 (10),475902,VCT 2025 Americas Stage 1_csvs
Pearl,SEN,1,3 (2),2 (0),5 (3),13 (8),475902,VCT 2025 Americas Stage 1_csvs
Pearl,G2,1,3 (1),2 (1),5 (2),13 (6),475902,VCT 2025 Americas Stage 1_csvs
Ascent,SEN,0,4 (0),1 (0),5 (3),13 (7),475902,VCT 2025 Americas Stage 1_csvs
Ascent,G2,2,2 (2),0 (0),9 (3),12 (8),475902,VCT 2025 Americas Stage 1_csvs
it,SEN,3,13 (4),5 (0),22 (9),50 (28),475902,VCT 2025 Americas Stage 1_csvs
it,G2,5,11 (6),5 (1),26 (12),48 (30),475902,VCT 2025 Americas Stage 1_csvs
Haven,C9,1,2 (1),0 (0),4 (4),12 (8),509801,VCT 2025 Americas Stage 2_csvs
Haven,FUR,1,4 (1),1 (0),6 (3),7 (1),509801,VCT 2025 Americas Stage 2_csvs
Bind,C9,2,2 (2),0 (0),3 (2),12 (9),509801,VCT 2025 Americas Stage 2_csvs
Bind,FUR,0,3 (0),2 (0),6 (3),6 (1),509801,VCT 2025 Americas Stage 2_csvs
Sunset,C9,3,4 (3),0 (0),7 (6),24 (17),509801,VCT 2025 Americas Stage 2_csvs
Sunset,FUR,1,7 (1),3 (0),12 (6),13 (2),509801,VCT 2025 Americas Stage 2_csvs
Bind,LEV,2,2 (2),2 (1),5 (3),14 (7),509802,VCT 2025 Americas Stage 2_csvs
Bind,LOUD,0,4 (1),0 (0),3 (1),16 (8),509802,VCT 2025 Americas Stage 2_csvs
Ascent,LEV,0,4 (0),1 (0),3 (2),15 (8),509802,VCT 2025 Americas Stage 2_csvs
Ascent,LOUD,2,2 (2),2 (1),5 (2),14 (8),509802,VCT 2025 Americas Stage 2_csvs
All Maps,LEV,2,2 (2),2 (0),7 (4),13 (5),509802,VCT 2025 Americas Stage 2_csvs
All Maps,LOUD,0,4 (1),1 (1),2 (0),17 (11),509802,VCT 2025 Americas Stage 2_csvs
Sunset,EG,1,4 (1),0 (0),8 (5),8 (1),509803,VCT 2025 Americas Stage 2_csvs
Sunset,2G,1,3 (1),1 (1),2 (2),14 (9),509803,VCT 2025 Americas Stage 2_csvs
Lotus,EG,2,2 (2),0 (0),7 (5),15 (6),509803,VCT 2025 Americas Stage 2_csvs
Lotus,2G,0,3 (0),2 (0),5 (3),14 (8),509803,VCT 2025 Americas Stage 2_csvs
All Maps,EG,0,4 (0),2 (2),1 (1),15 (10),509803,VCT 2025 Americas Stage 2_csvs
All Maps,2G,2,2 (2),0 (0),9 (4),11 (3),509803,VCT 2025 Americas Stage 2_csvs
Corrode,MIBR,2,2 (2),1 (0),7 (5),12 (6),509804,VCT 2025 Americas Stage 2_csvs
Corrode,KRÜ,0,4 (0),0 (0),3 (0),15 (9),509804,VCT 2025 Americas Stage 2_csvs
Ascent,MIBR,0,3 (0),1 (0),5 (0),5 (1),509804,VCT 2025 Americas Stage 2_csvs
Ascent,KRÜ,2,2 (2),0 (0),3 (3),9 (8),509804,VCT 2025 Americas Stage 2_csvs
All Maps,MIBR,0,4 (0),2 (1),5 (3),11 (5),509804,VCT 2025 Americas Stage 2_csvs
All Maps,KRÜ,2,2 (2),2 (2),5 (3),13 (6),509804,VCT 2025 Americas Stage 2_csvs
Bind,100T,1,3 (1),2 (0),4 (3),14 (9),509805,VCT 2025 Americas Stage 2_csvs
Bind,NRG,1,3 (1),1 (0),4 (2),15 (7),509805,VCT 2025 Americas Stage 2_csvs
Sunset,100T,1,3 (1),0 (0),3 (3),11 (9),509805,VCT 2025 Americas Stage 2_csvs
Sunset,NRG,1,3 (1),1 (0),10 (2),3 (1),509805,VCT 2025 Americas Stage 2_csvs
All Maps,100T,2,6 (2),2 (0),7 (6),25 (18),509805,VCT 2025 Americas Stage 2_csvs
All Maps,NRG,2,6 (2),2 (0),14 (4),18 (8),509805,VCT 2025 Americas Stage 2_csvs
Corrode,SEN,1,3 (1),0 (0),6 (3),12 (9),509806,VCT 2025 Americas Stage 2_csvs
Corrode,G2,1,4 (1),2 (0),4 (2),11 (5),509806,VCT 2025 Americas Stage 2_csvs
Ascent,SEN,0,4 (0),2 (0),3 (2),10 (4),509806,VCT 2025 Americas Stage 2_csvs
Ascent,G2,2,2 (2),1 (1),5 (3),11 (7),509806,VCT 2025 Americas Stage 2_csvs
Icebox,SEN,0,4 (0),2 (1),1 (0),19 (13),509806,VCT 2025 Americas Stage 2_csvs
Icebox,G2,2,2 (2),2 (1),7 (4),15 (5),509806,VCT 2025 Americas Stage 2_csvs
Haven,SEN,1,11 (1),4 (1),10 (5),41 (26),509806,VCT 2025 Americas Stage 2_csvs
Haven,G2,5,8 (5),5 (2),16 (9),37 (17),509806,VCT 2025 Americas Stage 2_csvs
Ascent,2G,1,3 (1),4 (1),2 (0),12 (6),509807,VCT 2025 Americas Stage 2_csvs
Ascent,G2,1,2 (1),1 (0),8 (6),10 (6),509807,VCT 2025 Americas Stage 2_csvs
Haven,2G,0,4 (0),2 (1),4 (0),8 (4),509807,VCT 2025 Americas Stage 2_csvs
Haven,G2,2,2 (2),0 (0),5 (3),11 (8),509807,VCT 2025 Americas Stage 2_csvs
All Maps,2G,1,7 (1),6 (2),6 (0),20 (10),509807,VCT 2025 Americas Stage 2_csvs
All Maps,G2,3,4 (3),1 (0),13 (9),21 (14),509807,VCT 2025 Americas Stage 2_csvs
Sunset,FUR,1,2 (1),2 (1),9 (2),4 (0),509808,VCT 2025 Americas Stage 2_csvs
Sunset,SEN,1,3 (1),1 (0),2 (1),11 (11),509808,VCT 2025 Americas Stage 2_csvs
Icebox,FUR,0,3 (0),0 (0),6 (0),4 (0),509808,VCT 2025 Americas Stage 2_csvs
Icebox,SEN,2,2 (2),0 (0),2 (2),9 (9),509808,VCT 2025 Americas Stage 2_csvs
All Maps,FUR,1,5 (1),2 (1),15 (2),8 (0),509808,VCT 2025 Americas Stage 2_csvs
All Maps,SEN,3,5 (3),1 (0),4 (3),20 (20),509808,VCT 2025 Americas Stage 2_csvs
Corrode,100T,1,3 (1),0 (0),2 (2),12 (10),509809,VCT 2025 Americas Stage 2_csvs
Corrode,KRÜ,1,3 (1),2 (0),4 (1),8 (2),509809,VCT 2025 Americas Stage 2_csvs
Bind,100T,1,3 (1),0 (0),1 (1),14 (11),509809,VCT 2025 Americas Stage 2_csvs
Bind,KRÜ,1,3 (1),1 (0),6 (2),8 (2),509809,VCT 2025 Americas Stage 2_csvs
All Maps,100T,2,6 (2),0 (0),3 (3),26 (21),509809,VCT 2025 Americas Stage 2_csvs
All Maps,KRÜ,2,6 (2),3 (0),10 (3),16 (4),509809,VCT 2025 Americas Stage 2_csvs
Haven,NRG,1,3 (1),1 (1),2 (2),11 (9),509810,VCT 2025 Americas Stage 2_csvs
Haven,LOUD,1,3 (1),1 (0),7 (2),6 (1),509810,VCT 2025 Americas Stage 2_csvs
Corrode,NRG,0,4 (0),0 (0),1 (1),17 (12),509810,VCT 2025 Americas Stage 2_csvs
Corrode,LOUD,2,2 (2),3 (1),7 (2),10 (4),509810,VCT 2025 Americas Stage 2_csvs
All Maps,NRG,1,7 (1),1 (1),3 (3),28 (21),509810,VCT 2025 Americas Stage 2_csvs
All Maps,LOUD,3,5 (3),4 (1),14 (4),16 (5),509810,VCT 2025 Americas Stage 2_csvs
Lotus,C9,1,4 (1),0 (0),3 (1),13 (11),509811,VCT 2025 Americas Stage 2_csvs
Lotus,EG,1,2 (1),4 (1),7 (3),7 (2),509811,VCT 2025 Americas Stage 2_csvs
Haven,C9,0,3 (0),1 (0),3 (3),16 (10),509811,VCT 2025 Americas Stage 2_csvs
Haven,EG,2,3 (2),2 (0),4 (3),14 (5),509811,VCT 2025 Americas Stage 2_csvs
All Maps,C9,1,7 (1),1 (0),6 (4),29 (21),509811,VCT 2025 Americas Stage 2_csvs
All Maps,EG,3,5 (3),6 (1),11 (6),21 (7),509811,VCT 2025 Americas Stage 2_csvs
Lotus,MIBR,1,3 (1),2 (0),5 (2),11 (5),509812,VCT 2025 Americas Stage 2_csvs
Lotus,LEV,1,3 (1),1 (0),3 (3),14 (9),509812,VCT 2025 Americas Stage 2_csvs
Sunset,MIBR,0,3 (0),4 (1),2 (0),7 (2),509812,VCT 2025 Americas Stage 2_csvs
Sunset,LEV,2,2 (2),0 (0),4 (3),10 (8),509812,VCT 2025 Americas Stage 2_csvs
All Maps,MIBR,1,6 (1),6 (1),7 (2),18 (7),509812,VCT 2025 Americas Stage 2_csvs
All Maps,LEV,3,5 (3),1 (0),7 (6),24 (17),509812,VCT 2025 Americas Stage 2_csvs
Corrode,2G,2,2 (2),1 (0),8 (4),15 (6),509813,VCT 2025 Americas Stage 2_csvs
Corrode,FUR,0,4 (1),1 (0),3 (1),18 (12),509813,VCT 2025 Americas Stage 2_csvs
Sunset,2G,1,3 (1),0 (0),2 (2),11 (10),509813,VCT 2025 Americas Stage 2_csvs
Sunset,FUR,1,3 (1),1 (0),8 (1),4 (1),509813,VCT 2025 Americas Stage 2_csvs
All Maps,2G,2,2 (2),0 (0),5 (4),8 (7),509813,VCT 2025 Americas Stage 2_csvs
All Maps,FUR,0,3 (0),2 (0),6 (1),4 (1),509813,VCT 2025 Americas Stage 2_csvs
Lotus,LEV,1,4 (1),1 (0),4 (2),11 (4),509814,VCT 2025 Americas Stage 2_csvs
Lotus,NRG,1,3 (1),0 (0),3 (2),14 (10),509814,VCT 2025 Americas Stage 2_csvs
Haven,LEV,1,3 (1),0 (0),5 (3),18 (10),509814,VCT 2025 Americas Stage 2_csvs
Haven,NRG,1,3 (1),1 (0),10 (6),12 (5),509814,VCT 2025 Americas Stage 2_csvs
All Maps,LEV,1,3 (1),2 (0),5 (3),14 (7),509814,VCT 2025 Americas Stage 2_csvs
All Maps,NRG,1,3 (1),2 (1),5 (3),14 (8),509814,VCT 2025 Americas Stage 2_csvs
Lotus,SEN,1,4 (2),0 (0),2 (1),12 (10),509815,VCT 2025 Americas Stage 2_csvs
Lotus,C9,1,2 (1),2 (0),8 (2),6 (2),509815,VCT 2025 Americas Stage 2_csvs
Haven,SEN,2,3 (2),0 (0),8 (4),11 (7),509815,VCT 2025 Americas Stage 2_csvs
Haven,C9,0,3 (0),0 (0),8 (3),11 (6),509815,VCT 2025 Americas Stage 2_csvs
Sunset,SEN,3,7 (4),0 (0),10 (5),23 (17),509815,VCT 2025 Americas Stage 2_csvs
Sunset,C9,1,5 (1),2 (0),16 (5),17 (8),509815,VCT 2025 Americas Stage 2_csvs
Icebox,MIBR,2,3 (2),1 (0),6 (2),13 (9),509816,VCT 2025 Americas Stage 2_csvs
Icebox,100T,0,4 (0),1 (0),5 (4),13 (6),509816,VCT 2025 Americas Stage 2_csvs
Bind,MIBR,1,3 (1),1 (0),6 (2),16 (11),509816,VCT 2025 Americas Stage 2_csvs
Bind,100T,1,4 (1),2 (0),2 (1),18 (10),509816,VCT 2025 Americas Stage 2_csvs
All Maps,MIBR,3,6 (3),2 (0),12 (4),29 (20),509816,VCT 2025 Americas Stage 2_csvs
All Maps,100T,1,8 (1),3 (0),7 (5),31 (16),509816,VCT 2025 Americas Stage 2_csvs
Corrode,G2,1,3 (1),2 (0),4 (2),15 (8),509817,VCT 2025 Americas Stage 2_csvs
Corrode,EG,1,3 (1),0 (0),7 (4),14 (8),509817,VCT 2025 Americas Stage 2_csvs
Haven,G2,0,4 (1),0 (0),1 (1),12 (11),509817,VCT 2025 Americas Stage 2_csvs
Haven,EG,2,2 (2),2 (0),8 (1),5 (1),509817,VCT 2025 Americas Stage 2_csvs
All Maps,G2,2,2 (2),0 (0),6 (4),9 (7),509817,VCT 2025 Americas Stage 2_csvs
All Maps,EG,0,3 (0),3 (0),3 (1),8 (3),509817,VCT 2025 Americas Stage 2_csvs
Haven,LOUD,0,4 (0),4 (2),2 (0),10 (5),509818,VCT 2025 Americas Stage 2_csvs
Haven,KRÜ,2,2 (2),1 (0),4 (3),13 (8),509818,VCT 2025 Americas Stage 2_csvs
Bind,LOUD,2,2 (2),4 (2),3 (2),13 (7),509818,VCT 2025 Americas Stage 2_csvs
Bind,KRÜ,0,4 (0),1 (1),8 (4),9 (4),509818,VCT 2025 Americas Stage 2_csvs
All Maps,LOUD,0,4 (0),1 (0),3 (0),9 (4),509818,VCT 2025 Americas Stage 2_csvs
All Maps,KRÜ,2,2 (2),0 (0),4 (4),11 (7),509818,VCT 2025 Americas Stage 2_csvs
Bind,C9,2,2 (2),0 (0),3 (3),9 (8),509819,VCT 2025 Americas Stage 2_csvs
Bind,2G,0,4 (0),1 (0),4 (0),5 (1),509819,VCT 2025 Americas Stage 2_csvs
Lotus,C9,2,2 (2),1 (0),7 (6),10 (5),509819,VCT 2025 Americas Stage 2_csvs
Lotus,2G,0,4 (0),0 (0),4 (3),12 (4),509819,VCT 2025 Americas Stage 2_csvs
Ascent,C9,4,4 (4),1 (0),10 (9),19 (13),509819,VCT 2025 Americas Stage 2_csvs
Ascent,2G,0,8 (0),1 (0),8 (3),17 (5),509819,VCT 2025 Americas Stage 2_csvs
Lotus,MIBR,1,2 (1),2 (0),7 (6),17 (6),509820,VCT 2025 Americas Stage 2_csvs
Lotus,NRG,1,3 (1),1 (0),9 (5),15 (9),509820,VCT 2025 Americas Stage 2_csvs
Bind,MIBR,1,3 (1),1 (0),3 (3),16 (6),509820,VCT 2025 Americas Stage 2_csvs
Bind,NRG,1,3 (1),0 (0),4 (4),16 (8),509820,VCT 2025 Americas Stage 2_csvs
All Maps,MIBR,2,5 (2),3 (0),10 (9),33 (12),509820,VCT 2025 Americas Stage 2_csvs
All Maps,NRG,2,6 (2),1 (0),13 (9),31 (17),509820,VCT 2025 Americas Stage 2_csvs
Lotus,SEN,1,3 (1),0 (0),4 (2),14 (10),509821,VCT 2025 Americas Stage 2_csvs
Lotus,EG,1,3 (1),3 (1),4 (2),11 (4),509821,VCT 2025 Americas Stage 2_csvs
Corrode,SEN,1,3 (2),0 (0),2 (1),12 (10),509821,VCT 2025 Americas Stage 2_csvs
Corrode,EG,1,4 (1),1 (0),6 (1),6 (2),509821,VCT 2025 Americas Stage 2_csvs
All Maps,SEN,2,6 (3),0 (0),6 (3),26 (20),509821,VCT 2025 Americas Stage 2_csvs
All Maps,EG,2,7 (2),4 (1),10 (3),17 (6),509821,VCT 2025 Americas Stage 2_csvs
Bind,LEV,1,3 (1),3 (0),4 (2),9 (3),509822,VCT 2025 Americas Stage 2_csvs
Bind,KRÜ,1,3 (1),1 (0),2 (2),13 (10),509822,VCT 2025 Americas Stage 2_csvs
Haven,LEV,2,2 (2),1 (0),7 (3),13 (8),509822,VCT 2025 Americas Stage 2_csvs
Haven,KRÜ,0,3 (0),2 (0),5 (2),13 (8),509822,VCT 2025 Americas Stage 2_csvs
All Maps,LEV,2,2 (2),0 (0),5 (4),10 (7),509822,VCT 2025 Americas Stage 2_csvs
All Maps,KRÜ,0,4 (0),1 (0),5 (2),7 (2),509822,VCT 2025 Americas Stage 2_csvs
Corrode,FUR,0,3 (0),0 (0),7 (1),5 (1),509823,VCT 2025 Americas Stage 2_csvs
Corrode,G2,2,2 (2),0 (0),4 (3),9 (8),509823,VCT 2025 Americas Stage 2_csvs
Ascent,FUR,1,4 (1),0 (0),5 (2),9 (2),509823,VCT 2025 Americas Stage 2_csvs
Ascent,G2,1,3 (2),0 (0),2 (2),13 (9),509823,VCT 2025 Americas Stage 2_csvs
Icebox,FUR,1,7 (1),0 (0),12 (3),14 (3),509823,VCT 2025 Americas Stage 2_csvs
Icebox,G2,3,5 (4),0 (0),6 (5),22 (17),509823,VCT 2025 Americas Stage 2_csvs
Sunset,LOUD,2,2 (2),0 (0),4 (4),9 (7),509824,VCT 2025 Americas Stage 2_csvs
Sunset,100T,0,3 (0),2 (0),7 (1),3 (1),509824,VCT 2025 Americas Stage 2_csvs
Bind,LOUD,0,4 (0),1 (0),4 (2),11 (5),509824,VCT 2025 Americas Stage 2_csvs
Bind,100T,2,2 (2),1 (0),3 (2),14 (9),509824,VCT 2025 Americas Stage 2_csvs
Ascent,LOUD,1,4 (2),1 (0),4 (1),17 (9),509824,VCT 2025 Americas Stage 2_csvs
Ascent,100T,1,3 (1),2 (0),2 (1),19 (12),509824,VCT 2025 Americas Stage 2_csvs
All Maps,LOUD,3,10 (4),2 (0),12 (7),37 (21),509824,VCT 2025 Americas Stage 2_csvs
All Maps,100T,3,8 (3),5 (0),12 (4),36 (22),509824,VCT 2025 Americas Stage 2_csvs
Sunset,KRÜ,1,3 (1),0 (0),4 (3),12 (9),509825,VCT 2025 Americas Stage 2_csvs
Sunset,NRG,1,3 (1),1 (0),8 (4),7 (1),509825,VCT 2025 Americas Stage 2_csvs
Lotus,KRÜ,0,4 (0),1 (0),4 (2),11 (5),509825,VCT 2025 Americas Stage 2_csvs
Lotus,NRG,2,2 (2),0 (0),10 (5),8 (6),509825,VCT 2025 Americas Stage 2_csvs
All Maps,KRÜ,0,3 (0),3 (1),3 (1),9 (3),509825,VCT 2025 Americas Stage 2_csvs
All Maps,NRG,2,3 (3),0 (0),6 (4),9 (6),509825,VCT 2025 Americas Stage 2_csvs
Haven,100T,1,3 (1),2 (0),3 (2),15 (10),509826,VCT 2025 Americas Stage 2_csvs
Haven,LEV,1,3 (1),2 (1),6 (2),12 (6),509826,VCT 2025 Americas Stage 2_csvs
Sunset,100T,1,3 (1),1 (1),6 (2),13 (6),509826,VCT 2025 Americas Stage 2_csvs
Sunset,LEV,1,3 (1),2 (1),3 (1),15 (10),509826,VCT 2025 Americas Stage 2_csvs
All Maps,100T,0,3 (0),1 (0),4 (0),7 (2),509826,VCT 2025 Americas Stage 2_csvs
All Maps,LEV,2,2 (2),0 (0),4 (3),9 (8),509826,VCT 2025 Americas Stage 2_csvs
Corrode,FUR,1,3 (1),1 (0),5 (1),10 (4),509827,VCT 2025 Americas Stage 2_csvs
Corrode,EG,1,3 (2),1 (0),2 (1),13 (10),509827,VCT 2025 Americas Stage 2_csvs
Ascent,FUR,2,2 (2),2 (0),9 (4),9 (3),509827,VCT 2025 Americas Stage 2_csvs
Ascent,EG,0,4 (0),1 (0),0 (0),17 (13),509827,VCT 2025 Americas Stage 2_csvs
All Maps,FUR,3,5 (3),3 (0),14 (5),19 (7),509827,VCT 2025 Americas Stage 2_csvs
All Maps,EG,1,7 (2),2 (0),2 (1),30 (23),509827,VCT 2025 Americas Stage 2_csvs
Sunset,2G,2,2 (2),2 (0),5 (4),13 (7),509829,VCT 2025 Americas Stage 2_csvs
Sunset,SEN,0,4 (0),1 (0),1 (0),16 (9),509829,VCT 2025 Americas Stage 2_csvs
Lotus,2G,0,3 (0),2 (0),5 (3),7 (1),509829,VCT 2025 Americas Stage 2_csvs
Lotus,SEN,2,2 (2),1 (0),3 (3),11 (8),509829,VCT 2025 Americas Stage 2_csvs
All Maps,2G,0,4 (0),0 (0),7 (1),6 (3),509829,VCT 2025 Americas Stage 2_csvs
All Maps,SEN,2,2 (2),0 (0),3 (2),12 (9),509829,VCT 2025 Americas Stage 2_csvs
Ascent,G2,2,2 (2),2 (0),5 (4),12 (7),509830,VCT 2025 Americas Stage 2_csvs
Ascent,C9,0,4 (0),2 (1),1 (0),14 (7),509830,VCT 2025 Americas Stage 2_csvs
Lotus,G2,2,3 (3),0 (0),7 (3),12 (7),509830,VCT 2025 Americas Stage 2_csvs
Lotus,C9,0,4 (1),1 (0),4 (2),13 (6),509830,VCT 2025 Americas Stage 2_csvs
Bind,G2,4,5 (5),2 (0),12 (7),24 (14),509830,VCT 2025 Americas Stage 2_csvs
Bind,C9,0,8 (1),3 (1),5 (2),27 (13),509830,VCT 2025 Americas Stage 2_csvs
Icebox,MIBR,0,4 (0),1 (0),4 (3),15 (10),509831,VCT 2025 Americas Stage 2_csvs
Icebox,LOUD,2,2 (2),2 (0),5 (2),15 (7),509831,VCT 2025 Americas Stage 2_csvs
Sunset,MIBR,0,4 (1),1 (1),3 (3),15 (8),509831,VCT 2025 Americas Stage 2_csvs
Sunset,LOUD,2,2 (2),4 (2),6 (2),11 (4),509831,VCT 2025 Americas Stage 2_csvs
All Maps,MIBR,0,8 (1),2 (1),7 (6),30 (18),509831,VCT 2025 Americas Stage 2_csvs
All Maps,LOUD,4,4 (4),6 (2),11 (4),26 (11),509831,VCT 2025 Americas Stage 2_csvs
Corrode,LEV,1,3 (1),1 (0),4 (1),15 (8),530902,VCT 2025 Americas Stage 2_csvs
Corrode,C9,1,3 (1),1 (0),4 (2),15 (10),530902,VCT 2025 Americas Stage 2_csvs
Haven,LEV,1,3 (1),2 (1),3 (2),15 (9),530902,VCT 2025 Americas Stage 2_csvs
Haven,C9,1,3 (1),1 (0),6 (1),13 (8),530902,VCT 2025 Americas Stage 2_csvs
All Maps,LEV,1,3 (1),2 (0),6 (3),13 (7),530902,VCT 2025 Americas Stage 2_csvs
All Maps,C9,1,2 (1),3 (0),8 (4),11 (8),530902,VCT 2025 Americas Stage 2_csvs
Sunset,G2,2,4 (2),0 (0),2 (0),11 (11),530903,VCT 2025 Americas Stage 2_csvs
Sunset,100T,0,3 (1),0 (0),6 (2),8 (1),530903,VCT 2025 Americas Stage 2_csvs
Haven,G2,1,3 (2),1 (1),2 (1),12 (9),530903,VCT 2025 Americas Stage 2_csvs
Haven,100T,1,3 (1),3 (0),5 (2),7 (2),530903,VCT 2025 Americas Stage 2_csvs
Corrode,G2,3,7 (4),1 (1),4 (1),23 (20),530903,VCT 2025 Americas Stage 2_csvs
Corrode,100T,1,6 (2),3 (0),11 (4),15 (3),530903,VCT 2025 Americas Stage 2_csvs
Corrode,SEN,1,3 (1),1 (0),4 (3),15 (9),530906,VCT 2025 Americas Stage 2_csvs
Corrode,C9,1,3 (1),1 (0),4 (3),15 (6),530906,VCT 2025 Americas Stage 2_csvs
Icebox,SEN,0,4 (0),1 (0),4 (2),13 (7),530906,VCT 2025 Americas Stage 2_csvs
Icebox,C9,2,2 (2),0 (0),7 (3),13 (8),530906,VCT 2025 Americas Stage 2_csvs
Lotus,SEN,1,3 (1),2 (1),6 (2),12 (9),530906,VCT 2025 Americas Stage 2_csvs
Lotus,C9,1,2 (1),0 (0),13 (6),8 (3),530906,VCT 2025 Americas Stage 2_csvs
Bind,SEN,2,10 (2),4 (1),14 (7),40 (25),530906,VCT 2025 Americas Stage 2_csvs
Bind,C9,4,7 (4),1 (0),24 (12),36 (17),530906,VCT 2025 Americas Stage 2_csvs
Corrode,NRG,1,3 (1),0 (0),6 (3),14 (9),530907,VCT 2025 Americas Stage 2_csvs
Corrode,G2,1,3 (1),2 (1),4 (1),14 (7),530907,VCT 2025 Americas Stage 2_csvs
Sunset,NRG,1,4 (1),1 (0),6 (3),13 (7),530907,VCT 2025 Americas Stage 2_csvs
Sunset,G2,1,3 (2),1 (1),7 (3),13 (7),530907,VCT 2025 Americas Stage 2_csvs
Ascent,NRG,2,2 (2),1 (0),12 (3),5 (2),530907,VCT 2025 Americas Stage 2_csvs
Ascent,G2,0,4 (0),2 (2),0 (0),14 (11),530907,VCT 2025 Americas Stage 2_csvs
Lotus,NRG,4,9 (4),2 (0),24 (9),32 (18),530907,VCT 2025 Americas Stage 2_csvs
Lotus,G2,2,10 (3),5 (4),11 (4),41 (25),530907,VCT 2025 Americas Stage 2_csvs
Lotus,LEV,2,2 (2),2 (1),6 (3),16 (8),530904,VCT 2025 Americas Stage 2_csvs
Lotus,KRÜ,0,4 (0),0 (0),3 (3),19 (9),530904,VCT 2025 Americas Stage 2_csvs
Sunset,LEV,1,3 (1),2 (0),5 (2),9 (3),530904,VCT 2025 Americas Stage 2_csvs
Sunset,KRÜ,1,3 (1),1 (1),2 (1),13 (10),530904,VCT 2025 Americas Stage 2_csvs
All Maps,LEV,1,3 (1),0 (0),5 (3),13 (9),530904,VCT 2025 Americas Stage 2_csvs
All Maps,KRÜ,1,3 (1),1 (1),6 (1),11 (5),530904,VCT 2025 Americas Stage 2_csvs
Bind,100T,2,2 (2),0 (0),4 (3),11 (8),530905,VCT 2025 Americas Stage 2_csvs
Bind,EG,0,4 (0),1 (1),3 (0),9 (3),530905,VCT 2025 Americas Stage 2_csvs
Corrode,100T,2,2 (2),3 (1),6 (3),15 (8),530905,VCT 2025 Americas Stage 2_csvs
Corrode,EG,0,4 (1),3 (2),0 (0),19 (9),530905,VCT 2025 Americas Stage 2_csvs
All Maps,100T,4,4 (4),3 (1),10 (6),26 (16),530905,VCT 2025 Americas Stage 2_csvs
All Maps,EG,0,8 (1),4 (3),3 (0),28 (12),530905,VCT 2025 Americas Stage 2_csvs
Ascent,NRG,1,3 (1),0 (0),1 (1),11 (11),530908,VCT 2025 Americas Stage 2_csvs
Ascent,LEV,1,2 (1),3 (0),6 (1),4 (0),530908,VCT 2025 Americas Stage 2_csvs
Icebox,NRG,2,2 (2),0 (0),3 (3),10 (8),530908,VCT 2025 Americas Stage 2_csvs
Icebox,LEV,0,3 (0),3 (0),5 (0),4 (2),530908,VCT 2025 Americas Stage 2_csvs
All Maps,NRG,3,5 (3),0 (0),4 (4),21 (19),530908,VCT 2025 Americas Stage 2_csvs
All Maps,LEV,1,5 (1),6 (0),11 (1),8 (2),530908,VCT 2025 Americas Stage 2_csvs
Haven,C9,1,3 (1),1 (0),5 (5),13 (7),530909,VCT 2025 Americas Stage 2_csvs
Haven,100T,1,3 (1),2 (2),5 (3),12 (3),530909,VCT 2025 Americas Stage 2_csvs
Icebox,C9,1,3 (1),2 (2),6 (2),15 (9),530909,VCT 2025 Americas Stage 2_csvs
Icebox,100T,1,3 (2),1 (1),7 (3),15 (6),530909,VCT 2025 Americas Stage 2_csvs
All Maps,C9,2,6 (2),3 (2),11 (7),28 (16),530909,VCT 2025 Americas Stage 2_csvs
All Maps,100T,2,6 (3),3 (3),12 (6),27 (9),530909,VCT 2025 Americas Stage 2_csvs
Bind,SEN,1,4 (1),0 (0),5 (2),12 (5),530910,VCT 2025 Americas Stage 2_csvs
Bind,G2,1,3 (1),1 (1),3 (3),14 (8),530910,VCT 2025 Americas Stage 2_csvs
Sunset,SEN,1,3 (1),2 (1),7 (4),10 (3),530910,VCT 2025 Americas Stage 2_csvs
Sunset,G2,1,3 (1),2 (0),4 (4),13 (8),530910,VCT 2025 Americas Stage 2_csvs
Corrode,SEN,2,7 (2),2 (1),12 (6),22 (8),530910,VCT 2025 Americas Stage 2_csvs
Corrode,G2,2,6 (2),3 (1),7 (7),27 (16),530910,VCT 2025 Americas Stage 2_csvs
Haven,NRG,2,3 (2),0 (0),2 (1),10 (10),530911,VCT 2025 Americas Stage 2_csvs
Haven,C9,0,2 (0),1 (0),7 (2),5 (0),530911,VCT 2025 Americas Stage 2_csvs
Corrode,NRG,0,3 (1),2 (0),4 (3),14 (9),530911,VCT 2025 Americas Stage 2_csvs
Corrode,C9,2,2 (2),2 (0),9 (4),10 (4),530911,VCT 2025 Americas Stage 2_csvs
All Maps,NRG,0,4 (0),0 (0),10 (5),9 (5),530911,VCT 2025 Americas Stage 2_csvs
All Maps,C9,2,2 (2),0 (0),8 (5),13 (6),530911,VCT 2025 Americas Stage 2_csvs
All Maps,ALP,1,2 (1),0 (0),6 (5),9 (7),536985,VCT 2025 Americas Stage 2_csvs
All Maps,OME,1,3 (2),1 (0),8 (1),5 (1),536985,VCT 2025 Americas Stage 2_csvs
Lotus,SEN,1,3 (1),2 (1),4 (1),8 (1),530912,VCT 2025 Americas Stage 2_csvs
Lotus,NRG,1,3 (1),0 (0),2 (2),12 (10),530912,VCT 2025 Americas Stage 2_csvs
Icebox,SEN,0,3 (0),2 (0),4 (2),15 (9),530912,VCT 2025 Americas Stage 2_csvs
Icebox,NRG,2,2 (2),2 (0),9 (5),11 (6),530912,VCT 2025 Americas Stage 2_csvs
Sunset,SEN,2,2 (2),1 (1),7 (4),13 (6),530912,VCT 2025 Americas Stage 2_csvs
Sunset,NRG,0,4 (0),1 (0),7 (3),11 (7),530912,VCT 2025 Americas Stage 2_csvs
Corrode,SEN,1,3 (1),0 (0),8 (2),10 (5),530912,VCT 2025 Americas Stage 2_csvs
Corrode,NRG,1,4 (1),0 (0),5 (3),12 (9),530912,VCT 2025 Americas Stage 2_csvs
Haven,SEN,4,11 (4),5 (2),23 (9),46 (21),530912,VCT 2025 Americas Stage 2_csvs
Haven,NRG,4,13 (4),3 (0),23 (13),46 (32),530912,VCT 2025 Americas Stage 2_csvs
Bind,G2,1,3 (1),0 (0),6 (3),15 (9),530913,VCT 2025 Americas Stage 2_csvs
Bind,NRG,1,4 (1),0 (0),5 (2),15 (8),530913,VCT 2025 Americas Stage 2_csvs
Lotus,G2,2,2 (2),1 (0),5 (4),13 (7),530913,VCT 2025 Americas Stage 2_csvs
Lotus,NRG,0,4 (0),2 (0),2 (1),13 (7),530913,VCT 2025 Americas Stage 2_csvs
Ascent,G2,0,4 (0),1 (1),2 (1),16 (11),530913,VCT 2025 Americas Stage 2_csvs
Ascent,NRG,2,2 (2),3 (0),8 (4),10 (4),530913,VCT 2025 Americas Stage 2_csvs
Haven,G2,3,9 (3),2 (1),13 (8),44 (27),530913,VCT 2025 Americas Stage 2_csvs
Haven,NRG,3,10 (3),5 (0),15 (7),38 (19),530913,VCT 2025 Americas Stage 2_csvs
Lotus,BBL,1,3 (1),2 (0),3 (2),14 (10),429381,VCT 2025 EMEA Kickoff_csvs
Lotus,GX,1,3 (1),1 (0),5 (2),13 (6),429381,VCT 2025 EMEA Kickoff_csvs
Haven,BBL,2,2 (2),0 (0),6 (3),18 (7),429381,VCT 2025 EMEA Kickoff_csvs
Haven,GX,0,4 (0),2 (1),3 (1),17 (12),429381,VCT 2025 EMEA Kickoff_csvs
All Maps,BBL,2,2 (2),0 (0),5 (4),11 (7),429381,VCT 2025 EMEA Kickoff_csvs
All Maps,GX,0,4 (0),3 (1),3 (0),8 (4),429381,VCT 2025 EMEA Kickoff_csvs
Abyss,KC,1,3 (1),1 (0),8 (3),11 (6),429380,VCT 2025 EMEA Kickoff_csvs
Abyss,NAVI,1,3 (1),0 (0),5 (3),15 (9),429380,VCT 2025 EMEA Kickoff_csvs
Bind,KC,2,2 (2),0 (0),4 (4),9 (7),429380,VCT 2025 EMEA Kickoff_csvs
Bind,NAVI,0,3 (0),1 (0),4 (1),7 (1),429380,VCT 2025 EMEA Kickoff_csvs
All Maps,KC,1,3 (1),0 (0),3 (2),13 (10),429380,VCT 2025 EMEA Kickoff_csvs
All Maps,NAVI,1,2 (1),3 (0),5 (2),9 (3),429380,VCT 2025 EMEA Kickoff_csvs
Fracture,TL,1,3 (1),1 (0),6 (2),13 (7),429379,VCT 2025 EMEA Kickoff_csvs
Fracture,MKOI,1,4 (2),1 (0),2 (1),16 (10),429379,VCT 2025 EMEA Kickoff_csvs
Abyss,TL,1,3 (1),0 (0),2 (2),11 (10),429379,VCT 2025 EMEA Kickoff_csvs
Abyss,MKOI,1,3 (1),2 (0),4 (1),7 (1),429379,VCT 2025 EMEA Kickoff_csvs
All Maps,TL,1,3 (1),0 (0),4 (2),16 (10),429379,VCT 2025 EMEA Kickoff_csvs
All Maps,MKOI,1,4 (2),0 (0),7 (3),12 (5),429379,VCT 2025 EMEA Kickoff_csvs
Pearl,APK,0,5 (0),2 (0),2 (1),11 (6),429382,VCT 2025 EMEA Kickoff_csvs
Pearl,M8,2,3 (3),0 (0),6 (4),11 (6),429382,VCT 2025 EMEA Kickoff_csvs
Haven,APK,1,3 (1),3 (0),2 (1),18 (10),429382,VCT 2025 EMEA Kickoff_csvs
Haven,M8,1,3 (1),2 (0),3 (2),18 (11),429382,VCT 2025 EMEA Kickoff_csvs
All Maps,APK,1,8 (1),5 (0),4 (2),29 (16),429382,VCT 2025 EMEA Kickoff_csvs
All Maps,M8,3,6 (4),2 (0),9 (6),29 (17),429382,VCT 2025 EMEA Kickoff_csvs
Abyss,FNC,1,3 (1),0 (0),5 (3),13 (4),429385,VCT 2025 EMEA Kickoff_csvs
Abyss,BBL,1,3 (1),2 (0),5 (4),11 (8),429385,VCT 2025 EMEA Kickoff_csvs
Fracture,FNC,2,2 (2),0 (0),6 (4),13 (7),429385,VCT 2025 EMEA Kickoff_csvs
Fracture,BBL,0,4 (1),4 (1),5 (3),8 (3),429385,VCT 2025 EMEA Kickoff_csvs
All Maps,FNC,1,3 (1),1 (0),7 (3),12 (6),429385,VCT 2025 EMEA Kickoff_csvs
All Maps,BBL,1,3 (1),2 (1),7 (3),11 (8),429385,VCT 2025 EMEA Kickoff_csvs
Haven,VIT,2,2 (2),0 (0),5 (4),11 (7),429384,VCT 2025 EMEA Kickoff_csvs
Haven,KC,0,4 (0),1 (0),4 (2),9 (3),429384,VCT 2025 EMEA Kickoff_csvs
Bind,VIT,1,3 (1),0 (0),6 (1),13 (7),429384,VCT 2025 EMEA Kickoff_csvs
Bind,KC,1,3 (1),1 (0),7 (4),11 (8),429384,VCT 2025 EMEA Kickoff_csvs
All Maps,VIT,2,2 (2),2 (1),9 (5),19 (9),429384,VCT 2025 EMEA Kickoff_csvs
All Maps,KC,0,4 (0),0 (0),4 (3),24 (12),429384,VCT 2025 EMEA Kickoff_csvs
Pearl,FUT,1,4 (1),0 (0),3 (1),13 (11),429383,VCT 2025 EMEA Kickoff_csvs
Pearl,TL,1,3 (1),1 (0),5 (1),11 (5),429383,VCT 2025 EMEA Kickoff_csvs
Fracture,FUT,1,3 (1),1 (1),4 (4),11 (7),429383,VCT 2025 EMEA Kickoff_csvs
Fracture,TL,1,3 (1),3 (1),5 (2),8 (2),429383,VCT 2025 EMEA Kickoff_csvs
All Maps,FUT,2,7 (2),1 (1),7 (5),24 (18),429383,VCT 2025 EMEA Kickoff_csvs
All Maps,TL,2,6 (2),4 (1),10 (3),19 (7),429383,VCT 2025 EMEA Kickoff_csvs
Abyss,TH,0,4 (0),1 (0),2 (0),10 (4),429386,VCT 2025 EMEA Kickoff_csvs
Abyss,M8,2,2 (2),0 (0),3 (3),12 (8),429386,VCT 2025 EMEA Kickoff_csvs
Fracture,TH,2,3 (2),0 (0),3 (2),10 (9),429386,VCT 2025 EMEA Kickoff_csvs
Fracture,M8,0,3 (0),2 (0),3 (1),8 (2),429386,VCT 2025 EMEA Kickoff_csvs
All Maps,TH,1,3 (1),1 (0),2 (1),15 (11),429386,VCT 2025 EMEA Kickoff_csvs
All Maps,M8,1,4 (1),1 (0),5 (2),11 (5),429386,VCT 2025 EMEA Kickoff_csvs
Bind,KC,2,2 (2),2 (0),8 (5),14 (7),429393,VCT 2025 EMEA Kickoff_csvs
Bind,GX,0,4 (0),0 (0),3 (0),19 (12),429393,VCT 2025 EMEA Kickoff_csvs
Lotus,KC,1,3 (1),2 (0),6 (3),10 (4),429393,VCT 2025 EMEA Kickoff_csvs
Lotus,GX,1,3 (2),0 (0),3 (3),15 (8),429393,VCT 2025 EMEA Kickoff_csvs
is,KC,2,2 (2),3 (0),3 (2),15 (6),429393,VCT 2025 EMEA Kickoff_csvs
is,GX,0,4 (0),1 (0),1 (0),17 (13),429393,VCT 2025 EMEA Kickoff_csvs
All Maps,KC,5,7 (5),7 (0),17 (10),39 (17),429393,VCT 2025 EMEA Kickoff_csvs
All Maps,GX,1,11 (2),1 (0),7 (3),51 (33),429393,VCT 2025 EMEA Kickoff_csvs
Pearl,FNC,1,4 (1),2 (1),3 (2),13 (9),429392,VCT 2025 EMEA Kickoff_csvs
Pearl,NAVI,1,4 (1),0 (0),5 (2),13 (6),429392,VCT 2025 EMEA Kickoff_csvs
Fracture,FNC,1,2 (1),3 (0),4 (2),12 (5),429392,VCT 2025 EMEA Kickoff_csvs
Fracture,NAVI,1,3 (1),0 (0),3 (2),15 (10),429392,VCT 2025 EMEA Kickoff_csvs
All Maps,FNC,0,4 (1),1 (0),3 (1),20 (13),429392,VCT 2025 EMEA Kickoff_csvs
All Maps,NAVI,2,2 (2),2 (1),5 (1),19 (9),429392,VCT 2025 EMEA Kickoff_csvs
Abyss,TL,1,3 (1),1 (0),4 (2),14 (10),429394,VCT 2025 EMEA Kickoff_csvs
Abyss,APK,1,4 (1),2 (0),4 (3),12 (5),429394,VCT 2025 EMEA Kickoff_csvs
Pearl,TL,0,4 (0),2 (0),2 (1),16 (10),429394,VCT 2025 EMEA Kickoff_csvs
Pearl,APK,2,2 (2),3 (1),7 (5),12 (5),429394,VCT 2025 EMEA Kickoff_csvs
All Maps,TL,2,2 (2),1 (0),4 (3),12 (8),429394,VCT 2025 EMEA Kickoff_csvs
All Maps,APK,0,4 (0),2 (1),2 (0),11 (5),429394,VCT 2025 EMEA Kickoff_csvs
Haven,M8,1,3 (2),0 (0),2 (2),11 (9),429391,VCT 2025 EMEA Kickoff_csvs
Haven,MKOI,1,3 (1),3 (0),2 (0),8 (2),429391,VCT 2025 EMEA Kickoff_csvs
Lotus,M8,1,4 (1),2 (1),3 (1),11 (4),429391,VCT 2025 EMEA Kickoff_csvs
Lotus,MKOI,1,3 (2),0 (0),3 (2),14 (9),429391,VCT 2025 EMEA Kickoff_csvs
All Maps,M8,1,4 (2),1 (0),2 (1),12 (10),429391,VCT 2025 EMEA Kickoff_csvs
All Maps,MKOI,1,4 (2),1 (0),5 (1),9 (3),429391,VCT 2025 EMEA Kickoff_csvs
Pearl,BBL,1,3 (1),2 (0),4 (2),15 (8),429388,VCT 2025 EMEA Kickoff_csvs
Pearl,TH,1,3 (1),2 (0),4 (2),15 (10),429388,VCT 2025 EMEA Kickoff_csvs
Lotus,BBL,1,3 (1),3 (1),8 (3),6 (2),429388,VCT 2025 EMEA Kickoff_csvs
Lotus,TH,1,3 (1),0 (0),2 (2),15 (10),429388,VCT 2025 EMEA Kickoff_csvs
All Maps,BBL,2,6 (2),5 (1),12 (5),21 (10),429388,VCT 2025 EMEA Kickoff_csvs
All Maps,TH,2,6 (2),2 (0),6 (4),30 (20),429388,VCT 2025 EMEA Kickoff_csvs
Bind,FUT,2,2 (2),2 (0),6 (3),10 (2),429387,VCT 2025 EMEA Kickoff_csvs
Bind,VIT,0,3 (0),2 (0),0 (0),15 (13),429387,VCT 2025 EMEA Kickoff_csvs
Split,FUT,0,3 (0),3 (0),2 (2),9 (2),429387,VCT 2025 EMEA Kickoff_csvs
Split,VIT,2,3 (2),0 (0),4 (3),10 (8),429387,VCT 2025 EMEA Kickoff_csvs
All Maps,FUT,2,5 (2),5 (0),8 (5),19 (4),429387,VCT 2025 EMEA Kickoff_csvs
All Maps,VIT,2,6 (2),2 (0),4 (3),25 (21),429387,VCT 2025 EMEA Kickoff_csvs
Abyss,M8,1,3 (1),1 (0),5 (2),9 (2),429395,VCT 2025 EMEA Kickoff_csvs
Abyss,FNC,1,3 (1),0 (0),2 (1),13 (11),429395,VCT 2025 EMEA Kickoff_csvs
Fracture,M8,1,4 (1),0 (0),9 (4),6 (1),429395,VCT 2025 EMEA Kickoff_csvs
Fracture,FNC,1,3 (1),0 (0),3 (3),13 (9),429395,VCT 2025 EMEA Kickoff_csvs
All Maps,M8,2,7 (2),1 (0),14 (6),15 (3),429395,VCT 2025 EMEA Kickoff_csvs
All Maps,FNC,2,6 (2),0 (0),5 (4),26 (20),429395,VCT 2025 EMEA Kickoff_csvs
Fracture,GX,0,4 (0),2 (1),1 (1),14 (6),429396,VCT 2025 EMEA Kickoff_csvs
Fracture,TL,2,2 (2),2 (2),7 (5),10 (4),429396,VCT 2025 EMEA Kickoff_csvs
Split,GX,1,3 (1),2 (0),5 (2),9 (3),429396,VCT 2025 EMEA Kickoff_csvs
Split,TL,1,3 (2),0 (0),4 (3),12 (8),429396,VCT 2025 EMEA Kickoff_csvs
All Maps,GX,1,7 (1),4 (1),6 (3),23 (9),429396,VCT 2025 EMEA Kickoff_csvs
All Maps,TL,3,5 (4),2 (2),11 (8),22 (12),429396,VCT 2025 EMEA Kickoff_csvs
Abyss,FUT,2,3 (2),1 (0),6 (2),13 (9),429397,VCT 2025 EMEA Kickoff_csvs
Abyss,FNC,0,4 (0),2 (0),0 (0),17 (10),429397,VCT 2025 EMEA Kickoff_csvs
Fracture,FUT,2,4 (2),1 (1),4 (2),10 (8),429397,VCT 2025 EMEA Kickoff_csvs
Fracture,FNC,0,4 (1),1 (0),4 (1),10 (4),429397,VCT 2025 EMEA Kickoff_csvs
All Maps,FUT,4,7 (4),2 (1),10 (4),23 (17),429397,VCT 2025 EMEA Kickoff_csvs
All Maps,FNC,0,8 (1),3 (0),4 (1),27 (14),429397,VCT 2025 EMEA Kickoff_csvs
Bind,BBL,1,3 (2),1 (1),5 (4),15 (4),429398,VCT 2025 EMEA Kickoff_csvs
Bind,TL,1,3 (1),2 (1),3 (2),16 (9),429398,VCT 2025 EMEA Kickoff_csvs
Pearl,BBL,2,3 (2),2 (0),5 (1),12 (10),429398,VCT 2025 EMEA Kickoff_csvs
Pearl,TL,0,3 (0),1 (0),10 (7),8 (2),429398,VCT 2025 EMEA Kickoff_csvs
All Maps,BBL,2,2 (2),2 (1),7 (3),12 (4),429398,VCT 2025 EMEA Kickoff_csvs
All Maps,TL,0,4 (0),1 (0),4 (3),14 (10),429398,VCT 2025 EMEA Kickoff_csvs
Haven,VIT,1,3 (1),1 (0),5 (4),14 (8),429389,VCT 2025 EMEA Kickoff_csvs
Haven,TH,1,3 (1),3 (1),4 (3),13 (5),429389,VCT 2025 EMEA Kickoff_csvs
Abyss,VIT,2,2 (2),0 (0),3 (3),9 (8),429389,VCT 2025 EMEA Kickoff_csvs
Abyss,TH,0,3 (0),2 (0),4 (1),5 (0),429389,VCT 2025 EMEA Kickoff_csvs
All Maps,VIT,3,5 (3),1 (0),8 (7),23 (16),429389,VCT 2025 EMEA Kickoff_csvs
All Maps,TH,1,6 (1),5 (1),8 (4),18 (5),429389,VCT 2025 EMEA Kickoff_csvs
Abyss,FUT,0,6 (0),1 (0),2 (1),11 (6),429400,VCT 2025 EMEA Kickoff_csvs
Abyss,TL,2,2 (2),0 (0),6 (4),12 (7),429400,VCT 2025 EMEA Kickoff_csvs
Bind,FUT,1,4 (1),1 (1),3 (2),16 (9),429400,VCT 2025 EMEA Kickoff_csvs
Bind,TL,1,3 (1),1 (0),5 (1),15 (9),429400,VCT 2025 EMEA Kickoff_csvs
All Maps,FUT,1,3 (1),3 (0),3 (0),8 (3),429400,VCT 2025 EMEA Kickoff_csvs
All Maps,TL,1,3 (2),0 (0),3 (2),11 (9),429400,VCT 2025 EMEA Kickoff_csvs
Lotus,TH,0,4 (0),2 (0),5 (3),6 (1),429401,VCT 2025 EMEA Kickoff_csvs
Lotus,TL,2,2 (2),0 (0),5 (4),10 (7),429401,VCT 2025 EMEA Kickoff_csvs
Abyss,TH,1,3 (1),3 (0),5 (1),6 (2),429401,VCT 2025 EMEA Kickoff_csvs
Abyss,TL,1,3 (2),0 (0),2 (2),12 (9),429401,VCT 2025 EMEA Kickoff_csvs
Fracture,TH,0,4 (0),0 (0),4 (1),12 (6),429401,VCT 2025 EMEA Kickoff_csvs
Fracture,TL,2,2 (2),2 (0),5 (4),11 (7),429401,VCT 2025 EMEA Kickoff_csvs
Haven,TH,1,11 (1),5 (0),14 (5),24 (9),429401,VCT 2025 EMEA Kickoff_csvs
Haven,TL,5,7 (6),2 (0),12 (10),33 (23),429401,VCT 2025 EMEA Kickoff_csvs
Split,VIT,0,4 (0),2 (1),4 (2),13 (7),429390,VCT 2025 EMEA Kickoff_csvs
Split,TL,2,2 (2),2 (0),7 (4),12 (7),429390,VCT 2025 EMEA Kickoff_csvs
Haven,VIT,1,3 (1),0 (0),8 (2),9 (4),429390,VCT 2025 EMEA Kickoff_csvs
Haven,TL,1,3 (1),1 (1),4 (3),12 (8),429390,VCT 2025 EMEA Kickoff_csvs
Lotus,VIT,2,3 (2),2 (1),3 (1),11 (9),429390,VCT 2025 EMEA Kickoff_csvs
Lotus,TL,0,3 (0),0 (0),8 (3),8 (3),429390,VCT 2025 EMEA Kickoff_csvs
Bind,VIT,1,3 (1),0 (0),2 (2),15 (10),429390,VCT 2025 EMEA Kickoff_csvs
Bind,TL,1,3 (1),2 (2),6 (2),9 (2),429390,VCT 2025 EMEA Kickoff_csvs
both,VIT,2,2 (2),0 (0),5 (4),14 (7),429390,VCT 2025 EMEA Kickoff_csvs
both,TL,0,4 (0),0 (0),6 (3),11 (5),429390,VCT 2025 EMEA Kickoff_csvs
All Maps,VIT,6,15 (6),4 (2),22 (11),62 (37),429390,VCT 2025 EMEA Kickoff_csvs
All Maps,TL,4,15 (4),5 (3),31 (15),52 (25),429390,VCT 2025 EMEA Kickoff_csvs
Split,VIT,1,3 (1),2 (1),2 (2),15 (9),459826,VCT 2025 EMEA Stage 1_csvs
Split,GX,1,3 (1),0 (0),6 (4),13 (4),459826,VCT 2025 EMEA Stage 1_csvs
Lotus,VIT,2,2 (2),0 (0),3 (3),10 (8),459826,VCT 2025 EMEA Stage 1_csvs
Lotus,GX,0,3 (0),2 (0),7 (2),3 (0),459826,VCT 2025 EMEA Stage 1_csvs
All Maps,VIT,3,5 (3),2 (1),5 (5),25 (17),459826,VCT 2025 EMEA Stage 1_csvs
All Maps,GX,1,6 (1),2 (0),13 (6),16 (4),459826,VCT 2025 EMEA Stage 1_csvs
Icebox,BBL,1,3 (1),1 (0),4 (1),8 (1),459827,VCT 2025 EMEA Stage 1_csvs
Icebox,KC,1,3 (1),0 (0),2 (2),11 (10),459827,VCT 2025 EMEA Stage 1_csvs
Pearl,BBL,1,3 (1),4 (2),5 (3),12 (7),459827,VCT 2025 EMEA Stage 1_csvs
Pearl,KC,1,4 (2),0 (0),6 (1),14 (8),459827,VCT 2025 EMEA Stage 1_csvs
All Maps,BBL,2,2 (2),1 (1),5 (2),13 (8),459827,VCT 2025 EMEA Stage 1_csvs
All Maps,KC,0,4 (0),2 (0),4 (2),11 (6),459827,VCT 2025 EMEA Stage 1_csvs
Ascent,TH,1,3 (1),1 (0),7 (2),7 (2),459828,VCT 2025 EMEA Stage 1_csvs
Ascent,APK,1,3 (1),1 (0),2 (2),12 (10),459828,VCT 2025 EMEA Stage 1_csvs
Split,TH,2,2 (2),0 (0),8 (3),11 (8),459828,VCT 2025 EMEA Stage 1_csvs
Split,APK,0,4 (0),2 (0),2 (0),13 (8),459828,VCT 2025 EMEA Stage 1_csvs
All Maps,TH,0,4 (1),1 (1),1 (0),13 (11),459828,VCT 2025 EMEA Stage 1_csvs
All Maps,APK,2,3 (2),2 (0),5 (1),9 (3),459828,VCT 2025 EMEA Stage 1_csvs
Pearl,FUT,1,3 (1),0 (0),2 (2),12 (10),459829,VCT 2025 EMEA Stage 1_csvs
Pearl,MKOI,1,3 (1),2 (1),7 (1),5 (1),459829,VCT 2025 EMEA Stage 1_csvs
Lotus,FUT,2,2 (2),2 (0),7 (4),15 (8),459829,VCT 2025 EMEA Stage 1_csvs
Lotus,MKOI,0,5 (0),2 (0),1 (1),18 (11),459829,VCT 2025 EMEA Stage 1_csvs
All Maps,FUT,3,5 (3),2 (0),9 (6),27 (18),459829,VCT 2025 EMEA Stage 1_csvs
All Maps,MKOI,1,8 (1),4 (1),8 (2),23 (12),459829,VCT 2025 EMEA Stage 1_csvs
Split,FNC,2,2 (2),0 (0),3 (3),13 (8),459830,VCT 2025 EMEA Stage 1_csvs
Split,NAVI,0,4 (0),1 (0),8 (3),5 (2),459830,VCT 2025 EMEA Stage 1_csvs
Fracture,FNC,1,3 (1),2 (1),4 (1),15 (10),459830,VCT 2025 EMEA Stage 1_csvs
Fracture,NAVI,1,3 (1),0 (0),4 (1),17 (9),459830,VCT 2025 EMEA Stage 1_csvs
All Maps,FNC,3,5 (3),2 (1),7 (4),28 (18),459830,VCT 2025 EMEA Stage 1_csvs
All Maps,NAVI,1,7 (1),1 (0),12 (4),22 (11),459830,VCT 2025 EMEA Stage 1_csvs
Split,TL,0,4 (1),0 (0),3 (3),12 (9),459831,VCT 2025 EMEA Stage 1_csvs
Split,M8,2,2 (2),4 (1),4 (1),9 (2),459831,VCT 2025 EMEA Stage 1_csvs
Haven,TL,2,2 (2),3 (1),8 (3),13 (6),459831,VCT 2025 EMEA Stage 1_csvs
Haven,M8,0,5 (1),0 (0),2 (1),19 (12),459831,VCT 2025 EMEA Stage 1_csvs
All Maps,TL,0,3 (0),4 (1),3 (1),9 (4),459831,VCT 2025 EMEA Stage 1_csvs
All Maps,M8,2,2 (2),0 (0),5 (5),12 (6),459831,VCT 2025 EMEA Stage 1_csvs
Fracture,TL,1,3 (2),2 (1),2 (2),13 (8),459832,VCT 2025 EMEA Stage 1_csvs
Fracture,BBL,1,3 (1),4 (0),1 (0),12 (6),459832,VCT 2025 EMEA Stage 1_csvs
Haven,TL,0,4 (0),0 (0),6 (1),7 (3),459832,VCT 2025 EMEA Stage 1_csvs
Haven,BBL,2,2 (2),2 (2),4 (3),9 (6),459832,VCT 2025 EMEA Stage 1_csvs
All Maps,TL,1,3 (1),1 (0),2 (2),11 (10),459832,VCT 2025 EMEA Stage 1_csvs
All Maps,BBL,1,3 (1),3 (0),3 (1),8 (2),459832,VCT 2025 EMEA Stage 1_csvs
Lotus,APK,1,3 (2),1 (0),5 (2),14 (9),459833,VCT 2025 EMEA Stage 1_csvs
Lotus,NAVI,1,3 (1),2 (0),4 (0),14 (9),459833,VCT 2025 EMEA Stage 1_csvs
Haven,APK,1,2 (1),1 (0),9 (5),12 (5),459833,VCT 2025 EMEA Stage 1_csvs
Haven,NAVI,1,3 (1),2 (0),4 (2),15 (10),459833,VCT 2025 EMEA Stage 1_csvs
All Maps,APK,1,5 (2),0 (0),5 (2),9 (2),459833,VCT 2025 EMEA Stage 1_csvs
All Maps,NAVI,1,3 (1),0 (0),2 (2),14 (10),459833,VCT 2025 EMEA Stage 1_csvs
Icebox,FUT,1,3 (2),2 (1),5 (3),13 (4),459834,VCT 2025 EMEA Stage 1_csvs
Icebox,M8,1,4 (1),1 (0),1 (0),17 (12),459834,VCT 2025 EMEA Stage 1_csvs
Fracture,FUT,1,4 (2),1 (0),5 (2),24 (14),459834,VCT 2025 EMEA Stage 1_csvs
Fracture,M8,1,3 (1),3 (0),5 (3),23 (12),459834,VCT 2025 EMEA Stage 1_csvs
All Maps,FUT,2,2 (2),0 (0),6 (4),9 (7),459834,VCT 2025 EMEA Stage 1_csvs
All Maps,M8,0,4 (0),1 (0),3 (0),9 (4),459834,VCT 2025 EMEA Stage 1_csvs
Haven,TH,2,2 (2),0 (0),4 (3),10 (8),459835,VCT 2025 EMEA Stage 1_csvs
Haven,GX,0,3 (0),3 (0),4 (0),6 (3),459835,VCT 2025 EMEA Stage 1_csvs
Split,TH,1,3 (1),1 (0),5 (2),15 (8),459835,VCT 2025 EMEA Stage 1_csvs
Split,GX,1,3 (1),2 (1),7 (4),12 (7),459835,VCT 2025 EMEA Stage 1_csvs
All Maps,TH,1,2 (1),3 (1),4 (3),12 (8),459835,VCT 2025 EMEA Stage 1_csvs
All Maps,GX,1,3 (1),1 (1),7 (2),10 (4),459835,VCT 2025 EMEA Stage 1_csvs
Split,VIT,1,3 (1),2 (1),2 (1),27 (15),459836,VCT 2025 EMEA Stage 1_csvs
Split,FNC,1,4 (1),0 (0),6 (4),24 (11),459836,VCT 2025 EMEA Stage 1_csvs
Lotus,VIT,2,3 (2),1 (0),7 (3),8 (1),459836,VCT 2025 EMEA Stage 1_csvs
Lotus,FNC,0,4 (0),0 (0),2 (1),13 (12),459836,VCT 2025 EMEA Stage 1_csvs
All Maps,VIT,1,3 (1),2 (0),6 (3),12 (6),459836,VCT 2025 EMEA Stage 1_csvs
All Maps,FNC,1,3 (1),1 (1),3 (1),16 (10),459836,VCT 2025 EMEA Stage 1_csvs
Lotus,MKOI,1,4 (1),1 (0),7 (1),3 (0),459837,VCT 2025 EMEA Stage 1_csvs
Lotus,KC,1,3 (1),0 (0),1 (1),11 (11),459837,VCT 2025 EMEA Stage 1_csvs
Icebox,MKOI,2,2 (2),0 (0),5 (2),19 (8),459837,VCT 2025 EMEA Stage 1_csvs
Icebox,KC,0,4 (0),1 (0),4 (2),17 (12),459837,VCT 2025 EMEA Stage 1_csvs
All Maps,MKOI,3,6 (3),1 (0),12 (3),22 (8),459837,VCT 2025 EMEA Stage 1_csvs
All Maps,KC,1,7 (1),1 (0),5 (3),28 (23),459837,VCT 2025 EMEA Stage 1_csvs
Pearl,MKOI,1,3 (1),1 (0),8 (2),7 (3),459839,VCT 2025 EMEA Stage 1_csvs
Pearl,BBL,1,2 (1),0 (0),6 (3),11 (9),459839,VCT 2025 EMEA Stage 1_csvs
Icebox,MKOI,0,4 (0),2 (1),8 (5),8 (3),459839,VCT 2025 EMEA Stage 1_csvs
Icebox,BBL,2,2 (2),1 (1),4 (3),15 (7),459839,VCT 2025 EMEA Stage 1_csvs
All Maps,MKOI,1,7 (1),3 (1),16 (7),15 (6),459839,VCT 2025 EMEA Stage 1_csvs
All Maps,BBL,3,4 (3),1 (1),10 (6),26 (16),459839,VCT 2025 EMEA Stage 1_csvs
Fracture,NAVI,1,3 (1),0 (0),7 (2),12 (6),459840,VCT 2025 EMEA Stage 1_csvs
Fracture,GX,1,3 (1),1 (0),5 (5),13 (7),459840,VCT 2025 EMEA Stage 1_csvs
Pearl,NAVI,2,2 (2),2 (0),4 (3),12 (8),459840,VCT 2025 EMEA Stage 1_csvs
Pearl,GX,0,3 (0),3 (1),3 (2),11 (4),459840,VCT 2025 EMEA Stage 1_csvs
All Maps,NAVI,2,2 (2),0 (0),2 (2),9 (9),459840,VCT 2025 EMEA Stage 1_csvs
All Maps,GX,0,3 (0),1 (0),4 (0),5 (0),459840,VCT 2025 EMEA Stage 1_csvs
Lotus,TL,2,2 (2),0 (0),3 (3),9 (8),459841,VCT 2025 EMEA Stage 1_csvs
Lotus,FUT,0,4 (0),2 (0),2 (0),6 (1),459841,VCT 2025 EMEA Stage 1_csvs
Split,TL,1,3 (1),0 (0),5 (2),14 (10),459841,VCT 2025 EMEA Stage 1_csvs
Split,FUT,1,3 (1),2 (0),2 (2),15 (6),459841,VCT 2025 EMEA Stage 1_csvs
All Maps,TL,3,5 (3),0 (0),8 (5),23 (18),459841,VCT 2025 EMEA Stage 1_csvs
All Maps,FUT,1,7 (1),4 (0),4 (2),21 (7),459841,VCT 2025 EMEA Stage 1_csvs
Haven,VIT,1,3 (1),1 (0),5 (3),14 (6),459842,VCT 2025 EMEA Stage 1_csvs
Haven,TH,1,3 (1),1 (1),6 (4),13 (7),459842,VCT 2025 EMEA Stage 1_csvs
Icebox,VIT,1,2 (1),1 (0),10 (3),6 (2),459842,VCT 2025 EMEA Stage 1_csvs
Icebox,TH,1,3 (1),0 (0),3 (2),13 (10),459842,VCT 2025 EMEA Stage 1_csvs
All Maps,VIT,2,5 (2),2 (0),15 (6),20 (8),459842,VCT 2025 EMEA Stage 1_csvs
All Maps,TH,2,6 (2),1 (1),9 (6),26 (17),459842,VCT 2025 EMEA Stage 1_csvs
Lotus,APK,0,4 (0),1 (0),4 (3),9 (2),459843,VCT 2025 EMEA Stage 1_csvs
Lotus,FNC,2,2 (2),0 (0),3 (3),13 (8),459843,VCT 2025 EMEA Stage 1_csvs
Split,APK,1,3 (1),2 (0),5 (2),20 (11),459843,VCT 2025 EMEA Stage 1_csvs
Split,FNC,1,3 (2),3 (1),4 (1),20 (12),459843,VCT 2025 EMEA Stage 1_csvs
All Maps,APK,1,7 (1),3 (0),9 (5),29 (13),459843,VCT 2025 EMEA Stage 1_csvs
All Maps,FNC,3,5 (4),3 (1),7 (4),33 (20),459843,VCT 2025 EMEA Stage 1_csvs
Haven,KC,0,4 (0),1 (0),4 (3),17 (11),459844,VCT 2025 EMEA Stage 1_csvs
Haven,M8,2,2 (2),1 (0),10 (3),13 (7),459844,VCT 2025 EMEA Stage 1_csvs
Pearl,KC,2,2 (2),0 (0),3 (3),10 (8),459844,VCT 2025 EMEA Stage 1_csvs
Pearl,M8,0,3 (0),3 (1),4 (1),5 (0),459844,VCT 2025 EMEA Stage 1_csvs
All Maps,KC,2,6 (2),1 (0),7 (6),27 (19),459844,VCT 2025 EMEA Stage 1_csvs
All Maps,M8,2,5 (2),4 (1),14 (4),18 (7),459844,VCT 2025 EMEA Stage 1_csvs
Ascent,VIT,1,3 (1),1 (1),3 (2),11 (9),459845,VCT 2025 EMEA Stage 1_csvs
Ascent,APK,1,3 (1),1 (0),7 (4),7 (0),459845,VCT 2025 EMEA Stage 1_csvs
Lotus,VIT,1,3 (1),1 (0),7 (3),12 (9),459845,VCT 2025 EMEA Stage 1_csvs
Lotus,APK,1,3 (1),2 (0),6 (3),12 (6),459845,VCT 2025 EMEA Stage 1_csvs
All Maps,VIT,2,6 (2),2 (1),10 (5),23 (18),459845,VCT 2025 EMEA Stage 1_csvs
All Maps,APK,2,6 (2),3 (0),13 (7),19 (6),459845,VCT 2025 EMEA Stage 1_csvs
Lotus,TL,2,2 (2),0 (0),7 (6),9 (5),459846,VCT 2025 EMEA Stage 1_csvs
Lotus,MKOI,0,5 (0),0 (0),6 (3),7 (2),459846,VCT 2025 EMEA Stage 1_csvs
Split,TL,2,4 (4),1 (0),6 (3),11 (6),459846,VCT 2025 EMEA Stage 1_csvs
Split,MKOI,0,5 (0),2 (0),1 (0),14 (9),459846,VCT 2025 EMEA Stage 1_csvs
All Maps,TL,4,6 (6),1 (0),13 (9),20 (11),459846,VCT 2025 EMEA Stage 1_csvs
All Maps,MKOI,0,10 (0),2 (0),7 (3),21 (11),459846,VCT 2025 EMEA Stage 1_csvs
Lotus,M8,0,4 (0),0 (0),3 (2),19 (10),459847,VCT 2025 EMEA Stage 1_csvs
Lotus,BBL,2,2 (2),0 (0),9 (5),15 (7),459847,VCT 2025 EMEA Stage 1_csvs
Haven,M8,0,3 (0),3 (1),3 (0),6 (1),459847,VCT 2025 EMEA Stage 1_csvs
Haven,BBL,2,2 (2),0 (0),3 (2),10 (9),459847,VCT 2025 EMEA Stage 1_csvs
All Maps,M8,0,7 (0),3 (1),6 (2),25 (11),459847,VCT 2025 EMEA Stage 1_csvs
All Maps,BBL,4,4 (4),0 (0),12 (7),25 (16),459847,VCT 2025 EMEA Stage 1_csvs
Ascent,GX,1,3 (1),1 (0),4 (2),15 (10),459848,VCT 2025 EMEA Stage 1_csvs
Ascent,FNC,1,3 (1),1 (0),5 (2),14 (7),459848,VCT 2025 EMEA Stage 1_csvs
Lotus,GX,2,2 (2),2 (0),8 (2),6 (1),459848,VCT 2025 EMEA Stage 1_csvs
Lotus,FNC,0,4 (0),0 (0),1 (1),13 (12),459848,VCT 2025 EMEA Stage 1_csvs
All Maps,GX,1,3 (1),1 (0),7 (3),12 (6),459848,VCT 2025 EMEA Stage 1_csvs
All Maps,FNC,1,3 (1),0 (0),5 (1),15 (11),459848,VCT 2025 EMEA Stage 1_csvs
Pearl,KC,1,3 (1),1 (0),5 (1),9 (3),459849,VCT 2025 EMEA Stage 1_csvs
Pearl,FUT,1,3 (1),1 (1),2 (2),12 (9),459849,VCT 2025 EMEA Stage 1_csvs
Lotus,KC,2,2 (2),0 (0),9 (3),13 (6),459849,VCT 2025 EMEA Stage 1_csvs
Lotus,FUT,0,4 (0),2 (0),0 (0),18 (13),459849,VCT 2025 EMEA Stage 1_csvs
All Maps,KC,0,4 (1),2 (2),0 (0),20 (11),459849,VCT 2025 EMEA Stage 1_csvs
All Maps,FUT,2,4 (2),2 (1),4 (2),16 (7),459849,VCT 2025 EMEA Stage 1_csvs
Haven,NAVI,0,4 (0),1 (0),4 (2),7 (1),459850,VCT 2025 EMEA Stage 1_csvs
Haven,TH,2,2 (2),0 (0),3 (3),11 (8),459850,VCT 2025 EMEA Stage 1_csvs
Pearl,NAVI,1,3 (1),1 (0),4 (1),13 (6),459850,VCT 2025 EMEA Stage 1_csvs
Pearl,TH,1,3 (1),1 (0),5 (4),12 (8),459850,VCT 2025 EMEA Stage 1_csvs
it,NAVI,1,7 (1),2 (0),8 (3),20 (7),459850,VCT 2025 EMEA Stage 1_csvs
it,TH,3,5 (3),1 (0),8 (7),23 (16),459850,VCT 2025 EMEA Stage 1_csvs
Ascent,BBL,1,3 (1),2 (1),5 (3),38 (20),459852,VCT 2025 EMEA Stage 1_csvs
Ascent,FUT,1,4 (1),1 (0),4 (2),39 (20),459852,VCT 2025 EMEA Stage 1_csvs
Icebox,BBL,1,3 (1),0 (0),5 (3),16 (9),459852,VCT 2025 EMEA Stage 1_csvs
Icebox,FUT,1,4 (1),2 (0),3 (2),15 (8),459852,VCT 2025 EMEA Stage 1_csvs
All Maps,BBL,2,6 (2),2 (1),10 (6),54 (29),459852,VCT 2025 EMEA Stage 1_csvs
All Maps,FUT,2,8 (2),3 (0),7 (4),54 (28),459852,VCT 2025 EMEA Stage 1_csvs
Lotus,GX,2,2 (2),1 (0),6 (3),11 (8),459853,VCT 2025 EMEA Stage 1_csvs
Lotus,APK,0,4 (0),1 (0),2 (1),13 (6),459853,VCT 2025 EMEA Stage 1_csvs
Ascent,GX,0,4 (2),1 (0),1 (0),16 (11),459853,VCT 2025 EMEA Stage 1_csvs
Ascent,APK,2,3 (2),3 (1),5 (1),11 (5),459853,VCT 2025 EMEA Stage 1_csvs
All Maps,GX,2,6 (4),2 (0),7 (3),27 (19),459853,VCT 2025 EMEA Stage 1_csvs
All Maps,APK,2,7 (2),4 (1),7 (2),24 (11),459853,VCT 2025 EMEA Stage 1_csvs
Split,M8,0,4 (0),1 (1),1 (1),18 (11),459854,VCT 2025 EMEA Stage 1_csvs
Split,MKOI,2,2 (2),2 (0),8 (5),12 (4),459854,VCT 2025 EMEA Stage 1_csvs
Icebox,M8,0,4 (0),3 (0),2 (2),10 (4),459854,VCT 2025 EMEA Stage 1_csvs
Icebox,MKOI,2,2 (2),0 (0),5 (3),12 (8),459854,VCT 2025 EMEA Stage 1_csvs
All Maps,M8,0,4 (0),2 (1),5 (1),11 (7),459854,VCT 2025 EMEA Stage 1_csvs
All Maps,MKOI,2,2 (2),2 (0),7 (4),11 (7),459854,VCT 2025 EMEA Stage 1_csvs
Haven,VIT,0,5 (0),1 (0),5 (1),7 (4),459855,VCT 2025 EMEA Stage 1_csvs
Haven,NAVI,2,3 (3),0 (0),6 (3),9 (7),459855,VCT 2025 EMEA Stage 1_csvs
Icebox,VIT,1,3 (1),0 (0),8 (3),13 (7),459855,VCT 2025 EMEA Stage 1_csvs
Icebox,NAVI,1,3 (1),0 (0),1 (1),20 (11),459855,VCT 2025 EMEA Stage 1_csvs
All Maps,VIT,1,8 (1),1 (0),13 (4),20 (11),459855,VCT 2025 EMEA Stage 1_csvs
All Maps,NAVI,3,6 (4),0 (0),7 (4),29 (18),459855,VCT 2025 EMEA Stage 1_csvs
Split,TL,0,4 (0),1 (0),3 (1),14 (8),459856,VCT 2025 EMEA Stage 1_csvs
Split,KC,2,2 (2),0 (0),8 (4),12 (7),459856,VCT 2025 EMEA Stage 1_csvs
Icebox,TL,1,3 (2),1 (0),4 (3),11 (8),459856,VCT 2025 EMEA Stage 1_csvs
Icebox,KC,1,3 (1),1 (1),9 (3),6 (1),459856,VCT 2025 EMEA Stage 1_csvs
All Maps,TL,1,7 (2),2 (0),7 (4),25 (16),459856,VCT 2025 EMEA Stage 1_csvs
All Maps,KC,3,5 (3),1 (1),17 (7),18 (8),459856,VCT 2025 EMEA Stage 1_csvs
Lotus,FNC,2,2 (2),2 (0),11 (2),3 (1),459857,VCT 2025 EMEA Stage 1_csvs
Lotus,TH,0,5 (1),0 (0),1 (0),12 (12),459857,VCT 2025 EMEA Stage 1_csvs
Haven,FNC,0,4 (1),1 (0),5 (1),13 (8),459857,VCT 2025 EMEA Stage 1_csvs
Haven,TH,2,2 (2),2 (0),5 (3),14 (8),459857,VCT 2025 EMEA Stage 1_csvs
All Maps,FNC,2,6 (3),3 (0),16 (3),16 (9),459857,VCT 2025 EMEA Stage 1_csvs
All Maps,TH,2,7 (3),2 (0),6 (3),26 (20),459857,VCT 2025 EMEA Stage 1_csvs
Lotus,BBL,0,3 (1),1 (0),0 (0),18 (12),482503,VCT 2025 EMEA Stage 1_csvs
Lotus,NAVI,2,2 (2),2 (0),8 (2),10 (5),482503,VCT 2025 EMEA Stage 1_csvs
Fracture,BBL,0,4 (0),0 (0),5 (5),14 (8),482503,VCT 2025 EMEA Stage 1_csvs
Fracture,NAVI,2,2 (2),2 (0),6 (3),13 (5),482503,VCT 2025 EMEA Stage 1_csvs
All Maps,BBL,0,7 (1),1 (0),5 (5),32 (20),482503,VCT 2025 EMEA Stage 1_csvs
All Maps,NAVI,4,4 (4),4 (0),14 (5),23 (10),482503,VCT 2025 EMEA Stage 1_csvs
Lotus,FNC,1,3 (1),0 (0),5 (5),13 (7),482504,VCT 2025 EMEA Stage 1_csvs
Lotus,FUT,1,4 (1),0 (0),5 (2),12 (5),482504,VCT 2025 EMEA Stage 1_csvs
Split,FNC,0,4 (1),0 (0),1 (1),14 (11),482504,VCT 2025 EMEA Stage 1_csvs
Split,FUT,2,4 (2),1 (0),5 (2),9 (2),482504,VCT 2025 EMEA Stage 1_csvs
All Maps,FNC,1,7 (2),0 (0),6 (6),27 (18),482504,VCT 2025 EMEA Stage 1_csvs
All Maps,FUT,3,8 (3),1 (0),10 (4),21 (7),482504,VCT 2025 EMEA Stage 1_csvs
Icebox,NAVI,1,4 (1),1 (0),1 (1),20 (10),482505,VCT 2025 EMEA Stage 1_csvs
Icebox,KC,1,3 (1),2 (0),5 (3),16 (10),482505,VCT 2025 EMEA Stage 1_csvs
Split,NAVI,1,3 (1),2 (0),4 (3),15 (9),482505,VCT 2025 EMEA Stage 1_csvs
Split,KC,1,3 (1),2 (1),8 (4),11 (5),482505,VCT 2025 EMEA Stage 1_csvs
All Maps,NAVI,2,2 (2),2 (0),5 (5),15 (6),482505,VCT 2025 EMEA Stage 1_csvs
All Maps,KC,0,4 (0),1 (1),3 (2),16 (8),482505,VCT 2025 EMEA Stage 1_csvs
Fracture,FUT,0,4 (0),0 (0),0 (0),15 (13),482506,VCT 2025 EMEA Stage 1_csvs
Fracture,VIT,2,2 (2),1 (0),8 (3),8 (1),482506,VCT 2025 EMEA Stage 1_csvs
Split,FUT,2,2 (2),0 (0),6 (3),12 (8),482506,VCT 2025 EMEA Stage 1_csvs
Split,VIT,0,4 (0),2 (0),4 (1),10 (6),482506,VCT 2025 EMEA Stage 1_csvs
All Maps,FUT,2,6 (2),0 (0),6 (3),27 (21),482506,VCT 2025 EMEA Stage 1_csvs
All Maps,VIT,2,6 (2),3 (0),12 (4),18 (7),482506,VCT 2025 EMEA Stage 1_csvs
Ascent,TH,1,5 (1),0 (0),6 (3),15 (10),482507,VCT 2025 EMEA Stage 1_csvs
Ascent,BBL,1,3 (1),2 (1),4 (1),17 (9),482507,VCT 2025 EMEA Stage 1_csvs
Icebox,TH,1,3 (1),1 (0),4 (3),15 (9),482507,VCT 2025 EMEA Stage 1_csvs
Icebox,BBL,1,3 (1),1 (0),7 (5),12 (4),482507,VCT 2025 EMEA Stage 1_csvs
All Maps,TH,2,8 (2),1 (0),10 (6),30 (19),482507,VCT 2025 EMEA Stage 1_csvs
All Maps,BBL,2,6 (2),3 (1),11 (6),29 (13),482507,VCT 2025 EMEA Stage 1_csvs
Split,TL,1,3 (2),1 (0),7 (4),12 (4),482508,VCT 2025 EMEA Stage 1_csvs
Split,FNC,1,3 (1),1 (0),3 (1),16 (11),482508,VCT 2025 EMEA Stage 1_csvs
Icebox,TL,1,3 (1),2 (0),3 (3),16 (9),482508,VCT 2025 EMEA Stage 1_csvs
Icebox,FNC,1,3 (1),0 (0),6 (2),15 (8),482508,VCT 2025 EMEA Stage 1_csvs
All Maps,TL,0,4 (0),0 (0),4 (2),18 (10),482508,VCT 2025 EMEA Stage 1_csvs
All Maps,FNC,2,2 (2),0 (0),11 (6),13 (6),482508,VCT 2025 EMEA Stage 1_csvs
Haven,BBL,1,3 (1),2 (0),3 (1),15 (11),482510,VCT 2025 EMEA Stage 1_csvs
Haven,FUT,1,4 (1),0 (0),4 (2),15 (7),482510,VCT 2025 EMEA Stage 1_csvs
Split,BBL,2,2 (2),0 (0),4 (3),9 (8),482510,VCT 2025 EMEA Stage 1_csvs
Split,FUT,0,4 (0),2 (0),0 (0),9 (2),482510,VCT 2025 EMEA Stage 1_csvs
All Maps,BBL,4,9 (4),2 (0),14 (7),39 (27),482510,VCT 2025 EMEA Stage 1_csvs
All Maps,FUT,2,13 (4),5 (1),6 (3),40 (18),482510,VCT 2025 EMEA Stage 1_csvs
Icebox,TL,1,2 (1),2 (0),7 (5),13 (5),482509,VCT 2025 EMEA Stage 1_csvs
Icebox,NAVI,1,2 (1),1 (0),6 (4),15 (8),482509,VCT 2025 EMEA Stage 1_csvs
Split,TL,2,2 (2),1 (1),4 (2),10 (8),482509,VCT 2025 EMEA Stage 1_csvs
Split,NAVI,0,3 (0),1 (0),7 (1),6 (3),482509,VCT 2025 EMEA Stage 1_csvs
All Maps,TL,2,2 (2),1 (0),6 (3),12 (8),482509,VCT 2025 EMEA Stage 1_csvs
All Maps,NAVI,0,4 (1),2 (0),6 (2),9 (5),482509,VCT 2025 EMEA Stage 1_csvs
Fracture,TH,0,4 (1),1 (1),4 (0),10 (4),482515,VCT 2025 EMEA Stage 1_csvs
Fracture,FNC,2,2 (2),1 (0),6 (5),10 (6),482515,VCT 2025 EMEA Stage 1_csvs
Icebox,TH,1,3 (2),2 (0),6 (3),10 (3),482515,VCT 2025 EMEA Stage 1_csvs
Icebox,FNC,1,3 (1),1 (1),2 (1),15 (10),482515,VCT 2025 EMEA Stage 1_csvs
that,TH,1,7 (3),3 (1),10 (3),20 (7),482515,VCT 2025 EMEA Stage 1_csvs
that,FNC,3,5 (3),2 (1),8 (6),25 (16),482515,VCT 2025 EMEA Stage 1_csvs
Haven,TL,2,2 (2),2 (1),7 (2),13 (8),482511,VCT 2025 EMEA Stage 1_csvs
Haven,BBL,0,4 (0),2 (1),3 (1),15 (9),482511,VCT 2025 EMEA Stage 1_csvs
Split,TL,0,4 (0),1 (0),6 (2),9 (5),482511,VCT 2025 EMEA Stage 1_csvs
Split,BBL,2,3 (2),1 (0),4 (2),12 (9),482511,VCT 2025 EMEA Stage 1_csvs
All Maps,TL,1,3 (1),1 (0),2 (2),15 (10),482511,VCT 2025 EMEA Stage 1_csvs
All Maps,BBL,1,4 (1),2 (0),4 (2),11 (5),482511,VCT 2025 EMEA Stage 1_csvs
Haven,TH,2,2 (2),1 (1),3 (2),10 (8),482512,VCT 2025 EMEA Stage 1_csvs
Haven,TL,0,3 (0),2 (0),8 (1),3 (2),482512,VCT 2025 EMEA Stage 1_csvs
Ascent,TH,1,3 (1),2 (1),2 (1),16 (10),482512,VCT 2025 EMEA Stage 1_csvs
Ascent,TL,1,4 (1),1 (0),6 (4),12 (5),482512,VCT 2025 EMEA Stage 1_csvs
Icebox,TH,2,2 (2),0 (0),3 (3),10 (8),482512,VCT 2025 EMEA Stage 1_csvs
Icebox,TL,0,3 (0),1 (0),6 (0),5 (2),482512,VCT 2025 EMEA Stage 1_csvs
Lotus,TH,5,7 (5),3 (2),8 (6),36 (26),482512,VCT 2025 EMEA Stage 1_csvs
Lotus,TL,1,10 (1),4 (0),20 (5),20 (9),482512,VCT 2025 EMEA Stage 1_csvs
Split,FNC,2,2 (2),0 (0),4 (3),11 (8),482513,VCT 2025 EMEA Stage 1_csvs
Split,TH,0,4 (0),0 (0),5 (1),8 (3),482513,VCT 2025 EMEA Stage 1_csvs
Icebox,FNC,1,3 (1),1 (1),2 (1),16 (10),482513,VCT 2025 EMEA Stage 1_csvs
Icebox,TH,1,3 (1),1 (0),4 (2),14 (6),482513,VCT 2025 EMEA Stage 1_csvs
Fracture,FNC,0,4 (0),1 (0),6 (3),15 (11),482513,VCT 2025 EMEA Stage 1_csvs
Fracture,TH,2,2 (2),2 (1),6 (4),16 (5),482513,VCT 2025 EMEA Stage 1_csvs
Lotus,FNC,3,9 (3),2 (1),12 (7),42 (29),482513,VCT 2025 EMEA Stage 1_csvs
Lotus,TH,3,9 (3),3 (1),15 (7),38 (14),482513,VCT 2025 EMEA Stage 1_csvs
Icebox,NAVI,1,3 (1),1 (1),2 (1),11 (10),511543,VCT 2025 EMEA Stage 2_csvs
Icebox,APK,1,3 (1),2 (0),8 (2),4 (1),511543,VCT 2025 EMEA Stage 2_csvs
Sunset,NAVI,0,4 (0),1 (0),3 (1),11 (5),511543,VCT 2025 EMEA Stage 2_csvs
Sunset,APK,2,2 (2),1 (1),6 (5),10 (5),511543,VCT 2025 EMEA Stage 2_csvs
All Maps,NAVI,2,2 (2),0 (0),3 (3),11 (8),511543,VCT 2025 EMEA Stage 2_csvs
All Maps,APK,0,4 (0),2 (0),6 (2),4 (1),511543,VCT 2025 EMEA Stage 2_csvs
Sunset,VIT,2,2 (2),2 (0),6 (5),13 (3),511544,VCT 2025 EMEA Stage 2_csvs
Sunset,GX,0,4 (0),1 (1),1 (1),17 (11),511544,VCT 2025 EMEA Stage 2_csvs
Bind,VIT,1,3 (1),1 (0),4 (2),16 (8),511544,VCT 2025 EMEA Stage 2_csvs
Bind,GX,1,3 (1),1 (1),10 (5),10 (6),511544,VCT 2025 EMEA Stage 2_csvs
All Maps,VIT,3,5 (3),3 (0),10 (7),29 (11),511544,VCT 2025 EMEA Stage 2_csvs
All Maps,GX,1,7 (1),2 (2),11 (6),27 (17),511544,VCT 2025 EMEA Stage 2_csvs
Bind,FUT,0,4 (0),3 (1),1 (1),12 (5),511545,VCT 2025 EMEA Stage 2_csvs
Bind,M8,2,2 (2),1 (0),5 (3),12 (8),511545,VCT 2025 EMEA Stage 2_csvs
Sunset,FUT,2,2 (2),1 (0),5 (3),10 (8),511545,VCT 2025 EMEA Stage 2_csvs
Sunset,M8,0,3 (0),2 (0),4 (0),9 (5),511545,VCT 2025 EMEA Stage 2_csvs
All Maps,FUT,1,5 (1),1 (0),5 (2),19 (13),511545,VCT 2025 EMEA Stage 2_csvs
All Maps,M8,1,4 (2),0 (0),3 (1),23 (11),511545,VCT 2025 EMEA Stage 2_csvs
Bind,TL,2,2 (2),0 (0),4 (3),11 (8),511546,VCT 2025 EMEA Stage 2_csvs
Bind,MKOI,0,5 (1),2 (0),4 (0),6 (3),511546,VCT 2025 EMEA Stage 2_csvs
Icebox,TL,2,3 (2),2 (0),9 (5),9 (3),511546,VCT 2025 EMEA Stage 2_csvs
Icebox,MKOI,0,4 (0),1 (1),2 (2),16 (10),511546,VCT 2025 EMEA Stage 2_csvs
All Maps,TL,0,4 (0),1 (0),3 (3),13 (10),511546,VCT 2025 EMEA Stage 2_csvs
All Maps,MKOI,2,3 (2),0 (0),10 (4),8 (2),511546,VCT 2025 EMEA Stage 2_csvs
Icebox,TH,1,3 (1),1 (0),6 (2),8 (2),511547,VCT 2025 EMEA Stage 2_csvs
Icebox,BBL,1,3 (1),1 (0),3 (2),11 (10),511547,VCT 2025 EMEA Stage 2_csvs
Haven,TH,1,3 (1),3 (2),4 (2),12 (8),511547,VCT 2025 EMEA Stage 2_csvs
Haven,BBL,1,3 (1),2 (0),7 (4),10 (4),511547,VCT 2025 EMEA Stage 2_csvs
All Maps,TH,2,2 (2),1 (0),7 (5),14 (6),511547,VCT 2025 EMEA Stage 2_csvs
All Maps,BBL,0,4 (0),1 (1),6 (3),13 (7),511547,VCT 2025 EMEA Stage 2_csvs
Bind,FNC,1,3 (1),0 (0),2 (2),15 (10),511548,VCT 2025 EMEA Stage 2_csvs
Bind,KC,1,3 (1),3 (1),6 (3),8 (2),511548,VCT 2025 EMEA Stage 2_csvs
Lotus,FNC,1,3 (2),2 (1),9 (4),9 (3),511548,VCT 2025 EMEA Stage 2_csvs
Lotus,KC,1,3 (2),1 (0),3 (2),16 (9),511548,VCT 2025 EMEA Stage 2_csvs
All Maps,FNC,1,3 (2),0 (0),4 (1),17 (10),511548,VCT 2025 EMEA Stage 2_csvs
All Maps,KC,1,4 (1),0 (0),5 (2),15 (8),511548,VCT 2025 EMEA Stage 2_csvs
Icebox,APK,0,4 (1),0 (0),10 (3),6 (3),511549,VCT 2025 EMEA Stage 2_csvs
Icebox,KC,2,2 (2),1 (1),6 (4),11 (6),511549,VCT 2025 EMEA Stage 2_csvs
Sunset,APK,1,3 (1),2 (1),5 (3),14 (8),511549,VCT 2025 EMEA Stage 2_csvs
Sunset,KC,1,3 (1),2 (0),4 (3),15 (7),511549,VCT 2025 EMEA Stage 2_csvs
All Maps,APK,2,2 (2),3 (0),11 (5),8 (4),511549,VCT 2025 EMEA Stage 2_csvs
All Maps,KC,0,4 (1),1 (1),3 (2),16 (9),511549,VCT 2025 EMEA Stage 2_csvs
Icebox,GX,1,2 (1),1 (0),5 (3),12 (9),511550,VCT 2025 EMEA Stage 2_csvs
Icebox,BBL,1,3 (1),1 (0),6 (2),10 (4),511550,VCT 2025 EMEA Stage 2_csvs
Lotus,GX,0,4 (1),1 (0),4 (2),15 (8),511550,VCT 2025 EMEA Stage 2_csvs
Lotus,BBL,2,2 (2),2 (0),7 (5),13 (6),511550,VCT 2025 EMEA Stage 2_csvs
All Maps,GX,1,3 (1),0 (0),8 (3),13 (9),511550,VCT 2025 EMEA Stage 2_csvs
All Maps,BBL,1,3 (1),2 (0),5 (3),14 (7),511550,VCT 2025 EMEA Stage 2_csvs
Corrode,TL,1,4 (1),1 (0),2 (1),13 (11),511551,VCT 2025 EMEA Stage 2_csvs
Corrode,NAVI,1,3 (2),2 (0),5 (2),10 (3),511551,VCT 2025 EMEA Stage 2_csvs
Sunset,TL,2,2 (2),0 (0),4 (3),11 (8),511551,VCT 2025 EMEA Stage 2_csvs
Sunset,NAVI,0,4 (0),1 (0),5 (2),7 (2),511551,VCT 2025 EMEA Stage 2_csvs
All Maps,TL,3,6 (3),1 (0),6 (4),24 (19),511551,VCT 2025 EMEA Stage 2_csvs
All Maps,NAVI,1,7 (2),3 (0),10 (4),17 (5),511551,VCT 2025 EMEA Stage 2_csvs
Corrode,M8,2,2 (2),2 (0),5 (3),17 (7),511552,VCT 2025 EMEA Stage 2_csvs
Corrode,TH,0,4 (0),1 (0),5 (3),16 (11),511552,VCT 2025 EMEA Stage 2_csvs
Ascent,M8,1,3 (1),2 (0),6 (3),15 (10),511552,VCT 2025 EMEA Stage 2_csvs
Ascent,TH,1,3 (1),1 (0),4 (2),18 (9),511552,VCT 2025 EMEA Stage 2_csvs
All Maps,M8,1,3 (1),1 (0),7 (2),7 (2),511552,VCT 2025 EMEA Stage 2_csvs
All Maps,TH,1,3 (1),1 (1),3 (2),11 (9),511552,VCT 2025 EMEA Stage 2_csvs
Haven,FUT,0,4 (0),2 (1),2 (0),7 (1),511553,VCT 2025 EMEA Stage 2_csvs
Haven,VIT,2,2 (2),0 (0),3 (3),10 (8),511553,VCT 2025 EMEA Stage 2_csvs
Lotus,FUT,0,5 (0),1 (0),1 (0),11 (5),511553,VCT 2025 EMEA Stage 2_csvs
Lotus,VIT,2,2 (2),1 (0),4 (3),11 (8),511553,VCT 2025 EMEA Stage 2_csvs
All Maps,FUT,0,9 (0),3 (1),3 (0),18 (6),511553,VCT 2025 EMEA Stage 2_csvs
All Maps,VIT,4,4 (4),1 (0),7 (6),21 (16),511553,VCT 2025 EMEA Stage 2_csvs
Ascent,MKOI,1,4 (1),3 (1),5 (1),8 (4),511554,VCT 2025 EMEA Stage 2_csvs
Ascent,FNC,1,3 (1),0 (0),4 (4),13 (8),511554,VCT 2025 EMEA Stage 2_csvs
Haven,MKOI,0,4 (0),0 (0),5 (3),15 (8),511554,VCT 2025 EMEA Stage 2_csvs
Haven,FNC,2,2 (2),3 (0),6 (4),13 (7),511554,VCT 2025 EMEA Stage 2_csvs
All Maps,MKOI,1,8 (1),3 (1),10 (4),23 (12),511554,VCT 2025 EMEA Stage 2_csvs
All Maps,FNC,3,5 (3),3 (0),10 (8),26 (15),511554,VCT 2025 EMEA Stage 2_csvs
Sunset,FUT,0,4 (1),1 (0),1 (0),18 (10),511562,VCT 2025 EMEA Stage 2_csvs
Sunset,GX,2,2 (2),2 (0),10 (5),10 (6),511562,VCT 2025 EMEA Stage 2_csvs
Haven,FUT,1,3 (1),2 (1),2 (2),12 (9),511562,VCT 2025 EMEA Stage 2_csvs
Haven,GX,1,3 (1),1 (0),5 (2),10 (3),511562,VCT 2025 EMEA Stage 2_csvs
All Maps,FUT,1,3 (1),2 (1),2 (2),11 (9),511562,VCT 2025 EMEA Stage 2_csvs
All Maps,GX,1,3 (1),0 (0),9 (2),6 (2),511562,VCT 2025 EMEA Stage 2_csvs
Sunset,M8,0,5 (1),1 (0),4 (2),6 (0),511563,VCT 2025 EMEA Stage 2_csvs
Sunset,BBL,2,2 (2),0 (0),3 (2),11 (9),511563,VCT 2025 EMEA Stage 2_csvs
Lotus,M8,1,3 (1),3 (1),4 (1),16 (9),511563,VCT 2025 EMEA Stage 2_csvs
Lotus,BBL,1,3 (1),2 (0),5 (4),16 (9),511563,VCT 2025 EMEA Stage 2_csvs
All Maps,M8,1,8 (2),4 (1),8 (3),22 (9),511563,VCT 2025 EMEA Stage 2_csvs
All Maps,BBL,3,5 (3),2 (0),8 (6),27 (18),511563,VCT 2025 EMEA Stage 2_csvs
Ascent,TL,2,2 (2),0 (0),7 (2),17 (10),511564,VCT 2025 EMEA Stage 2_csvs
Ascent,APK,0,4 (0),1 (0),1 (1),20 (11),511564,VCT 2025 EMEA Stage 2_csvs
Corrode,TL,2,3 (2),0 (0),7 (2),14 (7),511564,VCT 2025 EMEA Stage 2_csvs
Corrode,APK,0,3 (0),3 (2),4 (3),14 (8),511564,VCT 2025 EMEA Stage 2_csvs
All Maps,TL,2,2 (2),1 (0),3 (1),13 (10),511564,VCT 2025 EMEA Stage 2_csvs
All Maps,APK,0,3 (0),4 (1),4 (1),8 (4),511564,VCT 2025 EMEA Stage 2_csvs
Lotus,MKOI,1,3 (1),1 (0),2 (2),16 (10),511565,VCT 2025 EMEA Stage 2_csvs
Lotus,KC,1,3 (1),2 (1),3 (1),14 (6),511565,VCT 2025 EMEA Stage 2_csvs
Sunset,MKOI,0,3 (0),2 (0),5 (0),5 (2),511565,VCT 2025 EMEA Stage 2_csvs
Sunset,KC,2,2 (2),0 (0),4 (4),9 (7),511565,VCT 2025 EMEA Stage 2_csvs
All Maps,MKOI,0,4 (0),0 (0),4 (0),9 (4),511565,VCT 2025 EMEA Stage 2_csvs
All Maps,KC,2,2 (2),1 (0),4 (3),10 (8),511565,VCT 2025 EMEA Stage 2_csvs
Bind,NAVI,0,4 (0),0 (0),2 (0),17 (13),511566,VCT 2025 EMEA Stage 2_csvs
Bind,FNC,2,2 (2),1 (0),9 (3),11 (5),511566,VCT 2025 EMEA Stage 2_csvs
Ascent,NAVI,1,2 (1),1 (0),7 (3),14 (7),511566,VCT 2025 EMEA Stage 2_csvs
Ascent,FNC,1,3 (1),2 (0),5 (3),14 (9),511566,VCT 2025 EMEA Stage 2_csvs
All Maps,NAVI,2,2 (2),2 (0),7 (4),17 (7),511566,VCT 2025 EMEA Stage 2_csvs
All Maps,FNC,0,4 (0),1 (0),4 (3),19 (12),511566,VCT 2025 EMEA Stage 2_csvs
Haven,VIT,1,4 (2),2 (1),5 (2),13 (6),511567,VCT 2025 EMEA Stage 2_csvs
Haven,TH,1,3 (1),2 (1),3 (3),16 (8),511567,VCT 2025 EMEA Stage 2_csvs
Ascent,VIT,1,3 (1),2 (0),6 (3),11 (5),511567,VCT 2025 EMEA Stage 2_csvs
Ascent,TH,1,3 (1),2 (0),4 (3),13 (9),511567,VCT 2025 EMEA Stage 2_csvs
All Maps,VIT,2,7 (3),4 (1),11 (5),24 (11),511567,VCT 2025 EMEA Stage 2_csvs
All Maps,TH,2,6 (2),4 (1),7 (6),29 (17),511567,VCT 2025 EMEA Stage 2_csvs
Haven,FUT,1,3 (1),3 (1),3 (0),10 (4),511568,VCT 2025 EMEA Stage 2_csvs
Haven,TH,1,3 (2),0 (0),4 (1),12 (10),511568,VCT 2025 EMEA Stage 2_csvs
Bind,FUT,1,4 (1),1 (1),4 (1),11 (4),511568,VCT 2025 EMEA Stage 2_csvs
Bind,TH,1,3 (1),0 (0),2 (2),15 (10),511568,VCT 2025 EMEA Stage 2_csvs
All Maps,FUT,2,7 (2),4 (2),7 (1),21 (8),511568,VCT 2025 EMEA Stage 2_csvs
All Maps,TH,2,6 (3),0 (0),6 (3),27 (20),511568,VCT 2025 EMEA Stage 2_csvs
Lotus,MKOI,1,4 (2),0 (0),8 (3),10 (4),511569,VCT 2025 EMEA Stage 2_csvs
Lotus,APK,1,3 (1),1 (0),6 (5),12 (7),511569,VCT 2025 EMEA Stage 2_csvs
Ascent,MKOI,2,2 (2),1 (0),3 (3),11 (8),511569,VCT 2025 EMEA Stage 2_csvs
Ascent,APK,0,3 (0),2 (1),5 (0),7 (3),511569,VCT 2025 EMEA Stage 2_csvs
All Maps,MKOI,1,3 (1),0 (0),5 (4),13 (8),511569,VCT 2025 EMEA Stage 2_csvs
All Maps,APK,1,3 (1),0 (0),6 (4),12 (3),511569,VCT 2025 EMEA Stage 2_csvs
Corrode,M8,1,3 (1),1 (0),3 (1),14 (11),511570,VCT 2025 EMEA Stage 2_csvs
Corrode,GX,1,3 (1),2 (0),6 (3),10 (4),511570,VCT 2025 EMEA Stage 2_csvs
Ascent,M8,1,3 (1),2 (1),5 (3),16 (7),511570,VCT 2025 EMEA Stage 2_csvs
Ascent,GX,1,3 (1),1 (0),6 (4),16 (9),511570,VCT 2025 EMEA Stage 2_csvs
All Maps,M8,0,4 (0),1 (0),5 (0),7 (4),511570,VCT 2025 EMEA Stage 2_csvs
All Maps,GX,2,2 (2),0 (0),5 (4),10 (7),511570,VCT 2025 EMEA Stage 2_csvs
Sunset,NAVI,1,3 (1),2 (1),5 (4),16 (8),511571,VCT 2025 EMEA Stage 2_csvs
Sunset,KC,1,4 (2),1 (0),7 (3),14 (7),511571,VCT 2025 EMEA Stage 2_csvs
Corrode,NAVI,1,3 (1),1 (0),2 (1),15 (11),511571,VCT 2025 EMEA Stage 2_csvs
Corrode,KC,1,3 (1),2 (0),7 (6),9 (1),511571,VCT 2025 EMEA Stage 2_csvs
Icebox,NAVI,2,6 (2),3 (1),7 (5),31 (19),511571,VCT 2025 EMEA Stage 2_csvs
Icebox,KC,2,7 (3),3 (0),14 (9),23 (8),511571,VCT 2025 EMEA Stage 2_csvs
Lotus,VIT,1,2 (1),2 (0),6 (6),14 (6),511572,VCT 2025 EMEA Stage 2_csvs
Lotus,BBL,1,3 (1),2 (0),4 (3),15 (7),511572,VCT 2025 EMEA Stage 2_csvs
Icebox,VIT,1,3 (1),1 (0),6 (3),10 (3),511572,VCT 2025 EMEA Stage 2_csvs
Icebox,BBL,1,3 (1),2 (0),2 (2),13 (10),511572,VCT 2025 EMEA Stage 2_csvs
All Maps,VIT,0,3 (0),2 (0),4 (2),14 (8),511572,VCT 2025 EMEA Stage 2_csvs
All Maps,BBL,2,2 (2),0 (0),5 (3),16 (8),511572,VCT 2025 EMEA Stage 2_csvs
Bind,TL,1,3 (1),0 (0),5 (1),18 (12),511573,VCT 2025 EMEA Stage 2_csvs
Bind,FNC,1,3 (2),2 (0),7 (4),14 (6),511573,VCT 2025 EMEA Stage 2_csvs
Ascent,TL,2,2 (2),0 (0),3 (3),9 (8),511573,VCT 2025 EMEA Stage 2_csvs
Ascent,FNC,0,3 (0),0 (0),5 (0),6 (1),511573,VCT 2025 EMEA Stage 2_csvs
Sunset,TL,3,5 (3),0 (0),8 (4),27 (20),511573,VCT 2025 EMEA Stage 2_csvs
Sunset,FNC,1,6 (2),2 (0),12 (4),20 (7),511573,VCT 2025 EMEA Stage 2_csvs
Icebox,MKOI,2,3 (2),2 (0),6 (1),11 (6),511575,VCT 2025 EMEA Stage 2_csvs
Icebox,NAVI,0,4 (1),0 (0),2 (1),16 (11),511575,VCT 2025 EMEA Stage 2_csvs
Corrode,MKOI,1,4 (1),1 (0),7 (4),18 (11),511575,VCT 2025 EMEA Stage 2_csvs
Corrode,NAVI,1,3 (2),1 (0),5 (2),21 (10),511575,VCT 2025 EMEA Stage 2_csvs
Bind,MKOI,0,3 (0),3 (0),3 (2),7 (1),511575,VCT 2025 EMEA Stage 2_csvs
Bind,NAVI,2,2 (2),0 (0),3 (3),11 (8),511575,VCT 2025 EMEA Stage 2_csvs
Haven,MKOI,3,10 (3),6 (0),16 (7),36 (18),511575,VCT 2025 EMEA Stage 2_csvs
Haven,NAVI,3,9 (5),1 (0),10 (6),48 (29),511575,VCT 2025 EMEA Stage 2_csvs
Bind,APK,0,3 (0),2 (0),7 (3),6 (2),511576,VCT 2025 EMEA Stage 2_csvs
Bind,FNC,2,2 (2),1 (1),4 (3),11 (7),511576,VCT 2025 EMEA Stage 2_csvs
Lotus,APK,1,3 (2),3 (0),4 (1),13 (7),511576,VCT 2025 EMEA Stage 2_csvs
Lotus,FNC,1,3 (1),1 (0),5 (2),14 (10),511576,VCT 2025 EMEA Stage 2_csvs
All Maps,APK,1,6 (2),5 (0),11 (4),19 (9),511576,VCT 2025 EMEA Stage 2_csvs
All Maps,FNC,3,5 (3),2 (1),9 (5),25 (17),511576,VCT 2025 EMEA Stage 2_csvs
Abyss,GX,1,3 (1),0 (0),9 (5),8 (1),511577,VCT 2025 EMEA Stage 2_csvs
Abyss,TH,1,3 (1),0 (0),5 (4),12 (8),511577,VCT 2025 EMEA Stage 2_csvs
Haven,GX,0,3 (0),1 (0),7 (3),5 (0),511577,VCT 2025 EMEA Stage 2_csvs
Haven,TH,2,2 (2),1 (1),3 (2),10 (8),511577,VCT 2025 EMEA Stage 2_csvs
All Maps,GX,1,6 (1),1 (0),16 (8),13 (1),511577,VCT 2025 EMEA Stage 2_csvs
All Maps,TH,3,5 (3),1 (1),8 (6),22 (16),511577,VCT 2025 EMEA Stage 2_csvs
Corrode,M8,0,4 (0),0 (0),5 (1),8 (3),511579,VCT 2025 EMEA Stage 2_csvs
Corrode,VIT,2,2 (2),0 (0),4 (3),11 (8),511579,VCT 2025 EMEA Stage 2_csvs
Lotus,M8,1,3 (1),0 (0),4 (2),15 (10),511579,VCT 2025 EMEA Stage 2_csvs
Lotus,VIT,1,3 (1),1 (1),8 (3),10 (4),511579,VCT 2025 EMEA Stage 2_csvs
All Maps,M8,1,3 (1),2 (2),5 (1),13 (6),511579,VCT 2025 EMEA Stage 2_csvs
All Maps,VIT,1,4 (1),1 (0),6 (4),12 (8),511579,VCT 2025 EMEA Stage 2_csvs
Sunset,FUT,0,4 (0),3 (1),1 (0),16 (10),511580,VCT 2025 EMEA Stage 2_csvs
Sunset,BBL,2,2 (2),2 (1),6 (3),14 (7),511580,VCT 2025 EMEA Stage 2_csvs
Ascent,FUT,0,4 (0),2 (1),1 (0),15 (8),511580,VCT 2025 EMEA Stage 2_csvs
Ascent,BBL,2,2 (2),4 (2),4 (2),12 (7),511580,VCT 2025 EMEA Stage 2_csvs
All Maps,FUT,0,8 (0),5 (2),2 (0),31 (18),511580,VCT 2025 EMEA Stage 2_csvs
All Maps,BBL,4,4 (4),6 (3),10 (5),26 (14),511580,VCT 2025 EMEA Stage 2_csvs
Lotus,TL,1,3 (1),1 (0),4 (2),18 (11),511581,VCT 2025 EMEA Stage 2_csvs
Lotus,KC,1,3 (1),1 (0),6 (5),16 (6),511581,VCT 2025 EMEA Stage 2_csvs
Bind,TL,1,3 (1),2 (0),4 (3),19 (9),511581,VCT 2025 EMEA Stage 2_csvs
Bind,KC,1,3 (1),1 (0),12 (6),12 (8),511581,VCT 2025 EMEA Stage 2_csvs
All Maps,TL,0,4 (1),0 (0),5 (1),17 (10),511581,VCT 2025 EMEA Stage 2_csvs
All Maps,KC,2,2 (2),2 (0),6 (3),16 (9),511581,VCT 2025 EMEA Stage 2_csvs
Corrode,FNC,2,2 (2),0 (0),6 (4),12 (7),530924,VCT 2025 EMEA Stage 2_csvs
Corrode,BBL,0,4 (0),3 (1),2 (0),11 (6),530924,VCT 2025 EMEA Stage 2_csvs
Ascent,FNC,1,3 (2),1 (0),8 (2),8 (3),530924,VCT 2025 EMEA Stage 2_csvs
Ascent,BBL,1,3 (1),0 (0),2 (0),15 (12),530924,VCT 2025 EMEA Stage 2_csvs
All Maps,FNC,0,4 (1),0 (0),6 (1),12 (7),530924,VCT 2025 EMEA Stage 2_csvs
All Maps,BBL,2,2 (2),2 (0),6 (3),12 (8),530924,VCT 2025 EMEA Stage 2_csvs
Bind,GX,0,3 (0),3 (1),5 (2),7 (2),530925,VCT 2025 EMEA Stage 2_csvs
Bind,NAVI,2,2 (2),0 (0),3 (3),13 (8),530925,VCT 2025 EMEA Stage 2_csvs
Haven,GX,2,2 (2),0 (0),8 (6),11 (5),530925,VCT 2025 EMEA Stage 2_csvs
Haven,NAVI,0,3 (0),2 (0),5 (2),11 (6),530925,VCT 2025 EMEA Stage 2_csvs
All Maps,GX,1,3 (1),1 (1),2 (2),13 (9),530925,VCT 2025 EMEA Stage 2_csvs
All Maps,NAVI,1,3 (1),1 (0),6 (2),9 (3),530925,VCT 2025 EMEA Stage 2_csvs
Icebox,TH,0,4 (1),1 (1),6 (2),8 (2),530928,VCT 2025 EMEA Stage 2_csvs
Icebox,BBL,2,3 (2),2 (2),4 (2),10 (7),530928,VCT 2025 EMEA Stage 2_csvs
Ascent,TH,0,4 (0),2 (0),2 (1),16 (10),530928,VCT 2025 EMEA Stage 2_csvs
Ascent,BBL,2,2 (2),3 (1),4 (2),15 (8),530928,VCT 2025 EMEA Stage 2_csvs
All Maps,TH,0,8 (1),3 (1),8 (3),24 (12),530928,VCT 2025 EMEA Stage 2_csvs
All Maps,BBL,4,5 (4),5 (3),8 (4),25 (15),530928,VCT 2025 EMEA Stage 2_csvs
Sunset,TL,1,3 (1),1 (1),2 (2),11 (9),530929,VCT 2025 EMEA Stage 2_csvs
Sunset,GX,1,3 (1),1 (0),4 (1),9 (2),530929,VCT 2025 EMEA Stage 2_csvs
Corrode,TL,2,2 (2),2 (0),6 (3),14 (6),530929,VCT 2025 EMEA Stage 2_csvs
Corrode,GX,0,4 (0),3 (0),3 (1),14 (12),530929,VCT 2025 EMEA Stage 2_csvs
All Maps,TL,1,3 (1),3 (0),5 (2),15 (11),530929,VCT 2025 EMEA Stage 2_csvs
All Maps,GX,1,4 (1),1 (0),5 (2),16 (9),530929,VCT 2025 EMEA Stage 2_csvs
Haven,FNC,2,2 (2),1 (0),10 (8),13 (2),530926,VCT 2025 EMEA Stage 2_csvs
Haven,KC,0,4 (0),0 (0),1 (1),21 (13),530926,VCT 2025 EMEA Stage 2_csvs
Corrode,FNC,1,3 (1),1 (1),7 (4),15 (8),530926,VCT 2025 EMEA Stage 2_csvs
Corrode,KC,1,3 (1),3 (0),2 (2),18 (9),530926,VCT 2025 EMEA Stage 2_csvs
All Maps,FNC,2,2 (2),0 (0),8 (4),11 (7),530926,VCT 2025 EMEA Stage 2_csvs
All Maps,KC,0,4 (0),1 (0),4 (1),12 (7),530926,VCT 2025 EMEA Stage 2_csvs
Haven,NAVI,1,3 (1),0 (0),4 (3),13 (9),530927,VCT 2025 EMEA Stage 2_csvs
Haven,VIT,1,3 (1),1 (0),10 (4),6 (2),530927,VCT 2025 EMEA Stage 2_csvs
Bind,NAVI,2,2 (2),2 (1),6 (1),14 (9),530927,VCT 2025 EMEA Stage 2_csvs
Bind,VIT,0,4 (1),1 (0),3 (1),16 (9),530927,VCT 2025 EMEA Stage 2_csvs
All Maps,NAVI,3,5 (3),2 (1),10 (4),27 (18),530927,VCT 2025 EMEA Stage 2_csvs
All Maps,VIT,1,7 (2),2 (0),13 (5),22 (11),530927,VCT 2025 EMEA Stage 2_csvs
Lotus,GX,1,3 (1),0 (0),5 (2),15 (10),530930,VCT 2025 EMEA Stage 2_csvs
Lotus,FNC,1,3 (1),2 (0),7 (4),11 (5),530930,VCT 2025 EMEA Stage 2_csvs
Sunset,GX,2,2 (2),1 (0),8 (5),12 (6),530930,VCT 2025 EMEA Stage 2_csvs
Sunset,FNC,0,4 (0),0 (0),4 (2),15 (8),530930,VCT 2025 EMEA Stage 2_csvs
All Maps,GX,3,5 (3),1 (0),13 (7),27 (16),530930,VCT 2025 EMEA Stage 2_csvs
All Maps,FNC,1,7 (1),2 (0),11 (6),26 (13),530930,VCT 2025 EMEA Stage 2_csvs
Icebox,TH,0,5 (0),1 (0),3 (1),7 (2),530931,VCT 2025 EMEA Stage 2_csvs
Icebox,NAVI,2,2 (2),0 (0),3 (3),11 (8),530931,VCT 2025 EMEA Stage 2_csvs
Haven,TH,1,3 (1),2 (0),5 (1),10 (5),530931,VCT 2025 EMEA Stage 2_csvs
Haven,NAVI,1,3 (1),0 (0),3 (2),14 (10),530931,VCT 2025 EMEA Stage 2_csvs
All Maps,TH,1,8 (1),3 (0),8 (2),17 (7),530931,VCT 2025 EMEA Stage 2_csvs
All Maps,NAVI,3,5 (3),0 (0),6 (5),25 (18),530931,VCT 2025 EMEA Stage 2_csvs
Ascent,BBL,1,3 (1),1 (1),6 (2),13 (6),530932,VCT 2025 EMEA Stage 2_csvs
Ascent,TL,1,3 (1),1 (0),5 (4),14 (8),530932,VCT 2025 EMEA Stage 2_csvs
Sunset,BBL,0,4 (1),2 (1),3 (3),14 (8),530932,VCT 2025 EMEA Stage 2_csvs
Sunset,TL,2,2 (2),2 (0),8 (4),11 (4),530932,VCT 2025 EMEA Stage 2_csvs
All Maps,BBL,2,3 (2),1 (1),8 (4),14 (5),530932,VCT 2025 EMEA Stage 2_csvs
All Maps,TL,0,4 (1),0 (0),6 (3),16 (10),530932,VCT 2025 EMEA Stage 2_csvs
Icebox,GX,1,3 (1),1 (0),5 (2),10 (3),530933,VCT 2025 EMEA Stage 2_csvs
Icebox,NAVI,1,3 (1),0 (0),2 (2),14 (10),530933,VCT 2025 EMEA Stage 2_csvs
Sunset,GX,2,2 (2),1 (0),4 (3),12 (8),530933,VCT 2025 EMEA Stage 2_csvs
Sunset,NAVI,0,4 (0),2 (1),3 (0),10 (5),530933,VCT 2025 EMEA Stage 2_csvs
All Maps,GX,2,2 (2),1 (1),3 (2),11 (8),530933,VCT 2025 EMEA Stage 2_csvs
All Maps,NAVI,0,4 (0),1 (0),3 (2),9 (2),530933,VCT 2025 EMEA Stage 2_csvs
Ascent,BBL,0,3 (0),2 (0),4 (0),6 (2),530934,VCT 2025 EMEA Stage 2_csvs
Ascent,GX,2,2 (2),0 (0),3 (2),10 (9),530934,VCT 2025 EMEA Stage 2_csvs
Sunset,BBL,1,3 (1),2 (0),5 (2),11 (5),530934,VCT 2025 EMEA Stage 2_csvs
Sunset,GX,1,3 (1),1 (0),1 (1),16 (11),530934,VCT 2025 EMEA Stage 2_csvs
Bind,BBL,0,4 (0),2 (0),4 (3),9 (3),530934,VCT 2025 EMEA Stage 2_csvs
Bind,GX,2,2 (2),2 (2),4 (3),11 (6),530934,VCT 2025 EMEA Stage 2_csvs
Lotus,BBL,1,10 (1),6 (0),13 (5),26 (10),530934,VCT 2025 EMEA Stage 2_csvs
Lotus,GX,5,7 (5),3 (2),8 (6),37 (26),530934,VCT 2025 EMEA Stage 2_csvs
All Maps,FRA,0,4 (1),1 (0),5 (2),10 (4),538583,VCT 2025 EMEA Stage 2_csvs
All Maps,EMEA,2,3 (2),0 (0),5 (3),12 (8),538583,VCT 2025 EMEA Stage 2_csvs
Bind,TL,1,3 (1),2 (0),3 (2),15 (10),530935,VCT 2025 EMEA Stage 2_csvs
Bind,GX,1,3 (1),1 (0),9 (4),10 (5),530935,VCT 2025 EMEA Stage 2_csvs
Lotus,TL,1,3 (1),1 (0),2 (1),16 (11),530935,VCT 2025 EMEA Stage 2_csvs
Lotus,GX,1,3 (1),3 (1),6 (2),10 (5),530935,VCT 2025 EMEA Stage 2_csvs
Sunset,TL,2,2 (2),2 (1),7 (5),12 (5),530935,VCT 2025 EMEA Stage 2_csvs
Sunset,GX,0,4 (0),2 (0),3 (3),14 (7),530935,VCT 2025 EMEA Stage 2_csvs
Ascent,TL,4,8 (4),5 (1),12 (8),43 (26),530935,VCT 2025 EMEA Stage 2_csvs
Ascent,GX,2,10 (2),6 (1),18 (9),34 (17),530935,VCT 2025 EMEA Stage 2_csvs
Pearl,BME,2,2 (2),4 (0),6 (3),12 (6),430514,VCT 2025 Pacific Kickoff_csvs
Pearl,T1,0,3 (1),1 (0),2 (2),18 (10),430514,VCT 2025 Pacific Kickoff_csvs
Bind,BME,1,3 (1),1 (1),3 (3),14 (8),430514,VCT 2025 Pacific Kickoff_csvs
Bind,T1,1,3 (1),3 (0),3 (3),12 (4),430514,VCT 2025 Pacific Kickoff_csvs
All Maps,BME,2,2 (2),2 (0),7 (2),9 (3),430514,VCT 2025 Pacific Kickoff_csvs
All Maps,T1,0,4 (0),0 (0),4 (3),12 (10),430514,VCT 2025 Pacific Kickoff_csvs
Split,ZETA,1,3 (1),1 (0),5 (2),13 (6),430515,VCT 2025 Pacific Kickoff_csvs
Split,NS,1,3 (1),1 (0),6 (3),12 (9),430515,VCT 2025 Pacific Kickoff_csvs
Haven,ZETA,1,3 (1),2 (0),6 (2),11 (6),430515,VCT 2025 Pacific Kickoff_csvs
Haven,NS,1,3 (1),1 (0),4 (3),14 (9),430515,VCT 2025 Pacific Kickoff_csvs
All Maps,ZETA,2,6 (2),3 (0),11 (4),24 (12),430515,VCT 2025 Pacific Kickoff_csvs
All Maps,NS,2,6 (2),2 (0),10 (6),26 (18),430515,VCT 2025 Pacific Kickoff_csvs
Abyss,GE,0,3 (0),2 (1),4 (0),7 (2),430516,VCT 2025 Pacific Kickoff_csvs
Abyss,TS,2,2 (2),0 (0),5 (4),9 (7),430516,VCT 2025 Pacific Kickoff_csvs
Split,GE,2,2 (2),3 (1),8 (5),7 (5),430516,VCT 2025 Pacific Kickoff_csvs
Split,TS,0,4 (0),0 (0),4 (1),12 (6),430516,VCT 2025 Pacific Kickoff_csvs
All Maps,GE,2,2 (2),0 (0),4 (4),13 (7),430516,VCT 2025 Pacific Kickoff_csvs
All Maps,TS,0,4 (0),2 (1),3 (3),10 (2),430516,VCT 2025 Pacific Kickoff_csvs
Abyss,DFM,1,3 (1),1 (0),4 (2),18 (11),430517,VCT 2025 Pacific Kickoff_csvs
Abyss,RRQ,1,3 (1),1 (0),6 (3),16 (8),430517,VCT 2025 Pacific Kickoff_csvs
Pearl,DFM,1,3 (1),1 (0),9 (2),3 (0),430517,VCT 2025 Pacific Kickoff_csvs
Pearl,RRQ,1,3 (1),0 (0),4 (3),9 (9),430517,VCT 2025 Pacific Kickoff_csvs
All Maps,DFM,1,3 (1),2 (1),6 (0),5 (1),430517,VCT 2025 Pacific Kickoff_csvs
All Maps,RRQ,1,3 (2),0 (0),1 (1),12 (10),430517,VCT 2025 Pacific Kickoff_csvs
Lotus,DRX,1,4 (1),0 (0),5 (2),15 (10),430521,VCT 2025 Pacific Kickoff_csvs
Lotus,NS,1,2 (1),4 (1),5 (4),13 (5),430521,VCT 2025 Pacific Kickoff_csvs
Pearl,DRX,1,3 (1),2 (0),2 (1),12 (4),430521,VCT 2025 Pacific Kickoff_csvs
Pearl,NS,1,3 (1),0 (0),5 (4),11 (8),430521,VCT 2025 Pacific Kickoff_csvs
All Maps,DRX,2,2 (2),1 (0),8 (4),11 (7),430521,VCT 2025 Pacific Kickoff_csvs
All Maps,NS,0,4 (0),2 (1),2 (0),14 (8),430521,VCT 2025 Pacific Kickoff_csvs
Bind,PRX,1,3 (1),1 (0),9 (3),6 (2),430518,VCT 2025 Pacific Kickoff_csvs
Bind,T1,1,3 (1),0 (0),2 (2),14 (10),430518,VCT 2025 Pacific Kickoff_csvs
Fracture,PRX,2,2 (2),2 (1),6 (3),11 (7),430518,VCT 2025 Pacific Kickoff_csvs
Fracture,T1,0,4 (1),1 (0),4 (1),12 (6),430518,VCT 2025 Pacific Kickoff_csvs
All Maps,PRX,1,3 (1),0 (0),9 (5),12 (5),430518,VCT 2025 Pacific Kickoff_csvs
All Maps,T1,1,3 (1),0 (0),5 (1),16 (11),430518,VCT 2025 Pacific Kickoff_csvs
Split,TLN,2,2 (2),2 (0),9 (2),6 (2),430519,VCT 2025 Pacific Kickoff_csvs
Split,GE,0,5 (0),0 (0),2 (1),12 (12),430519,VCT 2025 Pacific Kickoff_csvs
Abyss,TLN,0,3 (0),1 (1),7 (5),11 (7),430519,VCT 2025 Pacific Kickoff_csvs
Abyss,GE,2,3 (2),2 (0),5 (2),12 (5),430519,VCT 2025 Pacific Kickoff_csvs
All Maps,TLN,2,2 (2),1 (0),4 (3),14 (8),430519,VCT 2025 Pacific Kickoff_csvs
All Maps,GE,0,4 (0),3 (1),1 (1),13 (6),430519,VCT 2025 Pacific Kickoff_csvs
Fracture,GEN,1,3 (1),1 (0),7 (3),8 (2),430520,VCT 2025 Pacific Kickoff_csvs
Fracture,RRQ,1,3 (1),1 (0),5 (3),10 (9),430520,VCT 2025 Pacific Kickoff_csvs
Lotus,GEN,1,3 (1),0 (0),7 (4),11 (8),430520,VCT 2025 Pacific Kickoff_csvs
Lotus,RRQ,1,3 (1),0 (0),10 (4),8 (3),430520,VCT 2025 Pacific Kickoff_csvs
All Maps,GEN,0,3 (0),1 (1),3 (3),19 (10),430520,VCT 2025 Pacific Kickoff_csvs
All Maps,RRQ,2,2 (2),1 (0),7 (4),16 (6),430520,VCT 2025 Pacific Kickoff_csvs
Pearl,NS,2,2 (2),0 (0),4 (3),10 (8),430526,VCT 2025 Pacific Kickoff_csvs
Pearl,BME,0,4 (0),2 (0),3 (0),7 (3),430526,VCT 2025 Pacific Kickoff_csvs
Bind,NS,0,4 (0),2 (1),2 (1),12 (5),430526,VCT 2025 Pacific Kickoff_csvs
Bind,BME,2,2 (2),3 (1),4 (4),11 (6),430526,VCT 2025 Pacific Kickoff_csvs
All Maps,NS,1,2 (1),1 (0),3 (2),16 (10),430526,VCT 2025 Pacific Kickoff_csvs
All Maps,BME,1,3 (1),2 (1),10 (3),7 (4),430526,VCT 2025 Pacific Kickoff_csvs
Lotus,PRX,1,3 (2),0 (0),1 (1),14 (10),430529,VCT 2025 Pacific Kickoff_csvs
Lotus,ZETA,1,3 (1),4 (1),3 (0),8 (3),430529,VCT 2025 Pacific Kickoff_csvs
Fracture,PRX,1,2 (1),2 (1),2 (1),15 (10),430529,VCT 2025 Pacific Kickoff_csvs
Fracture,ZETA,1,3 (1),2 (0),7 (3),9 (4),430529,VCT 2025 Pacific Kickoff_csvs
All Maps,PRX,2,5 (3),2 (1),3 (2),29 (20),430529,VCT 2025 Pacific Kickoff_csvs
All Maps,ZETA,2,6 (2),6 (1),10 (3),17 (7),430529,VCT 2025 Pacific Kickoff_csvs
Lotus,RRQ,1,3 (1),0 (0),11 (4),8 (4),430527,VCT 2025 Pacific Kickoff_csvs
Lotus,TS,1,3 (1),1 (0),4 (3),14 (9),430527,VCT 2025 Pacific Kickoff_csvs
Pearl,RRQ,1,3 (1),0 (0),3 (3),11 (9),430527,VCT 2025 Pacific Kickoff_csvs
Pearl,TS,1,3 (1),2 (0),6 (2),6 (1),430527,VCT 2025 Pacific Kickoff_csvs
All Maps,RRQ,2,2 (2),0 (0),5 (5),10 (6),430527,VCT 2025 Pacific Kickoff_csvs
All Maps,TS,0,4 (0),1 (0),2 (0),10 (4),430527,VCT 2025 Pacific Kickoff_csvs
Abyss,GE,1,3 (1),2 (0),7 (4),9 (3),430528,VCT 2025 Pacific Kickoff_csvs
Abyss,DFM,1,3 (1),0 (0),6 (3),12 (9),430528,VCT 2025 Pacific Kickoff_csvs
Split,GE,0,4 (0),0 (0),2 (2),20 (10),430528,VCT 2025 Pacific Kickoff_csvs
Split,DFM,2,2 (2),1 (0),11 (6),12 (6),430528,VCT 2025 Pacific Kickoff_csvs
it,GE,1,7 (1),2 (0),9 (6),29 (13),430528,VCT 2025 Pacific Kickoff_csvs
it,DFM,3,5 (3),1 (0),17 (9),24 (15),430528,VCT 2025 Pacific Kickoff_csvs
Fracture,T1,1,3 (1),1 (0),3 (3),11 (9),430522,VCT 2025 Pacific Kickoff_csvs
Fracture,TLN,1,3 (1),0 (0),8 (2),7 (2),430522,VCT 2025 Pacific Kickoff_csvs
Bind,T1,0,4 (0),0 (0),7 (3),6 (1),430522,VCT 2025 Pacific Kickoff_csvs
Bind,TLN,2,2 (2),0 (0),5 (3),10 (8),430522,VCT 2025 Pacific Kickoff_csvs
All Maps,T1,1,4 (1),1 (1),1 (0),16 (11),430522,VCT 2025 Pacific Kickoff_csvs
All Maps,TLN,1,2 (1),0 (0),10 (5),10 (3),430522,VCT 2025 Pacific Kickoff_csvs
Abyss,GEN,2,2 (2),2 (0),9 (4),9 (3),430523,VCT 2025 Pacific Kickoff_csvs
Abyss,DRX,0,5 (0),1 (1),2 (1),14 (11),430523,VCT 2025 Pacific Kickoff_csvs
Bind,GEN,0,3 (0),1 (1),7 (4),17 (8),430523,VCT 2025 Pacific Kickoff_csvs
Bind,DRX,2,3 (2),0 (0),5 (2),20 (11),430523,VCT 2025 Pacific Kickoff_csvs
All Maps,GEN,2,5 (2),3 (1),16 (8),26 (11),430523,VCT 2025 Pacific Kickoff_csvs
All Maps,DRX,2,8 (2),1 (1),7 (3),34 (22),430523,VCT 2025 Pacific Kickoff_csvs
Fracture,NS,1,3 (1),2 (0),5 (3),16 (8),430530,VCT 2025 Pacific Kickoff_csvs
Fracture,RRQ,1,3 (1),0 (0),5 (4),18 (9),430530,VCT 2025 Pacific Kickoff_csvs
Lotus,NS,1,2 (1),3 (1),5 (4),32 (16),430530,VCT 2025 Pacific Kickoff_csvs
Lotus,RRQ,1,3 (1),2 (1),6 (3),31 (15),430530,VCT 2025 Pacific Kickoff_csvs
All Maps,NS,1,3 (1),2 (1),2 (0),14 (11),430530,VCT 2025 Pacific Kickoff_csvs
All Maps,RRQ,1,3 (2),2 (0),7 (3),9 (3),430530,VCT 2025 Pacific Kickoff_csvs
Abyss,DFM,2,2 (2),2 (1),13 (6),6 (4),430531,VCT 2025 Pacific Kickoff_csvs
Abyss,PRX,0,3 (0),1 (0),4 (2),15 (8),430531,VCT 2025 Pacific Kickoff_csvs
Pearl,DFM,2,2 (2),0 (0),4 (4),8 (7),430531,VCT 2025 Pacific Kickoff_csvs
Pearl,PRX,0,3 (0),2 (1),8 (0),1 (0),430531,VCT 2025 Pacific Kickoff_csvs
All Maps,DFM,4,4 (4),2 (1),17 (10),14 (11),430531,VCT 2025 Pacific Kickoff_csvs
All Maps,PRX,0,6 (0),3 (1),12 (2),16 (8),430531,VCT 2025 Pacific Kickoff_csvs
Lotus,TLN,2,2 (2),2 (0),6 (3),12 (4),430532,VCT 2025 Pacific Kickoff_csvs
Lotus,NS,0,3 (0),2 (1),2 (1),15 (11),430532,VCT 2025 Pacific Kickoff_csvs
Bind,TLN,2,3 (2),2 (1),4 (3),14 (7),430532,VCT 2025 Pacific Kickoff_csvs
Bind,NS,0,3 (0),0 (0),8 (2),12 (8),430532,VCT 2025 Pacific Kickoff_csvs
split,TLN,2,2 (2),1 (1),4 (3),11 (7),430532,VCT 2025 Pacific Kickoff_csvs
split,NS,0,4 (0),1 (0),6 (3),7 (2),430532,VCT 2025 Pacific Kickoff_csvs
All Maps,TLN,6,7 (6),5 (2),14 (9),37 (18),430532,VCT 2025 Pacific Kickoff_csvs
All Maps,NS,0,10 (0),3 (1),16 (6),34 (21),430532,VCT 2025 Pacific Kickoff_csvs
Abyss,GEN,1,3 (1),0 (0),4 (4),12 (8),430533,VCT 2025 Pacific Kickoff_csvs
Abyss,DFM,1,3 (1),1 (0),8 (5),7 (0),430533,VCT 2025 Pacific Kickoff_csvs
Lotus,GEN,0,4 (1),0 (0),1 (1),14 (11),430533,VCT 2025 Pacific Kickoff_csvs
Lotus,DFM,2,3 (2),1 (0),11 (3),4 (1),430533,VCT 2025 Pacific Kickoff_csvs
All Maps,GEN,1,7 (2),0 (0),5 (5),26 (19),430533,VCT 2025 Pacific Kickoff_csvs
All Maps,DFM,3,6 (3),2 (0),19 (8),11 (1),430533,VCT 2025 Pacific Kickoff_csvs
Lotus,T1,0,4 (0),1 (0),4 (3),15 (10),430524,VCT 2025 Pacific Kickoff_csvs
Lotus,DRX,2,2 (2),5 (1),2 (2),15 (6),430524,VCT 2025 Pacific Kickoff_csvs
Haven,T1,1,3 (1),0 (0),9 (5),16 (7),430524,VCT 2025 Pacific Kickoff_csvs
Haven,DRX,1,3 (1),2 (1),4 (2),19 (11),430524,VCT 2025 Pacific Kickoff_csvs
All Maps,T1,0,5 (1),2 (1),3 (1),13 (7),430524,VCT 2025 Pacific Kickoff_csvs
All Maps,DRX,2,3 (3),3 (1),4 (2),13 (7),430524,VCT 2025 Pacific Kickoff_csvs
Bind,TLN,2,3 (2),0 (0),11 (5),6 (0),430534,VCT 2025 Pacific Kickoff_csvs
Bind,GEN,0,4 (0),0 (0),1 (1),15 (12),430534,VCT 2025 Pacific Kickoff_csvs
Lotus,TLN,0,3 (0),2 (0),8 (2),2 (0),430534,VCT 2025 Pacific Kickoff_csvs
Lotus,GEN,2,2 (2),0 (0),4 (4),9 (7),430534,VCT 2025 Pacific Kickoff_csvs
him,TLN,2,6 (2),2 (0),19 (7),8 (0),430534,VCT 2025 Pacific Kickoff_csvs
him,GEN,2,6 (2),0 (0),5 (5),24 (19),430534,VCT 2025 Pacific Kickoff_csvs
Pearl,T1,2,2 (2),3 (1),6 (4),10 (6),430535,VCT 2025 Pacific Kickoff_csvs
Pearl,GEN,0,4 (0),1 (0),5 (2),11 (6),430535,VCT 2025 Pacific Kickoff_csvs
Lotus,T1,0,4 (0),0 (0),4 (4),13 (9),430535,VCT 2025 Pacific Kickoff_csvs
Lotus,GEN,2,2 (2),0 (0),11 (6),8 (0),430535,VCT 2025 Pacific Kickoff_csvs
Haven,T1,1,3 (1),3 (0),3 (0),9 (4),430535,VCT 2025 Pacific Kickoff_csvs
Haven,GEN,1,3 (2),0 (0),3 (1),12 (10),430535,VCT 2025 Pacific Kickoff_csvs
Split,T1,1,3 (2),2 (1),5 (1),22 (11),430535,VCT 2025 Pacific Kickoff_csvs
Split,GEN,1,3 (2),1 (0),7 (1),21 (14),430535,VCT 2025 Pacific Kickoff_csvs
All Maps,T1,1,3 (1),2 (0),3 (3),15 (9),430535,VCT 2025 Pacific Kickoff_csvs
All Maps,GEN,1,3 (1),1 (0),3 (1),16 (8),430535,VCT 2025 Pacific Kickoff_csvs
Abyss,DRX,2,2 (2),0 (0),4 (3),10 (8),430525,VCT 2025 Pacific Kickoff_csvs
Abyss,T1,0,4 (0),1 (0),5 (2),6 (1),430525,VCT 2025 Pacific Kickoff_csvs
Lotus,DRX,0,4 (0),1 (0),5 (2),9 (4),430525,VCT 2025 Pacific Kickoff_csvs
Lotus,T1,2,2 (2),0 (0),4 (3),13 (8),430525,VCT 2025 Pacific Kickoff_csvs
Fracture,DRX,2,2 (2),1 (1),8 (4),11 (6),430525,VCT 2025 Pacific Kickoff_csvs
Fracture,T1,0,4 (0),0 (0),5 (2),13 (7),430525,VCT 2025 Pacific Kickoff_csvs
Bind,DRX,1,3 (2),1 (0),4 (2),18 (8),430525,VCT 2025 Pacific Kickoff_csvs
Bind,T1,1,3 (2),2 (0),4 (2),17 (10),430525,VCT 2025 Pacific Kickoff_csvs
All Maps,DRX,0,4 (1),0 (0),3 (2),17 (10),430525,VCT 2025 Pacific Kickoff_csvs
All Maps,T1,2,2 (2),4 (1),5 (3),13 (5),430525,VCT 2025 Pacific Kickoff_csvs
Lotus,DFM,1,2 (1),2 (0),6 (3),10 (3),458805,VCT 2025 Pacific Stage 1_csvs
Lotus,GE,1,3 (1),1 (0),3 (2),13 (10),458805,VCT 2025 Pacific Stage 1_csvs
Pearl,DFM,1,3 (1),1 (0),6 (4),14 (6),458805,VCT 2025 Pacific Stage 1_csvs
Pearl,GE,1,3 (1),1 (1),3 (2),17 (9),458805,VCT 2025 Pacific Stage 1_csvs
All Maps,DFM,2,5 (2),3 (0),12 (7),24 (9),458805,VCT 2025 Pacific Stage 1_csvs
All Maps,GE,2,6 (2),2 (1),6 (4),30 (19),458805,VCT 2025 Pacific Stage 1_csvs
Fracture,T1,2,2 (2),1 (0),4 (3),13 (8),458806,VCT 2025 Pacific Stage 1_csvs
Fracture,ZETA,0,3 (0),2 (0),5 (4),10 (3),458806,VCT 2025 Pacific Stage 1_csvs
Split,T1,0,5 (0),1 (0),1 (1),19 (11),458806,VCT 2025 Pacific Stage 1_csvs
Split,ZETA,2,2 (2),0 (0),8 (4),16 (8),458806,VCT 2025 Pacific Stage 1_csvs
All Maps,T1,1,3 (1),0 (0),2 (2),13 (10),458806,VCT 2025 Pacific Stage 1_csvs
All Maps,ZETA,1,3 (1),2 (0),5 (3),8 (1),458806,VCT 2025 Pacific Stage 1_csvs
Haven,DRX,1,3 (1),3 (0),2 (2),14 (10),458807,VCT 2025 Pacific Stage 1_csvs
Haven,PRX,1,3 (1),1 (0),7 (3),11 (5),458807,VCT 2025 Pacific Stage 1_csvs
Icebox,DRX,1,3 (1),2 (0),2 (1),16 (8),458807,VCT 2025 Pacific Stage 1_csvs
Icebox,PRX,1,3 (1),2 (0),5 (4),13 (8),458807,VCT 2025 Pacific Stage 1_csvs
All Maps,DRX,0,3 (0),2 (1),2 (1),13 (11),458807,VCT 2025 Pacific Stage 1_csvs
All Maps,PRX,2,2 (2),1 (0),9 (2),8 (3),458807,VCT 2025 Pacific Stage 1_csvs
Pearl,TLN,0,5 (0),1 (0),5 (1),7 (4),458808,VCT 2025 Pacific Stage 1_csvs
Pearl,TS,2,2 (2),0 (0),7 (5),9 (6),458808,VCT 2025 Pacific Stage 1_csvs
Fracture,TLN,2,2 (2),0 (0),4 (3),9 (8),458808,VCT 2025 Pacific Stage 1_csvs
Fracture,TS,0,4 (0),3 (0),5 (1),3 (1),458808,VCT 2025 Pacific Stage 1_csvs
All Maps,TLN,1,2 (1),2 (2),7 (2),11 (8),458808,VCT 2025 Pacific Stage 1_csvs
All Maps,TS,1,4 (1),1 (0),4 (1),13 (7),458808,VCT 2025 Pacific Stage 1_csvs
Ascent,GEN,0,4 (0),1 (1),4 (2),12 (5),458809,VCT 2025 Pacific Stage 1_csvs
Ascent,BME,2,2 (2),2 (0),5 (4),12 (7),458809,VCT 2025 Pacific Stage 1_csvs
Haven,GEN,1,3 (1),1 (0),6 (3),22 (11),458809,VCT 2025 Pacific Stage 1_csvs
Haven,BME,1,3 (1),2 (2),6 (3),21 (11),458809,VCT 2025 Pacific Stage 1_csvs
All Maps,GEN,1,7 (1),2 (1),10 (5),34 (16),458809,VCT 2025 Pacific Stage 1_csvs
All Maps,BME,3,5 (3),4 (2),11 (7),33 (18),458809,VCT 2025 Pacific Stage 1_csvs
Ascent,NS,0,4 (1),2 (0),2 (1),10 (3),458810,VCT 2025 Pacific Stage 1_csvs
Ascent,RRQ,2,3 (2),0 (0),4 (3),11 (8),458810,VCT 2025 Pacific Stage 1_csvs
Split,NS,1,2 (1),3 (1),5 (3),11 (8),458810,VCT 2025 Pacific Stage 1_csvs
Split,RRQ,1,3 (1),0 (0),7 (4),11 (3),458810,VCT 2025 Pacific Stage 1_csvs
All Maps,NS,1,5 (3),1 (1),3 (2),14 (7),458810,VCT 2025 Pacific Stage 1_csvs
All Maps,RRQ,1,6 (2),1 (0),3 (2),13 (6),458810,VCT 2025 Pacific Stage 1_csvs
Lotus,TS,1,3 (1),0 (0),5 (1),16 (9),458811,VCT 2025 Pacific Stage 1_csvs
Lotus,ZETA,1,3 (1),3 (0),6 (5),12 (7),458811,VCT 2025 Pacific Stage 1_csvs
Icebox,TS,2,3 (2),1 (0),8 (4),11 (4),458811,VCT 2025 Pacific Stage 1_csvs
Icebox,ZETA,0,4 (1),0 (0),3 (2),16 (10),458811,VCT 2025 Pacific Stage 1_csvs
All Maps,TS,3,6 (3),1 (0),13 (5),27 (13),458811,VCT 2025 Pacific Stage 1_csvs
All Maps,ZETA,1,7 (2),3 (0),9 (7),28 (17),458811,VCT 2025 Pacific Stage 1_csvs
Icebox,T1,0,4 (0),1 (0),4 (2),14 (11),458812,VCT 2025 Pacific Stage 1_csvs
Icebox,NS,2,2 (2),2 (0),9 (4),10 (4),458812,VCT 2025 Pacific Stage 1_csvs
Split,T1,1,3 (1),1 (0),3 (2),17 (10),458812,VCT 2025 Pacific Stage 1_csvs
Split,NS,1,3 (1),1 (0),6 (2),14 (8),458812,VCT 2025 Pacific Stage 1_csvs
All Maps,T1,1,7 (1),2 (0),7 (4),31 (21),458812,VCT 2025 Pacific Stage 1_csvs
All Maps,NS,3,5 (3),3 (0),15 (6),24 (12),458812,VCT 2025 Pacific Stage 1_csvs
Lotus,GEN,2,2 (2),1 (0),7 (4),13 (7),458813,VCT 2025 Pacific Stage 1_csvs
Lotus,PRX,0,3 (0),0 (0),10 (6),10 (4),458813,VCT 2025 Pacific Stage 1_csvs
Fracture,GEN,1,3 (1),2 (0),4 (2),10 (3),458813,VCT 2025 Pacific Stage 1_csvs
Fracture,PRX,1,2 (1),2 (1),7 (5),8 (6),458813,VCT 2025 Pacific Stage 1_csvs
All Maps,GEN,1,3 (1),0 (0),2 (1),12 (11),458813,VCT 2025 Pacific Stage 1_csvs
All Maps,PRX,1,3 (1),3 (0),4 (1),7 (2),458813,VCT 2025 Pacific Stage 1_csvs
Lotus,DRX,2,2 (2),0 (0),4 (4),10 (7),458814,VCT 2025 Pacific Stage 1_csvs
Lotus,DFM,0,3 (0),3 (1),5 (1),5 (1),458814,VCT 2025 Pacific Stage 1_csvs
Ascent,DRX,2,2 (2),0 (0),6 (3),13 (8),458814,VCT 2025 Pacific Stage 1_csvs
Ascent,DFM,0,4 (0),2 (0),6 (3),9 (5),458814,VCT 2025 Pacific Stage 1_csvs
All Maps,DRX,4,4 (4),0 (0),10 (7),23 (15),458814,VCT 2025 Pacific Stage 1_csvs
All Maps,DFM,0,7 (0),5 (1),11 (4),14 (6),458814,VCT 2025 Pacific Stage 1_csvs
Lotus,TLN,1,3 (1),1 (0),6 (2),11 (5),458815,VCT 2025 Pacific Stage 1_csvs
Lotus,RRQ,1,3 (1),1 (0),4 (2),13 (10),458815,VCT 2025 Pacific Stage 1_csvs
Ascent,TLN,0,5 (0),0 (0),4 (2),9 (3),458815,VCT 2025 Pacific Stage 1_csvs
Ascent,RRQ,2,2 (2),0 (0),6 (5),10 (6),458815,VCT 2025 Pacific Stage 1_csvs
All Maps,TLN,1,8 (1),1 (0),10 (4),20 (8),458815,VCT 2025 Pacific Stage 1_csvs
All Maps,RRQ,3,5 (3),1 (0),10 (7),23 (16),458815,VCT 2025 Pacific Stage 1_csvs
Lotus,BME,2,2 (2),0 (0),3 (2),9 (9),458816,VCT 2025 Pacific Stage 1_csvs
Lotus,GE,0,3 (0),0 (0),5 (0),6 (1),458816,VCT 2025 Pacific Stage 1_csvs
Haven,BME,1,3 (1),1 (1),4 (2),16 (9),458816,VCT 2025 Pacific Stage 1_csvs
Haven,GE,1,3 (1),3 (0),7 (3),11 (7),458816,VCT 2025 Pacific Stage 1_csvs
All Maps,BME,3,5 (3),1 (1),7 (4),25 (18),458816,VCT 2025 Pacific Stage 1_csvs
All Maps,GE,1,6 (1),3 (0),12 (3),17 (8),458816,VCT 2025 Pacific Stage 1_csvs
Lotus,GEN,2,2 (2),0 (0),2 (2),11 (9),458817,VCT 2025 Pacific Stage 1_csvs
Lotus,DFM,0,4 (0),1 (0),8 (2),2 (0),458817,VCT 2025 Pacific Stage 1_csvs
Fracture,GEN,1,3 (1),0 (0),4 (4),10 (8),458817,VCT 2025 Pacific Stage 1_csvs
Fracture,DFM,1,3 (1),2 (2),6 (1),6 (0),458817,VCT 2025 Pacific Stage 1_csvs
All Maps,GEN,3,5 (3),0 (0),6 (6),21 (17),458817,VCT 2025 Pacific Stage 1_csvs
All Maps,DFM,1,7 (1),3 (2),14 (3),8 (0),458817,VCT 2025 Pacific Stage 1_csvs
Split,RRQ,2,2 (2),1 (0),5 (2),11 (9),458818,VCT 2025 Pacific Stage 1_csvs
Split,ZETA,0,4 (0),1 (0),5 (1),9 (5),458818,VCT 2025 Pacific Stage 1_csvs
Haven,RRQ,1,3 (1),1 (0),4 (1),14 (11),458818,VCT 2025 Pacific Stage 1_csvs
Haven,ZETA,1,3 (1),2 (0),5 (2),12 (6),458818,VCT 2025 Pacific Stage 1_csvs
All Maps,RRQ,3,5 (3),2 (0),9 (3),25 (20),458818,VCT 2025 Pacific Stage 1_csvs
All Maps,ZETA,1,7 (1),3 (0),10 (3),21 (11),458818,VCT 2025 Pacific Stage 1_csvs
Pearl,PRX,2,2 (2),1 (0),5 (2),13 (9),458819,VCT 2025 Pacific Stage 1_csvs
Pearl,BME,0,3 (0),0 (0),7 (3),11 (5),458819,VCT 2025 Pacific Stage 1_csvs
Ascent,PRX,0,4 (0),1 (0),6 (3),11 (6),458819,VCT 2025 Pacific Stage 1_csvs
Ascent,BME,2,2 (2),2 (1),5 (3),13 (7),458819,VCT 2025 Pacific Stage 1_csvs
All Maps,PRX,1,3 (1),1 (1),4 (2),15 (6),458819,VCT 2025 Pacific Stage 1_csvs
All Maps,BME,1,3 (1),2 (0),3 (2),15 (10),458819,VCT 2025 Pacific Stage 1_csvs
Haven,TLN,0,4 (0),1 (0),3 (0),10 (5),458820,VCT 2025 Pacific Stage 1_csvs
Haven,NS,2,2 (2),1 (0),4 (4),11 (7),458820,VCT 2025 Pacific Stage 1_csvs
Lotus,TLN,1,4 (2),1 (0),2 (0),14 (11),458820,VCT 2025 Pacific Stage 1_csvs
Lotus,NS,1,3 (2),1 (0),6 (2),11 (4),458820,VCT 2025 Pacific Stage 1_csvs
All Maps,TLN,1,3 (1),1 (0),3 (3),12 (9),458820,VCT 2025 Pacific Stage 1_csvs
All Maps,NS,1,3 (1),2 (0),3 (2),11 (3),458820,VCT 2025 Pacific Stage 1_csvs
Ascent,DRX,2,2 (2),0 (0),5 (5),9 (6),458821,VCT 2025 Pacific Stage 1_csvs
Ascent,GE,0,4 (0),1 (0),4 (0),7 (3),458821,VCT 2025 Pacific Stage 1_csvs
Split,DRX,0,3 (0),1 (0),3 (1),16 (12),458821,VCT 2025 Pacific Stage 1_csvs
Split,GE,2,2 (2),2 (0),9 (5),10 (3),458821,VCT 2025 Pacific Stage 1_csvs
All Maps,DRX,2,5 (2),1 (0),8 (6),25 (18),458821,VCT 2025 Pacific Stage 1_csvs
All Maps,GE,2,6 (2),3 (0),13 (5),17 (6),458821,VCT 2025 Pacific Stage 1_csvs
Haven,T1,1,3 (1),0 (0),2 (1),14 (11),458822,VCT 2025 Pacific Stage 1_csvs
Haven,TS,1,3 (1),1 (0),7 (3),8 (2),458822,VCT 2025 Pacific Stage 1_csvs
Icebox,T1,1,3 (1),1 (0),7 (3),11 (5),458822,VCT 2025 Pacific Stage 1_csvs
Icebox,TS,1,3 (1),2 (1),3 (2),14 (9),458822,VCT 2025 Pacific Stage 1_csvs
All Maps,T1,1,3 (1),1 (0),3 (3),14 (9),458822,VCT 2025 Pacific Stage 1_csvs
All Maps,TS,1,4 (2),0 (0),7 (4),10 (2),458822,VCT 2025 Pacific Stage 1_csvs
Pearl,NS,1,3 (1),4 (3),3 (2),13 (7),458823,VCT 2025 Pacific Stage 1_csvs
Pearl,TS,1,3 (1),1 (1),5 (2),14 (6),458823,VCT 2025 Pacific Stage 1_csvs
Split,NS,1,3 (1),0 (0),2 (2),11 (10),458823,VCT 2025 Pacific Stage 1_csvs
Split,TS,1,2 (1),3 (0),5 (1),6 (1),458823,VCT 2025 Pacific Stage 1_csvs
All Maps,NS,2,6 (2),4 (3),5 (4),24 (17),458823,VCT 2025 Pacific Stage 1_csvs
All Maps,TS,2,5 (2),4 (1),10 (3),20 (7),458823,VCT 2025 Pacific Stage 1_csvs
Icebox,DRX,0,3 (0),2 (0),3 (1),13 (7),458824,VCT 2025 Pacific Stage 1_csvs
Icebox,BME,2,2 (2),1 (0),6 (6),12 (5),458824,VCT 2025 Pacific Stage 1_csvs
Haven,DRX,1,3 (2),1 (1),8 (5),14 (6),458824,VCT 2025 Pacific Stage 1_csvs
Haven,BME,1,4 (1),2 (1),4 (2),16 (8),458824,VCT 2025 Pacific Stage 1_csvs
All Maps,DRX,1,3 (1),1 (1),9 (2),8 (4),458824,VCT 2025 Pacific Stage 1_csvs
All Maps,BME,1,3 (1),0 (0),3 (2),15 (10),458824,VCT 2025 Pacific Stage 1_csvs
Pearl,T1,0,4 (0),1 (1),7 (5),11 (7),458825,VCT 2025 Pacific Stage 1_csvs
Pearl,RRQ,2,2 (2),1 (0),8 (3),12 (5),458825,VCT 2025 Pacific Stage 1_csvs
Icebox,T1,2,2 (2),1 (0),6 (2),14 (6),458825,VCT 2025 Pacific Stage 1_csvs
Icebox,RRQ,0,4 (0),1 (0),4 (3),14 (10),458825,VCT 2025 Pacific Stage 1_csvs
All Maps,T1,1,3 (1),2 (0),4 (2),9 (2),458825,VCT 2025 Pacific Stage 1_csvs
All Maps,RRQ,1,3 (1),1 (1),3 (2),11 (9),458825,VCT 2025 Pacific Stage 1_csvs
Haven,GEN,2,2 (2),1 (1),5 (3),10 (7),458826,VCT 2025 Pacific Stage 1_csvs
Haven,GE,0,4 (0),0 (0),4 (2),10 (3),458826,VCT 2025 Pacific Stage 1_csvs
Pearl,GEN,1,3 (1),1 (1),2 (2),14 (9),458826,VCT 2025 Pacific Stage 1_csvs
Pearl,GE,1,3 (1),1 (0),6 (2),10 (4),458826,VCT 2025 Pacific Stage 1_csvs
All Maps,GEN,3,5 (3),2 (2),7 (5),24 (16),458826,VCT 2025 Pacific Stage 1_csvs
All Maps,GE,1,7 (1),1 (0),10 (4),20 (7),458826,VCT 2025 Pacific Stage 1_csvs
Lotus,TLN,0,5 (0),0 (0),3 (2),9 (2),458827,VCT 2025 Pacific Stage 1_csvs
Lotus,ZETA,2,2 (2),0 (0),5 (4),10 (7),458827,VCT 2025 Pacific Stage 1_csvs
Split,TLN,1,3 (1),2 (0),7 (3),11 (6),458827,VCT 2025 Pacific Stage 1_csvs
Split,ZETA,1,5 (2),1 (0),3 (1),14 (10),458827,VCT 2025 Pacific Stage 1_csvs
All Maps,TLN,1,8 (1),2 (0),10 (5),20 (8),458827,VCT 2025 Pacific Stage 1_csvs
All Maps,ZETA,3,7 (4),1 (0),8 (5),24 (17),458827,VCT 2025 Pacific Stage 1_csvs
Ascent,DFM,1,3 (1),1 (0),10 (7),10 (5),458828,VCT 2025 Pacific Stage 1_csvs
Ascent,PRX,1,3 (1),1 (1),6 (3),14 (6),458828,VCT 2025 Pacific Stage 1_csvs
Lotus,DFM,0,4 (0),1 (1),2 (0),13 (6),458828,VCT 2025 Pacific Stage 1_csvs
Lotus,PRX,2,1 (1),2 (1),4 (2),13 (9),458828,VCT 2025 Pacific Stage 1_csvs
All Maps,DFM,1,3 (1),0 (0),9 (6),16 (6),458828,VCT 2025 Pacific Stage 1_csvs
All Maps,PRX,1,3 (1),0 (0),10 (5),15 (9),458828,VCT 2025 Pacific Stage 1_csvs
Split,PRX,2,2 (2),1 (1),4 (2),11 (8),458830,VCT 2025 Pacific Stage 1_csvs
Split,GE,0,2 (0),3 (2),6 (1),7 (2),458830,VCT 2025 Pacific Stage 1_csvs
Lotus,PRX,1,4 (1),1 (1),4 (2),13 (9),458830,VCT 2025 Pacific Stage 1_csvs
Lotus,GE,1,2 (1),0 (0),9 (4),11 (4),458830,VCT 2025 Pacific Stage 1_csvs
All Maps,PRX,3,6 (3),2 (2),8 (4),24 (17),458830,VCT 2025 Pacific Stage 1_csvs
All Maps,GE,1,4 (1),3 (2),15 (5),18 (6),458830,VCT 2025 Pacific Stage 1_csvs
Icebox,T1,1,3 (1),2 (1),4 (1),10 (3),458831,VCT 2025 Pacific Stage 1_csvs
Icebox,TLN,1,3 (1),0 (0),2 (2),14 (10),458831,VCT 2025 Pacific Stage 1_csvs
Haven,T1,0,4 (0),2 (1),2 (0),12 (6),458831,VCT 2025 Pacific Stage 1_csvs
Haven,TLN,2,3 (2),0 (0),6 (4),11 (7),458831,VCT 2025 Pacific Stage 1_csvs
All Maps,T1,1,7 (1),4 (2),6 (1),22 (9),458831,VCT 2025 Pacific Stage 1_csvs
All Maps,TLN,3,6 (3),0 (0),8 (6),25 (17),458831,VCT 2025 Pacific Stage 1_csvs
Lotus,DRX,2,3 (2),1 (1),7 (2),10 (3),458832,VCT 2025 Pacific Stage 1_csvs
Lotus,GEN,0,4 (1),0 (0),5 (3),12 (9),458832,VCT 2025 Pacific Stage 1_csvs
Split,DRX,2,2 (2),1 (1),6 (3),14 (7),458832,VCT 2025 Pacific Stage 1_csvs
Split,GEN,0,4 (0),1 (0),3 (2),15 (8),458832,VCT 2025 Pacific Stage 1_csvs
All Maps,DRX,1,3 (1),1 (0),3 (2),15 (10),458832,VCT 2025 Pacific Stage 1_csvs
All Maps,GEN,1,3 (1),2 (1),5 (2),12 (5),458832,VCT 2025 Pacific Stage 1_csvs
Lotus,NS,1,3 (2),1 (1),2 (1),13 (9),458833,VCT 2025 Pacific Stage 1_csvs
Lotus,ZETA,1,4 (1),1 (0),4 (1),10 (4),458833,VCT 2025 Pacific Stage 1_csvs
Pearl,NS,1,3 (1),2 (0),8 (2),11 (8),458833,VCT 2025 Pacific Stage 1_csvs
Pearl,ZETA,1,4 (1),1 (1),3 (2),16 (9),458833,VCT 2025 Pacific Stage 1_csvs
All Maps,NS,1,3 (1),0 (0),4 (3),13 (9),458833,VCT 2025 Pacific Stage 1_csvs
All Maps,ZETA,1,3 (1),0 (0),6 (2),11 (4),458833,VCT 2025 Pacific Stage 1_csvs
Fracture,DFM,0,4 (0),0 (0),7 (3),10 (5),458834,VCT 2025 Pacific Stage 1_csvs
Fracture,BME,2,2 (2),1 (1),5 (3),13 (7),458834,VCT 2025 Pacific Stage 1_csvs
Ascent,DFM,0,4 (0),1 (1),6 (3),8 (2),458834,VCT 2025 Pacific Stage 1_csvs
Ascent,BME,2,2 (2),0 (0),5 (5),12 (6),458834,VCT 2025 Pacific Stage 1_csvs
All Maps,DFM,0,8 (0),1 (1),13 (6),18 (7),458834,VCT 2025 Pacific Stage 1_csvs
All Maps,BME,4,4 (4),1 (1),10 (8),25 (13),458834,VCT 2025 Pacific Stage 1_csvs
Haven,RRQ,0,4 (0),1 (0),4 (1),19 (14),458835,VCT 2025 Pacific Stage 1_csvs
Haven,TS,2,3 (2),2 (0),6 (2),17 (9),458835,VCT 2025 Pacific Stage 1_csvs
Ascent,RRQ,0,4 (0),1 (0),2 (0),11 (5),458835,VCT 2025 Pacific Stage 1_csvs
Ascent,TS,2,2 (2),1 (1),4 (3),11 (7),458835,VCT 2025 Pacific Stage 1_csvs
All Maps,RRQ,1,3 (1),1 (0),3 (1),15 (7),458835,VCT 2025 Pacific Stage 1_csvs
All Maps,TS,1,3 (2),1 (0),5 (2),13 (9),458835,VCT 2025 Pacific Stage 1_csvs
Haven,TLN,1,3 (1),0 (0),2 (2),14 (10),473833,VCT 2025 Pacific Stage 1_csvs
Haven,GEN,1,3 (1),1 (0),8 (3),7 (2),473833,VCT 2025 Pacific Stage 1_csvs
Icebox,TLN,1,3 (1),1 (0),6 (2),9 (3),473833,VCT 2025 Pacific Stage 1_csvs
Icebox,GEN,1,3 (1),0 (0),3 (3),13 (9),473833,VCT 2025 Pacific Stage 1_csvs
All Maps,TLN,1,4 (1),1 (0),6 (1),5 (1),473833,VCT 2025 Pacific Stage 1_csvs
All Maps,GEN,1,3 (1),0 (0),2 (2),11 (10),473833,VCT 2025 Pacific Stage 1_csvs
Lotus,DRX,2,3 (2),3 (1),3 (1),19 (11),473834,VCT 2025 Pacific Stage 1_csvs
Lotus,T1,0,4 (1),1 (0),1 (0),22 (12),473834,VCT 2025 Pacific Stage 1_csvs
Fracture,DRX,0,4 (0),0 (0),3 (2),19 (12),473834,VCT 2025 Pacific Stage 1_csvs
Fracture,T1,2,2 (2),2 (1),7 (5),15 (4),473834,VCT 2025 Pacific Stage 1_csvs
All Maps,DRX,2,7 (2),3 (1),6 (3),38 (23),473834,VCT 2025 Pacific Stage 1_csvs
All Maps,T1,2,6 (3),3 (1),8 (5),37 (16),473834,VCT 2025 Pacific Stage 1_csvs
Split,BME,1,3 (1),2 (1),7 (4),9 (2),473837,VCT 2025 Pacific Stage 1_csvs
Split,GEN,1,3 (1),1 (0),3 (3),14 (9),473837,VCT 2025 Pacific Stage 1_csvs
Ascent,BME,1,3 (1),1 (0),5 (1),10 (4),473837,VCT 2025 Pacific Stage 1_csvs
Ascent,GEN,1,3 (1),0 (0),5 (3),11 (9),473837,VCT 2025 Pacific Stage 1_csvs
All Maps,BME,2,6 (2),3 (1),12 (5),19 (6),473837,VCT 2025 Pacific Stage 1_csvs
All Maps,GEN,2,6 (2),1 (0),8 (6),25 (18),473837,VCT 2025 Pacific Stage 1_csvs
Fracture,RRQ,1,3 (2),1 (0),6 (3),14 (6),473838,VCT 2025 Pacific Stage 1_csvs
Fracture,DRX,1,3 (1),3 (1),2 (1),16 (10),473838,VCT 2025 Pacific Stage 1_csvs
Icebox,RRQ,1,3 (1),0 (0),4 (4),10 (8),473838,VCT 2025 Pacific Stage 1_csvs
Icebox,DRX,1,3 (1),2 (0),4 (2),8 (1),473838,VCT 2025 Pacific Stage 1_csvs
All Maps,RRQ,1,3 (1),0 (0),5 (2),18 (11),473838,VCT 2025 Pacific Stage 1_csvs
All Maps,DRX,1,3 (1),2 (0),4 (2),17 (9),473838,VCT 2025 Pacific Stage 1_csvs
Haven,TLN,1,3 (1),1 (0),5 (4),13 (8),473835,VCT 2025 Pacific Stage 1_csvs
Haven,NS,1,2 (1),2 (0),7 (3),11 (5),473835,VCT 2025 Pacific Stage 1_csvs
Pearl,TLN,0,6 (0),1 (0),3 (2),10 (5),473835,VCT 2025 Pacific Stage 1_csvs
Pearl,NS,2,2 (2),0 (0),7 (4),11 (7),473835,VCT 2025 Pacific Stage 1_csvs
All Maps,TLN,0,5 (0),1 (0),1 (1),15 (12),473835,VCT 2025 Pacific Stage 1_csvs
All Maps,NS,2,2 (2),0 (0),8 (4),12 (3),473835,VCT 2025 Pacific Stage 1_csvs
Fracture,T1,2,2 (2),0 (0),3 (3),11 (8),473836,VCT 2025 Pacific Stage 1_csvs
Fracture,PRX,0,3 (0),2 (0),4 (2),7 (1),473836,VCT 2025 Pacific Stage 1_csvs
Ascent,T1,0,4 (0),3 (0),2 (2),8 (2),473836,VCT 2025 Pacific Stage 1_csvs
Ascent,PRX,2,2 (2),0 (0),7 (5),8 (6),473836,VCT 2025 Pacific Stage 1_csvs
All Maps,T1,0,3 (0),1 (0),6 (1),5 (1),473836,VCT 2025 Pacific Stage 1_csvs
All Maps,PRX,2,2 (2),0 (0),3 (3),10 (8),473836,VCT 2025 Pacific Stage 1_csvs
Icebox,DRX,1,3 (2),0 (0),2 (1),12 (10),473839,VCT 2025 Pacific Stage 1_csvs
Icebox,TLN,1,3 (1),1 (0),8 (2),5 (1),473839,VCT 2025 Pacific Stage 1_csvs
Fracture,DRX,1,3 (1),1 (0),3 (2),19 (11),473839,VCT 2025 Pacific Stage 1_csvs
Fracture,TLN,1,5 (1),1 (0),5 (3),15 (8),473839,VCT 2025 Pacific Stage 1_csvs
All Maps,DRX,2,6 (3),1 (0),5 (3),31 (21),473839,VCT 2025 Pacific Stage 1_csvs
All Maps,TLN,2,8 (2),2 (0),13 (5),20 (9),473839,VCT 2025 Pacific Stage 1_csvs
Lotus,BME,0,4 (0),2 (1),3 (0),9 (4),473840,VCT 2025 Pacific Stage 1_csvs
Lotus,PRX,2,2 (2),0 (0),4 (4),12 (7),473840,VCT 2025 Pacific Stage 1_csvs
Fracture,BME,0,3 (0),1 (0),7 (3),10 (5),473840,VCT 2025 Pacific Stage 1_csvs
Fracture,PRX,2,2 (2),1 (0),7 (3),11 (8),473840,VCT 2025 Pacific Stage 1_csvs
All Maps,BME,0,7 (0),3 (1),10 (3),19 (9),473840,VCT 2025 Pacific Stage 1_csvs
All Maps,PRX,4,4 (4),1 (0),11 (7),23 (15),473840,VCT 2025 Pacific Stage 1_csvs
Lotus,GEN,2,2 (2),0 (0),3 (3),13 (8),473841,VCT 2025 Pacific Stage 1_csvs
Lotus,RRQ,0,4 (0),1 (0),3 (1),10 (4),473841,VCT 2025 Pacific Stage 1_csvs
Icebox,GEN,1,3 (1),0 (0),3 (2),15 (10),473841,VCT 2025 Pacific Stage 1_csvs
Icebox,RRQ,1,3 (1),1 (0),8 (3),9 (4),473841,VCT 2025 Pacific Stage 1_csvs
All Maps,GEN,3,5 (3),0 (0),6 (5),28 (18),473841,VCT 2025 Pacific Stage 1_csvs
All Maps,RRQ,1,7 (1),2 (0),11 (4),19 (8),473841,VCT 2025 Pacific Stage 1_csvs
Lotus,DRX,1,3 (1),1 (0),4 (2),16 (8),473842,VCT 2025 Pacific Stage 1_csvs
Lotus,PRX,1,3 (1),2 (1),3 (1),16 (10),473842,VCT 2025 Pacific Stage 1_csvs
Icebox,DRX,1,3 (1),2 (0),4 (3),12 (4),473842,VCT 2025 Pacific Stage 1_csvs
Icebox,PRX,1,3 (1),1 (1),5 (4),12 (7),473842,VCT 2025 Pacific Stage 1_csvs
All Maps,DRX,2,6 (2),3 (0),8 (5),28 (12),473842,VCT 2025 Pacific Stage 1_csvs
All Maps,PRX,2,6 (2),3 (2),8 (5),28 (17),473842,VCT 2025 Pacific Stage 1_csvs
Fracture,RRQ,0,3 (0),1 (0),7 (1),4 (1),473843,VCT 2025 Pacific Stage 1_csvs
Fracture,PRX,2,2 (2),0 (0),3 (3),10 (8),473843,VCT 2025 Pacific Stage 1_csvs
Split,RRQ,1,3 (1),3 (2),4 (3),16 (8),473843,VCT 2025 Pacific Stage 1_csvs
Split,PRX,1,3 (1),1 (0),1 (1),21 (10),473843,VCT 2025 Pacific Stage 1_csvs
Pearl,RRQ,1,3 (1),3 (2),4 (1),16 (10),473843,VCT 2025 Pacific Stage 1_csvs
Pearl,PRX,1,4 (1),1 (0),9 (4),12 (7),473843,VCT 2025 Pacific Stage 1_csvs
Icebox,RRQ,0,3 (0),2 (0),4 (0),7 (3),473843,VCT 2025 Pacific Stage 1_csvs
Icebox,PRX,2,2 (2),1 (1),4 (3),9 (7),473843,VCT 2025 Pacific Stage 1_csvs
All Maps,RRQ,1,3 (1),0 (0),3 (3),13 (9),473843,VCT 2025 Pacific Stage 1_csvs
All Maps,PRX,1,3 (1),2 (0),6 (3),8 (2),473843,VCT 2025 Pacific Stage 1_csvs
Haven,GEN,1,3 (2),0 (0),5 (3),13 (8),473844,VCT 2025 Pacific Stage 1_csvs
Haven,RRQ,1,3 (1),1 (0),4 (1),13 (6),473844,VCT 2025 Pacific Stage 1_csvs
Ascent,GEN,0,3 (0),1 (0),5 (3),15 (8),473844,VCT 2025 Pacific Stage 1_csvs
Ascent,RRQ,2,3 (2),2 (0),3 (2),16 (9),473844,VCT 2025 Pacific Stage 1_csvs
Lotus,GEN,1,3 (1),3 (1),7 (3),9 (4),473844,VCT 2025 Pacific Stage 1_csvs
Lotus,RRQ,1,3 (1),1 (1),4 (3),14 (8),473844,VCT 2025 Pacific Stage 1_csvs
Icebox,GEN,2,2 (2),0 (0),12 (6),10 (3),473844,VCT 2025 Pacific Stage 1_csvs
Icebox,RRQ,0,5 (1),0 (0),1 (1),18 (11),473844,VCT 2025 Pacific Stage 1_csvs
All Maps,GEN,4,11 (5),4 (1),29 (15),47 (23),473844,VCT 2025 Pacific Stage 1_csvs
All Maps,RRQ,4,14 (5),4 (1),12 (7),61 (34),473844,VCT 2025 Pacific Stage 1_csvs
Bind,BME,0,4 (0),1 (0),1 (1),15 (7),508815,VCT 2025 Pacific Stage 2_csvs
Bind,TLN,2,3 (2),1 (1),4 (3),13 (7),508815,VCT 2025 Pacific Stage 2_csvs
Icebox,BME,0,2 (0),2 (0),5 (1),7 (2),508815,VCT 2025 Pacific Stage 2_csvs
Icebox,TLN,2,2 (2),0 (0),5 (5),9 (6),508815,VCT 2025 Pacific Stage 2_csvs
All Maps,BME,0,6 (0),3 (0),6 (2),22 (9),508815,VCT 2025 Pacific Stage 2_csvs
All Maps,TLN,4,5 (4),1 (1),9 (8),22 (13),508815,VCT 2025 Pacific Stage 2_csvs
Sunset,NS,0,4 (0),2 (0),1 (1),14 (7),508816,VCT 2025 Pacific Stage 2_csvs
Sunset,TS,2,2 (2),1 (1),7 (4),11 (6),508816,VCT 2025 Pacific Stage 2_csvs
Ascent,NS,0,4 (0),1 (0),3 (2),15 (11),508816,VCT 2025 Pacific Stage 2_csvs
Ascent,TS,2,2 (2),2 (0),10 (4),9 (4),508816,VCT 2025 Pacific Stage 2_csvs
All Maps,NS,2,2 (2),0 (0),5 (5),9 (6),508816,VCT 2025 Pacific Stage 2_csvs
All Maps,TS,0,4 (0),1 (0),3 (0),8 (3),508816,VCT 2025 Pacific Stage 2_csvs
Haven,T1,1,3 (1),2 (0),8 (6),19 (8),508817,VCT 2025 Pacific Stage 2_csvs
Haven,PRX,1,3 (1),2 (0),4 (3),23 (13),508817,VCT 2025 Pacific Stage 2_csvs
Lotus,T1,2,2 (2),2 (0),6 (3),16 (7),508817,VCT 2025 Pacific Stage 2_csvs
Lotus,PRX,0,4 (0),1 (0),2 (2),19 (12),508817,VCT 2025 Pacific Stage 2_csvs
All Maps,T1,3,5 (3),4 (0),14 (9),35 (15),508817,VCT 2025 Pacific Stage 2_csvs
All Maps,PRX,1,7 (1),3 (0),6 (5),42 (25),508817,VCT 2025 Pacific Stage 2_csvs
Corrode,DRX,1,3 (1),1 (1),5 (3),12 (3),508818,VCT 2025 Pacific Stage 2_csvs
Corrode,GEN,1,3 (1),1 (1),4 (3),13 (8),508818,VCT 2025 Pacific Stage 2_csvs
Haven,DRX,1,3 (1),1 (0),7 (2),8 (3),508818,VCT 2025 Pacific Stage 2_csvs
Haven,GEN,1,3 (2),0 (0),3 (1),13 (10),508818,VCT 2025 Pacific Stage 2_csvs
All Maps,DRX,2,6 (2),2 (1),12 (5),20 (6),508818,VCT 2025 Pacific Stage 2_csvs
All Maps,GEN,2,6 (3),1 (1),7 (4),26 (18),508818,VCT 2025 Pacific Stage 2_csvs
Haven,RRQ,1,3 (1),1 (0),7 (3),9 (3),508819,VCT 2025 Pacific Stage 2_csvs
Haven,GE,1,3 (1),0 (0),4 (2),13 (10),508819,VCT 2025 Pacific Stage 2_csvs
Corrode,RRQ,1,3 (2),1 (0),5 (2),9 (1),508819,VCT 2025 Pacific Stage 2_csvs
Corrode,GE,1,3 (1),1 (1),2 (1),12 (10),508819,VCT 2025 Pacific Stage 2_csvs
All Maps,RRQ,2,6 (3),2 (0),12 (5),18 (4),508819,VCT 2025 Pacific Stage 2_csvs
All Maps,GE,2,6 (2),1 (1),6 (3),25 (20),508819,VCT 2025 Pacific Stage 2_csvs
Haven,ZETA,0,3 (0),2 (0),4 (0),5 (1),508820,VCT 2025 Pacific Stage 2_csvs
Haven,DFM,2,2 (2),0 (0),4 (3),8 (8),508820,VCT 2025 Pacific Stage 2_csvs
Lotus,ZETA,2,2 (2),0 (0),3 (3),9 (8),508820,VCT 2025 Pacific Stage 2_csvs
Lotus,DFM,0,3 (0),1 (0),6 (1),4 (0),508820,VCT 2025 Pacific Stage 2_csvs
All Maps,ZETA,2,3 (2),2 (0),6 (2),9 (3),508820,VCT 2025 Pacific Stage 2_csvs
All Maps,DFM,0,3 (0),0 (0),6 (5),11 (8),508820,VCT 2025 Pacific Stage 2_csvs
Icebox,DRX,1,3 (2),0 (0),3 (2),12 (9),508821,VCT 2025 Pacific Stage 2_csvs
Icebox,NS,1,3 (1),2 (0),4 (1),9 (3),508821,VCT 2025 Pacific Stage 2_csvs
Bind,DRX,0,4 (0),0 (0),3 (0),10 (4),508821,VCT 2025 Pacific Stage 2_csvs
Bind,NS,2,3 (2),1 (1),3 (3),10 (7),508821,VCT 2025 Pacific Stage 2_csvs
All Maps,DRX,1,3 (1),1 (1),6 (3),14 (8),508821,VCT 2025 Pacific Stage 2_csvs
All Maps,NS,1,3 (1),2 (1),4 (2),15 (7),508821,VCT 2025 Pacific Stage 2_csvs
Ascent,BME,1,3 (1),2 (0),4 (3),13 (5),508822,VCT 2025 Pacific Stage 2_csvs
Ascent,T1,1,3 (1),1 (1),4 (1),14 (10),508822,VCT 2025 Pacific Stage 2_csvs
Corrode,BME,2,2 (2),0 (0),8 (2),13 (6),508822,VCT 2025 Pacific Stage 2_csvs
Corrode,T1,0,4 (0),2 (1),3 (1),14 (11),508822,VCT 2025 Pacific Stage 2_csvs
All Maps,BME,3,5 (3),2 (0),12 (5),26 (11),508822,VCT 2025 Pacific Stage 2_csvs
All Maps,T1,1,7 (1),3 (2),7 (2),28 (21),508822,VCT 2025 Pacific Stage 2_csvs
Bind,GE,0,4 (0),1 (0),4 (2),9 (3),508823,VCT 2025 Pacific Stage 2_csvs
Bind,TS,2,2 (2),0 (0),6 (4),10 (7),508823,VCT 2025 Pacific Stage 2_csvs
Corrode,GE,1,2 (1),1 (0),7 (5),12 (7),508823,VCT 2025 Pacific Stage 2_csvs
Corrode,TS,1,2 (1),2 (0),6 (2),12 (6),508823,VCT 2025 Pacific Stage 2_csvs
Icebox,GE,0,3 (0),0 (0),7 (3),14 (8),508823,VCT 2025 Pacific Stage 2_csvs
Icebox,TS,2,3 (2),3 (0),5 (1),13 (10),508823,VCT 2025 Pacific Stage 2_csvs
All Maps,GE,1,9 (1),2 (0),18 (10),35 (18),508823,VCT 2025 Pacific Stage 2_csvs
All Maps,TS,5,7 (5),5 (0),17 (7),35 (23),508823,VCT 2025 Pacific Stage 2_csvs
Lotus,PRX,2,2 (2),0 (0),7 (5),11 (6),508824,VCT 2025 Pacific Stage 2_csvs
Lotus,DFM,0,4 (0),3 (0),5 (2),8 (5),508824,VCT 2025 Pacific Stage 2_csvs
Haven,PRX,2,2 (2),0 (0),4 (2),14 (9),508824,VCT 2025 Pacific Stage 2_csvs
Haven,DFM,0,4 (0),2 (0),5 (3),9 (4),508824,VCT 2025 Pacific Stage 2_csvs
All Maps,PRX,4,4 (4),0 (0),11 (7),25 (15),508824,VCT 2025 Pacific Stage 2_csvs
All Maps,DFM,0,8 (0),5 (0),10 (5),17 (9),508824,VCT 2025 Pacific Stage 2_csvs
Icebox,TLN,2,2 (2),0 (0),5 (4),11 (7),508825,VCT 2025 Pacific Stage 2_csvs
Icebox,ZETA,0,4 (0),1 (0),5 (2),8 (3),508825,VCT 2025 Pacific Stage 2_csvs
Bind,TLN,1,3 (2),0 (0),3 (3),13 (8),508825,VCT 2025 Pacific Stage 2_csvs
Bind,ZETA,1,3 (1),3 (0),6 (2),7 (3),508825,VCT 2025 Pacific Stage 2_csvs
All Maps,TLN,3,5 (4),0 (0),8 (7),24 (15),508825,VCT 2025 Pacific Stage 2_csvs
All Maps,ZETA,1,7 (1),4 (0),11 (4),15 (6),508825,VCT 2025 Pacific Stage 2_csvs
Sunset,RRQ,1,3 (1),1 (0),5 (3),10 (2),508826,VCT 2025 Pacific Stage 2_csvs
Sunset,GEN,1,3 (1),0 (0),5 (3),11 (9),508826,VCT 2025 Pacific Stage 2_csvs
Ascent,RRQ,1,3 (1),1 (1),4 (3),16 (8),508826,VCT 2025 Pacific Stage 2_csvs
Ascent,GEN,1,2 (1),1 (0),8 (4),13 (6),508826,VCT 2025 Pacific Stage 2_csvs
All Maps,RRQ,2,2 (2),0 (0),6 (4),11 (7),508826,VCT 2025 Pacific Stage 2_csvs
All Maps,GEN,0,4 (0),1 (0),6 (2),8 (4),508826,VCT 2025 Pacific Stage 2_csvs
Icebox,GEN,0,3 (0),3 (1),3 (1),7 (1),508828,VCT 2025 Pacific Stage 2_csvs
Icebox,GE,2,2 (2),1 (0),3 (2),10 (9),508828,VCT 2025 Pacific Stage 2_csvs
Haven,GEN,1,3 (1),0 (0),2 (2),11 (10),508828,VCT 2025 Pacific Stage 2_csvs
Haven,GE,1,3 (1),1 (0),8 (2),4 (0),508828,VCT 2025 Pacific Stage 2_csvs
All Maps,GEN,1,4 (1),0 (0),2 (1),14 (11),508828,VCT 2025 Pacific Stage 2_csvs
All Maps,GE,1,2 (1),1 (0),9 (5),8 (1),508828,VCT 2025 Pacific Stage 2_csvs
Sunset,TLN,0,3 (0),2 (1),3 (1),14 (11),508829,VCT 2025 Pacific Stage 2_csvs
Sunset,DFM,2,2 (2),1 (1),9 (2),10 (4),508829,VCT 2025 Pacific Stage 2_csvs
Corrode,TLN,1,3 (1),1 (0),5 (3),12 (4),508829,VCT 2025 Pacific Stage 2_csvs
Corrode,DFM,1,3 (1),1 (0),3 (2),14 (10),508829,VCT 2025 Pacific Stage 2_csvs
All Maps,TLN,1,4 (1),1 (1),8 (4),9 (3),508829,VCT 2025 Pacific Stage 2_csvs
All Maps,DFM,1,3 (1),0 (0),3 (3),16 (9),508829,VCT 2025 Pacific Stage 2_csvs
Corrode,T1,1,3 (1),1 (0),2 (1),15 (11),508830,VCT 2025 Pacific Stage 2_csvs
Corrode,ZETA,1,3 (1),1 (0),5 (3),12 (4),508830,VCT 2025 Pacific Stage 2_csvs
Sunset,T1,1,4 (1),1 (1),1 (0),13 (11),508830,VCT 2025 Pacific Stage 2_csvs
Sunset,ZETA,1,3 (2),1 (0),7 (2),8 (2),508830,VCT 2025 Pacific Stage 2_csvs
All Maps,T1,2,7 (2),2 (1),3 (1),28 (22),508830,VCT 2025 Pacific Stage 2_csvs
All Maps,ZETA,2,6 (3),2 (0),12 (5),20 (6),508830,VCT 2025 Pacific Stage 2_csvs
Corrode,RRQ,2,2 (2),1 (0),7 (5),14 (4),508831,VCT 2025 Pacific Stage 2_csvs
Corrode,NS,0,3 (0),1 (0),3 (0),17 (13),508831,VCT 2025 Pacific Stage 2_csvs
Haven,RRQ,1,3 (1),1 (1),3 (2),14 (9),508831,VCT 2025 Pacific Stage 2_csvs
Haven,NS,1,3 (1),2 (1),4 (1),12 (5),508831,VCT 2025 Pacific Stage 2_csvs
All Maps,RRQ,2,2 (2),0 (0),5 (5),9 (6),508831,VCT 2025 Pacific Stage 2_csvs
All Maps,NS,0,3 (0),2 (0),5 (0),6 (3),508831,VCT 2025 Pacific Stage 2_csvs
Icebox,DRX,1,3 (1),0 (0),2 (2),12 (10),508832,VCT 2025 Pacific Stage 2_csvs
Icebox,TS,1,3 (1),0 (0),7 (1),7 (2),508832,VCT 2025 Pacific Stage 2_csvs
Corrode,DRX,0,3 (1),0 (0),2 (2),12 (10),508832,VCT 2025 Pacific Stage 2_csvs
Corrode,TS,2,4 (2),3 (1),4 (0),6 (1),508832,VCT 2025 Pacific Stage 2_csvs
All Maps,DRX,1,6 (2),0 (0),4 (4),24 (20),508832,VCT 2025 Pacific Stage 2_csvs
All Maps,TS,3,7 (3),3 (1),11 (1),13 (3),508832,VCT 2025 Pacific Stage 2_csvs
Bind,BME,2,2 (2),1 (0),7 (4),11 (2),508833,VCT 2025 Pacific Stage 2_csvs
Bind,PRX,0,4 (0),1 (1),3 (1),13 (11),508833,VCT 2025 Pacific Stage 2_csvs
Lotus,BME,1,3 (1),3 (1),4 (3),13 (5),508833,VCT 2025 Pacific Stage 2_csvs
Lotus,PRX,1,3 (1),1 (0),6 (5),13 (7),508833,VCT 2025 Pacific Stage 2_csvs
All Maps,BME,3,5 (3),4 (1),11 (7),24 (7),508833,VCT 2025 Pacific Stage 2_csvs
All Maps,PRX,1,7 (1),2 (1),9 (6),26 (18),508833,VCT 2025 Pacific Stage 2_csvs
Lotus,GEN,1,3 (2),0 (0),2 (1),11 (10),508834,VCT 2025 Pacific Stage 2_csvs
Lotus,TS,1,3 (1),2 (0),7 (2),4 (0),508834,VCT 2025 Pacific Stage 2_csvs
Ascent,GEN,0,3 (1),1 (0),1 (1),16 (11),508834,VCT 2025 Pacific Stage 2_csvs
Ascent,TS,2,3 (2),4 (1),5 (1),9 (4),508834,VCT 2025 Pacific Stage 2_csvs
All Maps,GEN,1,6 (3),1 (0),3 (2),27 (21),508834,VCT 2025 Pacific Stage 2_csvs
All Maps,TS,3,6 (3),6 (1),12 (3),13 (4),508834,VCT 2025 Pacific Stage 2_csvs
Corrode,TLN,1,3 (1),2 (0),2 (2),16 (10),508835,VCT 2025 Pacific Stage 2_csvs
Corrode,T1,1,3 (1),2 (0),5 (3),13 (6),508835,VCT 2025 Pacific Stage 2_csvs
Lotus,TLN,2,2 (2),1 (1),6 (3),10 (7),508835,VCT 2025 Pacific Stage 2_csvs
Lotus,T1,0,5 (1),1 (0),3 (1),10 (4),508835,VCT 2025 Pacific Stage 2_csvs
All Maps,TLN,3,5 (3),3 (1),8 (5),26 (17),508835,VCT 2025 Pacific Stage 2_csvs
All Maps,T1,1,8 (2),3 (0),8 (4),23 (10),508835,VCT 2025 Pacific Stage 2_csvs
Lotus,BME,1,3 (2),2 (0),4 (2),14 (6),508836,VCT 2025 Pacific Stage 2_csvs
Lotus,DFM,1,3 (1),1 (0),4 (2),15 (10),508836,VCT 2025 Pacific Stage 2_csvs
Corrode,BME,0,3 (0),1 (0),6 (2),5 (0),508836,VCT 2025 Pacific Stage 2_csvs
Corrode,DFM,2,3 (3),0 (0),3 (2),9 (8),508836,VCT 2025 Pacific Stage 2_csvs
All Maps,BME,1,6 (2),3 (0),10 (4),19 (6),508836,VCT 2025 Pacific Stage 2_csvs
All Maps,DFM,3,6 (4),1 (0),7 (4),24 (18),508836,VCT 2025 Pacific Stage 2_csvs
Bind,RRQ,0,3 (0),1 (0),4 (2),18 (10),508837,VCT 2025 Pacific Stage 2_csvs
Bind,DRX,2,2 (2),2 (0),6 (4),16 (8),508837,VCT 2025 Pacific Stage 2_csvs
Ascent,RRQ,2,2 (2),3 (0),6 (1),9 (4),508837,VCT 2025 Pacific Stage 2_csvs
Ascent,DRX,0,4 (1),0 (0),3 (1),13 (11),508837,VCT 2025 Pacific Stage 2_csvs
All Maps,RRQ,2,5 (2),4 (0),10 (3),27 (14),508837,VCT 2025 Pacific Stage 2_csvs
All Maps,DRX,2,6 (3),2 (0),9 (5),29 (19),508837,VCT 2025 Pacific Stage 2_csvs
Corrode,NS,2,2 (2),2 (1),5 (4),11 (6),508838,VCT 2025 Pacific Stage 2_csvs
Corrode,GE,0,3 (0),2 (0),7 (3),8 (4),508838,VCT 2025 Pacific Stage 2_csvs
Bind,NS,2,2 (2),1 (1),7 (3),11 (7),508838,VCT 2025 Pacific Stage 2_csvs
Bind,GE,0,4 (0),2 (0),2 (2),13 (6),508838,VCT 2025 Pacific Stage 2_csvs
All Maps,NS,4,4 (4),3 (2),12 (7),22 (13),508838,VCT 2025 Pacific Stage 2_csvs
All Maps,GE,0,7 (0),4 (0),9 (5),21 (10),508838,VCT 2025 Pacific Stage 2_csvs
Lotus,PRX,0,4 (0),1 (0),5 (3),12 (6),508839,VCT 2025 Pacific Stage 2_csvs
Lotus,ZETA,2,2 (2),2 (2),7 (4),11 (5),508839,VCT 2025 Pacific Stage 2_csvs
Sunset,PRX,0,4 (0),2 (1),4 (2),10 (4),508839,VCT 2025 Pacific Stage 2_csvs
Sunset,ZETA,2,3 (2),0 (0),5 (4),12 (7),508839,VCT 2025 Pacific Stage 2_csvs
All Maps,PRX,0,8 (0),3 (1),9 (5),22 (10),508839,VCT 2025 Pacific Stage 2_csvs
All Maps,ZETA,4,5 (4),2 (2),12 (8),23 (12),508839,VCT 2025 Pacific Stage 2_csvs
Lotus,GEN,1,3 (1),0 (0),5 (1),14 (7),508840,VCT 2025 Pacific Stage 2_csvs
Lotus,NS,1,3 (1),1 (0),4 (1),14 (11),508840,VCT 2025 Pacific Stage 2_csvs
Ascent,GEN,1,3 (2),1 (1),4 (2),18 (7),508840,VCT 2025 Pacific Stage 2_csvs
Ascent,NS,1,4 (1),2 (0),3 (0),17 (13),508840,VCT 2025 Pacific Stage 2_csvs
All Maps,GEN,2,6 (3),1 (1),9 (3),32 (14),508840,VCT 2025 Pacific Stage 2_csvs
All Maps,NS,2,7 (2),3 (0),7 (1),31 (24),508840,VCT 2025 Pacific Stage 2_csvs
Bind,TLN,2,3 (2),2 (1),7 (3),12 (5),508841,VCT 2025 Pacific Stage 2_csvs
Bind,PRX,0,4 (1),0 (0),2 (2),18 (10),508841,VCT 2025 Pacific Stage 2_csvs
Icebox,TLN,1,3 (1),1 (0),8 (4),18 (9),508841,VCT 2025 Pacific Stage 2_csvs
Icebox,PRX,1,3 (1),3 (1),2 (1),22 (13),508841,VCT 2025 Pacific Stage 2_csvs
All Maps,TLN,3,6 (3),3 (1),15 (7),30 (14),508841,VCT 2025 Pacific Stage 2_csvs
All Maps,PRX,1,7 (2),3 (1),4 (3),40 (23),508841,VCT 2025 Pacific Stage 2_csvs
Lotus,DRX,1,3 (1),2 (0),3 (2),15 (10),508842,VCT 2025 Pacific Stage 2_csvs
Lotus,GE,1,3 (2),0 (0),7 (2),13 (6),508842,VCT 2025 Pacific Stage 2_csvs
Icebox,DRX,2,3 (2),1 (1),4 (3),15 (7),508842,VCT 2025 Pacific Stage 2_csvs
Icebox,GE,0,3 (0),1 (1),4 (1),15 (8),508842,VCT 2025 Pacific Stage 2_csvs
All Maps,DRX,3,6 (3),3 (1),7 (5),30 (17),508842,VCT 2025 Pacific Stage 2_csvs
All Maps,GE,1,6 (2),1 (1),11 (3),28 (14),508842,VCT 2025 Pacific Stage 2_csvs
Lotus,BME,1,4 (1),1 (0),2 (2),21 (12),508843,VCT 2025 Pacific Stage 2_csvs
Lotus,ZETA,1,3 (1),0 (0),6 (2),19 (10),508843,VCT 2025 Pacific Stage 2_csvs
Corrode,BME,2,2 (2),1 (0),8 (4),11 (3),508843,VCT 2025 Pacific Stage 2_csvs
Corrode,ZETA,0,4 (0),2 (0),0 (0),16 (13),508843,VCT 2025 Pacific Stage 2_csvs
All Maps,BME,1,2 (1),2 (0),7 (4),10 (3),508843,VCT 2025 Pacific Stage 2_csvs
All Maps,ZETA,1,4 (1),1 (1),2 (0),14 (11),508843,VCT 2025 Pacific Stage 2_csvs
Ascent,RRQ,1,3 (1),1 (0),4 (2),20 (10),508844,VCT 2025 Pacific Stage 2_csvs
Ascent,TS,1,3 (1),1 (0),8 (2),16 (12),508844,VCT 2025 Pacific Stage 2_csvs
Icebox,RRQ,1,3 (1),0 (0),3 (2),11 (10),508844,VCT 2025 Pacific Stage 2_csvs
Icebox,TS,1,2 (1),1 (0),9 (1),5 (2),508844,VCT 2025 Pacific Stage 2_csvs
All Maps,RRQ,2,2 (2),0 (0),3 (3),11 (8),508844,VCT 2025 Pacific Stage 2_csvs
All Maps,TS,0,4 (0),1 (0),6 (1),5 (2),508844,VCT 2025 Pacific Stage 2_csvs
Sunset,T1,1,3 (1),1 (0),2 (1),13 (11),508845,VCT 2025 Pacific Stage 2_csvs
Sunset,DFM,1,2 (1),3 (0),7 (2),7 (3),508845,VCT 2025 Pacific Stage 2_csvs
Haven,T1,0,4 (0),1 (0),1 (1),16 (12),508845,VCT 2025 Pacific Stage 2_csvs
Haven,DFM,2,2 (2),1 (0),10 (5),9 (2),508845,VCT 2025 Pacific Stage 2_csvs
All Maps,T1,1,7 (1),2 (0),3 (2),29 (23),508845,VCT 2025 Pacific Stage 2_csvs
All Maps,DFM,3,4 (3),4 (0),17 (7),16 (5),508845,VCT 2025 Pacific Stage 2_csvs
Lotus,TLN,1,3 (1),0 (0),2 (2),13 (10),530354,VCT 2025 Pacific Stage 2_csvs
Lotus,NS,1,3 (1),1 (0),5 (3),9 (1),530354,VCT 2025 Pacific Stage 2_csvs
Corrode,TLN,1,3 (1),2 (0),4 (2),21 (13),530354,VCT 2025 Pacific Stage 2_csvs
Corrode,NS,1,3 (1),2 (0),5 (4),20 (9),530354,VCT 2025 Pacific Stage 2_csvs
All Maps,TLN,2,6 (2),2 (0),6 (4),34 (23),530354,VCT 2025 Pacific Stage 2_csvs
All Maps,NS,2,6 (2),3 (0),10 (7),29 (10),530354,VCT 2025 Pacific Stage 2_csvs
Bind,RRQ,0,4 (1),1 (0),5 (1),12 (7),530355,VCT 2025 Pacific Stage 2_csvs
Bind,T1,2,2 (2),3 (0),3 (1),14 (10),530355,VCT 2025 Pacific Stage 2_csvs
Haven,RRQ,2,3 (2),0 (0),4 (3),13 (8),530355,VCT 2025 Pacific Stage 2_csvs
Haven,T1,0,4 (1),3 (0),0 (0),13 (6),530355,VCT 2025 Pacific Stage 2_csvs
All Maps,RRQ,0,4 (0),2 (1),1 (1),14 (6),530355,VCT 2025 Pacific Stage 2_csvs
All Maps,T1,2,2 (2),2 (0),4 (4),13 (7),530355,VCT 2025 Pacific Stage 2_csvs
Bind,DRX,0,4 (1),1 (1),3 (1),16 (10),530356,VCT 2025 Pacific Stage 2_csvs
Bind,TLN,2,3 (2),0 (0),7 (3),14 (6),530356,VCT 2025 Pacific Stage 2_csvs
Haven,DRX,1,3 (1),2 (0),5 (2),12 (6),530356,VCT 2025 Pacific Stage 2_csvs
Haven,TLN,1,3 (1),1 (0),3 (2),15 (10),530356,VCT 2025 Pacific Stage 2_csvs
All Maps,DRX,0,5 (1),1 (0),3 (0),13 (7),530356,VCT 2025 Pacific Stage 2_csvs
All Maps,TLN,2,3 (2),0 (0),3 (2),16 (10),530356,VCT 2025 Pacific Stage 2_csvs
Sunset,PRX,1,2 (1),2 (0),5 (1),12 (11),530357,VCT 2025 Pacific Stage 2_csvs
Sunset,T1,1,3 (1),0 (0),4 (2),14 (5),530357,VCT 2025 Pacific Stage 2_csvs
Bind,PRX,2,2 (2),0 (0),7 (6),10 (5),530357,VCT 2025 Pacific Stage 2_csvs
Bind,T1,0,4 (0),3 (2),1 (1),11 (3),530357,VCT 2025 Pacific Stage 2_csvs
All Maps,PRX,3,4 (3),2 (0),12 (7),22 (16),530357,VCT 2025 Pacific Stage 2_csvs
All Maps,T1,1,7 (1),3 (2),5 (3),25 (8),530357,VCT 2025 Pacific Stage 2_csvs
Lotus,NS,2,2 (2),0 (0),5 (4),12 (7),530358,VCT 2025 Pacific Stage 2_csvs
Lotus,DFM,0,4 (0),2 (1),4 (1),9 (4),530358,VCT 2025 Pacific Stage 2_csvs
Ascent,NS,1,3 (1),2 (0),3 (2),15 (10),530358,VCT 2025 Pacific Stage 2_csvs
Ascent,DFM,1,3 (1),1 (0),7 (4),12 (5),530358,VCT 2025 Pacific Stage 2_csvs
All Maps,NS,3,5 (3),2 (0),8 (6),27 (17),530358,VCT 2025 Pacific Stage 2_csvs
All Maps,DFM,1,7 (1),3 (1),11 (5),21 (9),530358,VCT 2025 Pacific Stage 2_csvs
Haven,RRQ,1,3 (1),1 (0),5 (2),14 (7),530359,VCT 2025 Pacific Stage 2_csvs
Haven,GEN,1,3 (1),0 (0),3 (3),17 (9),530359,VCT 2025 Pacific Stage 2_csvs
Sunset,RRQ,1,3 (1),0 (0),6 (3),15 (9),530359,VCT 2025 Pacific Stage 2_csvs
Sunset,GEN,1,3 (1),1 (0),7 (3),13 (7),530359,VCT 2025 Pacific Stage 2_csvs
All Maps,RRQ,1,3 (2),1 (0),3 (2),12 (9),530359,VCT 2025 Pacific Stage 2_csvs
All Maps,GEN,1,3 (1),4 (1),3 (1),9 (3),530359,VCT 2025 Pacific Stage 2_csvs
Lotus,T1,1,3 (1),1 (0),3 (2),15 (10),530360,VCT 2025 Pacific Stage 2_csvs
Lotus,NS,1,3 (1),2 (1),7 (3),10 (4),530360,VCT 2025 Pacific Stage 2_csvs
Ascent,T1,2,2 (2),3 (1),3 (2),11 (8),530360,VCT 2025 Pacific Stage 2_csvs
Ascent,NS,0,3 (0),2 (1),4 (2),10 (3),530360,VCT 2025 Pacific Stage 2_csvs
All Maps,T1,3,5 (3),4 (1),6 (4),26 (18),530360,VCT 2025 Pacific Stage 2_csvs
All Maps,NS,1,6 (1),4 (2),11 (5),20 (7),530360,VCT 2025 Pacific Stage 2_csvs
Icebox,DRX,0,4 (0),0 (0),6 (3),10 (4),530361,VCT 2025 Pacific Stage 2_csvs
Icebox,RRQ,2,2 (2),1 (1),5 (3),12 (7),530361,VCT 2025 Pacific Stage 2_csvs
Corrode,DRX,1,3 (1),1 (1),8 (3),10 (4),530361,VCT 2025 Pacific Stage 2_csvs
Corrode,RRQ,1,3 (2),0 (0),4 (3),15 (8),530361,VCT 2025 Pacific Stage 2_csvs
All Maps,DRX,1,7 (1),1 (1),14 (6),20 (8),530361,VCT 2025 Pacific Stage 2_csvs
All Maps,RRQ,3,5 (4),1 (1),9 (6),27 (15),530361,VCT 2025 Pacific Stage 2_csvs
Haven,TLN,2,2 (2),1 (0),12 (7),9 (2),530362,VCT 2025 Pacific Stage 2_csvs
Haven,PRX,0,4 (0),0 (0),3 (3),17 (10),530362,VCT 2025 Pacific Stage 2_csvs
Bind,TLN,1,3 (1),1 (0),7 (1),9 (5),530362,VCT 2025 Pacific Stage 2_csvs
Bind,PRX,1,3 (1),0 (0),4 (3),13 (9),530362,VCT 2025 Pacific Stage 2_csvs
Sunset,TLN,3,5 (3),2 (0),19 (8),18 (7),530362,VCT 2025 Pacific Stage 2_csvs
Sunset,PRX,1,7 (1),0 (0),7 (6),30 (19),530362,VCT 2025 Pacific Stage 2_csvs
Ascent,T1,1,3 (1),2 (0),2 (2),17 (10),530363,VCT 2025 Pacific Stage 2_csvs
Ascent,RRQ,1,3 (1),2 (1),7 (3),12 (6),530363,VCT 2025 Pacific Stage 2_csvs
Sunset,T1,1,3 (1),2 (1),4 (3),19 (8),530363,VCT 2025 Pacific Stage 2_csvs
Sunset,RRQ,1,3 (1),2 (0),4 (2),19 (12),530363,VCT 2025 Pacific Stage 2_csvs
All Maps,T1,2,2 (2),1 (0),6 (3),11 (2),530363,VCT 2025 Pacific Stage 2_csvs
All Maps,RRQ,0,4 (0),0 (0),1 (0),15 (13),530363,VCT 2025 Pacific Stage 2_csvs
All Maps,WOR,2,2 (2),3 (1),3 (2),13 (8),530514,VCT 2025 Pacific Stage 2_csvs
All Maps,GOA,0,4 (0),3 (0),1 (1),13 (7),530514,VCT 2025 Pacific Stage 2_csvs
Bind,TLN,2,2 (2),1 (0),4 (3),10 (8),530364,VCT 2025 Pacific Stage 2_csvs
Bind,RRQ,0,4 (0),0 (0),3 (1),10 (3),530364,VCT 2025 Pacific Stage 2_csvs
Haven,TLN,2,2 (2),1 (0),4 (2),13 (9),530364,VCT 2025 Pacific Stage 2_csvs
Haven,RRQ,0,4 (0),1 (0),5 (2),10 (5),530364,VCT 2025 Pacific Stage 2_csvs
Corrode,TLN,0,4 (0),1 (1),3 (1),15 (8),530364,VCT 2025 Pacific Stage 2_csvs
Corrode,RRQ,2,3 (2),1 (0),3 (2),16 (9),530364,VCT 2025 Pacific Stage 2_csvs
Icebox,TLN,1,3 (1),0 (0),9 (5),7 (0),530364,VCT 2025 Pacific Stage 2_csvs
Icebox,RRQ,1,3 (1),0 (0),1 (1),15 (11),530364,VCT 2025 Pacific Stage 2_csvs
All Maps,TLN,1,3 (1),1 (0),3 (3),19 (8),530364,VCT 2025 Pacific Stage 2_csvs
All Maps,RRQ,1,3 (1),1 (1),4 (2),18 (10),530364,VCT 2025 Pacific Stage 2_csvs
Bind,PRX,2,3 (2),0 (0),6 (2),11 (9),530365,VCT 2025 Pacific Stage 2_csvs
Bind,RRQ,0,3 (0),2 (0),4 (2),11 (5),530365,VCT 2025 Pacific Stage 2_csvs
Ascent,PRX,1,2 (1),3 (0),5 (1),9 (4),530365,VCT 2025 Pacific Stage 2_csvs
Ascent,RRQ,1,3 (1),1 (1),4 (3),11 (8),530365,VCT 2025 Pacific Stage 2_csvs
Lotus,PRX,2,2 (2),1 (0),4 (3),13 (8),530365,VCT 2025 Pacific Stage 2_csvs
Lotus,RRQ,0,5 (0),1 (0),3 (2),11 (5),530365,VCT 2025 Pacific Stage 2_csvs
Haven,PRX,2,2 (2),1 (0),7 (4),11 (7),530365,VCT 2025 Pacific Stage 2_csvs
Haven,RRQ,0,5 (0),1 (0),2 (0),13 (8),530365,VCT 2025 Pacific Stage 2_csvs
All Maps,PRX,7,9 (7),5 (0),22 (10),44 (28),530365,VCT 2025 Pacific Stage 2_csvs
All Maps,RRQ,1,16 (1),5 (1),13 (7),46 (26),530365,VCT 2025 Pacific Stage 2_csvs
Haven,GEN,2,2 (2),1 (0),6 (4),12 (7),378662,Valorant Champions 2024_csvs
Haven,SEN,0,4 (0),1 (0),5 (2),11 (6),378662,Valorant Champions 2024_csvs
Ascent,GEN,1,3 (1),0 (0),3 (3),14 (9),378662,Valorant Champions 2024_csvs
Ascent,SEN,1,3 (1),2 (0),5 (1),10 (5),378662,Valorant Champions 2024_csvs
All Maps,GEN,3,5 (3),1 (0),9 (7),26 (16),378662,Valorant Champions 2024_csvs
All Maps,SEN,1,7 (1),3 (0),10 (3),21 (11),378662,Valorant Champions 2024_csvs
Abyss,FPX,0,4 (0),3 (1),4 (2),15 (9),378663,Valorant Champions 2024_csvs
Abyss,TH,2,2 (2),2 (0),7 (4),15 (8),378663,Valorant Champions 2024_csvs
Bind,FPX,2,2 (2),1 (0),5 (2),14 (9),378663,Valorant Champions 2024_csvs
Bind,TH,0,4 (0),0 (0),2 (1),16 (8),378663,Valorant Champions 2024_csvs
All Maps,FPX,1,4 (1),1 (0),5 (4),18 (8),378663,Valorant Champions 2024_csvs
All Maps,TH,1,3 (2),2 (1),6 (3),17 (9),378663,Valorant Champions 2024_csvs
Haven,DRX,0,3 (0),3 (0),2 (0),7 (2),378657,Valorant Champions 2024_csvs
Haven,KRÜ,2,2 (2),0 (0),4 (3),9 (8),378657,Valorant Champions 2024_csvs
Abyss,DRX,2,3 (2),1 (0),3 (1),12 (10),378657,Valorant Champions 2024_csvs
Abyss,KRÜ,0,4 (2),0 (0),7 (2),8 (2),378657,Valorant Champions 2024_csvs
All Maps,DRX,2,2 (2),0 (0),6 (4),11 (7),378657,Valorant Champions 2024_csvs
All Maps,KRÜ,0,4 (0),1 (0),4 (2),10 (4),378657,Valorant Champions 2024_csvs
Bind,FNC,1,4 (1),0 (0),3 (2),15 (10),378656,Valorant Champions 2024_csvs
Bind,BLG,1,3 (2),1 (0),6 (3),12 (4),378656,Valorant Champions 2024_csvs
Lotus,FNC,2,2 (2),0 (0),3 (2),12 (9),378656,Valorant Champions 2024_csvs
Lotus,BLG,0,4 (0),0 (0),6 (2),7 (2),378656,Valorant Champions 2024_csvs
All Maps,FNC,3,6 (3),0 (0),6 (4),27 (19),378656,Valorant Champions 2024_csvs
All Maps,BLG,1,7 (2),1 (0),12 (5),19 (6),378656,Valorant Champions 2024_csvs
Bind,LEV,1,3 (1),2 (0),5 (3),14 (9),378667,Valorant Champions 2024_csvs
Bind,TLN,1,3 (1),0 (0),6 (2),15 (8),378667,Valorant Champions 2024_csvs
Ascent,LEV,2,2 (2),3 (0),3 (1),13 (10),378667,Valorant Champions 2024_csvs
Ascent,TLN,0,4 (1),0 (0),1 (0),16 (7),378667,Valorant Champions 2024_csvs
All Maps,LEV,3,5 (3),5 (0),8 (4),27 (19),378667,Valorant Champions 2024_csvs
All Maps,TLN,1,7 (2),0 (0),7 (2),31 (15),378667,Valorant Champions 2024_csvs
Ascent,VIT,0,3 (0),4 (1),5 (4),16 (8),378669,Valorant Champions 2024_csvs
Ascent,TE,2,2 (2),1 (0),5 (3),20 (10),378669,Valorant Champions 2024_csvs
Sunset,VIT,1,3 (1),0 (0),6 (4),11 (8),378669,Valorant Champions 2024_csvs
Sunset,TE,1,3 (1),1 (0),8 (4),8 (2),378669,Valorant Champions 2024_csvs
All Maps,VIT,2,2 (2),1 (0),9 (3),8 (2),378669,Valorant Champions 2024_csvs
All Maps,TE,0,4 (1),1 (0),1 (1),14 (11),378669,Valorant Champions 2024_csvs
Icebox,G2,1,3 (1),2 (2),3 (1),13 (9),378674,Valorant Champions 2024_csvs
Icebox,PRX,1,3 (1),0 (0),5 (1),13 (6),378674,Valorant Champions 2024_csvs
Lotus,G2,2,2 (2),2 (1),4 (2),14 (8),378674,Valorant Champions 2024_csvs
Lotus,PRX,0,3 (1),1 (0),6 (2),12 (6),378674,Valorant Champions 2024_csvs
All Maps,G2,3,5 (3),4 (3),7 (3),27 (17),378674,Valorant Champions 2024_csvs
All Maps,PRX,1,6 (2),1 (0),11 (3),25 (12),378674,Valorant Champions 2024_csvs
Lotus,EDG,2,2 (2),1 (0),5 (2),14 (9),378673,Valorant Champions 2024_csvs
Lotus,FUT,0,4 (0),2 (0),0 (0),16 (9),378673,Valorant Champions 2024_csvs
Bind,EDG,1,3 (1),1 (0),4 (1),15 (11),378673,Valorant Champions 2024_csvs
Bind,FUT,1,3 (1),1 (0),3 (2),16 (7),378673,Valorant Champions 2024_csvs
All Maps,EDG,3,5 (3),2 (0),9 (3),29 (20),378673,Valorant Champions 2024_csvs
All Maps,FUT,1,7 (1),3 (0),3 (2),32 (16),378673,Valorant Champions 2024_csvs
Abyss,GEN,2,2 (2),1 (0),9 (6),12 (5),378664,Valorant Champions 2024_csvs
Abyss,TH,0,4 (0),1 (0),4 (4),15 (7),378664,Valorant Champions 2024_csvs
Lotus,GEN,0,4 (1),2 (0),6 (2),12 (8),378664,Valorant Champions 2024_csvs
Lotus,TH,2,2 (2),3 (0),9 (4),10 (7),378664,Valorant Champions 2024_csvs
Haven,GEN,1,3 (1),0 (0),11 (5),9 (4),378664,Valorant Champions 2024_csvs
Haven,TH,1,3 (1),1 (1),4 (3),15 (8),378664,Valorant Champions 2024_csvs
Sunset,GEN,3,9 (4),3 (0),26 (13),33 (17),378664,Valorant Champions 2024_csvs
Sunset,TH,3,9 (3),5 (1),17 (11),40 (22),378664,Valorant Champions 2024_csvs
Abyss,FNC,2,2 (2),0 (0),14 (5),8 (4),378658,Valorant Champions 2024_csvs
Abyss,DRX,0,5 (1),2 (1),0 (0),17 (11),378658,Valorant Champions 2024_csvs
Lotus,FNC,1,4 (1),0 (0),7 (2),8 (3),378658,Valorant Champions 2024_csvs
Lotus,DRX,1,2 (1),1 (0),3 (1),13 (11),378658,Valorant Champions 2024_csvs
All Maps,FNC,3,6 (3),0 (0),21 (7),16 (7),378658,Valorant Champions 2024_csvs
All Maps,DRX,1,7 (2),3 (1),3 (1),30 (22),378658,Valorant Champions 2024_csvs
Bind,LEV,0,4 (0),0 (0),1 (0),18 (10),378670,Valorant Champions 2024_csvs
Bind,TE,2,2 (2),1 (0),9 (6),11 (5),378670,Valorant Champions 2024_csvs
Sunset,LEV,0,4 (0),0 (0),1 (0),17 (13),378670,Valorant Champions 2024_csvs
Sunset,TE,2,2 (2),1 (0),10 (3),9 (4),378670,Valorant Champions 2024_csvs
All Maps,LEV,2,2 (2),2 (0),8 (1),6 (2),378670,Valorant Champions 2024_csvs
All Maps,TE,0,4 (1),0 (0),0 (0),14 (12),378670,Valorant Champions 2024_csvs
Icebox,EDG,2,2 (2),2 (1),6 (4),11 (6),378675,Valorant Champions 2024_csvs
Icebox,G2,0,4 (0),1 (0),2 (1),14 (7),378675,Valorant Champions 2024_csvs
Haven,EDG,1,3 (1),1 (1),7 (4),13 (5),378675,Valorant Champions 2024_csvs
Haven,G2,1,4 (1),0 (0),8 (4),12 (8),378675,Valorant Champions 2024_csvs
All Maps,EDG,1,4 (1),1 (0),8 (5),11 (5),378675,Valorant Champions 2024_csvs
All Maps,G2,1,3 (1),3 (1),2 (1),16 (10),378675,Valorant Champions 2024_csvs
Bind,SEN,1,3 (1),0 (0),5 (3),13 (9),378665,Valorant Champions 2024_csvs
Bind,FPX,1,3 (1),1 (0),6 (2),11 (5),378665,Valorant Champions 2024_csvs
Lotus,SEN,1,3 (1),0 (0),5 (3),10 (9),378665,Valorant Champions 2024_csvs
Lotus,FPX,1,3 (1),1 (0),5 (1),9 (3),378665,Valorant Champions 2024_csvs
All Maps,SEN,2,6 (2),0 (0),10 (6),23 (18),378665,Valorant Champions 2024_csvs
All Maps,FPX,2,6 (2),2 (0),11 (3),20 (8),378665,Valorant Champions 2024_csvs
Lotus,BLG,1,3 (1),3 (1),6 (5),10 (2),378659,Valorant Champions 2024_csvs
Lotus,KRÜ,1,3 (1),0 (0),4 (4),15 (8),378659,Valorant Champions 2024_csvs
Icebox,BLG,0,4 (0),1 (0),7 (3),5 (1),378659,Valorant Champions 2024_csvs
Icebox,KRÜ,2,2 (2),0 (0),5 (5),10 (6),378659,Valorant Champions 2024_csvs
All Maps,BLG,1,7 (1),4 (1),13 (8),15 (3),378659,Valorant Champions 2024_csvs
All Maps,KRÜ,3,5 (3),0 (0),9 (9),25 (14),378659,Valorant Champions 2024_csvs
Lotus,TLN,0,3 (0),1 (0),7 (4),8 (2),378671,Valorant Champions 2024_csvs
Lotus,VIT,2,2 (2),2 (0),4 (3),11 (8),378671,Valorant Champions 2024_csvs
Sunset,TLN,1,4 (1),2 (0),9 (3),6 (4),378671,Valorant Champions 2024_csvs
Sunset,VIT,1,3 (2),1 (1),6 (2),11 (8),378671,Valorant Champions 2024_csvs
All Maps,TLN,1,7 (1),3 (0),16 (7),14 (6),378671,Valorant Champions 2024_csvs
All Maps,VIT,3,5 (4),3 (1),10 (5),22 (16),378671,Valorant Champions 2024_csvs
Sunset,FUT,1,3 (1),1 (1),5 (2),15 (7),378676,Valorant Champions 2024_csvs
Sunset,PRX,1,3 (1),0 (0),7 (3),14 (9),378676,Valorant Champions 2024_csvs
Bind,FUT,0,4 (0),2 (0),3 (1),10 (5),378676,Valorant Champions 2024_csvs
Bind,PRX,2,2 (2),1 (0),5 (3),11 (8),378676,Valorant Champions 2024_csvs
All Maps,FUT,1,7 (1),3 (1),8 (3),25 (12),378676,Valorant Champions 2024_csvs
All Maps,PRX,3,5 (3),1 (0),12 (6),25 (17),378676,Valorant Champions 2024_csvs
Lotus,GEN,0,3 (0),2 (1),6 (2),11 (6),378666,Valorant Champions 2024_csvs
Lotus,SEN,2,2 (2),2 (0),8 (7),10 (4),378666,Valorant Champions 2024_csvs
Icebox,GEN,0,4 (0),0 (0),4 (0),11 (6),378666,Valorant Champions 2024_csvs
Icebox,SEN,2,2 (2),1 (1),5 (4),11 (6),378666,Valorant Champions 2024_csvs
ascent,GEN,0,7 (0),2 (1),10 (2),22 (12),378666,Valorant Champions 2024_csvs
ascent,SEN,4,4 (4),3 (1),13 (11),21 (10),378666,Valorant Champions 2024_csvs
Sunset,FNC,0,4 (0),1 (0),4 (2),15 (9),378660,Valorant Champions 2024_csvs
Sunset,KRÜ,2,2 (2),2 (0),7 (6),13 (5),378660,Valorant Champions 2024_csvs
Haven,FNC,2,2 (2),0 (0),6 (4),14 (7),378660,Valorant Champions 2024_csvs
Haven,KRÜ,0,4 (0),1 (0),1 (1),16 (8),378660,Valorant Champions 2024_csvs
All Maps,FNC,2,2 (2),0 (0),5 (4),11 (7),378660,Valorant Champions 2024_csvs
All Maps,KRÜ,0,4 (0),2 (1),5 (1),7 (3),378660,Valorant Champions 2024_csvs
Icebox,LEV,1,3 (1),3 (0),4 (3),16 (10),378672,Valorant Champions 2024_csvs
Icebox,VIT,1,3 (1),2 (2),6 (5),15 (4),378672,Valorant Champions 2024_csvs
Sunset,LEV,1,3 (1),0 (0),4 (4),10 (8),378672,Valorant Champions 2024_csvs
Sunset,VIT,1,3 (1),1 (0),10 (2),3 (1),378672,Valorant Champions 2024_csvs
kekw,LEV,2,6 (2),3 (0),8 (7),26 (18),378672,Valorant Champions 2024_csvs
kekw,VIT,2,6 (2),3 (2),16 (7),18 (5),378672,Valorant Champions 2024_csvs
Icebox,EDG,0,4 (0),1 (1),4 (0),7 (2),378677,Valorant Champions 2024_csvs
Icebox,PRX,2,2 (2),0 (0),5 (5),9 (6),378677,Valorant Champions 2024_csvs
Sunset,EDG,1,3 (1),0 (0),3 (3),15 (9),378677,Valorant Champions 2024_csvs
Sunset,PRX,1,3 (1),2 (0),6 (3),10 (4),378677,Valorant Champions 2024_csvs
All Maps,EDG,2,2 (2),0 (0),3 (2),12 (9),378677,Valorant Champions 2024_csvs
All Maps,PRX,0,4 (0),1 (0),3 (0),9 (4),378677,Valorant Champions 2024_csvs
Sunset,DRX,1,3 (1),2 (0),5 (2),18 (10),378822,Valorant Champions 2024_csvs
Sunset,SEN,1,3 (1),1 (0),6 (2),18 (12),378822,Valorant Champions 2024_csvs
Haven,DRX,1,2 (1),4 (0),4 (2),11 (5),378822,Valorant Champions 2024_csvs
Haven,SEN,1,3 (1),1 (1),4 (2),13 (9),378822,Valorant Champions 2024_csvs
rate,DRX,2,5 (2),6 (0),9 (4),29 (15),378822,Valorant Champions 2024_csvs
rate,SEN,2,6 (2),2 (1),10 (4),31 (21),378822,Valorant Champions 2024_csvs
Bind,TE,1,3 (1),1 (0),4 (2),12 (4),378823,Valorant Champions 2024_csvs
Bind,EDG,1,3 (1),1 (0),2 (1),14 (11),378823,Valorant Champions 2024_csvs
Sunset,TE,1,3 (1),2 (0),3 (2),15 (7),378823,Valorant Champions 2024_csvs
Sunset,EDG,1,3 (1),3 (1),3 (1),14 (10),378823,Valorant Champions 2024_csvs
Abyss,TE,2,6 (2),3 (0),7 (4),27 (11),378823,Valorant Champions 2024_csvs
Abyss,EDG,2,6 (2),4 (1),5 (2),28 (21),378823,Valorant Champions 2024_csvs
Icebox,G2,1,3 (1),3 (2),7 (3),17 (8),378824,Valorant Champions 2024_csvs
Icebox,LEV,1,3 (1),0 (0),6 (3),21 (12),378824,Valorant Champions 2024_csvs
Abyss,G2,0,4 (0),1 (0),6 (1),7 (4),378824,Valorant Champions 2024_csvs
Abyss,LEV,2,2 (2),1 (1),3 (3),12 (7),378824,Valorant Champions 2024_csvs
All Maps,G2,1,7 (1),4 (2),13 (4),24 (12),378824,Valorant Champions 2024_csvs
All Maps,LEV,3,5 (3),1 (1),9 (6),33 (19),378824,Valorant Champions 2024_csvs
Lotus,TH,2,2 (2),0 (0),4 (4),10 (7),378825,Valorant Champions 2024_csvs
Lotus,FNC,0,4 (0),0 (0),3 (1),9 (2),378825,Valorant Champions 2024_csvs
Abyss,TH,1,3 (1),1 (0),6 (4),16 (9),378825,Valorant Champions 2024_csvs
Abyss,FNC,1,3 (1),2 (1),5 (3),16 (7),378825,Valorant Champions 2024_csvs
lotus,TH,3,5 (3),1 (0),10 (8),26 (16),378825,Valorant Champions 2024_csvs
lotus,FNC,1,7 (1),2 (1),8 (4),25 (9),378825,Valorant Champions 2024_csvs
Lotus,DRX,2,2 (2),1 (1),4 (2),9 (8),378831,Valorant Champions 2024_csvs
Lotus,TE,0,5 (0),1 (0),6 (3),4 (0),378831,Valorant Champions 2024_csvs
Abyss,DRX,2,2 (2),1 (0),5 (4),10 (7),378831,Valorant Champions 2024_csvs
Abyss,TE,0,4 (0),0 (0),5 (3),9 (2),378831,Valorant Champions 2024_csvs
All Maps,DRX,4,4 (4),2 (1),9 (6),19 (15),378831,Valorant Champions 2024_csvs
All Maps,TE,0,9 (0),1 (0),11 (6),13 (2),378831,Valorant Champions 2024_csvs
Haven,G2,0,4 (0),1 (0),6 (2),5 (1),378832,Valorant Champions 2024_csvs
Haven,FNC,2,2 (2),0 (0),4 (4),10 (7),378832,Valorant Champions 2024_csvs
Bind,G2,2,3 (2),2 (0),5 (2),14 (7),378832,Valorant Champions 2024_csvs
Bind,FNC,0,4 (1),0 (0),6 (2),14 (10),378832,Valorant Champions 2024_csvs
All Maps,G2,2,7 (2),3 (0),11 (4),19 (8),378832,Valorant Champions 2024_csvs
All Maps,FNC,2,6 (3),0 (0),10 (6),24 (17),378832,Valorant Champions 2024_csvs
Haven,SEN,0,4 (1),1 (0),1 (0),16 (12),378826,Valorant Champions 2024_csvs
Haven,EDG,2,3 (2),1 (0),8 (2),10 (5),378826,Valorant Champions 2024_csvs
Lotus,SEN,1,3 (1),1 (0),8 (4),10 (4),378826,Valorant Champions 2024_csvs
Lotus,EDG,1,3 (1),0 (0),7 (5),12 (7),378826,Valorant Champions 2024_csvs
Icebox,SEN,0,3 (0),2 (1),6 (2),8 (3),378826,Valorant Champions 2024_csvs
Icebox,EDG,2,2 (2),2 (1),5 (4),10 (6),378826,Valorant Champions 2024_csvs
Sunset,SEN,1,10 (2),4 (1),15 (6),34 (19),378826,Valorant Champions 2024_csvs
Sunset,EDG,5,8 (5),3 (1),20 (11),32 (18),378826,Valorant Champions 2024_csvs
Icebox,LEV,1,3 (1),2 (0),7 (4),16 (10),378827,Valorant Champions 2024_csvs
Icebox,TH,1,3 (1),3 (1),3 (1),19 (10),378827,Valorant Champions 2024_csvs
Lotus,LEV,1,3 (1),2 (1),5 (3),13 (8),378827,Valorant Champions 2024_csvs
Lotus,TH,1,3 (1),1 (0),6 (3),13 (6),378827,Valorant Champions 2024_csvs
All Maps,LEV,2,6 (2),4 (1),12 (7),29 (18),378827,Valorant Champions 2024_csvs
All Maps,TH,2,6 (2),4 (1),9 (4),32 (16),378827,Valorant Champions 2024_csvs
Sunset,SEN,1,3 (1),1 (0),8 (4),12 (8),378834,Valorant Champions 2024_csvs
Sunset,FNC,1,3 (1),1 (1),11 (5),9 (4),378834,Valorant Champions 2024_csvs
Bind,SEN,0,4 (0),1 (0),4 (2),13 (7),378834,Valorant Champions 2024_csvs
Bind,FNC,2,2 (2),1 (0),8 (4),11 (7),378834,Valorant Champions 2024_csvs
All Maps,SEN,1,3 (1),0 (0),3 (3),13 (9),378834,Valorant Champions 2024_csvs
All Maps,FNC,1,3 (1),2 (0),8 (4),6 (1),378834,Valorant Champions 2024_csvs
Abyss,TH,0,4 (0),1 (0),7 (5),6 (0),378833,Valorant Champions 2024_csvs
Abyss,DRX,2,2 (2),2 (0),4 (3),10 (8),378833,Valorant Champions 2024_csvs
Sunset,TH,2,2 (2),1 (0),3 (3),12 (8),378833,Valorant Champions 2024_csvs
Sunset,DRX,0,5 (0),2 (1),2 (1),9 (3),378833,Valorant Champions 2024_csvs
All Maps,TH,1,3 (1),1 (0),6 (3),13 (9),378833,Valorant Champions 2024_csvs
All Maps,DRX,1,3 (1),3 (1),3 (1),14 (7),378833,Valorant Champions 2024_csvs
Icebox,EDG,1,3 (1),0 (0),7 (3),20 (10),378828,Valorant Champions 2024_csvs
Icebox,LEV,1,3 (1),1 (0),7 (4),19 (11),378828,Valorant Champions 2024_csvs
Lotus,EDG,2,2 (2),0 (0),4 (3),11 (8),378828,Valorant Champions 2024_csvs
Lotus,LEV,0,4 (0),1 (0),6 (1),6 (3),378828,Valorant Champions 2024_csvs
All Maps,EDG,0,4 (0),2 (1),3 (1),15 (11),378828,Valorant Champions 2024_csvs
All Maps,LEV,2,2 (2),1 (0),11 (6),10 (3),378828,Valorant Champions 2024_csvs
Haven,TH,0,4 (0),2 (0),2 (1),13 (7),378835,Valorant Champions 2024_csvs
Haven,SEN,2,2 (2),0 (0),9 (6),10 (5),378835,Valorant Champions 2024_csvs
Icebox,TH,2,2 (2),1 (0),5 (3),14 (8),378835,Valorant Champions 2024_csvs
Icebox,SEN,0,4 (0),1 (1),4 (2),13 (6),378835,Valorant Champions 2024_csvs
All Maps,TH,1,3 (1),0 (0),2 (2),15 (10),378835,Valorant Champions 2024_csvs
All Maps,SEN,1,3 (1),1 (1),11 (3),5 (2),378835,Valorant Champions 2024_csvs
Icebox,LEV,1,3 (1),0 (0),9 (5),8 (1),378836,Valorant Champions 2024_csvs
Icebox,TH,1,3 (1),1 (1),3 (2),13 (9),378836,Valorant Champions 2024_csvs
Sunset,LEV,1,4 (1),1 (1),7 (4),16 (7),378836,Valorant Champions 2024_csvs
Sunset,TH,1,3 (1),1 (0),6 (3),18 (11),378836,Valorant Champions 2024_csvs
Abyss,LEV,2,2 (2),0 (0),10 (5),10 (6),378836,Valorant Champions 2024_csvs
Abyss,TH,0,4 (0),3 (1),3 (0),12 (8),378836,Valorant Champions 2024_csvs
Lotus,LEV,1,3 (1),1 (0),6 (1),6 (1),378836,Valorant Champions 2024_csvs
Lotus,TH,1,3 (1),0 (0),1 (1),12 (11),378836,Valorant Champions 2024_csvs
first,LEV,5,12 (5),2 (1),32 (15),40 (15),378836,Valorant Champions 2024_csvs
first,TH,3,13 (3),5 (2),13 (6),55 (39),378836,Valorant Champions 2024_csvs
Haven,EDG,1,3 (1),0 (0),4 (1),12 (4),378829,Valorant Champions 2024_csvs
Haven,TH,1,3 (1),1 (0),2 (1),13 (11),378829,Valorant Champions 2024_csvs
Sunset,EDG,2,2 (2),2 (1),3 (2),10 (8),378829,Valorant Champions 2024_csvs
Sunset,TH,0,3 (0),2 (0),5 (3),7 (1),378829,Valorant Champions 2024_csvs
Lotus,EDG,1,4 (2),0 (0),4 (2),14 (9),378829,Valorant Champions 2024_csvs
Lotus,TH,1,3 (2),2 (0),7 (4),10 (3),378829,Valorant Champions 2024_csvs
Bind,EDG,0,4 (0),1 (0),5 (4),14 (7),378829,Valorant Champions 2024_csvs
Bind,TH,2,2 (2),1 (1),7 (4),14 (6),378829,Valorant Champions 2024_csvs
All Maps,EDG,2,2 (2),0 (0),8 (5),12 (6),378829,Valorant Champions 2024_csvs
All Maps,TH,0,4 (0),3 (1),5 (3),10 (5),378829,Valorant Champions 2024_csvs
Bind,PRX,1,4 (2),0 (0),3 (2),15 (9),542195,Valorant Champions 2025_csvs
Bind,XLG,1,3 (1),1 (0),8 (3),10 (5),542195,Valorant Champions 2025_csvs
Sunset,PRX,2,2 (2),1 (0),5 (4),10 (7),542195,Valorant Champions 2025_csvs
Sunset,XLG,0,4 (0),2 (0),3 (0),9 (5),542195,Valorant Champions 2025_csvs
All Maps,PRX,3,6 (4),1 (0),8 (6),25 (16),542195,Valorant Champions 2025_csvs
All Maps,XLG,1,7 (1),3 (0),11 (3),19 (10),542195,Valorant Champions 2025_csvs
Corrode,GX,1,3 (1),2 (0),4 (1),10 (4),542196,Valorant Champions 2025_csvs
Corrode,SEN,1,3 (1),0 (0),2 (2),14 (10),542196,Valorant Champions 2025_csvs
Sunset,GX,1,4 (2),0 (0),1 (0),12 (11),542196,Valorant Champions 2025_csvs
Sunset,SEN,1,3 (2),0 (0),11 (1),3 (1),542196,Valorant Champions 2025_csvs
All Maps,GX,1,3 (1),1 (0),4 (3),14 (9),542196,Valorant Champions 2025_csvs
All Maps,SEN,1,3 (1),1 (0),6 (3),12 (5),542196,Valorant Champions 2025_csvs
Abyss,NRG,0,4 (0),1 (0),7 (3),20 (14),542207,Valorant Champions 2025_csvs
Abyss,EDG,2,3 (2),1 (0),5 (2),23 (11),542207,Valorant Champions 2025_csvs
Corrode,NRG,1,3 (1),1 (0),5 (2),15 (10),542207,Valorant Champions 2025_csvs
Corrode,EDG,1,3 (1),1 (0),5 (2),15 (8),542207,Valorant Champions 2025_csvs
All Maps,NRG,1,7 (1),2 (0),12 (5),35 (24),542207,Valorant Champions 2025_csvs
All Maps,EDG,3,6 (3),2 (0),10 (4),38 (19),542207,Valorant Champions 2025_csvs
Abyss,TL,0,4 (0),1 (1),6 (0),10 (7),542205,Valorant Champions 2025_csvs
Abyss,DRX,2,2 (2),0 (0),4 (3),15 (8),542205,Valorant Champions 2025_csvs
Bind,TL,1,3 (2),1 (0),5 (2),14 (6),542205,Valorant Champions 2025_csvs
Bind,DRX,1,3 (1),2 (1),2 (1),16 (10),542205,Valorant Champions 2025_csvs
All Maps,TL,1,7 (2),2 (1),11 (2),24 (13),542205,Valorant Champions 2025_csvs
All Maps,DRX,3,5 (3),2 (1),6 (4),31 (18),542205,Valorant Champions 2025_csvs
Lotus,DRG,2,2 (2),2 (0),4 (2),21 (9),542212,Valorant Champions 2025_csvs
Lotus,T1,0,4 (0),1 (0),4 (1),20 (15),542212,Valorant Champions 2025_csvs
Sunset,DRG,0,4 (0),1 (1),4 (3),21 (10),542212,Valorant Champions 2025_csvs
Sunset,T1,2,3 (3),4 (1),4 (3),19 (9),542212,Valorant Champions 2025_csvs
All Maps,DRG,2,6 (2),3 (1),8 (5),42 (19),542212,Valorant Champions 2025_csvs
All Maps,T1,2,7 (3),5 (1),8 (4),39 (24),542212,Valorant Champions 2025_csvs
Corrode,G2,0,4 (1),3 (0),1 (0),15 (9),542211,Valorant Champions 2025_csvs
Corrode,TH,2,2 (2),2 (0),5 (2),14 (9),542211,Valorant Champions 2025_csvs
Lotus,G2,1,2 (1),2 (1),9 (3),10 (5),542211,Valorant Champions 2025_csvs
Lotus,TH,1,3 (1),1 (0),4 (3),15 (9),542211,Valorant Champions 2025_csvs
corrode,G2,1,6 (2),5 (1),10 (3),25 (14),542211,Valorant Champions 2025_csvs
corrode,TH,3,5 (3),3 (0),9 (5),29 (18),542211,Valorant Champions 2025_csvs
Haven,BLG,0,3 (0),1 (0),5 (0),6 (2),542200,Valorant Champions 2025_csvs
Haven,MIBR,2,2 (2),0 (0),5 (4),8 (7),542200,Valorant Champions 2025_csvs
Corrode,BLG,0,4 (1),0 (0),5 (3),13 (5),542200,Valorant Champions 2025_csvs
Corrode,MIBR,2,2 (2),1 (1),4 (3),15 (7),542200,Valorant Champions 2025_csvs
All Maps,BLG,0,7 (1),1 (0),10 (3),19 (7),542200,Valorant Champions 2025_csvs
All Maps,MIBR,4,4 (4),1 (1),9 (7),23 (14),542200,Valorant Champions 2025_csvs
Ascent,RRQ,0,4 (0),1 (0),0 (0),18 (10),542201,Valorant Champions 2025_csvs
Ascent,FNC,2,2 (2),1 (0),9 (5),11 (6),542201,Valorant Champions 2025_csvs
Abyss,RRQ,1,3 (1),3 (0),4 (2),10 (4),542201,Valorant Champions 2025_csvs
Abyss,FNC,1,3 (1),1 (0),6 (5),10 (7),542201,Valorant Champions 2025_csvs
All Maps,RRQ,1,7 (1),4 (0),4 (2),28 (14),542201,Valorant Champions 2025_csvs
All Maps,FNC,3,5 (3),2 (0),15 (10),21 (13),542201,Valorant Champions 2025_csvs
Ascent,PRX,2,3 (2),2 (0),6 (3),13 (6),542197,Valorant Champions 2025_csvs
Ascent,GX,0,4 (1),0 (0),2 (2),18 (10),542197,Valorant Champions 2025_csvs
Lotus,PRX,1,3 (1),0 (0),5 (2),15 (10),542197,Valorant Champions 2025_csvs
Lotus,GX,1,3 (1),3 (1),4 (2),13 (6),542197,Valorant Champions 2025_csvs
Corrode,PRX,2,2 (2),0 (0),3 (3),14 (8),542197,Valorant Champions 2025_csvs
Corrode,GX,0,3 (0),2 (1),7 (2),7 (3),542197,Valorant Champions 2025_csvs
ascent,PRX,5,8 (5),2 (0),14 (8),42 (24),542197,Valorant Champions 2025_csvs
ascent,GX,1,10 (2),5 (2),13 (6),38 (19),542197,Valorant Champions 2025_csvs
Haven,DRX,2,2 (2),0 (0),5 (5),10 (6),542208,Valorant Champions 2025_csvs
Haven,NRG,0,4 (0),1 (0),4 (0),8 (4),542208,Valorant Champions 2025_csvs
Corrode,DRX,1,3 (2),0 (0),5 (3),16 (6),542208,Valorant Champions 2025_csvs
Corrode,NRG,1,3 (1),1 (0),6 (3),14 (9),542208,Valorant Champions 2025_csvs
All Maps,DRX,1,3 (1),2 (0),4 (2),15 (8),542208,Valorant Champions 2025_csvs
All Maps,NRG,1,4 (1),0 (0),6 (3),14 (9),542208,Valorant Champions 2025_csvs
Lotus,TH,1,3 (2),1 (0),2 (1),17 (10),542213,Valorant Champions 2025_csvs
Lotus,T1,1,3 (1),3 (0),3 (1),14 (8),542213,Valorant Champions 2025_csvs
Sunset,TH,0,4 (0),0 (0),3 (1),17 (12),542213,Valorant Champions 2025_csvs
Sunset,T1,2,2 (2),1 (0),7 (3),14 (6),542213,Valorant Champions 2025_csvs
Ascent,TH,1,7 (2),1 (0),5 (2),34 (22),542213,Valorant Champions 2025_csvs
Ascent,T1,3,5 (3),4 (0),10 (4),28 (14),542213,Valorant Champions 2025_csvs
Bind,MIBR,1,3 (1),0 (0),2 (2),13 (10),542202,Valorant Champions 2025_csvs
Bind,FNC,1,3 (1),1 (0),7 (2),7 (2),542202,Valorant Champions 2025_csvs
Abyss,MIBR,1,4 (1),0 (0),5 (1),11 (5),542202,Valorant Champions 2025_csvs
Abyss,FNC,1,3 (1),2 (1),3 (2),12 (9),542202,Valorant Champions 2025_csvs
All Maps,MIBR,0,4 (0),1 (0),6 (3),12 (7),542202,Valorant Champions 2025_csvs
All Maps,FNC,2,2 (2),2 (1),5 (3),14 (7),542202,Valorant Champions 2025_csvs
Sunset,TL,0,3 (0),1 (0),6 (3),6 (0),542209,Valorant Champions 2025_csvs
Sunset,EDG,2,2 (2),1 (0),2 (2),11 (9),542209,Valorant Champions 2025_csvs
Abyss,TL,1,3 (1),0 (0),1 (1),15 (11),542209,Valorant Champions 2025_csvs
Abyss,EDG,1,3 (1),2 (0),6 (2),8 (3),542209,Valorant Champions 2025_csvs
All Maps,TL,0,4 (1),2 (0),2 (2),20 (12),542209,Valorant Champions 2025_csvs
All Maps,EDG,2,2 (2),1 (1),6 (1),19 (9),542209,Valorant Champions 2025_csvs
Abyss,XLG,0,4 (1),0 (0),4 (2),15 (7),542198,Valorant Champions 2025_csvs
Abyss,SEN,2,3 (2),0 (0),5 (3),15 (8),542198,Valorant Champions 2025_csvs
Lotus,XLG,0,4 (0),1 (0),3 (1),16 (12),542198,Valorant Champions 2025_csvs
Lotus,SEN,2,2 (2),1 (0),10 (4),11 (5),542198,Valorant Champions 2025_csvs
Bind,XLG,1,3 (1),1 (1),5 (3),12 (8),542198,Valorant Champions 2025_csvs
Bind,SEN,1,3 (1),2 (1),4 (1),12 (5),542198,Valorant Champions 2025_csvs
Corrode,XLG,1,11 (2),2 (1),12 (6),43 (27),542198,Valorant Champions 2025_csvs
Corrode,SEN,5,8 (5),3 (1),19 (8),38 (18),542198,Valorant Champions 2025_csvs
Sunset,BLG,2,2 (2),0 (0),9 (5),9 (6),542203,Valorant Champions 2025_csvs
Sunset,RRQ,0,4 (0),1 (0),1 (0),14 (7),542203,Valorant Champions 2025_csvs
Lotus,BLG,1,3 (1),1 (0),10 (3),7 (4),542203,Valorant Champions 2025_csvs
Lotus,RRQ,1,3 (1),2 (1),2 (1),14 (10),542203,Valorant Champions 2025_csvs
All Maps,BLG,1,3 (1),0 (0),10 (3),4 (0),542203,Valorant Champions 2025_csvs
All Maps,RRQ,1,3 (1),0 (0),2 (2),12 (10),542203,Valorant Champions 2025_csvs
Lotus,G2,1,3 (2),0 (0),4 (2),13 (9),542214,Valorant Champions 2025_csvs
Lotus,DRG,1,4 (1),1 (0),3 (0),12 (6),542214,Valorant Champions 2025_csvs
Abyss,G2,2,2 (2),1 (0),5 (2),12 (9),542214,Valorant Champions 2025_csvs
Abyss,DRG,0,4 (0),3 (0),3 (1),10 (6),542214,Valorant Champions 2025_csvs
All Maps,G2,3,5 (4),1 (0),9 (4),25 (18),542214,Valorant Champions 2025_csvs
All Maps,DRG,1,8 (1),4 (0),6 (1),22 (12),542214,Valorant Champions 2025_csvs
Corrode,DRX,1,3 (1),0 (0),6 (4),12 (8),542210,Valorant Champions 2025_csvs
Corrode,TL,1,3 (1),1 (0),7 (5),10 (2),542210,Valorant Champions 2025_csvs
Abyss,DRX,2,2 (2),2 (0),4 (2),12 (9),542210,Valorant Champions 2025_csvs
Abyss,TL,0,4 (0),0 (0),5 (1),11 (6),542210,Valorant Champions 2025_csvs
All Maps,DRX,3,5 (3),2 (0),10 (6),24 (17),542210,Valorant Champions 2025_csvs
All Maps,TL,1,7 (1),1 (0),12 (6),21 (8),542210,Valorant Champions 2025_csvs
Bind,GX,1,3 (1),3 (1),6 (3),14 (9),542199,Valorant Champions 2025_csvs
Bind,XLG,1,3 (1),0 (0),6 (5),17 (6),542199,Valorant Champions 2025_csvs
Ascent,GX,2,2 (2),1 (1),7 (3),13 (7),542199,Valorant Champions 2025_csvs
Ascent,XLG,0,4 (0),0 (0),6 (1),13 (9),542199,Valorant Champions 2025_csvs
All Maps,GX,3,5 (3),4 (2),13 (6),27 (16),542199,Valorant Champions 2025_csvs
All Maps,XLG,1,7 (1),0 (0),12 (6),30 (15),542199,Valorant Champions 2025_csvs
Lotus,T1,1,3 (1),0 (0),6 (2),13 (6),542215,Valorant Champions 2025_csvs
Lotus,G2,1,3 (1),0 (0),6 (4),13 (8),542215,Valorant Champions 2025_csvs
Corrode,T1,0,4 (0),4 (2),1 (0),12 (6),542215,Valorant Champions 2025_csvs
Corrode,G2,2,2 (2),0 (0),6 (3),13 (8),542215,Valorant Champions 2025_csvs
All Maps,T1,1,7 (1),4 (2),7 (2),25 (12),542215,Valorant Champions 2025_csvs
All Maps,G2,3,5 (3),0 (0),12 (7),26 (16),542215,Valorant Champions 2025_csvs
Corrode,MIBR,2,2 (2),0 (0),5 (4),11 (7),542204,Valorant Champions 2025_csvs
Corrode,RRQ,0,4 (0),1 (0),2 (1),11 (4),542204,Valorant Champions 2025_csvs
Abyss,MIBR,2,2 (2),0 (0),4 (4),12 (7),542204,Valorant Champions 2025_csvs
Abyss,RRQ,0,4 (0),1 (0),5 (2),8 (3),542204,Valorant Champions 2025_csvs
All Maps,MIBR,4,4 (4),0 (0),9 (8),23 (14),542204,Valorant Champions 2025_csvs
All Maps,RRQ,0,8 (0),2 (0),7 (3),19 (7),542204,Valorant Champions 2025_csvs
Lotus,PRX,0,4 (1),0 (0),4 (2),16 (10),542265,Valorant Champions 2025_csvs
Lotus,G2,2,2 (2),3 (1),4 (2),15 (6),542265,Valorant Champions 2025_csvs
Corrode,PRX,2,2 (2),1 (1),9 (6),16 (4),542265,Valorant Champions 2025_csvs
Corrode,G2,0,4 (1),1 (0),2 (2),21 (12),542265,Valorant Champions 2025_csvs
Ascent,PRX,2,2 (2),0 (0),9 (5),13 (6),542265,Valorant Champions 2025_csvs
Ascent,G2,0,4 (0),3 (0),0 (0),17 (11),542265,Valorant Champions 2025_csvs
Bind,PRX,4,8 (5),1 (1),22 (13),45 (20),542265,Valorant Champions 2025_csvs
Bind,G2,2,10 (3),7 (1),6 (4),53 (29),542265,Valorant Champions 2025_csvs
Haven,FNC,2,2 (2),2 (0),6 (2),14 (9),542264,Valorant Champions 2025_csvs
Haven,DRX,0,4 (1),3 (0),2 (0),15 (10),542264,Valorant Champions 2025_csvs
Ascent,FNC,2,2 (2),1 (0),8 (2),10 (4),542264,Valorant Champions 2025_csvs
Ascent,DRX,0,4 (0),1 (0),1 (1),15 (12),542264,Valorant Champions 2025_csvs
Abyss,FNC,1,3 (1),0 (0),2 (2),13 (10),542264,Valorant Champions 2025_csvs
Abyss,DRX,1,2 (1),2 (0),5 (1),9 (3),542264,Valorant Champions 2025_csvs
All Maps,FNC,5,7 (5),3 (0),16 (6),37 (23),542264,Valorant Champions 2025_csvs
All Maps,DRX,1,10 (2),6 (0),8 (2),39 (25),542264,Valorant Champions 2025_csvs
Corrode,TH,1,3 (1),2 (0),5 (5),16 (6),542266,Valorant Champions 2025_csvs
Corrode,MIBR,1,3 (1),1 (0),1 (1),21 (12),542266,Valorant Champions 2025_csvs
Sunset,TH,1,3 (1),1 (0),8 (4),7 (1),542266,Valorant Champions 2025_csvs
Sunset,MIBR,1,2 (1),1 (0),2 (2),14 (10),542266,Valorant Champions 2025_csvs
Haven,TH,2,6 (2),3 (0),13 (9),23 (7),542266,Valorant Champions 2025_csvs
Haven,MIBR,2,5 (2),2 (0),3 (3),35 (22),542266,Valorant Champions 2025_csvs
Haven,NRG,2,2 (2),0 (0),2 (2),10 (9),542267,Valorant Champions 2025_csvs
Haven,GX,0,3 (0),3 (0),2 (0),6 (1),542267,Valorant Champions 2025_csvs
Lotus,NRG,0,4 (1),0 (0),0 (0),15 (12),542267,Valorant Champions 2025_csvs
Lotus,GX,2,2 (2),3 (0),7 (2),7 (2),542267,Valorant Champions 2025_csvs
All Maps,NRG,2,6 (3),0 (0),2 (2),25 (21),542267,Valorant Champions 2025_csvs
All Maps,GX,2,5 (2),6 (0),9 (2),13 (3),542267,Valorant Champions 2025_csvs
Lotus,DRX,2,3 (2),2 (0),5 (2),10 (3),542273,Valorant Champions 2025_csvs
Lotus,G2,0,3 (0),0 (0),3 (2),14 (11),542273,Valorant Champions 2025_csvs
Abyss,DRX,1,3 (1),1 (0),3 (1),16 (11),542273,Valorant Champions 2025_csvs
Abyss,G2,1,4 (1),0 (0),7 (2),12 (7),542273,Valorant Champions 2025_csvs
All Maps,DRX,1,3 (1),0 (0),3 (1),14 (11),542273,Valorant Champions 2025_csvs
All Maps,G2,1,4 (1),1 (1),5 (1),10 (4),542273,Valorant Champions 2025_csvs
Ascent,TH,1,3 (2),0 (0),2 (2),12 (9),542274,Valorant Champions 2025_csvs
Ascent,GX,1,3 (1),3 (1),6 (1),5 (1),542274,Valorant Champions 2025_csvs
Lotus,TH,0,4 (1),0 (0),4 (0),8 (2),542274,Valorant Champions 2025_csvs
Lotus,GX,2,2 (2),1 (0),4 (3),9 (8),542274,Valorant Champions 2025_csvs
All Maps,TH,1,3 (1),4 (3),4 (3),11 (6),542274,Valorant Champions 2025_csvs
All Maps,GX,1,3 (1),0 (0),7 (5),12 (3),542274,Valorant Champions 2025_csvs
Bind,FNC,0,4 (0),1 (0),3 (2),15 (8),542268,Valorant Champions 2025_csvs
Bind,PRX,2,2 (2),1 (0),8 (5),12 (6),542268,Valorant Champions 2025_csvs
Haven,FNC,1,3 (2),0 (0),2 (2),12 (9),542268,Valorant Champions 2025_csvs
Haven,PRX,1,4 (1),1 (0),6 (1),6 (2),542268,Valorant Champions 2025_csvs
All Maps,FNC,2,2 (2),1 (0),9 (3),10 (8),542268,Valorant Champions 2025_csvs
All Maps,PRX,0,4 (1),0 (0),4 (0),14 (8),542268,Valorant Champions 2025_csvs
Abyss,MIBR,1,3 (1),0 (0),3 (2),24 (11),542269,Valorant Champions 2025_csvs
Abyss,NRG,1,4 (1),0 (0),4 (3),22 (12),542269,Valorant Champions 2025_csvs
Haven,MIBR,2,2 (2),0 (0),4 (2),11 (9),542269,Valorant Champions 2025_csvs
Haven,NRG,0,4 (0),2 (0),4 (1),7 (3),542269,Valorant Champions 2025_csvs
All Maps,MIBR,2,3 (2),1 (0),5 (2),21 (10),542269,Valorant Champions 2025_csvs
All Maps,NRG,0,5 (1),0 (0),2 (0),23 (15),542269,Valorant Champions 2025_csvs
Ascent,PRX,1,3 (1),1 (0),5 (4),15 (8),542277,Valorant Champions 2025_csvs
Ascent,TH,1,3 (1),3 (1),7 (5),11 (4),542277,Valorant Champions 2025_csvs
Bind,PRX,1,3 (1),2 (0),4 (2),13 (6),542277,Valorant Champions 2025_csvs
Bind,TH,1,3 (1),2 (2),6 (4),11 (6),542277,Valorant Champions 2025_csvs
ascent,PRX,1,3 (1),0 (0),4 (3),10 (9),542277,Valorant Champions 2025_csvs
ascent,TH,1,3 (1),1 (0),6 (1),7 (2),542277,Valorant Champions 2025_csvs
All Maps,PRX,3,9 (3),3 (0),13 (9),38 (23),542277,Valorant Champions 2025_csvs
All Maps,TH,3,9 (3),6 (3),19 (10),29 (12),542277,Valorant Champions 2025_csvs
Sunset,MIBR,1,3 (1),2 (0),6 (4),12 (8),542276,Valorant Champions 2025_csvs
Sunset,DRX,1,3 (1),1 (0),5 (2),14 (7),542276,Valorant Champions 2025_csvs
Ascent,MIBR,2,2 (2),3 (2),6 (3),17 (6),542276,Valorant Champions 2025_csvs
Ascent,DRX,0,5 (1),1 (1),1 (0),21 (13),542276,Valorant Champions 2025_csvs
All Maps,MIBR,0,3 (0),3 (0),3 (3),14 (7),542276,Valorant Champions 2025_csvs
All Maps,DRX,2,2 (2),1 (1),7 (4),13 (6),542276,Valorant Champions 2025_csvs
Ascent,FNC,1,3 (1),1 (1),8 (5),14 (5),542270,Valorant Champions 2025_csvs
Ascent,NRG,1,4 (1),0 (0),5 (4),17 (9),542270,Valorant Champions 2025_csvs
Abyss,FNC,1,3 (1),2 (0),5 (1),8 (3),542270,Valorant Champions 2025_csvs
Abyss,NRG,1,4 (2),0 (0),3 (1),11 (10),542270,Valorant Champions 2025_csvs
for,FNC,2,6 (2),3 (1),13 (6),22 (8),542270,Valorant Champions 2025_csvs
for,NRG,2,8 (3),0 (0),8 (5),28 (19),542270,Valorant Champions 2025_csvs
Ascent,DRX,1,3 (1),1 (0),4 (1),20 (13),542278,Valorant Champions 2025_csvs
Ascent,PRX,1,3 (1),2 (0),5 (2),18 (10),542278,Valorant Champions 2025_csvs
Lotus,DRX,2,2 (2),1 (0),6 (4),12 (7),542278,Valorant Champions 2025_csvs
Lotus,PRX,0,4 (0),1 (0),2 (0),14 (8),542278,Valorant Champions 2025_csvs
All Maps,DRX,3,5 (3),2 (0),10 (5),32 (20),542278,Valorant Champions 2025_csvs
All Maps,PRX,1,7 (1),3 (0),7 (2),32 (18),542278,Valorant Champions 2025_csvs
Sunset,FNC,1,3 (1),1 (0),10 (5),7 (2),542279,Valorant Champions 2025_csvs
Sunset,DRX,1,3 (1),0 (0),3 (2),15 (10),542279,Valorant Champions 2025_csvs
Corrode,FNC,1,3 (1),0 (0),2 (2),11 (10),542279,Valorant Champions 2025_csvs
Corrode,DRX,1,3 (1),3 (0),3 (1),7 (1),542279,Valorant Champions 2025_csvs
Haven,FNC,0,4 (1),0 (0),2 (1),18 (11),542279,Valorant Champions 2025_csvs
Haven,DRX,2,2 (2),1 (0),6 (3),15 (6),542279,Valorant Champions 2025_csvs
Bind,FNC,1,3 (1),0 (0),3 (3),11 (9),542279,Valorant Champions 2025_csvs
Bind,DRX,1,3 (1),2 (0),5 (2),7 (1),542279,Valorant Champions 2025_csvs
All Maps,FNC,3,13 (4),1 (0),17 (11),47 (32),542279,Valorant Champions 2025_csvs
All Maps,DRX,5,11 (5),6 (0),17 (8),44 (18),542279,Valorant Champions 2025_csvs
Corrode,NRG,1,3 (1),0 (0),1 (1),12 (11),542272,Valorant Champions 2025_csvs
Corrode,FNC,1,3 (1),1 (0),8 (2),4 (0),542272,Valorant Champions 2025_csvs
Lotus,NRG,1,3 (1),0 (0),3 (3),13 (9),542272,Valorant Champions 2025_csvs
Lotus,FNC,1,3 (1),2 (1),5 (3),9 (1),542272,Valorant Champions 2025_csvs
Abyss,NRG,1,4 (1),1 (0),4 (3),19 (9),542272,Valorant Champions 2025_csvs
Abyss,FNC,1,3 (1),0 (0),8 (3),17 (11),542272,Valorant Champions 2025_csvs
Ascent,NRG,1,4 (1),0 (0),4 (3),13 (4),542272,Valorant Champions 2025_csvs
Ascent,FNC,1,3 (1),2 (1),3 (1),13 (10),542272,Valorant Champions 2025_csvs
corrode,NRG,0,4 (0),0 (0),1 (1),13 (12),542272,Valorant Champions 2025_csvs
corrode,FNC,2,2 (2),3 (0),9 (3),4 (0),542272,Valorant Champions 2025_csvs
ascent,NRG,4,18 (4),1 (0),13 (11),70 (45),542272,Valorant Champions 2025_csvs
ascent,FNC,6,14 (6),8 (2),33 (12),47 (22),542272,Valorant Champions 2025_csvs
Split,EDG,1,3 (1),2 (0),5 (2),24 (15),448598,Valorant Masters Bangkok 2025_csvs
Split,TL,1,3 (1),2 (1),4 (2),25 (12),448598,Valorant Masters Bangkok 2025_csvs
Pearl,EDG,1,3 (1),1 (1),2 (2),13 (9),448598,Valorant Masters Bangkok 2025_csvs
Pearl,TL,1,2 (1),2 (0),6 (1),9 (4),448598,Valorant Masters Bangkok 2025_csvs
All Maps,EDG,2,6 (2),3 (1),7 (4),37 (24),448598,Valorant Masters Bangkok 2025_csvs
All Maps,TL,2,5 (2),4 (1),10 (3),34 (16),448598,Valorant Masters Bangkok 2025_csvs
Lotus,DRX,2,2 (2),0 (0),5 (4),9 (7),448600,Valorant Masters Bangkok 2025_csvs
Lotus,SEN,0,4 (0),1 (0),6 (1),5 (2),448600,Valorant Masters Bangkok 2025_csvs
Haven,DRX,1,3 (1),1 (0),5 (4),14 (8),448600,Valorant Masters Bangkok 2025_csvs
Haven,SEN,1,3 (1),2 (0),5 (3),13 (6),448600,Valorant Masters Bangkok 2025_csvs
All Maps,DRX,3,5 (3),1 (0),10 (8),23 (15),448600,Valorant Masters Bangkok 2025_csvs
All Maps,SEN,1,7 (1),3 (0),11 (4),18 (8),448600,Valorant Masters Bangkok 2025_csvs
Fracture,VIT,1,3 (1),0 (0),4 (2),16 (10),448599,Valorant Masters Bangkok 2025_csvs
Fracture,T1,1,4 (1),1 (0),6 (3),12 (6),448599,Valorant Masters Bangkok 2025_csvs
Bind,VIT,1,3 (1),1 (1),5 (3),13 (8),448599,Valorant Masters Bangkok 2025_csvs
Bind,T1,1,3 (1),4 (1),3 (1),12 (6),448599,Valorant Masters Bangkok 2025_csvs
All Maps,VIT,2,6 (2),1 (1),9 (5),29 (18),448599,Valorant Masters Bangkok 2025_csvs
All Maps,T1,2,7 (2),5 (1),9 (4),24 (12),448599,Valorant Masters Bangkok 2025_csvs
Lotus,G2,1,3 (1),0 (0),4 (3),14 (9),448597,Valorant Masters Bangkok 2025_csvs
Lotus,TE,1,3 (1),1 (0),8 (5),9 (2),448597,Valorant Masters Bangkok 2025_csvs
Abyss,G2,2,2 (2),1 (0),4 (3),9 (8),448597,Valorant Masters Bangkok 2025_csvs
Abyss,TE,0,4 (0),0 (0),4 (0),8 (3),448597,Valorant Masters Bangkok 2025_csvs
All Maps,G2,3,5 (3),1 (0),8 (6),23 (17),448597,Valorant Masters Bangkok 2025_csvs
All Maps,TE,1,7 (1),1 (0),12 (5),17 (5),448597,Valorant Masters Bangkok 2025_csvs
Bind,DRX,1,3 (1),2 (1),5 (2),11 (4),449000,Valorant Masters Bangkok 2025_csvs
Bind,VIT,1,3 (1),0 (0),5 (4),13 (8),449000,Valorant Masters Bangkok 2025_csvs
Abyss,DRX,1,5 (1),1 (1),3 (1),15 (10),449000,Valorant Masters Bangkok 2025_csvs
Abyss,VIT,1,2 (1),2 (1),8 (5),12 (4),449000,Valorant Masters Bangkok 2025_csvs
All Maps,DRX,1,3 (1),1 (1),5 (2),15 (7),449000,Valorant Masters Bangkok 2025_csvs
All Maps,VIT,1,3 (1),2 (2),3 (1),16 (9),449000,Valorant Masters Bangkok 2025_csvs
Pearl,EDG,2,2 (2),1 (0),8 (4),23 (10),449001,Valorant Masters Bangkok 2025_csvs
Pearl,G2,0,5 (0),2 (2),3 (2),24 (14),449001,Valorant Masters Bangkok 2025_csvs
Bind,EDG,2,2 (2),2 (0),5 (2),12 (9),449001,Valorant Masters Bangkok 2025_csvs
Bind,G2,0,3 (0),1 (0),6 (3),11 (5),449001,Valorant Masters Bangkok 2025_csvs
All Maps,EDG,2,3 (2),0 (0),4 (3),10 (8),449001,Valorant Masters Bangkok 2025_csvs
All Maps,G2,0,3 (0),2 (0),5 (2),7 (2),449001,Valorant Masters Bangkok 2025_csvs
Lotus,T1,1,3 (2),0 (0),3 (3),10 (8),449002,Valorant Masters Bangkok 2025_csvs
Lotus,TE,1,4 (1),1 (0),5 (0),6 (2),449002,Valorant Masters Bangkok 2025_csvs
Haven,T1,2,2 (2),1 (1),4 (2),14 (8),449002,Valorant Masters Bangkok 2025_csvs
Haven,TE,0,4 (1),3 (0),1 (1),13 (6),449002,Valorant Masters Bangkok 2025_csvs
All Maps,T1,3,5 (4),1 (1),7 (5),24 (16),449002,Valorant Masters Bangkok 2025_csvs
All Maps,TE,1,8 (2),4 (0),6 (1),19 (8),449002,Valorant Masters Bangkok 2025_csvs
Lotus,TL,1,3 (1),0 (0),8 (2),9 (4),449003,Valorant Masters Bangkok 2025_csvs
Lotus,SEN,1,3 (1),1 (0),8 (5),8 (7),449003,Valorant Masters Bangkok 2025_csvs
Abyss,TL,2,2 (2),1 (0),6 (3),21 (11),449003,Valorant Masters Bangkok 2025_csvs
Abyss,SEN,0,4 (0),0 (0),4 (3),22 (11),449003,Valorant Masters Bangkok 2025_csvs
All Maps,TL,2,2 (2),0 (0),4 (4),8 (7),449003,Valorant Masters Bangkok 2025_csvs
All Maps,SEN,0,3 (0),1 (0),6 (1),4 (0),449003,Valorant Masters Bangkok 2025_csvs
Fracture,T1,1,3 (1),2 (0),2 (1),17 (11),449004,Valorant Masters Bangkok 2025_csvs
Fracture,DRX,1,3 (1),2 (0),6 (5),13 (5),449004,Valorant Masters Bangkok 2025_csvs
Pearl,T1,2,2 (2),1 (0),5 (4),9 (7),449004,Valorant Masters Bangkok 2025_csvs
Pearl,DRX,0,4 (0),0 (0),4 (1),9 (3),449004,Valorant Masters Bangkok 2025_csvs
All Maps,T1,3,5 (3),3 (0),7 (5),26 (18),449004,Valorant Masters Bangkok 2025_csvs
All Maps,DRX,1,7 (1),2 (0),10 (6),22 (8),449004,Valorant Masters Bangkok 2025_csvs
Haven,G2,1,3 (1),1 (1),4 (4),10 (7),449005,Valorant Masters Bangkok 2025_csvs
Haven,TL,1,3 (1),0 (0),8 (2),7 (2),449005,Valorant Masters Bangkok 2025_csvs
Lotus,G2,1,3 (1),1 (1),2 (1),14 (10),449005,Valorant Masters Bangkok 2025_csvs
Lotus,TL,1,3 (1),3 (0),8 (4),6 (2),449005,Valorant Masters Bangkok 2025_csvs
All Maps,G2,2,6 (2),2 (2),6 (5),24 (17),449005,Valorant Masters Bangkok 2025_csvs
All Maps,TL,2,6 (2),3 (0),16 (6),13 (4),449005,Valorant Masters Bangkok 2025_csvs
Split,EDG,2,2 (2),1 (0),5 (3),12 (8),449008,Valorant Masters Bangkok 2025_csvs
Split,T1,0,3 (0),1 (0),7 (3),9 (4),449008,Valorant Masters Bangkok 2025_csvs
Bind,EDG,0,4 (0),1 (1),3 (1),11 (4),449008,Valorant Masters Bangkok 2025_csvs
Bind,T1,2,2 (2),2 (2),6 (4),9 (5),449008,Valorant Masters Bangkok 2025_csvs
All Maps,EDG,0,4 (0),2 (0),3 (3),15 (10),449008,Valorant Masters Bangkok 2025_csvs
All Maps,T1,2,2 (2),3 (2),8 (3),11 (4),449008,Valorant Masters Bangkok 2025_csvs
Bind,VIT,2,2 (2),1 (0),6 (4),19 (7),449009,Valorant Masters Bangkok 2025_csvs
Bind,G2,0,3 (0),2 (0),5 (2),18 (13),449009,Valorant Masters Bangkok 2025_csvs
Lotus,VIT,0,4 (0),1 (1),4 (1),13 (7),449009,Valorant Masters Bangkok 2025_csvs
Lotus,G2,2,2 (2),0 (0),6 (4),14 (7),449009,Valorant Masters Bangkok 2025_csvs
All Maps,VIT,2,6 (2),2 (1),10 (5),32 (14),449009,Valorant Masters Bangkok 2025_csvs
All Maps,G2,2,5 (2),2 (0),11 (6),32 (20),449009,Valorant Masters Bangkok 2025_csvs
Lotus,EDG,1,3 (1),1 (0),5 (2),12 (5),449010,Valorant Masters Bangkok 2025_csvs
Lotus,G2,1,3 (1),1 (0),3 (2),14 (10),449010,Valorant Masters Bangkok 2025_csvs
Split,EDG,1,3 (1),2 (0),6 (3),9 (3),449010,Valorant Masters Bangkok 2025_csvs
Split,G2,1,3 (1),0 (0),4 (2),13 (10),449010,Valorant Masters Bangkok 2025_csvs
All Maps,EDG,2,6 (2),3 (0),11 (5),21 (8),449010,Valorant Masters Bangkok 2025_csvs
All Maps,G2,2,6 (2),1 (0),7 (4),27 (20),449010,Valorant Masters Bangkok 2025_csvs
Lotus,T1,1,3 (2),1 (0),4 (1),18 (9),449012,Valorant Masters Bangkok 2025_csvs
Lotus,VIT,1,3 (1),2 (0),6 (2),15 (11),449012,Valorant Masters Bangkok 2025_csvs
Haven,T1,2,2 (2),0 (0),5 (5),10 (6),449012,Valorant Masters Bangkok 2025_csvs
Haven,VIT,0,3 (0),1 (0),7 (2),6 (2),449012,Valorant Masters Bangkok 2025_csvs
All Maps,T1,1,3 (2),1 (0),1 (0),13 (11),449012,Valorant Masters Bangkok 2025_csvs
All Maps,VIT,1,3 (2),3 (0),4 (1),8 (2),449012,Valorant Masters Bangkok 2025_csvs
Bind,EDG,1,3 (1),4 (1),4 (0),6 (2),449013,Valorant Masters Bangkok 2025_csvs
Bind,T1,1,3 (2),0 (0),3 (3),11 (8),449013,Valorant Masters Bangkok 2025_csvs
Haven,EDG,1,3 (2),2 (0),5 (1),13 (7),449013,Valorant Masters Bangkok 2025_csvs
Haven,T1,1,3 (2),3 (0),2 (0),15 (11),449013,Valorant Masters Bangkok 2025_csvs
Fracture,EDG,2,2 (2),1 (1),9 (4),14 (7),449013,Valorant Masters Bangkok 2025_csvs
Fracture,T1,0,4 (0),1 (1),2 (0),19 (11),449013,Valorant Masters Bangkok 2025_csvs
Split,EDG,0,4 (0),1 (1),6 (2),7 (2),449013,Valorant Masters Bangkok 2025_csvs
Split,T1,2,2 (2),1 (0),3 (2),12 (9),449013,Valorant Masters Bangkok 2025_csvs
All Maps,EDG,4,12 (5),8 (3),24 (7),40 (18),449013,Valorant Masters Bangkok 2025_csvs
All Maps,T1,4,12 (6),5 (1),10 (5),57 (39),449013,Valorant Masters Bangkok 2025_csvs
Lotus,G2,1,2 (1),0 (0),6 (6),10 (6),449011,Valorant Masters Bangkok 2025_csvs
Lotus,T1,1,4 (1),0 (0),7 (2),7 (2),449011,Valorant Masters Bangkok 2025_csvs
Haven,G2,1,4 (1),1 (0),7 (3),10 (5),449011,Valorant Masters Bangkok 2025_csvs
Haven,T1,1,3 (1),2 (1),3 (1),14 (10),449011,Valorant Masters Bangkok 2025_csvs
Abyss,G2,1,3 (1),2 (0),7 (6),12 (6),449011,Valorant Masters Bangkok 2025_csvs
Abyss,T1,1,3 (1),1 (0),5 (2),15 (8),449011,Valorant Masters Bangkok 2025_csvs
Split,G2,0,4 (0),2 (0),2 (1),20 (12),449011,Valorant Masters Bangkok 2025_csvs
Split,T1,2,2 (2),1 (0),7 (4),18 (9),449011,Valorant Masters Bangkok 2025_csvs
bans,G2,1,3 (1),0 (0),6 (4),21 (9),449011,Valorant Masters Bangkok 2025_csvs
bans,T1,1,3 (1),2 (1),6 (4),19 (10),449011,Valorant Masters Bangkok 2025_csvs
All Maps,G2,4,16 (4),5 (0),28 (20),73 (38),449011,Valorant Masters Bangkok 2025_csvs
All Maps,T1,6,15 (6),6 (2),28 (13),73 (39),449011,Valorant Masters Bangkok 2025_csvs
Pearl,TH,0,3 (0),3 (0),3 (0),5 (1),490309,Valorant Masters Toronto 2025_csvs
Pearl,PRX,2,2 (2),0 (0),3 (3),9 (8),490309,Valorant Masters Toronto 2025_csvs
Icebox,TH,0,4 (0),3 (0),1 (0),14 (9),490309,Valorant Masters Toronto 2025_csvs
Icebox,PRX,2,2 (2),0 (0),7 (3),13 (8),490309,Valorant Masters Toronto 2025_csvs
All Maps,TH,0,7 (0),6 (0),4 (0),19 (10),490309,Valorant Masters Toronto 2025_csvs
All Maps,PRX,4,4 (4),0 (0),10 (6),22 (16),490309,Valorant Masters Toronto 2025_csvs
Icebox,BLG,2,2 (2),1 (0),8 (3),12 (8),490307,Valorant Masters Toronto 2025_csvs
Icebox,TL,0,4 (0),1 (0),1 (1),17 (9),490307,Valorant Masters Toronto 2025_csvs
Haven,BLG,0,4 (0),0 (0),3 (2),23 (12),490307,Valorant Masters Toronto 2025_csvs
Haven,TL,2,2 (2),2 (0),7 (4),19 (10),490307,Valorant Masters Toronto 2025_csvs
All Maps,BLG,1,3 (1),0 (0),6 (3),14 (9),490307,Valorant Masters Toronto 2025_csvs
All Maps,TL,1,3 (1),2 (2),5 (1),13 (6),490307,Valorant Masters Toronto 2025_csvs
Split,SEN,1,3 (1),0 (0),5 (3),16 (9),490308,Valorant Masters Toronto 2025_csvs
Split,WOL,1,3 (1),1 (0),8 (7),12 (3),490308,Valorant Masters Toronto 2025_csvs
Lotus,SEN,1,3 (1),1 (0),5 (4),12 (8),490308,Valorant Masters Toronto 2025_csvs
Lotus,WOL,1,3 (2),1 (0),5 (2),12 (4),490308,Valorant Masters Toronto 2025_csvs
Pearl,SEN,2,6 (2),1 (0),10 (7),28 (17),490308,Valorant Masters Toronto 2025_csvs
Pearl,WOL,2,6 (3),2 (0),13 (9),24 (7),490308,Valorant Masters Toronto 2025_csvs
Sunset,GEN,2,2 (2),1 (0),3 (2),12 (9),490306,Valorant Masters Toronto 2025_csvs
Sunset,MIBR,0,3 (0),1 (0),7 (2),7 (3),490306,Valorant Masters Toronto 2025_csvs
Haven,GEN,2,2 (2),0 (0),3 (2),9 (9),490306,Valorant Masters Toronto 2025_csvs
Haven,MIBR,0,3 (0),2 (0),6 (0),3 (1),490306,Valorant Masters Toronto 2025_csvs
Pearl,GEN,4,4 (4),1 (0),6 (4),21 (18),490306,Valorant Masters Toronto 2025_csvs
Pearl,MIBR,0,6 (0),3 (0),13 (2),10 (4),490306,Valorant Masters Toronto 2025_csvs
Icebox,BLG,2,2 (2),0 (0),6 (3),14 (8),490311,Valorant Masters Toronto 2025_csvs
Icebox,SEN,0,5 (0),1 (0),4 (3),12 (6),490311,Valorant Masters Toronto 2025_csvs
Sunset,BLG,1,3 (1),2 (0),6 (3),7 (1),490311,Valorant Masters Toronto 2025_csvs
Sunset,SEN,1,3 (1),0 (0),3 (3),12 (9),490311,Valorant Masters Toronto 2025_csvs
Haven,BLG,0,4 (1),0 (0),2 (0),16 (8),490311,Valorant Masters Toronto 2025_csvs
Haven,SEN,2,3 (2),0 (0),8 (5),11 (6),490311,Valorant Masters Toronto 2025_csvs
All Maps,BLG,3,9 (4),2 (0),14 (6),37 (17),490311,Valorant Masters Toronto 2025_csvs
All Maps,SEN,3,11 (3),1 (0),15 (11),35 (21),490311,Valorant Masters Toronto 2025_csvs
Ascent,PRX,0,4 (0),1 (0),4 (2),15 (9),490310,Valorant Masters Toronto 2025_csvs
Ascent,GEN,2,2 (2),2 (0),7 (6),13 (5),490310,Valorant Masters Toronto 2025_csvs
Icebox,PRX,0,4 (0),1 (0),4 (0),7 (3),490310,Valorant Masters Toronto 2025_csvs
Icebox,GEN,2,2 (2),0 (0),2 (1),12 (10),490310,Valorant Masters Toronto 2025_csvs
pearl,PRX,0,8 (0),2 (0),8 (2),22 (12),490310,Valorant Masters Toronto 2025_csvs
pearl,GEN,4,4 (4),2 (0),9 (7),25 (15),490310,Valorant Masters Toronto 2025_csvs
Pearl,TH,0,4 (1),0 (0),2 (0),17 (9),490312,Valorant Masters Toronto 2025_csvs
Pearl,WOL,2,4 (2),0 (0),8 (5),11 (6),490312,Valorant Masters Toronto 2025_csvs
Lotus,TH,1,3 (1),2 (0),5 (3),12 (5),490312,Valorant Masters Toronto 2025_csvs
Lotus,WOL,1,3 (1),1 (0),3 (2),15 (10),490312,Valorant Masters Toronto 2025_csvs
All Maps,TH,1,7 (2),2 (0),7 (3),29 (14),490312,Valorant Masters Toronto 2025_csvs
All Maps,WOL,3,7 (3),1 (0),11 (7),26 (16),490312,Valorant Masters Toronto 2025_csvs
Icebox,TL,2,2 (2),2 (1),3 (2),12 (8),490313,Valorant Masters Toronto 2025_csvs
Icebox,MIBR,0,4 (0),0 (0),4 (1),11 (5),490313,Valorant Masters Toronto 2025_csvs
Sunset,TL,2,2 (2),0 (0),7 (5),11 (6),490313,Valorant Masters Toronto 2025_csvs
Sunset,MIBR,0,3 (0),3 (0),5 (3),9 (4),490313,Valorant Masters Toronto 2025_csvs
All Maps,TL,4,4 (4),2 (1),10 (7),23 (14),490313,Valorant Masters Toronto 2025_csvs
All Maps,MIBR,0,7 (0),3 (0),9 (4),20 (9),490313,Valorant Masters Toronto 2025_csvs
Ascent,BLG,2,2 (2),2 (0),7 (3),12 (5),490315,Valorant Masters Toronto 2025_csvs
Ascent,WOL,0,5 (0),0 (0),3 (3),15 (10),490315,Valorant Masters Toronto 2025_csvs
Split,BLG,0,4 (1),0 (0),8 (2),6 (2),490315,Valorant Masters Toronto 2025_csvs
Split,WOL,2,3 (2),1 (1),4 (3),10 (7),490315,Valorant Masters Toronto 2025_csvs
All Maps,BLG,2,6 (3),2 (0),15 (5),18 (7),490315,Valorant Masters Toronto 2025_csvs
All Maps,WOL,2,8 (2),1 (1),7 (6),25 (17),490315,Valorant Masters Toronto 2025_csvs
Split,PRX,0,4 (0),2 (1),2 (1),20 (11),490314,Valorant Masters Toronto 2025_csvs
Split,TL,2,2 (2),2 (1),8 (5),16 (7),490314,Valorant Masters Toronto 2025_csvs
Sunset,PRX,1,3 (1),0 (0),2 (2),13 (10),490314,Valorant Masters Toronto 2025_csvs
Sunset,TL,1,3 (1),2 (0),5 (1),8 (3),490314,Valorant Masters Toronto 2025_csvs
All Maps,PRX,1,3 (1),0 (0),5 (1),18 (12),490314,Valorant Masters Toronto 2025_csvs
All Maps,TL,1,3 (1),2 (0),7 (2),14 (9),490314,Valorant Masters Toronto 2025_csvs
Split,G2,2,2 (2),4 (1),5 (2),12 (5),498622,Valorant Masters Toronto 2025_csvs
Split,PRX,0,4 (0),0 (0),3 (1),16 (12),498622,Valorant Masters Toronto 2025_csvs
Lotus,G2,0,2 (0),1 (0),8 (5),13 (6),498622,Valorant Masters Toronto 2025_csvs
Lotus,PRX,2,3 (2),1 (1),7 (5),13 (5),498622,Valorant Masters Toronto 2025_csvs
Icebox,G2,2,4 (2),5 (1),13 (7),25 (11),498622,Valorant Masters Toronto 2025_csvs
Icebox,PRX,2,7 (2),1 (1),10 (6),29 (17),498622,Valorant Masters Toronto 2025_csvs
Sunset,XLG,1,3 (1),3 (0),6 (3),7 (2),498621,Valorant Masters Toronto 2025_csvs
Sunset,SEN,1,3 (1),0 (0),2 (1),14 (11),498621,Valorant Masters Toronto 2025_csvs
Lotus,XLG,1,3 (1),2 (0),7 (3),7 (2),498621,Valorant Masters Toronto 2025_csvs
Lotus,SEN,1,3 (1),1 (1),2 (1),13 (10),498621,Valorant Masters Toronto 2025_csvs
Haven,XLG,2,6 (2),5 (0),13 (6),14 (4),498621,Valorant Masters Toronto 2025_csvs
Haven,SEN,2,6 (2),1 (1),4 (2),27 (21),498621,Valorant Masters Toronto 2025_csvs
Ascent,RRQ,0,4 (0),2 (0),1 (1),17 (10),498623,Valorant Masters Toronto 2025_csvs
Ascent,WOL,2,3 (2),2 (0),6 (4),13 (7),498623,Valorant Masters Toronto 2025_csvs
Icebox,RRQ,1,3 (1),1 (0),3 (1),14 (6),498623,Valorant Masters Toronto 2025_csvs
Icebox,WOL,1,4 (1),2 (0),2 (1),13 (11),498623,Valorant Masters Toronto 2025_csvs
All Maps,RRQ,1,7 (1),3 (0),4 (2),31 (16),498623,Valorant Masters Toronto 2025_csvs
All Maps,WOL,3,7 (3),4 (0),8 (5),26 (18),498623,Valorant Masters Toronto 2025_csvs
Haven,FNC,0,4 (0),0 (0),5 (3),15 (8),498624,Valorant Masters Toronto 2025_csvs
Haven,GEN,2,2 (2),1 (0),6 (4),15 (7),498624,Valorant Masters Toronto 2025_csvs
Split,FNC,1,4 (1),0 (0),11 (6),11 (7),498624,Valorant Masters Toronto 2025_csvs
Split,GEN,1,3 (1),1 (0),4 (1),18 (10),498624,Valorant Masters Toronto 2025_csvs
All Maps,FNC,2,2 (2),2 (0),8 (3),7 (1),498624,Valorant Masters Toronto 2025_csvs
All Maps,GEN,0,3 (1),1 (1),0 (0),15 (11),498624,Valorant Masters Toronto 2025_csvs
Icebox,XLG,1,4 (1),3 (0),4 (0),5 (2),498629,Valorant Masters Toronto 2025_csvs
Icebox,G2,1,2 (1),0 (0),4 (3),10 (9),498629,Valorant Masters Toronto 2025_csvs
Haven,XLG,1,3 (1),4 (1),3 (2),11 (4),498629,Valorant Masters Toronto 2025_csvs
Haven,G2,1,3 (1),1 (0),4 (3),13 (9),498629,Valorant Masters Toronto 2025_csvs
All Maps,XLG,2,7 (2),7 (1),7 (2),16 (6),498629,Valorant Masters Toronto 2025_csvs
All Maps,G2,2,5 (2),1 (0),8 (6),23 (18),498629,Valorant Masters Toronto 2025_csvs
Lotus,RRQ,1,3 (2),2 (0),7 (2),6 (1),498630,Valorant Masters Toronto 2025_csvs
Lotus,FNC,1,3 (1),1 (1),2 (1),12 (10),498630,Valorant Masters Toronto 2025_csvs
Haven,RRQ,1,4 (1),0 (0),3 (2),12 (10),498630,Valorant Masters Toronto 2025_csvs
Haven,FNC,1,3 (1),2 (0),5 (1),9 (4),498630,Valorant Masters Toronto 2025_csvs
All Maps,RRQ,1,3 (1),4 (0),3 (1),8 (3),498630,Valorant Masters Toronto 2025_csvs
All Maps,FNC,1,3 (1),0 (0),3 (2),12 (10),498630,Valorant Masters Toronto 2025_csvs
Split,WOL,1,4 (1),1 (0),5 (3),14 (9),498626,Valorant Masters Toronto 2025_csvs
Split,GEN,1,2 (1),2 (0),6 (3),14 (7),498626,Valorant Masters Toronto 2025_csvs
Sunset,WOL,1,4 (2),2 (0),3 (2),13 (9),498626,Valorant Masters Toronto 2025_csvs
Sunset,GEN,1,3 (2),2 (0),3 (1),14 (6),498626,Valorant Masters Toronto 2025_csvs
All Maps,WOL,2,8 (3),3 (0),8 (5),27 (18),498626,Valorant Masters Toronto 2025_csvs
All Maps,GEN,2,5 (3),4 (0),9 (4),28 (13),498626,Valorant Masters Toronto 2025_csvs
Split,SEN,0,3 (0),1 (1),5 (1),7 (1),498625,Valorant Masters Toronto 2025_csvs
Split,PRX,2,2 (2),0 (0),7 (6),7 (5),498625,Valorant Masters Toronto 2025_csvs
Sunset,SEN,1,3 (1),1 (0),7 (5),13 (5),498625,Valorant Masters Toronto 2025_csvs
Sunset,PRX,1,3 (1),1 (0),2 (1),18 (11),498625,Valorant Masters Toronto 2025_csvs
Ascent,SEN,1,6 (1),2 (1),12 (6),20 (6),498625,Valorant Masters Toronto 2025_csvs
Ascent,PRX,3,5 (3),1 (0),9 (7),25 (16),498625,Valorant Masters Toronto 2025_csvs
Lotus,GEN,1,3 (1),2 (0),5 (2),10 (4),498631,Valorant Masters Toronto 2025_csvs
Lotus,G2,1,3 (1),0 (0),4 (2),13 (10),498631,Valorant Masters Toronto 2025_csvs
Haven,GEN,2,2 (2),0 (0),9 (4),13 (7),498631,Valorant Masters Toronto 2025_csvs
Haven,G2,0,3 (0),1 (0),7 (4),13 (7),498631,Valorant Masters Toronto 2025_csvs
All Maps,GEN,2,2 (2),1 (0),7 (3),14 (6),498631,Valorant Masters Toronto 2025_csvs
All Maps,G2,0,3 (0),3 (0),3 (2),15 (11),498631,Valorant Masters Toronto 2025_csvs
Sunset,SEN,2,2 (2),0 (0),7 (6),13 (5),498632,Valorant Masters Toronto 2025_csvs
Sunset,FNC,0,4 (0),0 (0),9 (6),9 (3),498632,Valorant Masters Toronto 2025_csvs
Ascent,SEN,0,4 (0),1 (1),2 (1),13 (5),498632,Valorant Masters Toronto 2025_csvs
Ascent,FNC,2,2 (2),0 (0),6 (4),12 (7),498632,Valorant Masters Toronto 2025_csvs
icebox,SEN,1,3 (1),1 (0),8 (4),10 (4),498632,Valorant Masters Toronto 2025_csvs
icebox,FNC,1,4 (2),1 (1),2 (2),15 (8),498632,Valorant Masters Toronto 2025_csvs
sunset,SEN,3,9 (3),2 (1),17 (11),36 (14),498632,Valorant Masters Toronto 2025_csvs
sunset,FNC,3,10 (4),1 (1),17 (12),36 (18),498632,Valorant Masters Toronto 2025_csvs
Lotus,PRX,1,3 (1),1 (0),4 (2),18 (11),498627,Valorant Masters Toronto 2025_csvs
Lotus,WOL,1,3 (1),2 (0),3 (2),18 (9),498627,Valorant Masters Toronto 2025_csvs
Ascent,PRX,1,3 (1),2 (1),4 (3),12 (8),498627,Valorant Masters Toronto 2025_csvs
Ascent,WOL,1,3 (1),2 (0),3 (1),13 (6),498627,Valorant Masters Toronto 2025_csvs
lotus,PRX,2,6 (2),3 (1),8 (5),30 (19),498627,Valorant Masters Toronto 2025_csvs
lotus,WOL,2,6 (2),4 (0),6 (3),31 (15),498627,Valorant Masters Toronto 2025_csvs
Lotus,G2,0,4 (0),1 (0),3 (0),15 (10),498633,Valorant Masters Toronto 2025_csvs
Lotus,FNC,2,2 (2),3 (0),7 (5),11 (6),498633,Valorant Masters Toronto 2025_csvs
Split,G2,2,2 (2),3 (2),7 (3),11 (3),498633,Valorant Masters Toronto 2025_csvs
Split,FNC,0,4 (1),2 (2),1 (1),16 (9),498633,Valorant Masters Toronto 2025_csvs
lotus,G2,2,6 (2),4 (2),10 (3),26 (13),498633,Valorant Masters Toronto 2025_csvs
lotus,FNC,2,6 (3),5 (2),8 (6),27 (15),498633,Valorant Masters Toronto 2025_csvs
Split,WOL,1,3 (1),3 (1),3 (2),13 (5),498634,Valorant Masters Toronto 2025_csvs
Split,FNC,1,3 (1),1 (0),3 (2),15 (10),498634,Valorant Masters Toronto 2025_csvs
Icebox,WOL,1,4 (1),1 (0),5 (1),7 (2),498634,Valorant Masters Toronto 2025_csvs
Icebox,FNC,1,3 (2),0 (0),2 (1),12 (10),498634,Valorant Masters Toronto 2025_csvs
Lotus,WOL,0,4 (0),0 (0),2 (0),17 (13),498634,Valorant Masters Toronto 2025_csvs
Lotus,FNC,2,3 (2),2 (0),8 (4),10 (4),498634,Valorant Masters Toronto 2025_csvs
Ascent,WOL,1,4 (1),4 (1),3 (1),7 (2),498634,Valorant Masters Toronto 2025_csvs
Ascent,FNC,1,3 (1),0 (0),4 (4),11 (8),498634,Valorant Masters Toronto 2025_csvs
and,WOL,3,15 (3),8 (2),13 (4),44 (22),498634,Valorant Masters Toronto 2025_csvs
and,FNC,5,12 (6),3 (0),17 (11),48 (32),498634,Valorant Masters Toronto 2025_csvs
Sunset,PRX,0,4 (0),0 (0),3 (0),17 (13),498628,Valorant Masters Toronto 2025_csvs
Sunset,FNC,2,2 (2),0 (0),9 (4),13 (5),498628,Valorant Masters Toronto 2025_csvs
Icebox,PRX,1,3 (1),2 (0),5 (2),22 (12),498628,Valorant Masters Toronto 2025_csvs
Icebox,FNC,1,3 (1),1 (0),3 (1),25 (15),498628,Valorant Masters Toronto 2025_csvs
Pearl,PRX,0,4 (0),0 (0),1 (0),18 (13),498628,Valorant Masters Toronto 2025_csvs
Pearl,FNC,2,2 (2),1 (0),8 (3),12 (5),498628,Valorant Masters Toronto 2025_csvs
Lotus,PRX,1,3 (1),1 (0),7 (4),15 (9),498628,Valorant Masters Toronto 2025_csvs
Lotus,FNC,1,2 (1),2 (1),5 (2),17 (8),498628,Valorant Masters Toronto 2025_csvs
Ascent,PRX,2,14 (2),3 (0),16 (6),72 (47),498628,Valorant Masters Toronto 2025_csvs
Ascent,FNC,6,9 (6),4 (1),25 (10),67 (33),498628,Valorant Masters Toronto 2025_csvs
