player,player_name,team,player_id,agents,agents_count,rounds,rating,acs,kd_ratio,kast,adr,kpr,apr,fkpr,fdpr,hs_percent,cl_percent,clutches,k_max,kills,deaths,assists,first_kills,first_deaths,tournament_name
mwzera,mwzera,FUR,939,['Jett'],1,90,1.24,237.0,1.21,71%,156.1,0.82,0.19,0.18,0.17,25%,8%,1/12,24,74,61,17,16,15,Champions Tour 2024 Americas Kickoff_csvs
aspas,aspas,LEV,8480,"['Raze', 'Reyna', 'Jett']",3,186,1.21,242.1,1.23,73%,162.5,0.85,0.2,0.15,0.13,28%,25%,7/28,31,158,128,37,27,25,Champions Tour 2024 Americas Kickoff_csvs
Less,Less,LOUD,8447,['Viper'],1,271,1.2,213.3,1.25,76%,142.9,0.76,0.25,0.08,0.07,31%,12%,5/43,24,205,164,69,22,19,Champions Tour 2024 Americas Kickoff_csvs
keznit,keznit,KRÜ,2462,"['Jett', 'Chamber']",2,110,1.14,251.2,1.25,68%,165.8,0.91,0.14,0.23,0.1,35%,0%,0/14,31,100,80,15,25,11,Champions Tour 2024 Americas Kickoff_csvs
zekken,zekken,SEN,4004,"['Raze', 'Jett']",2,432,1.14,249.0,1.21,72%,161.8,0.86,0.2,0.22,0.16,25%,9%,2/22,31,373,307,86,93,70,Champions Tour 2024 Americas Kickoff_csvs
supamen,supamen,EG,826,"['Omen', 'Viper']",2,110,1.12,190.6,1.0,72%,124.6,0.65,0.31,0.11,0.08,33%,21%,4/19,22,72,72,34,12,9,Champions Tour 2024 Americas Kickoff_csvs
Victor,Victor,NRG,261,"['Cypher', 'Killjoy', 'Raze']",3,157,1.11,211.0,1.24,74%,140.3,0.76,0.19,0.11,0.11,25%,20%,3/15,22,120,97,30,17,17,Champions Tour 2024 Americas Kickoff_csvs
tuyz,tuyz,LOUD,2408,"['Omen', 'Brimstone', 'Harbor']",3,271,1.1,190.8,1.11,75%,127.8,0.68,0.47,0.05,0.04,31%,21%,11/52,19,183,165,128,14,10,Champions Tour 2024 Americas Kickoff_csvs
Derrek,Derrek,EG,1533,"['Fade', 'Gekko', 'Sova']",3,110,1.1,219.0,1.11,69%,140.2,0.76,0.17,0.12,0.05,37%,18%,4/22,22,84,76,19,13,5,Champions Tour 2024 Americas Kickoff_csvs
TenZ,TenZ,SEN,9,"['Omen', 'Yoru', 'Kayo']",3,432,1.1,212.9,1.11,76%,139.8,0.75,0.42,0.13,0.09,26%,8%,3/38,30,323,290,180,54,39,Champions Tour 2024 Americas Kickoff_csvs
Shyy,Shyy,KRÜ,24007,"['Killjoy', 'Viper']",2,110,1.09,190.4,1.1,69%,140.1,0.69,0.22,0.05,0.06,23%,54%,7/13,19,76,69,24,6,7,Champions Tour 2024 Americas Kickoff_csvs
leaf,leaf,G2,7873,"['Jett', 'Raze', 'Yoru']",3,300,1.08,237.3,1.16,69%,155.0,0.81,0.19,0.2,0.21,28%,20%,2/10,26,244,211,56,59,63,Champions Tour 2024 Americas Kickoff_csvs
vanity,vanity,C9,7870,"['Skye', 'Viper', 'Gekko', 'Sova']",4,162,1.07,198.6,1.03,76%,132.2,0.69,0.34,0.06,0.08,22%,23%,5/22,23,112,109,55,10,13,Champions Tour 2024 Americas Kickoff_csvs
Demon1,Demon1,NRG,26171,"['Jett', 'Omen']",2,157,1.06,215.3,1.08,71%,145.6,0.76,0.15,0.2,0.17,33%,7%,1/14,24,119,110,24,32,26,Champions Tour 2024 Americas Kickoff_csvs
Zellsis,Zellsis,SEN,729,"['Viper', 'Kayo', 'Killjoy', 'Brimstone']",4,432,1.06,195.1,1.05,77%,123.9,0.68,0.41,0.08,0.07,17%,16%,9/58,19,292,277,179,36,32,Champions Tour 2024 Americas Kickoff_csvs
trent,trent,G2,15500,['Viper'],1,300,1.05,197.0,1.0,74%,136.7,0.67,0.29,0.07,0.09,29%,20%,8/41,22,200,200,87,22,26,Champions Tour 2024 Americas Kickoff_csvs
RgLMeister,RgLMeister,MIBR,5351,"['Brimstone', 'Astra', 'Omen', 'Viper']",4,274,1.05,187.8,1.05,77%,129.3,0.68,0.4,0.04,0.05,30%,16%,6/37,23,185,176,109,10,14,Champions Tour 2024 Americas Kickoff_csvs
johnqt,johnqt,SEN,1265,"['Cypher', 'Killjoy', 'Viper']",3,432,1.04,187.5,1.1,75%,123.0,0.66,0.27,0.06,0.06,26%,21%,13/62,19,284,258,116,27,27,Champions Tour 2024 Americas Kickoff_csvs
Sacy,Sacy,SEN,659,"['Skye', 'Sova', 'Fade', 'Gekko']",4,432,1.04,200.2,0.99,74%,134.9,0.66,0.45,0.07,0.06,26%,21%,9/42,24,285,288,194,29,25,Champions Tour 2024 Americas Kickoff_csvs
kiNgg,kiNgg,LEV,8549,"['Viper', 'Breach', 'Kayo']",3,186,1.04,207.4,1.05,73%,136.2,0.73,0.3,0.03,0.07,31%,15%,4/27,22,136,129,55,6,13,Champions Tour 2024 Americas Kickoff_csvs
Cryocells,Cryocells,100T,4147,"['Brimstone', 'Astra', 'Jett', 'Chamber']",4,120,1.03,206.3,1.13,70%,137.3,0.78,0.17,0.11,0.12,25%,40%,4/10,21,94,83,20,13,14,Champions Tour 2024 Americas Kickoff_csvs
Apoth,Apoth,EG,5188,"['Cypher', 'Killjoy']",2,110,1.03,217.0,1.08,61%,153.7,0.77,0.2,0.07,0.19,33%,13%,1/8,21,85,79,22,8,21,Champions Tour 2024 Americas Kickoff_csvs
Xeppaa,Xeppaa,C9,7871,"['Raze', 'Skye', 'Fade', 'Kayo']",4,162,1.03,211.1,0.98,80%,134.0,0.72,0.44,0.08,0.12,23%,15%,2/13,20,116,118,71,13,19,Champions Tour 2024 Americas Kickoff_csvs
jzz,jzz,MIBR,13093,"['Raze', 'Skye', 'Sova']",3,274,1.02,216.3,1.07,75%,144.3,0.77,0.21,0.15,0.14,30%,5%,1/19,28,212,198,58,42,37,Champions Tour 2024 Americas Kickoff_csvs
frz,frz,MIBR,651,"['Viper', 'Killjoy', 'Cypher']",3,274,1.02,192.2,1.09,67%,126.1,0.69,0.17,0.08,0.1,29%,26%,10/39,22,190,174,46,21,28,Champions Tour 2024 Americas Kickoff_csvs
Ethan,Ethan,NRG,11225,"['Kayo', 'Skye']",2,157,1.01,210.7,1.0,78%,135.3,0.69,0.48,0.06,0.08,21%,23%,3/13,27,108,108,76,9,12,Champions Tour 2024 Americas Kickoff_csvs
cauanzin,cauanzin,LOUD,6193,"['Breach', 'Sova']",2,271,1.01,195.5,1.03,74%,120.7,0.71,0.32,0.14,0.08,30%,0%,0/17,20,193,188,88,38,22,Champions Tour 2024 Americas Kickoff_csvs
JonahP,JonahP,G2,4581,"['Sova', 'Kayo', 'Breach']",3,300,1.0,178.6,0.98,75%,121.0,0.65,0.34,0.04,0.09,29%,24%,6/25,23,195,199,103,13,27,Champions Tour 2024 Americas Kickoff_csvs
wippie,wippie,C9,4373,"['Viper', 'Killjoy']",2,162,0.99,179.0,0.98,73%,119.7,0.6,0.22,0.07,0.07,21%,7%,2/27,23,98,100,36,11,11,Champions Tour 2024 Americas Kickoff_csvs
neT,neT,G2,6582,"['Killjoy', 'Cypher']",2,300,0.97,198.5,1.0,68%,131.1,0.7,0.18,0.07,0.06,39%,8%,4/52,25,209,208,54,21,18,Champions Tour 2024 Americas Kickoff_csvs
artzin,artzin,MIBR,5957,"['Jett', 'Raze']",2,274,0.97,216.3,1.0,72%,138.8,0.74,0.16,0.14,0.15,25%,27%,6/22,28,202,203,44,38,40,Champions Tour 2024 Americas Kickoff_csvs
crashies,crashies,NRG,4,"['Sova', 'Viper', 'Breach']",3,157,0.97,167.9,1.0,74%,110.3,0.6,0.31,0.06,0.07,25%,10%,2/21,22,94,94,49,9,11,Champions Tour 2024 Americas Kickoff_csvs
C0M,C0M,LEV,619,"['Skye', 'Sova']",2,186,0.97,187.6,0.89,71%,120.9,0.63,0.45,0.08,0.1,21%,9%,2/22,24,117,131,84,15,19,Champions Tour 2024 Americas Kickoff_csvs
Boostio,Boostio,100T,604,"['Gekko', 'Killjoy', 'Omen']",3,120,0.97,201.8,0.93,72%,141.2,0.71,0.25,0.13,0.13,28%,10%,1/10,22,85,91,30,16,16,Champions Tour 2024 Americas Kickoff_csvs
Klaus,Klaus,KRÜ,2610,"['Sova', 'Fade', 'Skye']",3,110,0.96,182.8,0.83,71%,126.0,0.59,0.35,0.11,0.05,22%,13%,2/16,17,65,78,38,12,5,Champions Tour 2024 Americas Kickoff_csvs
jakee,jakee,C9,8742,"['Brimstone', 'Astra', 'Omen']",3,162,0.96,170.7,0.88,74%,113.4,0.6,0.39,0.04,0.06,28%,14%,2/14,20,98,111,63,7,9,Champions Tour 2024 Americas Kickoff_csvs
valyn,valyn,G2,3885,"['Brimstone', 'Omen', 'Harbor']",3,300,0.95,180.8,0.9,76%,114.2,0.63,0.37,0.1,0.07,22%,11%,4/38,24,189,209,111,29,22,Champions Tour 2024 Americas Kickoff_csvs
jawgemo,jawgemo,EG,3993,"['Raze', 'Deadlock', 'Jett']",3,110,0.94,206.0,0.92,64%,138.7,0.7,0.26,0.15,0.15,21%,0%,0/2,21,77,84,29,16,17,Champions Tour 2024 Americas Kickoff_csvs
kon4n,kon4n,FUR,1671,"['Sova', 'Skye']",2,90,0.93,170.0,0.84,76%,113.7,0.57,0.32,0.07,0.02,18%,7%,1/15,14,51,61,29,6,2,Champions Tour 2024 Americas Kickoff_csvs
Khalil,Khalil,FUR,1711,"['Cypher', 'Killjoy', 'Viper']",3,90,0.93,170.5,0.84,64%,119.5,0.6,0.18,0.03,0.06,27%,10%,1/10,15,54,64,16,3,5,Champions Tour 2024 Americas Kickoff_csvs
OXY,OXY,C9,18796,"['Yoru', 'Raze', 'Jett']",3,162,0.93,227.9,0.96,67%,147.9,0.79,0.16,0.23,0.19,33%,7%,1/14,24,128,134,26,38,31,Champions Tour 2024 Americas Kickoff_csvs
Quick,Quick,LOUD,1575,"['Raze', 'Phoenix', 'Jett']",3,271,0.93,203.0,0.99,67%,135.7,0.73,0.19,0.18,0.15,28%,7%,1/14,24,198,199,52,48,42,Champions Tour 2024 Americas Kickoff_csvs
Marved,Marved,NRG,263,"['Viper', 'Omen']",2,157,0.92,193.0,0.88,75%,123.0,0.66,0.4,0.06,0.1,27%,8%,1/12,22,104,118,63,9,15,Champions Tour 2024 Americas Kickoff_csvs
eeiu,eeiu,100T,796,"['Fade', 'Sova']",2,120,0.91,170.0,0.89,71%,110.9,0.62,0.29,0.03,0.04,25%,4%,1/23,17,74,83,35,3,5,Champions Tour 2024 Americas Kickoff_csvs
bang,bang,100T,3880,['Viper'],1,120,0.91,192.5,0.92,71%,124.2,0.65,0.26,0.09,0.09,29%,21%,4/19,19,78,85,31,11,11,Champions Tour 2024 Americas Kickoff_csvs
liazzi,liazzi,FUR,2567,"['Viper', 'Omen', 'Astra']",3,90,0.89,167.0,0.83,70%,106.4,0.56,0.33,0.06,0.07,35%,8%,1/12,19,50,60,30,5,6,Champions Tour 2024 Americas Kickoff_csvs
saadhak,saadhak,LOUD,727,"['Skye', 'Kayo', 'Killjoy', 'Sova']",4,271,0.88,186.9,0.82,75%,122.0,0.61,0.39,0.08,0.12,17%,5%,1/22,19,166,203,107,23,32,Champions Tour 2024 Americas Kickoff_csvs
mta,mta,KRÜ,36169,['Kayo'],1,110,0.86,179.4,0.76,67%,111.7,0.58,0.46,0.11,0.13,39%,0%,0/6,14,64,84,51,12,14,Champions Tour 2024 Americas Kickoff_csvs
mazin,mazin,MIBR,8872,"['Skye', 'Viper', 'Kayo']",3,274,0.83,161.6,0.79,66%,109.1,0.54,0.38,0.07,0.09,29%,14%,5/35,19,147,187,103,19,25,Champions Tour 2024 Americas Kickoff_csvs
Asuna,Asuna,100T,601,"['Raze', 'Gekko']",2,120,0.81,189.5,0.76,71%,117.0,0.6,0.27,0.11,0.15,17%,22%,2/9,18,72,95,32,13,18,Champions Tour 2024 Americas Kickoff_csvs
Mazino,Mazino,LEV,7603,"['Harbor', 'Omen', 'Astra', 'Kayo']",4,186,0.81,163.6,0.78,67%,112.8,0.56,0.35,0.06,0.12,26%,28%,5/18,18,105,135,65,11,23,Champions Tour 2024 Americas Kickoff_csvs
NaturE,NaturE,EG,4927,"['Breach', 'Kayo']",2,110,0.78,148.4,0.66,72%,94.0,0.5,0.41,0.06,0.02,27%,13%,2/15,18,55,83,45,7,2,Champions Tour 2024 Americas Kickoff_csvs
tex,tex,LEV,1818,"['Gekko', 'Cypher', 'Killjoy', 'Raze']",4,186,0.75,167.0,0.73,70%,115.5,0.58,0.25,0.11,0.15,27%,0%,0/18,19,107,147,47,20,28,Champions Tour 2024 Americas Kickoff_csvs
havoc,havoc,FUR,8706,"['Kayo', 'Raze']",2,90,0.69,171.3,0.72,56%,111.6,0.56,0.29,0.13,0.22,27%,0%,0/2,20,50,69,26,12,20,Champions Tour 2024 Americas Kickoff_csvs
Melser,Melser,KRÜ,1311,"['Viper', 'Omen', 'Astra']",3,110,0.64,137.4,0.67,66%,87.3,0.49,0.28,0.05,0.12,30%,6%,1/16,13,54,81,31,5,13,Champions Tour 2024 Americas Kickoff_csvs
aspas,aspas,LEV,8480,"['Jett', 'Phoenix', 'Raze']",3,544,1.31,260.3,1.51,75%,175.1,0.95,0.17,0.16,0.11,31%,11%,8/73,47,519,344,91,89,58,Champions Tour 2024 Americas Stage 1_csvs
OXY,OXY,C9,18796,"['Jett', 'Raze']",2,383,1.24,291.1,1.26,75%,185.6,1.01,0.22,0.24,0.17,29%,18%,3/17,35,387,307,86,93,66,Champions Tour 2024 Americas Stage 1_csvs
Cryocells,Cryocells,100T,4147,"['Jett', 'Astra', 'Brimstone', 'Gekko']",4,457,1.24,243.0,1.35,77%,161.1,0.88,0.27,0.14,0.06,24%,12%,5/42,33,402,298,123,65,29,Champions Tour 2024 Americas Stage 1_csvs
eeiu,eeiu,100T,796,"['Sova', 'Fade']",2,457,1.17,195.4,1.26,78%,133.8,0.72,0.31,0.06,0.04,32%,12%,10/86,24,328,261,140,27,18,Champions Tour 2024 Americas Stage 1_csvs
bang,bang,100T,3880,"['Viper', 'Omen']",2,457,1.15,210.1,1.24,78%,132.1,0.74,0.32,0.1,0.09,33%,7%,3/41,21,338,273,144,47,41,Champions Tour 2024 Americas Stage 1_csvs
heat,heat,KRÜ,8673,"['Fade', 'Kayo', 'Gekko', 'Skye']",4,420,1.15,211.5,1.18,76%,139.7,0.78,0.38,0.07,0.09,36%,19%,10/52,26,327,278,160,28,37,Champions Tour 2024 Americas Stage 1_csvs
TenZ,TenZ,SEN,9,"['Kayo', 'Omen', 'Gekko']",3,289,1.14,224.2,1.11,76%,138.9,0.75,0.52,0.12,0.08,26%,22%,4/18,28,217,196,149,34,24,Champions Tour 2024 Americas Stage 1_csvs
valyn,valyn,G2,3885,"['Omen', 'Brimstone', 'Harbor', 'Astra']",4,584,1.14,212.2,1.15,76%,136.3,0.77,0.34,0.11,0.09,27%,20%,14/70,26,450,392,198,65,50,Champions Tour 2024 Americas Stage 1_csvs
Less,Less,LOUD,8447,"['Cypher', 'Viper']",2,261,1.13,205.2,1.16,72%,140.3,0.73,0.21,0.06,0.07,28%,12%,6/52,25,190,164,56,16,17,Champions Tour 2024 Americas Stage 1_csvs
keznit,keznit,KRÜ,2462,"['Raze', 'Reyna', 'Jett']",3,420,1.11,251.2,1.2,70%,167.8,0.87,0.19,0.2,0.17,29%,10%,3/30,27,366,306,80,83,71,Champions Tour 2024 Americas Stage 1_csvs
kiNgg,kiNgg,LEV,8549,"['Viper', 'Omen']",2,544,1.1,205.1,1.14,76%,136.6,0.73,0.38,0.1,0.07,30%,14%,8/57,30,396,348,205,54,37,Champions Tour 2024 Americas Stage 1_csvs
trent,trent,G2,15500,"['Fade', 'Sova', 'Viper', 'Gekko']",4,584,1.08,195.5,1.05,72%,131.5,0.68,0.32,0.08,0.08,28%,20%,15/75,29,395,376,189,47,46,Champions Tour 2024 Americas Stage 1_csvs
leaf,leaf,G2,7873,"['Killjoy', 'Viper', 'Cypher']",3,584,1.08,221.8,1.15,72%,147.8,0.78,0.2,0.11,0.1,24%,19%,12/62,28,458,400,119,63,59,Champions Tour 2024 Americas Stage 1_csvs
Asuna,Asuna,100T,601,"['Gekko', 'Raze', 'Kayo']",3,457,1.07,230.1,1.13,74%,145.4,0.78,0.35,0.14,0.15,20%,15%,4/26,25,357,315,161,66,69,Champions Tour 2024 Americas Stage 1_csvs
johnqt,johnqt,SEN,1265,"['Viper', 'Cypher']",2,289,1.07,187.5,1.12,76%,124.9,0.67,0.31,0.06,0.07,27%,19%,9/47,29,194,173,91,16,19,Champions Tour 2024 Americas Stage 1_csvs
runi,runi,C9,16003,"['Sova', 'Viper']",2,383,1.05,187.7,1.08,73%,133.8,0.69,0.27,0.08,0.06,35%,18%,10/55,21,263,244,102,29,23,Champions Tour 2024 Americas Stage 1_csvs
NaturE,NaturE,EG,4927,"['Viper', 'Killjoy', 'Breach', 'Yoru', 'Skye', 'Kayo']",6,280,1.04,199.7,0.98,69%,132.5,0.69,0.37,0.05,0.06,32%,12%,6/49,24,192,195,104,15,18,Champions Tour 2024 Americas Stage 1_csvs
Shyy,Shyy,KRÜ,24007,"['Killjoy', 'Cypher', 'Viper']",3,420,1.04,189.4,1.09,73%,130.5,0.68,0.2,0.06,0.06,26%,13%,8/63,22,286,262,86,27,24,Champions Tour 2024 Americas Stage 1_csvs
zekken,zekken,SEN,4004,"['Jett', 'Raze']",2,289,1.03,243.4,1.1,72%,154.0,0.81,0.16,0.23,0.15,23%,19%,3/16,23,234,213,47,67,44,Champions Tour 2024 Americas Stage 1_csvs
nzr,nzr,FUR,725,"['Skye', 'Kayo', 'Sova', 'Fade']",4,224,1.02,191.6,0.94,67%,125.7,0.68,0.28,0.03,0.03,26%,11%,5/45,23,153,163,62,6,6,Champions Tour 2024 Americas Stage 1_csvs
Zellsis,Zellsis,SEN,729,"['Killjoy', 'Viper', 'Brimstone', 'Kayo']",4,289,1.02,184.0,0.99,72%,128.8,0.63,0.26,0.07,0.09,21%,18%,6/34,23,182,183,75,20,25,Champions Tour 2024 Americas Stage 1_csvs
Ethan,Ethan,NRG,11225,"['Yoru', 'Kayo', 'Omen', 'Breach', 'Skye']",5,260,1.01,191.1,0.96,72%,122.0,0.65,0.43,0.07,0.1,21%,17%,4/24,19,168,175,112,17,25,Champions Tour 2024 Americas Stage 1_csvs
Melser,Melser,KRÜ,1311,"['Omen', 'Viper']",2,420,1.0,174.0,1.0,71%,119.9,0.63,0.28,0.08,0.08,32%,15%,7/46,22,263,263,119,33,34,Champions Tour 2024 Americas Stage 1_csvs
Mazino,Mazino,LEV,7603,"['Harbor', 'Breach', 'Kayo', 'Omen', 'Brimstone']",5,544,1.0,209.5,1.02,74%,134.2,0.73,0.4,0.07,0.1,29%,15%,7/46,26,395,389,216,37,56,Champions Tour 2024 Americas Stage 1_csvs
crashies,crashies,NRG,4,"['Sova', 'Gekko', 'Skye']",3,260,1.0,182.3,1.03,72%,118.8,0.68,0.27,0.04,0.06,35%,21%,10/48,24,176,171,69,11,16,Champions Tour 2024 Americas Stage 1_csvs
Derrek,Derrek,EG,1533,"['Fade', 'Sova', 'Skye', 'Gekko']",4,280,0.99,183.2,0.95,68%,124.6,0.66,0.27,0.05,0.04,33%,20%,8/40,26,184,194,76,13,12,Champions Tour 2024 Americas Stage 1_csvs
tuyz,tuyz,LOUD,2408,"['Viper', 'Omen', 'Brimstone', 'Harbor']",4,261,0.99,166.3,0.91,70%,110.9,0.6,0.35,0.06,0.07,33%,13%,5/39,17,157,172,92,15,17,Champions Tour 2024 Americas Stage 1_csvs
Xeppaa,Xeppaa,C9,7871,"['Sage', 'Skye', 'Kayo', 'Gekko']",4,383,0.99,190.3,0.93,77%,124.1,0.65,0.48,0.07,0.07,27%,21%,6/28,26,248,268,183,28,27,Champions Tour 2024 Americas Stage 1_csvs
cauanzin,cauanzin,LOUD,6193,"['Sova', 'Breach', 'Kayo', 'Fade', 'Skye']",5,261,0.98,201.8,0.95,74%,129.9,0.69,0.32,0.1,0.08,27%,18%,3/17,21,179,189,84,26,20,Champions Tour 2024 Americas Stage 1_csvs
moose,moose,C9,7458,"['Killjoy', 'Cypher']",2,383,0.98,176.5,1.04,72%,120.3,0.63,0.19,0.07,0.06,24%,14%,9/65,21,243,233,71,25,23,Champions Tour 2024 Americas Stage 1_csvs
JonahP,JonahP,G2,4581,"['Viper', 'Kayo', 'Breach', 'Skye']",4,584,0.96,183.6,0.89,74%,118.9,0.61,0.45,0.05,0.09,27%,10%,7/67,20,356,401,262,32,51,Champions Tour 2024 Americas Stage 1_csvs
Victor,Victor,NRG,261,"['Cypher', 'Raze', 'Brimstone', 'Killjoy']",4,260,0.96,212.9,1.01,67%,139.4,0.75,0.17,0.12,0.09,27%,0%,0/19,30,195,193,44,31,24,Champions Tour 2024 Americas Stage 1_csvs
Marved,Marved,NRG,263,"['Viper', 'Omen', 'Cypher']",3,260,0.94,189.6,0.93,67%,125.3,0.65,0.24,0.08,0.11,28%,27%,9/33,21,170,182,63,22,28,Champions Tour 2024 Americas Stage 1_csvs
jawgemo,jawgemo,EG,3993,"['Raze', 'Jett']",2,280,0.93,217.4,0.94,63%,146.2,0.73,0.15,0.16,0.14,20%,14%,3/21,29,205,218,41,46,40,Champions Tour 2024 Americas Stage 1_csvs
frz,frz,MIBR,651,"['Killjoy', 'Cypher', 'Viper']",3,200,0.93,186.1,0.84,65%,126.4,0.65,0.21,0.08,0.14,26%,14%,6/42,25,130,155,42,16,27,Champions Tour 2024 Americas Stage 1_csvs
tex,tex,LEV,1818,"['Killjoy', 'Cypher', 'Sage', 'Gekko']",4,544,0.93,184.8,0.97,71%,122.4,0.65,0.17,0.11,0.12,35%,12%,6/49,25,352,363,95,59,63,Champions Tour 2024 Americas Stage 1_csvs
Demon1,Demon1,NRG,26171,"['Jett', 'Raze', 'Brimstone']",3,260,0.92,204.4,0.91,71%,139.6,0.7,0.2,0.16,0.17,36%,12%,3/26,21,182,199,52,42,44,Champions Tour 2024 Americas Stage 1_csvs
Sacy,Sacy,SEN,659,"['Gekko', 'Skye', 'Fade']",3,289,0.91,161.9,0.9,71%,111.0,0.58,0.3,0.06,0.07,32%,12%,4/33,22,168,187,86,18,21,Champions Tour 2024 Americas Stage 1_csvs
supamen,supamen,EG,826,"['Omen', 'Viper']",2,280,0.89,184.2,0.87,69%,122.5,0.64,0.29,0.11,0.11,37%,7%,2/30,23,180,208,82,31,32,Champions Tour 2024 Americas Stage 1_csvs
saadhak,saadhak,LOUD,727,"['Kayo', 'Sova', 'Breach', 'Killjoy', 'Deadlock']",5,261,0.89,193.2,0.84,67%,130.9,0.62,0.34,0.09,0.13,26%,13%,3/23,23,163,194,88,23,34,Champions Tour 2024 Americas Stage 1_csvs
icy,icy,G2,8402,"['Raze', 'Gekko', 'Yoru', 'Jett']",4,584,0.88,187.0,0.89,68%,125.3,0.66,0.19,0.14,0.15,26%,15%,7/47,26,385,434,110,81,90,Champions Tour 2024 Americas Stage 1_csvs
artzin,artzin,MIBR,5957,"['Jett', 'Raze', 'Sage']",3,200,0.88,204.2,0.82,62%,137.0,0.7,0.19,0.14,0.18,26%,11%,2/18,20,139,170,37,27,35,Champions Tour 2024 Americas Stage 1_csvs
jzz,jzz,MIBR,13093,"['Sova', 'Skye', 'Raze', 'Gekko']",4,200,0.87,196.2,0.83,66%,135.7,0.68,0.2,0.14,0.11,32%,19%,5/27,19,136,164,40,28,22,Champions Tour 2024 Americas Stage 1_csvs
C0M,C0M,LEV,619,"['Sova', 'Viper', 'Fade', 'Cypher', 'Skye']",5,544,0.86,160.8,0.8,71%,109.2,0.54,0.29,0.09,0.07,22%,15%,8/53,22,293,368,158,49,40,Champions Tour 2024 Americas Stage 1_csvs
Klaus,Klaus,KRÜ,2610,"['Viper', 'Gekko', 'Sova', 'Breach', 'Cypher']",5,420,0.85,177.7,0.82,73%,116.7,0.59,0.29,0.11,0.08,25%,15%,4/27,18,249,302,121,48,34,Champions Tour 2024 Americas Stage 1_csvs
Apoth,Apoth,EG,5188,"['Cypher', 'Harbor', 'Astra', 'Brimstone', 'Killjoy']",5,280,0.85,174.5,0.84,61%,119.0,0.6,0.21,0.11,0.15,37%,17%,5/30,22,168,201,58,31,42,Champions Tour 2024 Americas Stage 1_csvs
Khalil,Khalil,FUR,1711,"['Omen', 'Killjoy', 'Cypher', 'Brimstone']",4,224,0.85,164.4,0.77,69%,112.4,0.57,0.25,0.04,0.09,29%,21%,8/39,17,127,164,56,9,20,Champions Tour 2024 Americas Stage 1_csvs
vanity,vanity,C9,7870,"['Viper', 'Omen', 'Brimstone']",3,383,0.83,163.9,0.79,73%,107.3,0.57,0.38,0.08,0.1,22%,15%,6/40,20,217,275,144,30,39,Champions Tour 2024 Americas Stage 1_csvs
RgLMeister,RgLMeister,MIBR,5351,"['Harbor', 'Omen', 'Brimstone', 'Astra', 'Viper']",5,200,0.81,156.2,0.73,64%,105.6,0.57,0.28,0.06,0.04,27%,19%,5/27,21,114,157,56,12,8,Champions Tour 2024 Americas Stage 1_csvs
Boostio,Boostio,100T,604,"['Killjoy', 'Gekko', 'Cypher']",3,457,0.8,169.5,0.87,70%,110.7,0.61,0.21,0.09,0.12,24%,26%,6/23,22,278,318,94,39,56,Champions Tour 2024 Americas Stage 1_csvs
mwzera,mwzera,FUR,939,"['Raze', 'Omen', 'Jett', 'Yoru', 'Reyna']",5,224,0.78,191.5,0.77,63%,125.1,0.66,0.21,0.1,0.17,20%,0%,0/17,23,148,191,46,22,39,Champions Tour 2024 Americas Stage 1_csvs
Quick,Quick,LOUD,1575,"['Jett', 'Phoenix', 'Raze']",3,261,0.77,172.8,0.79,61%,111.9,0.6,0.11,0.15,0.2,23%,6%,1/17,19,156,198,28,40,53,Champions Tour 2024 Americas Stage 1_csvs
havoc,havoc,FUR,8706,"['Killjoy', 'Gekko', 'Kayo', 'Raze', 'Jett', 'Cypher']",6,224,0.73,178.3,0.72,59%,124.4,0.61,0.17,0.13,0.22,39%,23%,5/22,20,136,188,37,28,49,Champions Tour 2024 Americas Stage 1_csvs
kon4n,kon4n,FUR,1671,"['Viper', 'Kayo']",2,224,0.7,154.4,0.69,64%,102.2,0.53,0.25,0.07,0.13,27%,13%,4/32,14,118,172,55,16,29,Champions Tour 2024 Americas Stage 1_csvs
mazin,mazin,MIBR,8872,"['Viper', 'Kayo', 'Skye', 'Gekko']",4,200,0.62,127.6,0.55,61%,83.9,0.42,0.35,0.04,0.09,26%,10%,3/31,12,84,154,70,7,18,Champions Tour 2024 Americas Stage 1_csvs
aspas,aspas,LEV,8480,"['Jett', 'Raze', 'Neon']",3,479,1.32,269.0,1.52,77%,169.8,0.94,0.2,0.22,0.11,27%,13%,6/45,27,451,297,95,105,55,Champions Tour 2024 Americas Stage 2_csvs
kiNgg,kiNgg,LEV,8549,"['Omen', 'Viper']",2,479,1.18,209.8,1.31,81%,134.0,0.76,0.4,0.1,0.07,28%,17%,8/48,23,362,276,190,49,33,Champions Tour 2024 Americas Stage 2_csvs
Mazino,Mazino,LEV,7603,"['Kayo', 'Harbor', 'Brimstone', 'Breach', 'Deadlock']",5,479,1.17,228.6,1.23,79%,150.9,0.82,0.45,0.09,0.07,28%,6%,2/31,34,395,322,217,41,33,Champions Tour 2024 Americas Stage 2_csvs
zekken,zekken,SEN,4004,"['Raze', 'Jett']",2,217,1.16,273.7,1.15,71%,178.4,0.9,0.25,0.24,0.18,27%,9%,1/11,28,195,169,55,53,39,Champions Tour 2024 Americas Stage 2_csvs
eeiu,eeiu,100T,796,"['Sova', 'Fade']",2,411,1.15,200.5,1.17,77%,135.7,0.71,0.35,0.05,0.02,31%,16%,13/82,26,292,250,143,19,10,Champions Tour 2024 Americas Stage 2_csvs
Khalil,Khalil,FUR,1711,"['Viper', 'Omen', 'Brimstone']",3,241,1.14,206.7,1.16,75%,138.1,0.77,0.31,0.07,0.06,32%,14%,4/28,31,186,160,74,18,15,Champions Tour 2024 Americas Stage 2_csvs
s0m,s0m,NRG,4164,"['Clove', 'Omen', 'Brimstone', 'Viper']",4,215,1.12,224.7,1.13,78%,143.6,0.77,0.45,0.09,0.07,27%,19%,6/32,24,166,147,97,20,16,Champions Tour 2024 Americas Stage 2_csvs
Derrek,Derrek,EG,1533,"['Fade', 'Sova', 'Gekko']",3,242,1.11,199.3,1.08,76%,135.3,0.74,0.34,0.06,0.03,37%,7%,3/41,23,179,166,82,15,8,Champions Tour 2024 Americas Stage 2_csvs
TenZ,TenZ,SEN,9,"['Omen', 'Gekko']",2,217,1.1,204.2,1.08,74%,132.8,0.71,0.37,0.09,0.11,26%,7%,1/14,23,155,144,80,20,23,Champions Tour 2024 Americas Stage 2_csvs
Ethan,Ethan,NRG,11225,"['Breach', 'Kayo', 'Yoru', 'Sage']",4,215,1.08,222.5,1.08,79%,136.2,0.76,0.43,0.12,0.06,22%,11%,3/27,25,164,152,92,25,13,Champions Tour 2024 Americas Stage 2_csvs
JonahP,JonahP,G2,4581,"['Kayo', 'Viper', 'Breach', 'Skye']",4,388,1.08,205.7,1.07,71%,129.3,0.73,0.39,0.09,0.08,24%,23%,9/39,27,285,266,153,36,30,Champions Tour 2024 Americas Stage 2_csvs
leaf,leaf,G2,7873,"['Killjoy', 'Viper']",2,388,1.07,219.1,1.06,69%,148.4,0.76,0.26,0.11,0.09,19%,22%,10/46,25,295,279,102,43,35,Champions Tour 2024 Americas Stage 2_csvs
nzr,nzr,FUR,725,"['Sova', 'Breach', 'Gekko', 'Skye']",4,241,1.06,198.4,1.02,73%,140.3,0.69,0.31,0.03,0.04,27%,17%,7/41,24,167,164,75,8,9,Champions Tour 2024 Americas Stage 2_csvs
supamen,supamen,EG,826,"['Omen', 'Clove']",2,242,1.06,214.6,1.08,73%,136.3,0.79,0.27,0.09,0.15,45%,21%,6/29,23,192,177,65,22,37,Champions Tour 2024 Americas Stage 2_csvs
pANcada,pANcada,LOUD,683,"['Omen', 'Viper', 'Brimstone']",3,299,1.06,192.1,1.06,71%,128.9,0.69,0.34,0.07,0.08,37%,19%,9/48,28,207,195,102,21,23,Champions Tour 2024 Americas Stage 2_csvs
tex,tex,LEV,1818,"['Killjoy', 'Gekko', 'Cypher']",3,479,1.05,204.6,1.17,74%,135.7,0.75,0.21,0.09,0.1,32%,16%,7/44,23,359,307,101,45,46,Champions Tour 2024 Americas Stage 2_csvs
Cryocells,Cryocells,100T,4147,"['Jett', 'Brimstone', 'Astra', 'Omen', 'Iso']",5,411,1.04,223.8,1.13,71%,138.7,0.82,0.2,0.15,0.12,26%,21%,6/29,27,336,298,83,62,48,Champions Tour 2024 Americas Stage 2_csvs
artzin,artzin,MIBR,5957,"['Yoru', 'Gekko', 'Killjoy', 'Viper', 'Cypher']",5,225,1.04,212.7,1.05,67%,141.7,0.76,0.25,0.12,0.09,27%,13%,3/23,24,171,163,56,27,20,Champions Tour 2024 Americas Stage 2_csvs
valyn,valyn,G2,3885,"['Omen', 'Harbor', 'Brimstone', 'Astra']",4,388,1.04,202.4,1.01,79%,123.0,0.7,0.39,0.1,0.09,22%,24%,9/37,23,273,270,150,39,34,Champions Tour 2024 Americas Stage 2_csvs
C0M,C0M,LEV,619,"['Sova', 'Fade']",2,479,1.04,180.0,1.04,79%,125.1,0.62,0.36,0.08,0.07,20%,16%,8/50,28,298,286,171,38,34,Champions Tour 2024 Americas Stage 2_csvs
Shyy,Shyy,KRÜ,24007,"['Killjoy', 'Viper', 'Cypher']",3,492,1.04,202.1,1.06,69%,142.1,0.74,0.23,0.06,0.08,29%,18%,12/65,27,362,342,113,28,41,Champions Tour 2024 Americas Stage 2_csvs
jawgemo,jawgemo,EG,3993,"['Iso', 'Neon', 'Raze', 'Sage', 'Jett']",5,242,1.03,243.4,1.01,71%,159.9,0.81,0.26,0.18,0.15,24%,10%,1/10,23,196,195,63,44,36,Champions Tour 2024 Americas Stage 2_csvs
cauanzin,cauanzin,LOUD,6193,"['Fade', 'Breach', 'Kayo', 'Sova', 'Skye']",5,299,1.03,220.0,1.05,71%,144.2,0.77,0.26,0.12,0.09,29%,13%,2/16,24,229,219,79,37,28,Champions Tour 2024 Americas Stage 2_csvs
Zellsis,Zellsis,SEN,729,"['Cypher', 'Breach', 'Viper', 'Brimstone']",4,217,1.03,179.8,1.1,75%,114.3,0.65,0.36,0.02,0.06,21%,15%,5/33,21,140,127,79,5,13,Champions Tour 2024 Americas Stage 2_csvs
keznit,keznit,KRÜ,2462,"['Raze', 'Jett', 'Neon', 'Reyna']",4,492,1.03,233.0,1.05,70%,155.2,0.79,0.21,0.19,0.17,23%,13%,4/32,29,390,370,105,92,82,Champions Tour 2024 Americas Stage 2_csvs
bang,bang,100T,3880,"['Viper', 'Omen']",2,411,1.02,202.2,1.04,73%,127.4,0.7,0.36,0.1,0.12,33%,13%,7/54,31,289,278,147,40,50,Champions Tour 2024 Americas Stage 2_csvs
Less,Less,LOUD,8447,"['Cypher', 'Killjoy', 'Omen']",3,299,1.02,191.1,1.03,65%,130.0,0.71,0.21,0.09,0.07,30%,5%,2/44,21,211,205,64,28,22,Champions Tour 2024 Americas Stage 2_csvs
trent,trent,G2,15500,"['Sova', 'Fade', 'Gekko']",3,388,1.01,186.1,0.95,74%,126.0,0.64,0.39,0.07,0.09,23%,17%,10/60,22,250,262,152,29,35,Champions Tour 2024 Americas Stage 2_csvs
heat,heat,KRÜ,8673,"['Fade', 'Skye', 'Kayo', 'Breach', 'Gekko']",5,492,1.01,185.7,0.97,73%,122.4,0.69,0.37,0.07,0.1,30%,12%,8/68,26,341,350,182,36,50,Champions Tour 2024 Americas Stage 2_csvs
Asuna,Asuna,100T,601,"['Gekko', 'Kayo', 'Raze', 'Yoru']",4,411,1.01,205.6,0.96,76%,132.5,0.7,0.43,0.13,0.12,19%,15%,4/26,23,286,297,176,54,50,Champions Tour 2024 Americas Stage 2_csvs
Melser,Melser,KRÜ,1311,"['Omen', 'Viper']",2,492,1.0,185.3,0.97,74%,121.5,0.66,0.35,0.08,0.1,33%,18%,14/77,23,323,334,174,40,50,Champions Tour 2024 Americas Stage 2_csvs
mwzera,mwzera,FUR,939,"['Jett', 'Neon', 'Raze']",3,241,0.98,236.4,0.99,74%,152.8,0.82,0.23,0.18,0.15,18%,7%,1/15,29,197,198,56,44,36,Champions Tour 2024 Americas Stage 2_csvs
OXY,OXY,C9,18796,"['Jett', 'Reyna', 'Raze']",3,277,0.97,232.7,0.99,69%,152.1,0.82,0.16,0.18,0.19,27%,17%,2/12,33,226,228,45,50,53,Champions Tour 2024 Americas Stage 2_csvs
havoc,havoc,FUR,8706,"['Killjoy', 'Viper', 'Cypher']",3,241,0.96,198.3,0.96,65%,138.8,0.7,0.19,0.12,0.14,36%,16%,5/32,23,168,175,45,28,33,Champions Tour 2024 Americas Stage 2_csvs
Sacy,Sacy,SEN,659,"['Fade', 'Gekko', 'Skye', 'Sova']",4,217,0.96,170.4,0.93,74%,119.9,0.59,0.34,0.06,0.12,29%,5%,1/21,19,127,136,74,12,27,Champions Tour 2024 Americas Stage 2_csvs
johnqt,johnqt,SEN,1265,"['Deadlock', 'Cypher', 'Killjoy']",3,217,0.95,172.4,0.96,71%,113.5,0.62,0.2,0.05,0.06,29%,11%,3/27,19,134,140,44,11,14,Champions Tour 2024 Americas Stage 2_csvs
icy,icy,G2,8402,"['Neon', 'Gekko', 'Raze', 'Jett', 'Yoru']",5,388,0.94,194.2,0.97,71%,131.2,0.7,0.2,0.12,0.15,23%,10%,3/30,23,272,280,79,47,58,Champions Tour 2024 Americas Stage 2_csvs
rich,rich,MIBR,11105,"['Sova', 'Fade', 'Gekko', 'Skye']",4,183,0.94,192.3,0.91,72%,130.3,0.68,0.25,0.08,0.07,31%,12%,3/26,22,124,137,45,14,13,Champions Tour 2024 Americas Stage 2_csvs
moose,moose,C9,7458,"['Killjoy', 'Cypher']",2,277,0.93,165.9,0.92,65%,115.1,0.6,0.12,0.09,0.06,25%,17%,8/48,18,166,181,32,25,18,Champions Tour 2024 Americas Stage 2_csvs
mazin,mazin,MIBR,8872,"['Omen', 'Viper', 'Brimstone']",3,225,0.92,168.5,0.86,65%,110.3,0.58,0.3,0.07,0.04,31%,19%,9/47,20,130,152,67,16,9,Champions Tour 2024 Americas Stage 2_csvs
ShahZaM,ShahZaM,MIBR,46,['Sova'],1,42,0.91,172.5,0.79,74%,124.2,0.55,0.33,0.07,0.1,24%,17%,1/6,12,23,29,14,3,4,Champions Tour 2024 Americas Stage 2_csvs
crashies,crashies,NRG,4,"['Gekko', 'Sova', 'Fade', 'Skye', 'Breach']",5,215,0.91,171.4,0.92,75%,113.4,0.59,0.33,0.04,0.06,24%,12%,4/33,19,126,137,70,9,13,Champions Tour 2024 Americas Stage 2_csvs
Xeppaa,Xeppaa,C9,7871,"['Kayo', 'Gekko', 'Skye', 'Breach']",4,277,0.9,175.4,0.78,73%,120.3,0.56,0.39,0.05,0.09,26%,24%,5/21,18,156,200,109,14,25,Champions Tour 2024 Americas Stage 2_csvs
tuyz,tuyz,LOUD,2408,"['Gekko', 'Omen', 'Jett', 'Harbor', 'Raze']",5,299,0.89,175.5,0.9,70%,117.3,0.64,0.23,0.08,0.13,27%,6%,2/34,22,190,210,70,25,38,Champions Tour 2024 Americas Stage 2_csvs
Victor,Victor,NRG,261,"['Neon', 'Clove', 'Raze', 'Jett']",4,215,0.88,214.7,0.98,67%,139.6,0.75,0.17,0.2,0.24,25%,17%,1/6,23,161,165,37,43,51,Champions Tour 2024 Americas Stage 2_csvs
liazzi,liazzi,MIBR,2567,"['Killjoy', 'Kayo', 'Breach', 'Gekko', 'Raze', 'Deadlock']",6,225,0.88,172.1,0.87,70%,115.0,0.61,0.25,0.05,0.07,32%,12%,3/26,19,138,158,57,12,16,Champions Tour 2024 Americas Stage 2_csvs
vanity,vanity,C9,7870,"['Omen', 'Viper']",2,277,0.87,177.4,0.84,66%,118.5,0.62,0.31,0.1,0.13,21%,10%,4/39,21,173,205,85,27,36,Champions Tour 2024 Americas Stage 2_csvs
saadhak,saadhak,LOUD,727,"['Neon', 'Gekko', 'Kayo', 'Breach']",4,299,0.86,192.8,0.8,69%,126.8,0.61,0.37,0.1,0.15,22%,23%,5/22,20,183,229,110,31,46,Champions Tour 2024 Americas Stage 2_csvs
NaturE,NaturE,EG,4927,"['Breach', 'Killjoy', 'Skye', 'Kayo']",4,242,0.86,163.5,0.78,72%,107.4,0.57,0.36,0.06,0.06,32%,14%,5/37,19,137,175,86,15,15,Champions Tour 2024 Americas Stage 2_csvs
Boostio,Boostio,100T,604,"['Killjoy', 'Gekko', 'Breach', 'Cypher']",4,411,0.86,187.7,0.84,70%,131.5,0.63,0.28,0.08,0.11,24%,13%,5/39,21,260,309,117,34,45,Champions Tour 2024 Americas Stage 2_csvs
runi,runi,C9,16003,"['Sova', 'Breach', 'Viper', 'Clove']",4,277,0.85,162.0,0.78,70%,107.7,0.55,0.3,0.05,0.05,32%,9%,4/43,22,151,194,83,13,15,Champions Tour 2024 Americas Stage 2_csvs
Palla,Palla,MIBR,15681,"['Jett', 'Raze']",2,183,0.83,221.1,0.85,63%,142.3,0.73,0.15,0.22,0.2,27%,18%,2/11,18,134,157,27,41,37,Champions Tour 2024 Americas Stage 2_csvs
mta,mta,KRÜ,36169,"['Cypher', 'Sova', 'Viper']",3,445,0.82,162.9,0.78,67%,111.8,0.57,0.22,0.07,0.08,33%,7%,3/44,22,255,327,100,30,34,Champions Tour 2024 Americas Stage 2_csvs
FiNESSE,FiNESSE,NRG,817,"['Cypher', 'Deadlock', 'Viper', 'Killjoy']",4,215,0.76,158.1,0.71,64%,105.5,0.54,0.28,0.08,0.04,19%,12%,3/25,18,116,163,60,17,9,Champions Tour 2024 Americas Stage 2_csvs
Apoth,Apoth,EG,5188,"['Cypher', 'Harbor', 'Brimstone']",3,242,0.73,150.6,0.68,62%,102.4,0.5,0.26,0.07,0.14,32%,16%,4/25,18,121,179,63,17,33,Champions Tour 2024 Americas Stage 2_csvs
xand,xand,FUR,681,"['Sage', 'Gekko', 'Fade', 'Kayo']",4,241,0.69,139.4,0.65,70%,94.7,0.49,0.34,0.07,0.13,29%,8%,2/25,18,119,183,83,18,32,Champions Tour 2024 Americas Stage 2_csvs
Klaus,Klaus,KRÜ,2610,"['Viper', 'Cypher']",2,47,0.66,127.0,0.59,64%,92.6,0.43,0.23,0.09,0.13,27%,0%,0/3,12,20,34,11,4,6,Champions Tour 2024 Americas Stage 2_csvs
Pa1nt,Pa1nt,MIBR,23407,"['Iso', 'Jett']",2,42,0.53,140.5,0.54,64%,101.3,0.45,0.29,0.1,0.21,24%,0%,0/1,11,19,35,12,4,9,Champions Tour 2024 Americas Stage 2_csvs
FengF,FengF,TE,4770,"['Sova', 'Raze', 'Cypher']",3,336,,253.2,1.18,,,0.84,0.29,,,,0%,,40,283,240,98,0,0,Champions Tour 2024 China Kickoff_csvs
Biank,Biank,BLG,3021,"['Sova', 'Fade', 'Skye']",3,202,,191.4,0.88,,,0.62,0.3,,,,0%,,19,126,143,61,0,0,Champions Tour 2024 China Kickoff_csvs
Nicc,Nicc,DRG,11524,"['Breach', 'Kayo', 'Gekko', 'Skye']",4,151,,195.9,1.04,,,0.71,0.44,,,,0%,,21,107,103,67,0,0,Champions Tour 2024 China Kickoff_csvs
TvirusLuke,TvirusLuke,DRG,7841,"['Neon', 'Jett', 'Raze']",3,151,,205.9,0.79,,,0.66,0.2,,,,0%,,21,99,126,30,0,0,Champions Tour 2024 China Kickoff_csvs
vo0kashu,vo0kashu,DRG,3741,"['Cypher', 'Killjoy']",2,151,,248.9,1.18,,,0.87,0.28,,,,0%,,27,132,112,42,0,0,Champions Tour 2024 China Kickoff_csvs
Dingwei,Dingwei,DRG,42513,"['Sova', 'Skye', 'Viper']",3,151,,160.1,0.77,,,0.54,0.3,,,,0%,,18,82,107,45,0,0,Champions Tour 2024 China Kickoff_csvs
nizhaoTZH,nizhaoTZH,DRG,4880,"['Omen', 'Viper', 'Brimstone']",3,151,,192.1,1.06,,,0.72,0.38,,,,0%,,22,108,102,57,0,0,Champions Tour 2024 China Kickoff_csvs
sword9,sword9,AG,3049,"['Sova', 'Kayo']",2,86,,161.0,0.75,,,0.53,0.31,,,,0%,,13,46,61,27,0,0,Champions Tour 2024 China Kickoff_csvs
bunt,bunt,AG,25949,"['Omen', 'Viper']",2,86,,240.5,1.17,,,0.87,0.34,,,,0%,,28,75,64,29,0,0,Champions Tour 2024 China Kickoff_csvs
monk,monk,AG,14431,"['Breach', 'Killjoy', 'Harbor']",3,86,,189.3,0.83,,,0.66,0.19,,,,0%,,18,57,69,16,0,0,Champions Tour 2024 China Kickoff_csvs
deLb,deLb,AG,10821,"['Raze', 'Reyna']",2,86,,188.5,0.83,,,0.64,0.17,,,,0%,,19,55,66,15,0,0,Champions Tour 2024 China Kickoff_csvs
Spitfires,Spitfires,AG,4881,"['Cypher', 'Jett', 'Killjoy']",3,86,,176.5,0.84,,,0.66,0.16,,,,0%,,21,57,68,14,0,0,Champions Tour 2024 China Kickoff_csvs
whzy,whzy,BLG,4885,"['Jett', 'Raze']",2,202,,244.8,1.15,,,0.85,0.19,,,,0%,,25,172,149,38,0,0,Champions Tour 2024 China Kickoff_csvs
Knight,Knight,BLG,4774,"['Kayo', 'Killjoy', 'Breach', 'Cypher']",4,202,,223.2,1.15,,,0.78,0.36,,,,0%,,24,157,136,72,0,0,Champions Tour 2024 China Kickoff_csvs
Abo,Abo,TEC,5011,"['Raze', 'Jett']",2,297,,197.2,0.92,,,0.69,0.15,,,,0%,,28,206,225,45,0,0,Champions Tour 2024 China Kickoff_csvs
yosemite,yosemite,BLG,6022,"['Killjoy', 'Viper', 'Cypher']",3,202,,222.3,1.2,,,0.77,0.3,,,,0%,,28,156,130,60,0,0,Champions Tour 2024 China Kickoff_csvs
B3ar,B3ar,BLG,25329,"['Omen', 'Harbor', 'Brimstone']",3,202,,132.4,0.74,,,0.47,0.44,,,,0%,,14,95,129,88,0,0,Champions Tour 2024 China Kickoff_csvs
pl1xx,pl1xx,WOL,871,"['Kayo', 'Viper', 'Yoru', 'Phoenix']",4,157,,216.0,1.04,,,0.75,0.35,,,,0%,,21,117,112,55,0,0,Champions Tour 2024 China Kickoff_csvs
Spring,Spring,WOL,14125,"['Jett', 'Omen', 'Raze']",3,157,,201.0,1.05,,,0.71,0.21,,,,0%,,26,111,106,33,0,0,Champions Tour 2024 China Kickoff_csvs
balua,balua,WOL,14441,"['Omen', 'Killjoy', 'Skye', 'Viper']",4,157,,189.1,0.99,,,0.66,0.38,,,,0%,,17,103,104,60,0,0,Champions Tour 2024 China Kickoff_csvs
coldfish,coldfish,WOL,3020,"['Sova', 'Viper']",2,157,,183.4,1.12,,,0.69,0.22,,,,0%,,21,109,97,34,0,0,Champions Tour 2024 China Kickoff_csvs
Yuicaw,Yuicaw,WOL,11218,"['Cypher', 'Raze']",2,157,,211.0,1.01,,,0.72,0.3,,,,0%,,19,113,112,47,0,0,Champions Tour 2024 China Kickoff_csvs
Haodong,Haodong,EDG,4720,"['Cypher', 'Omen', 'Viper']",3,211,,151.7,0.79,,,0.53,0.35,,,,0%,,20,111,140,74,0,0,Champions Tour 2024 China Kickoff_csvs
ZmjjKK,ZmjjKK,EDG,3520,"['Kayo', 'Jett', 'Raze']",3,211,,267.8,1.15,,,0.9,0.22,,,,0%,,30,189,164,47,0,0,Champions Tour 2024 China Kickoff_csvs
nobody,nobody,EDG,3017,"['Sova', 'Skye']",2,211,,213.2,1.09,,,0.75,0.25,,,,0%,,27,159,146,53,0,0,Champions Tour 2024 China Kickoff_csvs
CHICHOO,CHICHOO,EDG,15559,"['Brimstone', 'Viper', 'Cypher', 'Killjoy']",4,211,,211.9,1.11,,,0.76,0.23,,,,0%,,24,161,145,49,0,0,Champions Tour 2024 China Kickoff_csvs
kawaii,kawaii,TEC,4778,"['Omen', 'Brimstone', 'Viper', 'Astra']",4,297,,193.7,0.98,,,0.7,0.38,,,,0%,,30,207,211,113,0,0,Champions Tour 2024 China Kickoff_csvs
LockM,LockM,TEC,25339,"['Viper', 'Sova']",2,297,,181.6,0.86,,,0.62,0.27,,,,0%,,25,184,215,80,0,0,Champions Tour 2024 China Kickoff_csvs
Flex1n,Flex1n,TE,4705,"['Omen', 'Viper']",2,336,,205.1,1.03,,,0.71,0.39,,,,0%,,27,240,232,130,0,0,Champions Tour 2024 China Kickoff_csvs
Autumn,Autumn,FPX,872,"['Raze', 'Phoenix', 'Jett', 'Yoru']",4,250,,215.5,1.09,,,0.74,0.18,,,,0%,,25,186,170,45,0,0,Champions Tour 2024 China Kickoff_csvs
YOU,YOU,TE,4710,"['Killjoy', 'Sova', 'Skye', 'Fade']",4,336,,189.5,1.03,,,0.67,0.32,,,,0%,,24,224,218,108,0,0,Champions Tour 2024 China Kickoff_csvs
heybay,heybay,TE,4712,"['Kayo', 'Breach', 'Brimstone', 'Viper']",4,336,,190.1,1.02,,,0.66,0.44,,,,0%,,20,221,217,148,0,0,Champions Tour 2024 China Kickoff_csvs
Kai,Kai,TE,37494,"['Jett', 'Cypher', 'Killjoy']",3,336,,221.7,1.26,,,0.82,0.15,,,,0%,,31,277,220,52,0,0,Champions Tour 2024 China Kickoff_csvs
LuoK1ng,LuoK1ng,TYL,3045,['Omen'],1,81,,208.5,1.02,,,0.75,0.3,,,,0%,,23,61,60,24,0,0,Champions Tour 2024 China Kickoff_csvs
Ninebody,Ninebody,TYL,3547,"['Phoenix', 'Raze']",2,81,,232.3,1.03,,,0.78,0.38,,,,0%,,22,63,61,31,0,0,Champions Tour 2024 China Kickoff_csvs
ICEKING,ICEKING,TYL,4771,"['Cypher', 'Kayo', 'Viper']",3,81,,208.5,0.89,,,0.69,0.31,,,,0%,,23,56,63,25,0,0,Champions Tour 2024 China Kickoff_csvs
AAK,AAK,TYL,4773,"['Jett', 'Cypher']",2,81,,173.0,0.83,,,0.67,0.19,,,,0%,,19,54,65,15,0,0,Champions Tour 2024 China Kickoff_csvs
zjc,zjc,TYL,7135,"['Sova', 'Gekko', 'Skye']",3,81,,152.5,0.62,,,0.51,0.26,,,,0%,,13,41,66,21,0,0,Champions Tour 2024 China Kickoff_csvs
AAAAY,AAAAY,FPX,19530,"['Gekko', 'Sova', 'Fade', 'Breach']",4,250,,216.6,1.16,,,0.8,0.2,,,,0%,,26,201,174,51,0,0,Champions Tour 2024 China Kickoff_csvs
BerLIN,BerLIN,FPX,7857,"['Omen', 'Harbor', 'Astra']",3,250,,185.8,1.0,,,0.66,0.34,,,,0%,,26,165,165,84,0,0,Champions Tour 2024 China Kickoff_csvs
Lysoar,Lysoar,FPX,37489,"['Viper', 'Cypher']",2,250,,169.4,0.92,,,0.59,0.25,,,,0%,,20,147,159,63,0,0,Champions Tour 2024 China Kickoff_csvs
Life,Life,FPX,3028,"['Chamber', 'Yoru', 'Jett', 'Reyna']",4,250,,235.5,1.14,,,0.84,0.17,,,,0%,,28,209,184,43,0,0,Champions Tour 2024 China Kickoff_csvs
Rb,Rb,TEC,488,"['Fade', 'Cypher', 'Killjoy', 'Raze']",4,297,,233.9,1.2,,,0.84,0.24,,,,0%,,29,250,209,70,0,0,Champions Tour 2024 China Kickoff_csvs
PangH,PangH,NOVA,4727,"['Killjoy', 'Jett', 'Raze']",3,124,,156.3,0.69,,,0.54,0.13,,,,0%,,25,67,97,16,0,0,Champions Tour 2024 China Kickoff_csvs
o0o0o,o0o0o,NOVA,4402,"['Raze', 'Breach', 'Viper']",3,124,,186.7,0.87,,,0.69,0.27,,,,0%,,23,86,99,34,0,0,Champions Tour 2024 China Kickoff_csvs
OBONE,OBONE,NOVA,36670,['Omen'],1,124,,162.8,0.75,,,0.56,0.34,,,,0%,,18,70,93,42,0,0,Champions Tour 2024 China Kickoff_csvs
CB,CB,NOVA,39697,"['Breach', 'Fade', 'Sova', 'Skye']",4,124,,173.7,0.73,,,0.56,0.38,,,,0%,,17,69,94,47,0,0,Champions Tour 2024 China Kickoff_csvs
GuanG,GuanG,NOVA,41054,"['Jett', 'Neon', 'Killjoy']",3,124,,243.3,1.03,,,0.82,0.22,,,,0%,,29,102,99,27,0,0,Champions Tour 2024 China Kickoff_csvs
stew,stew,JDG,16924,"['Raze', 'Jett']",2,163,,265.9,1.32,,,0.93,0.18,,,,0%,,35,152,115,30,0,0,Champions Tour 2024 China Kickoff_csvs
Viva,Viva,JDG,36415,"['Viper', 'Sova']",2,163,,214.1,1.21,,,0.75,0.23,,,,0%,,22,122,101,38,0,0,Champions Tour 2024 China Kickoff_csvs
jkuro,jkuro,JDG,3519,"['Fade', 'Skye', 'Viper', 'Cypher']",4,163,,180.6,0.87,,,0.64,0.23,,,,0%,,21,104,120,38,0,0,Champions Tour 2024 China Kickoff_csvs
YiHao,YiHao,JDG,4320,"['Astra', 'Brimstone', 'Harbor', 'Omen']",4,163,,155.9,0.82,,,0.56,0.35,,,,0%,,22,91,111,57,0,0,Champions Tour 2024 China Kickoff_csvs
MarT1n,MarT1n,JDG,36668,"['Killjoy', 'Viper']",2,163,,199.1,0.93,,,0.67,0.13,,,,0%,,22,109,117,22,0,0,Champions Tour 2024 China Kickoff_csvs
QiuYe,QiuYe,TEC,19531,"['Killjoy', 'Skye', 'Harbor', 'Kayo']",4,297,,166.4,0.74,,,0.57,0.3,,,,0%,,23,170,229,90,0,0,Champions Tour 2024 China Kickoff_csvs
Smoggy,Smoggy,EDG,4742,"['Raze', 'Breach', 'Kayo']",3,211,,188.2,0.99,,,0.66,0.46,,,,0%,,20,139,140,97,0,0,Champions Tour 2024 China Kickoff_csvs
whzy,whzy,BLG,4885,"['Yoru', 'Jett', 'Raze']",3,304,,246.8,1.14,,,0.86,0.21,,,,0%,,24,261,228,63,0,0,Champions Tour 2024 China Stage 1_csvs
CB,CB,NOVA,39697,"['Fade', 'Sova', 'Skye', 'Gekko']",4,337,,205.7,0.96,,,0.69,0.31,,,,0%,,24,232,242,104,0,0,Champions Tour 2024 China Stage 1_csvs
nobody,nobody,EDG,3017,"['Sova', 'Skye', 'Gekko', 'Sage']",4,538,,202.8,1.1,,,0.74,0.28,,,,0%,,28,396,359,149,0,0,Champions Tour 2024 China Stage 1_csvs
CHICHOO,CHICHOO,EDG,15559,"['Killjoy', 'Brimstone', 'Viper', 'Cypher', 'Reyna']",5,538,,193.3,1.12,,,0.72,0.24,,,,0%,,26,387,347,130,0,0,Champions Tour 2024 China Stage 1_csvs
Smoggy,Smoggy,EDG,4742,"['Jett', 'Raze', 'Omen', 'Brimstone', 'Viper']",5,538,,202.0,1.2,,,0.74,0.36,,,,0%,,24,398,333,191,0,0,Champions Tour 2024 China Stage 1_csvs
stew,stew,JDG,16924,"['Jett', 'Raze']",2,267,,206.0,0.98,,,0.72,0.21,,,,0%,,22,191,195,55,0,0,Champions Tour 2024 China Stage 1_csvs
Viva,Viva,JDG,36415,"['Sova', 'Skye', 'Jett', 'Viper']",4,267,,216.5,1.16,,,0.75,0.28,,,,0%,,23,201,173,76,0,0,Champions Tour 2024 China Stage 1_csvs
YHchen,YHchen,JDG,10486,"['Kayo', 'Gekko', 'Skye', 'Cypher', 'Harbor', 'Fade']",6,267,,180.8,0.88,,,0.62,0.36,,,,0%,,19,165,188,97,0,0,Champions Tour 2024 China Stage 1_csvs
YiHao,YiHao,JDG,4320,"['Omen', 'Brimstone']",2,124,,159.7,0.84,,,0.55,0.47,,,,0%,,16,68,81,58,0,0,Champions Tour 2024 China Stage 1_csvs
MarT1n,MarT1n,JDG,36668,"['Killjoy', 'Viper']",2,267,,194.7,0.94,,,0.66,0.24,,,,0%,,21,176,187,64,0,0,Champions Tour 2024 China Stage 1_csvs
SWERL,SWERL,NOVA,1209,"['Raze', 'Jett', 'Killjoy', 'Omen']",4,337,,241.7,1.09,,,0.82,0.24,,,,0%,,28,277,253,81,0,0,Champions Tour 2024 China Stage 1_csvs
o0o0o,o0o0o,NOVA,4402,"['Viper', 'Breach', 'Kayo']",3,337,,159.3,0.74,,,0.54,0.34,,,,0%,,19,183,246,113,0,0,Champions Tour 2024 China Stage 1_csvs
OBONE,OBONE,NOVA,36670,"['Omen', 'Viper', 'Astra']",3,264,,168.8,0.86,,,0.61,0.32,,,,0%,,20,160,185,85,0,0,Champions Tour 2024 China Stage 1_csvs
GuanG,GuanG,NOVA,41054,"['Killjoy', 'Neon', 'Gekko', 'Cypher', 'Chamber', 'Jett', 'Sage']",7,337,,187.3,1.0,,,0.69,0.16,,,,0%,,30,233,234,55,0,0,Champions Tour 2024 China Stage 1_csvs
Haodong,Haodong,EDG,4720,"['Omen', 'Cypher', 'Gekko', 'Kayo', 'Breach']",5,538,,158.2,0.83,,,0.56,0.36,,,,0%,,20,299,359,193,0,0,Champions Tour 2024 China Stage 1_csvs
FengF,FengF,TE,4770,"['Raze', 'Sova', 'Cypher']",3,391,,243.5,1.16,,,0.83,0.19,,,,0%,,24,323,278,76,0,0,Champions Tour 2024 China Stage 1_csvs
LuoK1ng,LuoK1ng,TE,3045,"['Omen', 'Viper']",2,391,,193.8,0.93,,,0.67,0.38,,,,0%,,21,261,280,148,0,0,Champions Tour 2024 China Stage 1_csvs
YOU,YOU,TE,4710,"['Fade', 'Killjoy', 'Skye', 'Sova']",4,391,,184.2,0.97,,,0.65,0.3,,,,0%,,21,254,262,119,0,0,Champions Tour 2024 China Stage 1_csvs
heybay,heybay,TE,4712,"['Viper', 'Kayo', 'Yoru', 'Brimstone', 'Breach']",5,391,,186.0,0.9,,,0.64,0.38,,,,0%,,22,250,279,148,0,0,Champions Tour 2024 China Stage 1_csvs
Kai,Kai,TE,37494,"['Killjoy', 'Jett', 'Cypher', 'Gekko']",4,391,,207.5,1.12,,,0.76,0.21,,,,0%,,25,299,268,81,0,0,Champions Tour 2024 China Stage 1_csvs
AAAAY,AAAAY,FPX,19530,"['Fade', 'Gekko', 'Astra', 'Sova']",4,412,,197.1,1.12,,,0.74,0.23,,,,0%,,23,305,272,95,0,0,Champions Tour 2024 China Stage 1_csvs
BerLIN,BerLIN,FPX,7857,"['Omen', 'Astra', 'Sova', 'Kayo', 'Harbor']",5,412,,184.9,0.89,,,0.61,0.39,,,,0%,,27,252,283,162,0,0,Champions Tour 2024 China Stage 1_csvs
Lysoar,Lysoar,FPX,37489,"['Killjoy', 'Omen', 'Viper', 'Brimstone', 'Cypher']",5,412,,214.9,1.35,,,0.81,0.29,,,,0%,,29,332,246,118,0,0,Champions Tour 2024 China Stage 1_csvs
Autumn,Autumn,FPX,872,"['Viper', 'Yoru', 'Jett', 'Kayo', 'Harbor']",5,412,,214.2,1.18,,,0.76,0.32,,,,0%,,21,315,267,132,0,0,Champions Tour 2024 China Stage 1_csvs
Life,Life,FPX,3028,"['Yoru', 'Raze', 'Jett', 'Reyna', 'Clove']",5,412,,246.3,1.11,,,0.84,0.25,,,,0%,,28,345,311,105,0,0,Champions Tour 2024 China Stage 1_csvs
jkuro,jkuro,JDG,3519,"['Yoru', 'Harbor', 'Brimstone', 'Omen']",4,143,,218.6,1.2,,,0.84,0.3,,,,0%,,24,120,100,43,0,0,Champions Tour 2024 China Stage 1_csvs
Levius,Levius,BLG,40845,"['Fade', 'Skye', 'Killjoy', 'Sova']",4,142,,149.9,0.75,,,0.54,0.24,,,,0%,,18,76,102,34,0,0,Champions Tour 2024 China Stage 1_csvs
ZmjjKK,ZmjjKK,EDG,3520,"['Kayo', 'Raze', 'Jett']",3,538,,282.7,1.35,,,0.98,0.24,,,,0%,,30,529,391,127,0,0,Champions Tour 2024 China Stage 1_csvs
Spitfires,Spitfires,AG,4881,"['Raze', 'Cypher']",2,313,,215.4,0.99,,,0.75,0.15,,,,0%,,27,235,238,48,0,0,Champions Tour 2024 China Stage 1_csvs
Biank,Biank,BLG,3021,"['Gekko', 'Sova', 'Fade', 'Skye', 'Omen', 'Brimstone', 'Harbor']",7,304,,173.0,0.86,,,0.59,0.41,,,,0%,,27,178,208,124,0,0,Champions Tour 2024 China Stage 1_csvs
Yuicaw,Yuicaw,WOL,11218,"['Cypher', 'Yoru', 'Gekko', 'Jett']",4,302,,213.4,1.02,,,0.76,0.19,,,,0%,,30,231,227,58,0,0,Champions Tour 2024 China Stage 1_csvs
Knight,Knight,BLG,4774,"['Cypher', 'Killjoy', 'Omen', 'Gekko', 'Breach', 'Harbor', 'Reyna']",7,304,,197.3,1.05,,,0.7,0.22,,,,0%,,22,213,203,68,0,0,Champions Tour 2024 China Stage 1_csvs
yosemite,yosemite,BLG,6022,"['Viper', 'Cypher']",2,304,,209.7,1.08,,,0.73,0.27,,,,0%,,25,223,207,82,0,0,Champions Tour 2024 China Stage 1_csvs
B3ar,B3ar,BLG,25329,"['Brimstone', 'Harbor', 'Omen', 'Viper']",4,162,,137.6,0.72,,,0.48,0.4,,,,0%,,12,77,107,64,0,0,Champions Tour 2024 China Stage 1_csvs
Eren,Eren,TYL,14444,"['Viper', 'Reyna', 'Sova', 'Killjoy', 'Yoru']",5,255,,200.4,0.95,,,0.68,0.24,,,,0%,,23,174,184,60,0,0,Champions Tour 2024 China Stage 1_csvs
ICEKING,ICEKING,TYL,4771,"['Skye', 'Killjoy', 'Fade', 'Breach', 'Kayo', 'Astra']",6,255,,158.5,0.75,,,0.55,0.4,,,,0%,,17,141,188,101,0,0,Champions Tour 2024 China Stage 1_csvs
AAK,AAK,TYL,4773,"['Raze', 'Jett']",2,255,,228.8,1.12,,,0.8,0.18,,,,0%,,24,205,183,45,0,0,Champions Tour 2024 China Stage 1_csvs
Flex1n,Flex1n,TYL,4705,"['Brimstone', 'Viper', 'Omen']",3,255,,192.9,1.04,,,0.66,0.42,,,,0%,,22,168,161,106,0,0,Champions Tour 2024 China Stage 1_csvs
zjc,zjc,TYL,7135,"['Cypher', 'Gekko', 'Killjoy', 'Sova']",4,255,,220.6,1.18,,,0.78,0.23,,,,0%,,20,199,168,58,0,0,Champions Tour 2024 China Stage 1_csvs
pl1xx,pl1xx,WOL,871,"['Skye', 'Fade', 'Kayo', 'Cypher', 'Sova', 'Omen']",6,302,,154.3,0.74,,,0.54,0.37,,,,0%,,20,163,221,112,0,0,Champions Tour 2024 China Stage 1_csvs
Spring,Spring,WOL,14125,"['Raze', 'Jett']",2,302,,205.8,0.99,,,0.74,0.14,,,,0%,,25,222,224,42,0,0,Champions Tour 2024 China Stage 1_csvs
balua,balua,WOL,14441,"['Omen', 'Viper', 'Killjoy', 'Cypher']",4,302,,197.6,0.91,,,0.7,0.34,,,,0%,,31,211,233,103,0,0,Champions Tour 2024 China Stage 1_csvs
coldfish,coldfish,WOL,3020,"['Viper', 'Sova', 'Cypher']",3,302,,188.9,0.88,,,0.61,0.33,,,,0%,,24,183,209,101,0,0,Champions Tour 2024 China Stage 1_csvs
Rb,Rb,TEC,488,"['Raze', 'Cypher', 'Yoru', 'Kayo', 'Gekko', 'Breach', 'Viper']",7,260,,219.1,1.08,,,0.77,0.28,,,,0%,,33,201,186,73,0,0,Champions Tour 2024 China Stage 1_csvs
deLb,deLb,AG,10821,"['Killjoy', 'Cypher', 'Yoru', 'Viper']",4,313,,222.1,1.15,,,0.79,0.2,,,,0%,,27,247,214,64,0,0,Champions Tour 2024 China Stage 1_csvs
AC,AC,TEC,14445,"['Omen', 'Viper', 'Killjoy']",3,260,,193.6,1.0,,,0.7,0.29,,,,0%,,22,182,182,76,0,0,Champions Tour 2024 China Stage 1_csvs
Abo,Abo,TEC,5011,"['Viper', 'Raze', 'Jett', 'Gekko']",4,260,,201.2,0.83,,,0.68,0.22,,,,0%,,20,177,212,56,0,0,Champions Tour 2024 China Stage 1_csvs
kawaii,kawaii,TEC,4778,"['Cypher', 'Brimstone', 'Killjoy', 'Reyna']",4,260,,175.4,0.84,,,0.61,0.22,,,,0%,,24,158,187,56,0,0,Champions Tour 2024 China Stage 1_csvs
LockM,LockM,TEC,25339,"['Skye', 'Fade', 'Sova']",3,260,,158.5,0.76,,,0.56,0.28,,,,0%,,19,146,192,73,0,0,Champions Tour 2024 China Stage 1_csvs
Nicc,Nicc,DRG,11524,"['Sova', 'Breach', 'Kayo', 'Skye']",4,549,,186.7,1.03,,,0.68,0.39,,,,0%,,21,372,362,212,0,0,Champions Tour 2024 China Stage 1_csvs
TvirusLuke,TvirusLuke,DRG,7841,"['Jett', 'Yoru', 'Raze']",3,549,,212.9,0.87,,,0.7,0.2,,,,0%,,25,386,442,109,0,0,Champions Tour 2024 China Stage 1_csvs
vo0kashu,vo0kashu,DRG,3741,"['Killjoy', 'Cypher']",2,549,,231.6,1.19,,,0.85,0.2,,,,0%,,30,467,392,111,0,0,Champions Tour 2024 China Stage 1_csvs
Shion7,Shion7,DRG,41774,"['Harbor', 'Sova', 'Omen', 'Viper']",4,549,,183.7,0.85,,,0.63,0.32,,,,0%,,24,347,408,178,0,0,Champions Tour 2024 China Stage 1_csvs
nizhaoTZH,nizhaoTZH,DRG,4880,"['Viper', 'Omen', 'Brimstone']",3,549,,179.9,0.95,,,0.64,0.32,,,,0%,,21,351,371,176,0,0,Champions Tour 2024 China Stage 1_csvs
sword9,sword9,AG,3049,"['Kayo', 'Sova', 'Fade', 'Gekko', 'Breach']",5,313,,159.9,0.74,,,0.53,0.4,,,,0%,,17,167,226,126,0,0,Champions Tour 2024 China Stage 1_csvs
bunt,bunt,AG,25949,"['Viper', 'Omen', 'Brimstone', 'Astra']",4,313,,189.9,1.02,,,0.69,0.33,,,,0%,,24,217,212,103,0,0,Champions Tour 2024 China Stage 1_csvs
monk,monk,AG,14431,"['Harbor', 'Breach', 'Viper', 'Skye']",4,313,,185.8,0.89,,,0.65,0.34,,,,0%,,24,203,227,106,0,0,Champions Tour 2024 China Stage 1_csvs
PangH,PangH,NOVA,4727,['Omen'],1,73,,180.0,0.72,,,0.56,0.34,,,,0%,,18,41,57,25,0,0,Champions Tour 2024 China Stage 1_csvs
Abo,Abo,TEC,5011,"['Jett', 'Viper', 'Fade', 'Chamber', 'Cypher']",5,269,,212.5,1.07,,141.5,0.77,0.19,0.16,0.17,,0%,,28,208,194,52,42,46,Champions Tour 2024 China Stage 2_csvs
Autumn,Autumn,FPX,872,"['Cypher', 'Viper', 'Yoru', 'Kayo', 'Clove']",5,599,,201.6,1.02,,135.1,0.72,0.25,0.1,0.06,,0%,,28,430,420,149,59,36,Champions Tour 2024 China Stage 2_csvs
vo0kashu,vo0kashu,DRG,3741,"['Cypher', 'Omen', 'Sova']",3,193,,252.0,1.33,,162.8,0.93,0.27,0.15,0.06,,0%,,30,180,135,52,28,12,Champions Tour 2024 China Stage 2_csvs
Shion7,Shion7,DRG,41774,"['Sova', 'Killjoy']",2,193,,181.9,0.8,,126.8,0.62,0.17,0.07,0.12,,0%,,19,119,148,32,13,24,Champions Tour 2024 China Stage 2_csvs
nizhaoTZH,nizhaoTZH,DRG,4880,"['Omen', 'Viper']",2,193,,155.3,0.78,,103.0,0.54,0.47,0.04,0.08,,0%,,20,105,135,91,8,15,Champions Tour 2024 China Stage 2_csvs
o0o0o,o0o0o,NOVA,4402,"['Kayo', 'Viper', 'Breach']",3,230,,158.8,0.73,,106.9,0.54,0.46,0.06,0.09,,0%,,20,124,169,105,14,21,Champions Tour 2024 China Stage 2_csvs
Ezeir,Ezeir,NOVA,46460,"['Omen', 'Astra', 'Viper']",3,230,,184.0,0.93,,118.1,0.64,0.35,0.05,0.09,,0%,,21,147,158,81,12,20,Champions Tour 2024 China Stage 2_csvs
CB,CB,NOVA,39697,"['Sova', 'Fade', 'Phoenix', 'Skye', 'Gekko']",5,230,,187.3,0.95,,130.4,0.66,0.32,0.07,0.12,,0%,,26,151,159,74,16,27,Champions Tour 2024 China Stage 2_csvs
GuanG,GuanG,NOVA,41054,"['Cypher', 'Killjoy', 'Chamber', 'Sage', 'Gekko']",5,230,,209.0,1.1,,146.3,0.78,0.23,0.13,0.08,,0%,,28,179,162,52,30,18,Champions Tour 2024 China Stage 2_csvs
SWERL,SWERL,NOVA,1209,"['Jett', 'Raze']",2,230,,222.6,0.97,,143.5,0.77,0.16,0.13,0.19,,0%,,22,176,182,36,30,44,Champions Tour 2024 China Stage 2_csvs
AAAAY,AAAAY,FPX,19530,"['Breach', 'Gekko', 'Sova', 'Kayo', 'Fade']",5,599,,192.1,1.03,,130.1,0.7,0.32,0.06,0.06,,0%,,23,417,404,192,33,34,Champions Tour 2024 China Stage 2_csvs
BerLIN,BerLIN,FPX,7857,"['Kayo', 'Astra', 'Viper', 'Omen', 'Sova']",5,599,,186.7,0.89,,124.8,0.63,0.39,0.08,0.11,,0%,,19,375,421,236,50,66,Champions Tour 2024 China Stage 2_csvs
Lysoar,Lysoar,FPX,37489,"['Omen', 'Killjoy', 'Cypher', 'Brimstone']",4,599,,196.6,1.03,,129.3,0.68,0.37,0.05,0.05,,0%,,25,408,398,220,32,30,Champions Tour 2024 China Stage 2_csvs
Life,Life,FPX,3028,"['Jett', 'Raze', 'Yoru']",3,599,,217.7,1.0,,136.3,0.75,0.14,0.22,0.22,,0%,,26,450,449,82,129,130,Champions Tour 2024 China Stage 2_csvs
Nicc,Nicc,DRG,11524,"['Kayo', 'Fade', 'Breach']",3,193,,172.1,0.84,,116.2,0.59,0.49,0.04,0.11,,0%,,18,114,136,94,7,21,Champions Tour 2024 China Stage 2_csvs
FengF,FengF,TE,4770,"['Killjoy', 'Raze']",2,493,,217.4,1.09,,150.5,0.77,0.18,0.14,0.12,,0%,,30,382,350,91,69,61,Champions Tour 2024 China Stage 2_csvs
heybay,heybay,TE,4712,"['Breach', 'Viper', 'Brimstone', 'Kayo', 'Deadlock']",5,493,,166.2,0.83,,108.5,0.58,0.43,0.06,0.06,,0%,,25,288,345,214,30,28,Champions Tour 2024 China Stage 2_csvs
Kai,Kai,TE,37494,"['Jett', 'Killjoy', 'Cypher', 'Yoru']",4,493,,220.1,1.12,,142.4,0.81,0.19,0.15,0.13,,0%,,28,399,355,94,75,62,Champions Tour 2024 China Stage 2_csvs
LuoK1ng,LuoK1ng,TE,3045,"['Omen', 'Viper', 'Brimstone']",3,493,,179.3,0.91,,113.3,0.64,0.38,0.06,0.07,,0%,,22,316,348,185,29,34,Champions Tour 2024 China Stage 2_csvs
Biank,Biank,TE,3021,"['Sova', 'Fade', 'Skye', 'Kayo']",4,493,,198.8,0.93,,125.9,0.68,0.31,0.1,0.12,,0%,,22,333,359,155,48,57,Champions Tour 2024 China Stage 2_csvs
Haodong,Haodong,EDG,4720,"['Cypher', 'Fade', 'Kayo']",3,66,,123.3,0.53,,82.1,0.39,0.38,0.06,0.12,,0%,,11,26,49,25,4,8,Champions Tour 2024 China Stage 2_csvs
ZmjjKK,ZmjjKK,EDG,3520,"['Raze', 'Jett', 'Neon', 'Omen', 'Yoru']",5,394,,259.4,1.25,,162.8,0.91,0.22,0.21,0.19,,0%,,30,359,288,88,82,74,Champions Tour 2024 China Stage 2_csvs
nobody,nobody,EDG,3017,"['Skye', 'Sova', 'Gekko', 'Fade']",4,394,,203.2,0.99,,136.3,0.7,0.32,0.1,0.11,,0%,,21,274,278,128,38,42,Champions Tour 2024 China Stage 2_csvs
CHICHOO,CHICHOO,EDG,15559,"['Viper', 'Brimstone', 'Killjoy', 'Omen', 'Cypher']",5,394,,203.6,1.16,,131.6,0.75,0.28,0.05,0.06,,0%,,21,295,254,110,19,23,Champions Tour 2024 China Stage 2_csvs
Smoggy,Smoggy,EDG,4742,"['Omen', 'Raze', 'Viper', 'Chamber', 'Clove', 'Jett', 'Brimstone']",7,394,,201.1,1.09,,135.2,0.71,0.31,0.08,0.11,,0%,,21,279,257,122,33,42,Champions Tour 2024 China Stage 2_csvs
Eren,Eren,TYL,14444,"['Viper', 'Neon', 'Killjoy', 'Gekko', 'Cypher']",5,209,,194.8,0.96,,132.4,0.72,0.19,0.06,0.1,,0%,,21,150,157,40,13,21,Champions Tour 2024 China Stage 2_csvs
S1Mon,S1Mon,EDG,13768,"['Breach', 'Fade', 'Kayo', 'Gekko']",4,328,,173.4,1.0,,115.6,0.64,0.41,0.04,0.05,,0%,,20,210,211,135,13,16,Champions Tour 2024 China Stage 2_csvs
TvirusLuke,TvirusLuke,DRG,7841,"['Jett', 'Neon']",2,193,,225.6,0.9,,146.7,0.73,0.26,0.2,0.14,,0%,,24,140,156,50,38,27,Champions Tour 2024 China Stage 2_csvs
SiuFatBB,SiuFatBB,WOL,7849,"['Breach', 'Gekko', 'Viper', 'Sova']",4,197,,160.9,0.98,,107.4,0.58,0.35,0.04,0.04,,0%,,18,114,116,68,7,8,Champions Tour 2024 China Stage 2_csvs
kawaii,kawaii,TEC,4778,"['Killjoy', 'Cypher']",2,92,,172.8,0.86,,121.4,0.61,0.17,0.07,0.07,,0%,,18,56,65,16,6,6,Champions Tour 2024 China Stage 2_csvs
sword9,sword9,AG,3049,"['Gekko', 'Sova', 'Fade']",3,263,,185.8,0.92,,119.9,0.64,0.26,0.06,0.11,,0%,,18,169,184,68,15,29,Champions Tour 2024 China Stage 2_csvs
LockM,LockM,TEC,25339,"['Sova', 'Fade', 'Breach', 'Viper', 'Brimstone']",5,269,,163.2,0.83,,110.8,0.56,0.32,0.04,0.06,,0%,,20,150,180,86,10,16,Champions Tour 2024 China Stage 2_csvs
Rb,Rb,TEC,488,"['Kayo', 'Raze', 'Neon', 'Harbor', 'Killjoy']",5,269,,227.7,0.99,,147.3,0.78,0.23,0.13,0.18,,0%,,30,211,214,63,35,49,Champions Tour 2024 China Stage 2_csvs
AC,AC,TEC,14445,"['Viper', 'Omen', 'Brimstone']",3,269,,210.2,1.08,,133.4,0.74,0.43,0.06,0.07,,0%,,21,199,185,117,16,19,Champions Tour 2024 China Stage 2_csvs
stew,stew,JDG,16924,"['Jett', 'Raze', 'Neon']",3,267,,230.5,1.36,,151.8,0.85,0.13,0.16,0.15,,0%,,27,226,166,34,42,41,Champions Tour 2024 China Stage 2_csvs
Viva,Viva,JDG,36415,"['Viper', 'Sova', 'Gekko', 'Breach']",4,267,,218.2,1.31,,140.0,0.77,0.28,0.09,0.06,,0%,,21,206,157,76,25,15,Champions Tour 2024 China Stage 2_csvs
jkuro,jkuro,JDG,3519,"['Killjoy', 'Cypher']",2,267,,175.7,0.86,,119.8,0.62,0.23,0.12,0.1,,0%,,22,166,192,61,31,28,Champions Tour 2024 China Stage 2_csvs
Z1yan,Z1yan,JDG,41029,"['Kayo', 'Omen', 'Viper', 'Deadlock']",4,267,,212.2,1.09,,136.6,0.75,0.37,0.09,0.07,,0%,,22,200,184,99,25,19,Champions Tour 2024 China Stage 2_csvs
YHchen,YHchen,JDG,10486,"['Deadlock', 'Fade', 'Omen', 'Astra']",4,267,,203.2,1.02,,127.9,0.69,0.37,0.08,0.07,,0%,,19,183,179,99,21,20,Champions Tour 2024 China Stage 2_csvs
bunt,bunt,AG,25949,"['Omen', 'Viper']",2,263,,182.0,0.96,,117.6,0.65,0.34,0.09,0.07,,0%,,20,171,179,90,23,18,Champions Tour 2024 China Stage 2_csvs
monk,monk,AG,14431,"['Breach', 'Kayo', 'Deadlock']",3,263,,194.5,0.88,,125.9,0.66,0.51,0.07,0.05,,0%,,22,173,196,133,18,13,Champions Tour 2024 China Stage 2_csvs
deLb,deLb,AG,10821,"['Cypher', 'Killjoy']",2,263,,182.0,1.01,,122.3,0.68,0.17,0.06,0.06,,0%,,22,179,177,46,16,15,Champions Tour 2024 China Stage 2_csvs
Spitfires,Spitfires,AG,4881,"['Raze', 'Jett']",2,263,,229.1,1.03,,149.0,0.8,0.14,0.25,0.18,,0%,,25,210,203,37,67,48,Champions Tour 2024 China Stage 2_csvs
Ninebody,Ninebody,TYL,3547,"['Gekko', 'Jett', 'Raze', 'Brimstone']",4,249,,251.6,1.19,,165.3,0.87,0.24,0.21,0.15,,0%,,26,217,183,59,53,37,Champions Tour 2024 China Stage 2_csvs
Yuicaw,Yuicaw,WOL,11218,"['Gekko', 'Brimstone', 'Cypher', 'Jett']",4,197,,254.0,1.29,,167.5,0.92,0.38,0.14,0.07,,0%,,28,181,140,74,27,14,Champions Tour 2024 China Stage 2_csvs
AAK,AAK,TYL,4773,['Viper'],1,40,,162.5,0.68,,109.0,0.53,0.18,0.05,0.13,,0%,,14,21,31,7,2,5,Champions Tour 2024 China Stage 2_csvs
Scales,Scales,TYL,39485,"['Kayo', 'Skye', 'Breach', 'Viper']",4,249,,164.7,0.77,,109.4,0.56,0.51,0.08,0.09,,0%,,21,140,182,126,19,22,Champions Tour 2024 China Stage 2_csvs
zjc,zjc,TYL,7135,"['Sage', 'Killjoy', 'Cypher', 'Sova', 'Skye', 'Omen']",6,249,,186.2,0.93,,131.1,0.65,0.23,0.07,0.11,,0%,,22,163,176,58,17,27,Champions Tour 2024 China Stage 2_csvs
coldfish,coldfish,TYL,3020,"['Omen', 'Sova', 'Brimstone', 'Viper']",4,249,,182.3,0.93,,118.9,0.65,0.31,0.08,0.05,,0%,,20,161,174,77,19,12,Champions Tour 2024 China Stage 2_csvs
whzy,whzy,BLG,4885,"['Chamber', 'Raze', 'Jett']",3,370,,225.5,1.06,,146.2,0.8,0.21,0.21,0.17,,0%,,26,296,278,77,77,63,Champions Tour 2024 China Stage 2_csvs
Knight,Knight,BLG,4774,"['Sage', 'Cypher', 'Sova', 'Breach', 'Killjoy']",5,370,,197.6,1.0,,132.2,0.68,0.41,0.07,0.07,,0%,,23,251,252,150,26,27,Champions Tour 2024 China Stage 2_csvs
yosemite,yosemite,BLG,6022,"['Raze', 'Viper', 'Killjoy', 'Cypher']",4,370,,206.0,0.99,,140.0,0.71,0.29,0.09,0.09,,0%,,31,263,265,108,32,33,Champions Tour 2024 China Stage 2_csvs
Flex1n,Flex1n,BLG,4705,"['Omen', 'Brimstone', 'Harbor', 'Viper']",4,370,,187.1,1.05,,118.0,0.65,0.5,0.06,0.08,,0%,,23,241,229,185,22,31,Champions Tour 2024 China Stage 2_csvs
nephh,nephh,BLG,10698,"['Gekko', 'Skye', 'Kayo', 'Fade', 'Sova', 'Breach']",6,370,,202.5,0.97,,128.5,0.7,0.46,0.09,0.07,,0%,,23,259,266,170,33,26,Champions Tour 2024 China Stage 2_csvs
pl1xx,pl1xx,WOL,871,"['Sage', 'Fade', 'Yoru', 'Kayo']",4,197,,194.9,0.94,,127.7,0.66,0.4,0.07,0.07,,0%,,18,130,139,79,14,13,Champions Tour 2024 China Stage 2_csvs
Spring,Spring,WOL,14125,"['Raze', 'Jett', 'Killjoy']",3,197,,233.7,1.01,,157.0,0.79,0.23,0.21,0.23,,0%,,25,155,153,45,42,45,Champions Tour 2024 China Stage 2_csvs
balua,balua,WOL,14441,"['Omen', 'Viper', 'Killjoy']",3,197,,189.4,1.0,,121.5,0.7,0.24,0.08,0.06,,0%,,23,137,137,48,15,12,Champions Tour 2024 China Stage 2_csvs
B1ack,B1ack,TEC,30526,"['Skye', 'Kayo', 'Breach']",3,177,,194.5,1.02,,118.2,0.68,0.41,0.07,0.06,,0%,,19,121,119,73,12,11,Champions Tour 2024 China Stage 2_csvs
AtaKaptan,AtaKaptan,FUT,6510,"['Breach', 'Omen', 'Viper']",3,182,1.24,216.9,1.23,76%,140.5,0.77,0.51,0.04,0.07,30%,17%,4/23,30,140,114,92,7,13,Champions Tour 2024 EMEA Kickoff_csvs
N4RRATE,N4RRATE,KC,36245,"['Raze', 'Gekko', 'Fade', 'Reyna']",4,383,1.23,249.9,1.27,78%,166.2,0.89,0.33,0.12,0.08,26%,15%,5/33,40,342,269,125,47,31,Champions Tour 2024 EMEA Kickoff_csvs
Cloud,Cloud,GX,4181,"['Breach', 'Fade', 'Skye', 'Sova']",4,124,1.21,241.3,1.17,71%,155.6,0.84,0.36,0.08,0.06,30%,13%,2/16,22,104,89,45,10,8,Champions Tour 2024 EMEA Kickoff_csvs
Zyppan,Zyppan,NAVI,11,"['Raze', 'Kayo', 'Sova', 'Breach']",4,146,1.18,237.1,1.23,72%,156.5,0.86,0.32,0.1,0.08,34%,0%,0/12,25,125,102,47,15,11,Champions Tour 2024 EMEA Kickoff_csvs
MiniBoo,MiniBoo,TH,18350,"['Neon', 'Yoru', 'Raze']",3,208,1.18,254.7,1.22,69%,165.1,0.88,0.19,0.22,0.17,28%,40%,6/15,25,184,151,39,45,36,Champions Tour 2024 EMEA Kickoff_csvs
ardiis,ardiis,NAVI,98,"['Kayo', 'Jett', 'Yoru', 'Breach', 'Chamber']",5,146,1.18,246.0,1.25,74%,155.8,0.9,0.28,0.14,0.1,21%,20%,4/20,28,132,106,41,21,15,Champions Tour 2024 EMEA Kickoff_csvs
Sayf,Sayf,VIT,312,"['Viper', 'Omen', 'Kayo', 'Cypher']",4,238,1.17,209.2,1.22,68%,137.3,0.77,0.28,0.11,0.08,37%,14%,5/37,27,183,150,67,26,19,Champions Tour 2024 EMEA Kickoff_csvs
Chronicle,Chronicle,FNC,458,"['Viper', 'Kayo', 'Breach']",3,88,1.17,218.0,1.2,76%,140.4,0.74,0.57,0.09,0.05,22%,42%,5/12,21,65,54,50,8,4,Champions Tour 2024 EMEA Kickoff_csvs
Keiko,Keiko,TL,11494,"['Jett', 'Raze', 'Yoru']",3,160,1.16,229.0,1.24,71%,150.7,0.83,0.11,0.21,0.12,30%,5%,1/19,37,133,107,18,33,19,Champions Tour 2024 EMEA Kickoff_csvs
marteen,marteen,KC,10307,"['Yoru', 'Raze', 'Jett']",3,383,1.13,241.1,1.2,73%,156.4,0.84,0.25,0.18,0.15,23%,20%,4/20,31,320,266,95,70,57,Champions Tour 2024 EMEA Kickoff_csvs
TakaS,TakaS,M8,301,"['Yoru', 'Raze']",2,104,1.13,260.8,1.25,66%,164.9,0.92,0.2,0.15,0.12,22%,14%,1/7,26,96,77,21,16,12,Champions Tour 2024 EMEA Kickoff_csvs
yetujey,yetujey,FUT,8369,"['Killjoy', 'Viper', 'Phoenix', 'Cypher']",4,182,1.11,210.0,1.16,79%,143.3,0.74,0.25,0.12,0.09,24%,19%,5/27,30,135,116,46,22,17,Champions Tour 2024 EMEA Kickoff_csvs
Kicks,Kicks,VIT,11134,"['Skye', 'Sova']",2,238,1.1,201.3,1.09,72%,127.4,0.73,0.38,0.05,0.11,21%,23%,6/26,26,173,158,91,12,27,Champions Tour 2024 EMEA Kickoff_csvs
Alfajer,Alfajer,FNC,9810,"['Killjoy', 'Cypher']",2,88,1.08,225.5,1.26,74%,146.6,0.83,0.1,0.13,0.06,31%,11%,1/9,24,73,58,9,11,5,Champions Tour 2024 EMEA Kickoff_csvs
Boo,Boo,TH,1144,"['Omen', 'Astra', 'Viper']",3,208,1.07,187.6,1.05,72%,125.1,0.69,0.4,0.07,0.07,29%,4%,1/23,26,143,136,84,15,15,Champions Tour 2024 EMEA Kickoff_csvs
Leo,Leo,FNC,1380,"['Fade', 'Sova', 'Skye']",3,88,1.07,186.8,1.13,77%,126.4,0.67,0.33,0.07,0.05,22%,0%,0/11,24,59,52,29,6,4,Champions Tour 2024 EMEA Kickoff_csvs
Shao,Shao,NAVI,384,"['Brimstone', 'Omen', 'Viper']",3,146,1.06,192.7,1.05,73%,131.9,0.68,0.39,0.05,0.13,30%,10%,1/10,20,99,94,57,7,19,Champions Tour 2024 EMEA Kickoff_csvs
benjyfishy,benjyfishy,TH,29873,"['Killjoy', 'Viper', 'Cypher']",3,208,1.06,214.5,1.09,75%,141.7,0.76,0.2,0.1,0.09,35%,18%,6/33,22,159,146,42,20,18,Champions Tour 2024 EMEA Kickoff_csvs
runneR,runneR,VIT,21610,"['Raze', 'Jett']",2,238,1.05,227.7,1.03,72%,153.2,0.76,0.26,0.16,0.16,19%,31%,4/13,27,182,176,63,39,37,Champions Tour 2024 EMEA Kickoff_csvs
nukkye,nukkye,GX,3070,"['Cypher', 'Sage', 'Killjoy']",3,124,1.04,202.2,0.99,73%,137.4,0.69,0.3,0.1,0.06,29%,8%,1/13,21,86,87,37,13,7,Champions Tour 2024 EMEA Kickoff_csvs
Boaster,Boaster,FNC,438,['Omen'],1,88,1.01,200.3,1.03,70%,134.6,0.73,0.43,0.07,0.1,28%,0%,0/12,20,64,62,38,6,9,Champions Tour 2024 EMEA Kickoff_csvs
MAGNUM,MAGNUM,KC,2173,"['Fade', 'Cypher', 'Killjoy', 'Skye']",4,383,1.01,180.0,0.99,73%,124.0,0.64,0.29,0.08,0.1,25%,17%,8/46,25,247,250,110,29,40,Champions Tour 2024 EMEA Kickoff_csvs
RieNs,RieNs,TH,10971,"['Gekko', 'Sova', 'Breach']",3,208,1.01,202.4,1.01,75%,139.1,0.7,0.31,0.1,0.02,39%,18%,4/22,24,146,145,65,21,5,Champions Tour 2024 EMEA Kickoff_csvs
grubinho,grubinho,MKOI,5550,"['Viper', 'Brimstone', 'Omen']",3,239,1.0,185.7,0.96,72%,115.3,0.65,0.36,0.07,0.07,35%,15%,5/33,17,155,161,85,17,16,Champions Tour 2024 EMEA Kickoff_csvs
nAts,nAts,TL,457,"['Viper', 'Cypher']",2,160,0.99,197.9,0.99,71%,138.7,0.68,0.23,0.07,0.11,28%,8%,2/25,28,109,110,36,11,18,Champions Tour 2024 EMEA Kickoff_csvs
SUYGETSU,SUYGETSU,NAVI,2858,"['Viper', 'Cypher']",2,146,0.99,181.6,1.06,71%,124.3,0.65,0.18,0.04,0.1,38%,20%,5/25,17,95,90,26,6,15,Champions Tour 2024 EMEA Kickoff_csvs
MrFaliN,MrFaliN,FUT,8044,"['Astra', 'Gekko', 'Skye', 'Sova', 'Omen']",5,182,0.98,201.0,0.96,74%,129.3,0.68,0.43,0.1,0.1,20%,11%,2/18,23,124,129,78,19,19,Champions Tour 2024 EMEA Kickoff_csvs
sheydos,sheydos,MKOI,1428,"['Killjoy', 'Viper', 'Cypher']",3,239,0.98,163.0,0.97,72%,115.2,0.59,0.18,0.03,0.05,26%,18%,7/40,17,142,147,43,7,11,Champions Tour 2024 EMEA Kickoff_csvs
Jamppi,Jamppi,TL,9780,"['Killjoy', 'Skye', 'Viper', 'Kayo', 'Breach']",5,160,0.98,208.1,0.99,73%,138.2,0.72,0.22,0.15,0.08,38%,19%,3/16,21,115,116,35,24,12,Champions Tour 2024 EMEA Kickoff_csvs
tomaszy,tomaszy,KC,19691,"['Omen', 'Viper']",2,383,0.97,184.6,0.95,75%,128.7,0.66,0.34,0.09,0.07,33%,18%,8/44,30,251,264,129,36,27,Champions Tour 2024 EMEA Kickoff_csvs
logaN,logaN,M8,868,"['Cypher', 'Killjoy']",2,104,0.96,173.8,0.97,69%,117.9,0.59,0.15,0.05,0.11,30%,0%,0/15,15,61,63,16,5,11,Champions Tour 2024 EMEA Kickoff_csvs
Elite,Elite,BBL,16459,"['Viper', 'Killjoy', 'Cypher']",3,100,0.96,210.0,0.96,65%,134.7,0.72,0.23,0.1,0.1,50%,0%,0/10,20,72,75,23,10,10,Champions Tour 2024 EMEA Kickoff_csvs
sh1n,sh1n,KC,2625,"['Astra', 'Omen', 'Harbor', 'Sage']",4,383,0.96,162.2,1.0,75%,103.0,0.61,0.34,0.05,0.07,32%,15%,9/60,19,235,234,132,20,25,Champions Tour 2024 EMEA Kickoff_csvs
reazy,reazy,BBL,10146,"['Skye', 'Sova']",2,100,0.96,197.0,0.92,73%,134.9,0.66,0.34,0.04,0.04,25%,15%,4/26,18,66,72,34,4,4,Champions Tour 2024 EMEA Kickoff_csvs
qRaxs,qRaxs,FUT,1139,"['Gekko', 'Kayo', 'Raze', 'Fade']",4,182,0.95,201.6,0.89,73%,130.5,0.65,0.43,0.08,0.08,25%,18%,3/17,20,119,133,78,15,14,Champions Tour 2024 EMEA Kickoff_csvs
kamo,kamo,MKOI,14681,"['Yoru', 'Raze']",2,239,0.95,212.1,0.91,67%,144.1,0.72,0.19,0.22,0.21,24%,23%,3/13,24,171,188,46,52,51,Champions Tour 2024 EMEA Kickoff_csvs
cNed,cNed,FUT,573,"['Yoru', 'Neon', 'Chamber', 'Raze']",4,182,0.94,216.4,1.0,71%,141.4,0.75,0.18,0.15,0.16,27%,6%,1/16,22,136,136,33,27,29,Champions Tour 2024 EMEA Kickoff_csvs
starxo,starxo,MKOI,565,"['Harbor', 'Skye', 'Fade', 'Kayo']",4,239,0.94,189.8,0.94,68%,124.3,0.67,0.33,0.07,0.12,24%,21%,6/29,22,159,170,78,17,28,Champions Tour 2024 EMEA Kickoff_csvs
paTiTek,paTiTek,TH,309,"['Viper', 'Kayo']",2,208,0.93,177.2,0.85,73%,116.4,0.59,0.49,0.07,0.09,27%,18%,4/22,22,123,145,101,15,18,Champions Tour 2024 EMEA Kickoff_csvs
nataNk,nataNk,M8,5004,"['Raze', 'Phoenix']",2,104,0.93,216.6,1.0,68%,146.2,0.76,0.17,0.23,0.22,27%,29%,2/7,24,79,79,18,24,23,Champions Tour 2024 EMEA Kickoff_csvs
Mistic,Mistic,TL,1457,"['Sage', 'Brimstone', 'Omen', 'Viper']",4,160,0.92,195.9,0.93,74%,130.4,0.7,0.31,0.06,0.09,31%,17%,3/18,21,112,121,49,9,15,Champions Tour 2024 EMEA Kickoff_csvs
ShadoW,ShadoW,MKOI,451,"['Sova', 'Fade', 'Breach']",3,239,0.9,180.7,0.87,66%,116.3,0.64,0.28,0.07,0.1,22%,19%,4/21,21,153,175,67,16,23,Champions Tour 2024 EMEA Kickoff_csvs
ceNder,ceNder,VIT,4321,"['Omen', 'Viper', 'Cypher', 'Killjoy']",4,238,0.88,166.6,0.84,68%,108.6,0.58,0.27,0.1,0.09,23%,21%,5/24,23,137,163,64,23,21,Champions Tour 2024 EMEA Kickoff_csvs
Wailers,Wailers,M8,19522,"['Omen', 'Viper']",2,104,0.85,168.8,0.87,76%,111.1,0.6,0.29,0.02,0.01,30%,11%,2/18,17,62,71,30,2,1,Champions Tour 2024 EMEA Kickoff_csvs
Destrian,Destrian,VIT,1615,"['Cypher', 'Killjoy', 'Omen', 'Astra']",4,238,0.84,158.7,0.77,68%,111.9,0.54,0.32,0.06,0.09,21%,10%,3/29,19,128,166,76,14,21,Champions Tour 2024 EMEA Kickoff_csvs
QutionerX,QutionerX,BBL,10161,"['Raze', 'Jett']",2,100,0.84,210.6,0.85,66%,140.2,0.72,0.16,0.19,0.22,26%,25%,1/4,18,72,85,16,19,22,Champions Tour 2024 EMEA Kickoff_csvs
hoody,hoody,GX,2690,"['Skye', 'Breach', 'Viper']",3,124,0.81,159.7,0.73,64%,107.7,0.53,0.36,0.06,0.14,23%,11%,2/18,16,66,90,45,7,17,Champions Tour 2024 EMEA Kickoff_csvs
pAura,pAura,BBL,569,"['Breach', 'Kayo']",2,100,0.8,155.8,0.72,72%,96.4,0.56,0.41,0.09,0.07,33%,7%,1/14,20,56,78,41,9,7,Champions Tour 2024 EMEA Kickoff_csvs
Brave,Brave,BBL,8041,"['Brimstone', 'Omen', 'Viper']",3,100,0.75,155.2,0.69,67%,103.7,0.54,0.26,0.05,0.1,37%,27%,4/15,17,54,78,26,5,10,Champions Tour 2024 EMEA Kickoff_csvs
ANGE1,ANGE1,NAVI,109,"['Gekko', 'Sova', 'Omen', 'Fade']",4,146,0.75,167.1,0.77,62%,114.6,0.58,0.25,0.11,0.14,35%,0%,0/10,21,85,110,37,16,21,Champions Tour 2024 EMEA Kickoff_csvs
beyAz,beyAz,M8,220,"['Breach', 'Sova']",2,104,0.75,129.6,0.62,73%,87.4,0.41,0.49,0.05,0.05,30%,10%,1/10,14,43,69,51,5,5,Champions Tour 2024 EMEA Kickoff_csvs
Fit1nho,Fit1nho,GX,292,['Raze'],1,124,0.74,180.3,0.75,62%,120.8,0.6,0.11,0.11,0.15,23%,0%,0/11,21,74,99,14,14,18,Champions Tour 2024 EMEA Kickoff_csvs
Derke,Derke,FNC,5022,"['Raze', 'Jett']",2,88,0.74,188.5,0.84,63%,118.6,0.65,0.08,0.19,0.19,27%,0%,0/3,17,57,68,7,17,17,Champions Tour 2024 EMEA Kickoff_csvs
Redgar,Redgar,GX,1427,['Omen'],1,124,0.73,147.7,0.72,64%,99.1,0.53,0.26,0.09,0.15,30%,19%,3/16,22,66,92,32,11,19,Champions Tour 2024 EMEA Kickoff_csvs
Enzo,Enzo,TL,114,"['Sova', 'Gekko', 'Skye', 'Fade']",4,160,0.73,138.1,0.69,68%,99.9,0.46,0.26,0.06,0.06,21%,0%,0/15,17,73,106,42,10,9,Champions Tour 2024 EMEA Kickoff_csvs
Elite,Elite,BBL,16459,"['Killjoy', 'Cypher', 'Viper']",3,268,1.21,214.2,1.31,75%,143.6,0.8,0.17,0.07,0.06,44%,16%,7/44,23,215,164,45,18,17,Champions Tour 2024 EMEA Stage 1_csvs
Leo,Leo,FNC,1380,"['Sova', 'Fade', 'Gekko', 'Breach']",4,646,1.21,210.6,1.35,81%,138.8,0.76,0.36,0.04,0.03,27%,10%,10/99,28,492,364,235,28,19,Champions Tour 2024 EMEA Stage 1_csvs
benjyfishy,benjyfishy,TH,29873,"['Killjoy', 'Cypher', 'Viper']",3,511,1.16,209.5,1.25,72%,140.0,0.79,0.17,0.09,0.06,33%,19%,13/69,28,404,322,87,44,32,Champions Tour 2024 EMEA Stage 1_csvs
cNed,cNed,FUT,573,"['Chamber', 'Jett', 'Sage', 'Raze']",4,440,1.16,238.6,1.25,75%,155.6,0.85,0.18,0.15,0.14,28%,8%,3/39,25,373,299,79,66,60,Champions Tour 2024 EMEA Stage 1_csvs
Shao,Shao,NAVI,384,"['Brimstone', 'Omen', 'Astra']",3,329,1.15,202.7,1.18,77%,132.6,0.73,0.4,0.08,0.06,31%,22%,11/50,24,241,204,130,27,20,Champions Tour 2024 EMEA Stage 1_csvs
nataNk,nataNk,M8,5004,"['Phoenix', 'Raze', 'Sage']",3,186,1.12,236.8,1.08,68%,155.1,0.83,0.23,0.15,0.14,25%,47%,7/15,25,154,142,43,28,26,Champions Tour 2024 EMEA Stage 1_csvs
tomaszy,tomaszy,KC,19691,"['Cypher', 'Viper']",2,420,1.1,214.2,1.16,76%,144.1,0.75,0.3,0.08,0.07,33%,10%,6/59,26,317,273,124,35,31,Champions Tour 2024 EMEA Stage 1_csvs
Sayf,Sayf,VIT,312,"['Gekko', 'Viper', 'Cypher', 'Killjoy', 'Omen']",5,331,1.1,218.7,1.17,74%,140.9,0.8,0.23,0.11,0.08,30%,7%,3/41,28,265,226,75,37,28,Champions Tour 2024 EMEA Stage 1_csvs
qRaxs,qRaxs,FUT,1139,"['Raze', 'Kayo', 'Sage', 'Gekko']",4,440,1.09,202.4,1.1,73%,130.3,0.74,0.36,0.07,0.06,29%,20%,11/56,24,326,297,160,31,27,Champions Tour 2024 EMEA Stage 1_csvs
ardiis,ardiis,NAVI,98,"['Kayo', 'Breach', 'Jett']",3,329,1.09,215.0,1.07,75%,142.9,0.77,0.4,0.12,0.11,24%,17%,4/23,23,253,236,133,39,37,Champions Tour 2024 EMEA Stage 1_csvs
MrFaliN,MrFaliN,FUT,8044,"['Skye', 'Sova', 'Gekko', 'Omen', 'Deadlock', 'Breach']",6,440,1.09,206.2,1.05,75%,135.6,0.7,0.38,0.09,0.08,23%,14%,5/37,25,310,295,169,39,33,Champions Tour 2024 EMEA Stage 1_csvs
N4RRATE,N4RRATE,KC,36245,"['Kayo', 'Gekko', 'Fade', 'Raze', 'Jett', 'Sova']",6,420,1.09,217.4,1.1,75%,141.1,0.75,0.31,0.08,0.07,27%,14%,6/42,27,314,286,132,34,29,Champions Tour 2024 EMEA Stage 1_csvs
Alfajer,Alfajer,FNC,9810,"['Killjoy', 'Viper', 'Cypher', 'Raze', 'Deadlock']",5,646,1.08,219.1,1.14,72%,145.4,0.77,0.19,0.12,0.11,29%,9%,6/65,28,496,436,123,79,73,Champions Tour 2024 EMEA Stage 1_csvs
Chronicle,Chronicle,FNC,458,"['Viper', 'Skye', 'Kayo', 'Cypher', 'Sage', 'Omen']",6,646,1.08,205.8,1.09,74%,137.6,0.71,0.4,0.11,0.07,22%,20%,12/59,26,458,422,259,68,48,Champions Tour 2024 EMEA Stage 1_csvs
Wo0t,Wo0t,TH,21328,"['Kayo', 'Skye', 'Reyna', 'Viper', 'Fade']",5,351,1.07,206.1,1.03,74%,138.3,0.72,0.36,0.1,0.09,33%,14%,4/28,23,251,244,128,35,30,Champions Tour 2024 EMEA Stage 1_csvs
trexx,trexx,VIT,2168,"['Viper', 'Fade', 'Astra', 'Kayo', 'Sova', 'Omen']",6,331,1.04,203.1,0.99,76%,130.2,0.69,0.47,0.1,0.09,20%,14%,6/43,26,229,232,156,33,29,Champions Tour 2024 EMEA Stage 1_csvs
purp0,purp0,GX,1885,"['Jett', 'Raze', 'Yoru', 'Chamber']",4,281,1.04,215.5,0.99,68%,145.8,0.74,0.16,0.18,0.14,31%,7%,2/29,26,207,210,46,51,40,Champions Tour 2024 EMEA Stage 1_csvs
Keiko,Keiko,TL,11494,"['Raze', 'Yoru', 'Jett', 'Reyna']",4,355,1.04,225.8,1.11,70%,146.9,0.81,0.2,0.19,0.17,31%,18%,4/22,25,288,260,71,66,59,Champions Tour 2024 EMEA Stage 1_csvs
nAts,nAts,TL,457,"['Cypher', 'Viper']",2,355,1.04,211.8,1.15,74%,141.1,0.77,0.23,0.08,0.08,29%,22%,11/49,24,275,239,83,28,28,Champions Tour 2024 EMEA Stage 1_csvs
grubinho,grubinho,MKOI,5550,"['Omen', 'Viper', 'Brimstone']",3,239,1.04,192.2,0.97,78%,129.1,0.66,0.32,0.1,0.09,33%,15%,5/34,22,158,163,76,23,22,Champions Tour 2024 EMEA Stage 1_csvs
SUYGETSU,SUYGETSU,NAVI,2858,"['Viper', 'Killjoy', 'Cypher']",3,329,1.04,183.6,1.06,75%,127.1,0.66,0.22,0.07,0.05,32%,9%,5/55,22,217,205,73,24,18,Champions Tour 2024 EMEA Stage 1_csvs
yetujey,yetujey,FUT,8369,"['Viper', 'Sage', 'Cypher', 'Killjoy']",4,440,1.03,197.6,1.08,70%,131.2,0.7,0.23,0.1,0.11,26%,17%,10/59,23,306,283,99,42,47,Champions Tour 2024 EMEA Stage 1_csvs
MiniBoo,MiniBoo,TH,18350,"['Kayo', 'Neon', 'Yoru', 'Raze', 'Jett']",5,511,1.03,227.6,1.04,72%,148.2,0.78,0.22,0.18,0.18,32%,16%,5/32,26,400,386,112,94,94,Champions Tour 2024 EMEA Stage 1_csvs
marteen,marteen,KC,10307,"['Jett', 'Raze', 'Yoru', 'Reyna']",4,420,1.03,217.8,1.07,73%,147.8,0.75,0.19,0.19,0.15,27%,24%,8/34,28,317,297,79,79,65,Champions Tour 2024 EMEA Stage 1_csvs
sheydos,sheydos,MKOI,1428,"['Viper', 'Cypher', 'Killjoy']",3,239,1.02,171.8,1.07,75%,113.1,0.64,0.14,0.05,0.05,28%,12%,5/41,20,153,143,34,13,13,Champions Tour 2024 EMEA Stage 1_csvs
logaN,logaN,M8,868,"['Cypher', 'Omen', 'Viper', 'Killjoy']",4,186,1.01,185.7,0.98,68%,120.2,0.66,0.2,0.07,0.08,34%,6%,2/35,19,123,125,38,13,14,Champions Tour 2024 EMEA Stage 1_csvs
Cloud,Cloud,GX,4181,"['Sova', 'Skye', 'Fade', 'Gekko']",4,281,1.01,192.0,1.0,71%,127.9,0.7,0.26,0.08,0.06,24%,10%,3/29,26,196,196,73,22,16,Champions Tour 2024 EMEA Stage 1_csvs
RieNs,RieNs,TH,10971,"['Gekko', 'Sova', 'Skye', 'Breach']",4,511,1.01,191.1,0.94,75%,130.1,0.66,0.39,0.06,0.07,36%,20%,12/59,25,337,360,201,31,38,Champions Tour 2024 EMEA Stage 1_csvs
Derke,Derke,FNC,5022,"['Jett', 'Raze', 'Yoru']",3,646,1.0,224.5,1.07,70%,149.9,0.78,0.19,0.17,0.18,26%,21%,10/47,29,507,472,122,107,118,Champions Tour 2024 EMEA Stage 1_csvs
QutionerX,QutionerX,BBL,10161,"['Jett', 'Neon', 'Yoru', 'Omen', 'Raze']",5,268,1.0,229.2,1.01,73%,158.3,0.79,0.19,0.19,0.15,23%,6%,1/17,31,213,211,51,52,40,Champions Tour 2024 EMEA Stage 1_csvs
Zyppan,Zyppan,NAVI,11,"['Raze', 'Kayo', 'Neon', 'Sova']",4,329,1.0,217.3,1.01,74%,147.1,0.74,0.27,0.16,0.14,28%,25%,3/12,24,244,241,89,52,46,Champions Tour 2024 EMEA Stage 1_csvs
Brave,Brave,BBL,8041,"['Omen', 'Viper', 'Brimstone']",3,268,0.99,204.6,0.98,71%,133.1,0.7,0.37,0.09,0.07,31%,20%,6/30,24,187,190,98,24,20,Champions Tour 2024 EMEA Stage 1_csvs
starxo,starxo,MKOI,565,"['Fade', 'Kayo', 'Omen', 'Harbor', 'Yoru']",5,239,0.98,190.3,0.93,75%,123.4,0.65,0.48,0.1,0.11,23%,19%,5/26,25,156,168,115,23,26,Champions Tour 2024 EMEA Stage 1_csvs
Fit1nho,Fit1nho,GX,292,"['Yoru', 'Breach', 'Raze', 'Killjoy', 'Kayo']",5,281,0.96,191.4,0.9,70%,128.3,0.64,0.27,0.1,0.1,32%,7%,2/27,21,179,198,77,28,29,Champions Tour 2024 EMEA Stage 1_csvs
hoody,hoody,GX,2690,"['Viper', 'Cypher']",2,281,0.94,179.2,0.91,68%,124.7,0.64,0.25,0.1,0.07,27%,12%,5/43,30,180,198,71,29,21,Champions Tour 2024 EMEA Stage 1_csvs
Enzo,Enzo,TL,114,"['Skye', 'Sova', 'Gekko', 'Cypher', 'Killjoy']",5,355,0.94,173.5,0.89,71%,119.1,0.56,0.34,0.06,0.09,18%,8%,3/40,20,200,225,120,21,31,Champions Tour 2024 EMEA Stage 1_csvs
MAGNUM,MAGNUM,KC,2173,"['Sova', 'Kayo', 'Skye', 'Killjoy', 'Fade', 'Cypher']",6,420,0.92,179.8,0.85,72%,117.4,0.6,0.37,0.1,0.12,24%,28%,10/36,18,251,294,155,40,49,Champions Tour 2024 EMEA Stage 1_csvs
Mistic,Mistic,TL,1457,"['Omen', 'Harbor', 'Sage']",3,355,0.92,173.4,0.91,73%,118.0,0.62,0.33,0.07,0.07,32%,5%,2/43,23,219,240,116,24,25,Champions Tour 2024 EMEA Stage 1_csvs
ceNder,ceNder,VIT,4321,"['Brimstone', 'Omen', 'Viper', 'Killjoy']",4,331,0.91,176.0,0.85,68%,122.7,0.61,0.33,0.07,0.08,24%,11%,4/36,23,203,238,109,22,28,Champions Tour 2024 EMEA Stage 1_csvs
Jamppi,Jamppi,TL,9780,"['Viper', 'Killjoy', 'Breach', 'Skye', 'Sova', 'Kayo', 'Chamber']",7,355,0.91,193.0,0.91,74%,124.5,0.66,0.32,0.09,0.12,29%,11%,4/35,22,236,258,115,31,41,Champions Tour 2024 EMEA Stage 1_csvs
Boo,Boo,TH,1144,"['Sage', 'Omen', 'Viper']",3,511,0.91,158.1,0.84,72%,104.0,0.55,0.42,0.08,0.08,36%,10%,7/68,23,280,332,216,42,43,Champions Tour 2024 EMEA Stage 1_csvs
kamo,kamo,MKOI,14681,"['Raze', 'Jett', 'Yoru', 'Omen', 'Neon']",5,239,0.91,211.9,0.91,66%,136.9,0.72,0.14,0.19,0.18,30%,22%,2/9,25,173,191,34,45,42,Champions Tour 2024 EMEA Stage 1_csvs
pAura,pAura,BBL,569,"['Kayo', 'Sova', 'Sage', 'Breach']",4,268,0.89,176.8,0.85,65%,111.4,0.6,0.37,0.12,0.13,30%,12%,3/25,19,161,190,100,32,36,Champions Tour 2024 EMEA Stage 1_csvs
sh1n,sh1n,KC,2625,"['Viper', 'Omen', 'Sage']",3,420,0.89,156.9,0.84,74%,100.1,0.55,0.41,0.06,0.08,28%,9%,5/57,22,233,278,174,24,33,Champions Tour 2024 EMEA Stage 1_csvs
ANGE1,ANGE1,NAVI,109,"['Gekko', 'Fade', 'Sova', 'Yoru', 'Cypher']",5,329,0.89,185.1,0.88,68%,124.4,0.64,0.29,0.1,0.1,34%,10%,3/30,25,212,241,95,32,34,Champions Tour 2024 EMEA Stage 1_csvs
paTiTek,paTiTek,TH,309,"['Viper', 'Kayo', 'Brimstone']",3,160,0.89,182.6,0.84,70%,125.4,0.6,0.43,0.06,0.11,23%,12%,2/17,17,96,114,68,9,18,Champions Tour 2024 EMEA Stage 1_csvs
Kicks,Kicks,VIT,11134,"['Deadlock', 'Killjoy', 'Sova', 'Gekko', 'Kayo', 'Skye']",6,331,0.88,165.3,0.86,75%,109.8,0.61,0.34,0.04,0.05,21%,18%,10/57,24,202,234,113,13,15,Champions Tour 2024 EMEA Stage 1_csvs
runneR,runneR,VIT,21610,"['Raze', 'Yoru', 'Jett', 'Neon']",4,331,0.88,211.8,0.91,66%,139.2,0.71,0.24,0.17,0.21,17%,14%,3/21,23,235,257,78,56,70,Champions Tour 2024 EMEA Stage 1_csvs
AtaKaptan,AtaKaptan,FUT,6510,"['Omen', 'Viper']",2,440,0.86,176.7,0.83,70%,112.9,0.59,0.39,0.09,0.13,23%,16%,7/44,20,259,312,173,39,56,Champions Tour 2024 EMEA Stage 1_csvs
reazy,reazy,BBL,10146,"['Sova', 'Viper', 'Skye', 'Gekko']",4,268,0.86,156.5,0.78,68%,108.5,0.53,0.37,0.04,0.07,29%,24%,8/34,15,141,180,98,10,19,Champions Tour 2024 EMEA Stage 1_csvs
beyAz,beyAz,M8,220,"['Sova', 'Kayo', 'Skye', 'Breach']",4,186,0.85,178.9,0.79,70%,119.6,0.62,0.37,0.06,0.08,22%,3%,1/29,25,116,146,69,11,15,Champions Tour 2024 EMEA Stage 1_csvs
Boaster,Boaster,FNC,438,"['Harbor', 'Omen', 'Brimstone', 'Viper', 'Sova']",5,646,0.85,151.3,0.78,73%,98.8,0.51,0.39,0.06,0.1,20%,14%,8/57,21,327,418,255,39,65,Champions Tour 2024 EMEA Stage 1_csvs
Redgar,Redgar,GX,1427,"['Cypher', 'Omen', 'Kayo']",3,281,0.81,150.5,0.77,68%,97.6,0.54,0.34,0.06,0.09,37%,21%,7/33,18,151,196,95,18,26,Champions Tour 2024 EMEA Stage 1_csvs
TakaS,TakaS,M8,301,"['Yoru', 'Neon', 'Jett', 'Raze', 'Gekko']",5,186,0.81,190.9,0.81,63%,130.1,0.65,0.26,0.16,0.15,19%,0%,0/12,24,120,149,49,29,27,Champions Tour 2024 EMEA Stage 1_csvs
ShadoW,ShadoW,MKOI,451,"['Breach', 'Sova', 'Gekko', 'Fade']",4,239,0.8,161.1,0.79,66%,104.7,0.55,0.28,0.04,0.09,21%,0%,0/21,18,132,168,67,10,22,Champions Tour 2024 EMEA Stage 1_csvs
Wailers,Wailers,M8,19522,"['Omen', 'Cypher', 'Viper']",3,186,0.74,125.4,0.64,59%,85.8,0.46,0.23,0.06,0.06,26%,12%,3/26,15,86,134,42,11,12,Champions Tour 2024 EMEA Stage 1_csvs
Chronicle,Chronicle,FNC,458,"['Deadlock', 'Skye', 'Viper', 'Sova']",4,439,1.22,216.9,1.29,79%,147.7,0.75,0.37,0.08,0.05,27%,21%,12/58,24,331,256,163,35,22,Champions Tour 2024 EMEA Stage 2_csvs
grubinho,grubinho,MKOI,5550,"['Omen', 'Viper', 'Brimstone']",3,262,1.22,213.7,1.29,75%,133.3,0.77,0.37,0.07,0.08,33%,6%,2/31,27,203,157,97,18,21,Champions Tour 2024 EMEA Stage 2_csvs
trexx,trexx,VIT,2168,"['Fade', 'Sova']",2,573,1.21,226.6,1.16,77%,152.7,0.76,0.42,0.08,0.07,19%,14%,11/81,23,435,376,241,45,40,Champions Tour 2024 EMEA Stage 2_csvs
sheydos,sheydos,MKOI,1428,"['Viper', 'Cypher', 'Killjoy']",3,262,1.2,207.4,1.34,76%,137.1,0.77,0.19,0.07,0.05,25%,14%,5/36,24,202,151,50,19,14,Champions Tour 2024 EMEA Stage 2_csvs
Sayf,Sayf,VIT,312,"['Neon', 'Jett', 'Iso', 'Raze']",4,573,1.16,239.9,1.23,69%,155.8,0.86,0.19,0.16,0.17,24%,16%,7/43,31,490,398,107,91,96,Champions Tour 2024 EMEA Stage 2_csvs
Derke,Derke,FNC,5022,"['Jett', 'Raze', 'Yoru', 'Reyna', 'Iso']",5,439,1.15,242.7,1.25,74%,160.6,0.87,0.2,0.17,0.16,25%,22%,6/27,26,382,305,88,76,69,Champions Tour 2024 EMEA Stage 2_csvs
Alfajer,Alfajer,FNC,9810,"['Cypher', 'Viper', 'Killjoy', 'Iso', 'Breach', 'Clove']",6,439,1.15,221.7,1.27,74%,146.3,0.81,0.22,0.1,0.08,28%,12%,5/42,26,354,278,96,42,35,Champions Tour 2024 EMEA Stage 2_csvs
N4RRATE,N4RRATE,KC,36245,"['Fade', 'Jett', 'Gekko', 'Neon', 'Skye']",5,245,1.14,239.0,1.13,77%,156.7,0.82,0.32,0.15,0.09,22%,25%,6/24,24,201,178,79,36,22,Champions Tour 2024 EMEA Stage 2_csvs
RieNs,RieNs,TH,10971,"['Sova', 'Gekko', 'Breach']",3,474,1.13,204.2,1.14,77%,134.9,0.73,0.37,0.08,0.07,34%,12%,7/57,29,344,301,177,36,31,Champions Tour 2024 EMEA Stage 2_csvs
Wo0t,Wo0t,TH,21328,"['Kayo', 'Fade', 'Iso', 'Jett', 'Gekko', 'Breach']",6,474,1.12,220.9,1.1,77%,143.4,0.76,0.36,0.13,0.09,36%,16%,5/32,26,358,324,171,60,41,Champions Tour 2024 EMEA Stage 2_csvs
hiro,hiro,FNC,29867,"['Sova', 'Gekko', 'Fade', 'Cypher']",4,439,1.1,194.2,1.16,71%,126.7,0.71,0.33,0.08,0.09,31%,26%,12/46,30,313,269,147,34,39,Champions Tour 2024 EMEA Stage 2_csvs
Kada,Kada,M8,20871,"['Cypher', 'Omen', 'Viper']",3,274,1.1,207.8,1.12,69%,132.9,0.74,0.28,0.09,0.08,31%,11%,3/28,23,204,182,76,25,21,Champions Tour 2024 EMEA Stage 2_csvs
nataNk,nataNk,M8,5004,"['Raze', 'Sova', 'Kayo', 'Sage', 'Gekko', 'Neon']",6,274,1.09,229.1,1.1,72%,148.9,0.77,0.26,0.12,0.11,26%,37%,7/19,21,212,193,72,32,30,Champions Tour 2024 EMEA Stage 2_csvs
MrFaliN,MrFaliN,FUT,8044,"['Breach', 'Omen', 'Sova', 'Deadlock']",4,310,1.07,181.6,1.03,75%,118.2,0.63,0.53,0.08,0.07,25%,19%,6/32,21,195,190,165,26,22,Champions Tour 2024 EMEA Stage 2_csvs
yetujey,yetujey,FUT,8369,"['Cypher', 'Killjoy']",2,310,1.06,200.5,1.12,69%,128.2,0.71,0.26,0.08,0.07,25%,16%,8/50,21,219,196,81,26,23,Champions Tour 2024 EMEA Stage 2_csvs
Elite,Elite,BBL,16459,"['Cypher', 'Viper']",2,207,1.06,197.4,1.16,69%,130.4,0.72,0.19,0.09,0.07,41%,13%,4/30,20,149,129,40,19,14,Champions Tour 2024 EMEA Stage 2_csvs
QutionerX,QutionerX,BBL,10161,"['Jett', 'Raze', 'Neon']",3,207,1.05,240.7,1.08,71%,152.4,0.82,0.2,0.21,0.1,30%,8%,1/13,28,170,158,42,43,21,Champions Tour 2024 EMEA Stage 2_csvs
cNed,cNed,FUT,573,"['Raze', 'Jett']",2,310,1.04,229.9,1.07,69%,155.0,0.78,0.15,0.18,0.15,24%,8%,2/24,23,243,228,48,57,46,Champions Tour 2024 EMEA Stage 2_csvs
benjyfishy,benjyfishy,TH,29873,"['Cypher', 'Viper', 'Killjoy']",3,474,1.04,184.9,1.11,70%,125.2,0.72,0.18,0.08,0.07,38%,18%,12/68,30,340,306,83,38,33,Champions Tour 2024 EMEA Stage 2_csvs
kamo,kamo,MKOI,14681,"['Raze', 'Neon', 'Jett']",3,262,1.03,249.6,1.09,71%,161.3,0.83,0.24,0.21,0.19,26%,13%,1/8,25,217,199,62,55,50,Champions Tour 2024 EMEA Stage 2_csvs
purp0,purp0,GX,1885,"['Jett', 'Raze', 'Neon', 'Yoru']",4,257,1.03,215.3,1.05,68%,142.5,0.77,0.16,0.21,0.16,37%,8%,2/24,27,198,189,42,53,42,Champions Tour 2024 EMEA Stage 2_csvs
Boo,Boo,TH,1144,"['Omen', 'Brimstone', 'Viper', 'Astra']",4,474,1.02,173.3,0.97,76%,112.8,0.61,0.44,0.08,0.09,29%,20%,14/71,21,291,301,207,37,42,Champions Tour 2024 EMEA Stage 2_csvs
marteen,marteen,KC,10307,"['Yoru', 'Raze', 'Omen', 'Gekko']",4,245,1.02,204.1,1.03,75%,137.2,0.74,0.2,0.13,0.1,33%,24%,9/37,24,182,177,49,31,25,Champions Tour 2024 EMEA Stage 2_csvs
nAts,nAts,TL,457,"['Cypher', 'Viper', 'Killjoy']",3,168,1.02,218.5,1.04,73%,142.5,0.77,0.32,0.11,0.13,27%,3%,1/29,27,129,124,53,18,21,Champions Tour 2024 EMEA Stage 2_csvs
Enzo,Enzo,TL,114,"['Fade', 'Sova', 'Sage']",3,168,1.01,194.3,0.97,63%,123.3,0.64,0.28,0.04,0.05,18%,11%,3/27,23,108,111,47,6,8,Champions Tour 2024 EMEA Stage 2_csvs
AtaKaptan,AtaKaptan,FUT,6510,"['Omen', 'Viper']",2,310,1.01,203.0,1.04,75%,129.2,0.73,0.33,0.11,0.13,29%,4%,1/24,25,225,217,102,35,41,Champions Tour 2024 EMEA Stage 2_csvs
Brave,Brave,BBL,8041,"['Omen', 'Brimstone']",2,207,0.96,198.7,1.0,68%,132.1,0.71,0.29,0.14,0.11,38%,18%,4/22,22,147,147,61,29,23,Champions Tour 2024 EMEA Stage 2_csvs
SUYGETSU,SUYGETSU,NAVI,2858,"['Cypher', 'Viper', 'Killjoy']",3,285,0.96,188.0,0.94,69%,124.9,0.67,0.2,0.07,0.05,31%,10%,6/58,23,190,202,58,20,15,Champions Tour 2024 EMEA Stage 2_csvs
Wailers,Wailers,M8,19522,"['Omen', 'Cypher', 'Killjoy']",3,274,0.95,168.9,0.99,73%,112.7,0.63,0.22,0.05,0.04,35%,5%,2/40,20,172,174,59,15,10,Champions Tour 2024 EMEA Stage 2_csvs
qRaxs,qRaxs,FUT,1139,"['Gekko', 'Breach', 'Kayo', 'Sage']",4,310,0.95,179.1,0.98,72%,118.0,0.65,0.28,0.05,0.06,29%,13%,4/30,18,202,206,88,16,18,Champions Tour 2024 EMEA Stage 2_csvs
Fit1nho,Fit1nho,GX,292,"['Raze', 'Breach', 'Yoru', 'Killjoy', 'Kayo', 'Omen']",6,257,0.95,177.8,0.92,68%,122.1,0.65,0.28,0.09,0.06,32%,15%,4/27,29,166,181,72,22,15,Champions Tour 2024 EMEA Stage 2_csvs
Kicks,Kicks,VIT,11134,"['Gekko', 'Killjoy', 'Kayo', 'Breach']",4,573,0.95,177.0,0.89,71%,114.3,0.62,0.41,0.06,0.07,22%,17%,10/58,20,356,398,236,36,40,Champions Tour 2024 EMEA Stage 2_csvs
runneR,runneR,VIT,21610,"['Cypher', 'Killjoy', 'Neon', 'Viper']",4,573,0.95,186.3,0.94,72%,123.1,0.65,0.25,0.1,0.08,22%,15%,12/79,22,370,393,144,58,45,Champions Tour 2024 EMEA Stage 2_csvs
ardiis,ardiis,NAVI,98,"['Jett', 'Raze', 'Breach', 'Yoru', 'Kayo']",5,285,0.94,191.6,0.92,67%,126.9,0.69,0.26,0.14,0.13,21%,23%,7/30,25,198,216,75,41,37,Champions Tour 2024 EMEA Stage 2_csvs
Cloud,Cloud,GX,4181,"['Breach', 'Gekko', 'Sova', 'Fade', 'Skye']",5,257,0.94,185.9,0.87,71%,132.2,0.63,0.34,0.07,0.09,22%,14%,4/28,21,162,187,88,17,22,Champions Tour 2024 EMEA Stage 2_csvs
MiniBoo,MiniBoo,TH,18350,"['Neon', 'Raze', 'Kayo']",3,474,0.93,209.7,0.92,73%,139.5,0.71,0.26,0.17,0.16,30%,0%,0/19,22,338,366,125,79,76,Champions Tour 2024 EMEA Stage 2_csvs
sh1n,sh1n,KC,2625,"['Omen', 'Viper', 'Kayo', 'Harbor']",4,245,0.93,180.1,0.88,73%,119.6,0.64,0.38,0.09,0.07,28%,8%,3/40,24,158,180,94,22,17,Champions Tour 2024 EMEA Stage 2_csvs
hoody,hoody,GX,2690,"['Killjoy', 'Cypher', 'Viper', 'Skye']",4,257,0.91,173.0,0.87,70%,118.0,0.6,0.23,0.07,0.1,25%,5%,2/37,20,153,176,59,19,26,Champions Tour 2024 EMEA Stage 2_csvs
starxo,starxo,MKOI,565,"['Yoru', 'Kayo', 'Fade', 'Breach']",4,262,0.91,161.8,0.86,70%,105.9,0.56,0.45,0.05,0.11,21%,15%,4/27,18,147,171,119,14,28,Champions Tour 2024 EMEA Stage 2_csvs
Boaster,Boaster,FNC,438,"['Omen', 'Brimstone', 'Viper', 'Astra']",4,439,0.91,165.9,0.86,72%,107.2,0.56,0.47,0.09,0.11,25%,13%,5/38,18,244,284,206,40,47,Champions Tour 2024 EMEA Stage 2_csvs
Keiko,Keiko,TL,11494,"['Raze', 'Jett', 'Iso', 'Gekko', 'Reyna']",5,168,0.9,194.0,0.95,67%,131.0,0.73,0.12,0.13,0.18,33%,14%,1/7,30,123,129,20,22,31,Champions Tour 2024 EMEA Stage 2_csvs
Shao,Shao,NAVI,384,"['Omen', 'Brimstone', 'Astra', 'Sova', 'Fade']",5,285,0.9,178.9,0.82,71%,124.6,0.63,0.32,0.08,0.07,32%,21%,8/39,22,179,218,91,23,19,Champions Tour 2024 EMEA Stage 2_csvs
pAura,pAura,BBL,569,"['Kayo', 'Gekko', 'Breach']",3,207,0.9,160.7,0.83,66%,106.3,0.57,0.39,0.08,0.11,34%,11%,3/28,18,118,142,80,17,22,Champions Tour 2024 EMEA Stage 2_csvs
Zyppan,Zyppan,NAVI,11,"['Kayo', 'Gekko', 'Breach', 'Raze', 'Neon']",5,285,0.89,202.2,0.88,68%,135.6,0.7,0.33,0.09,0.14,29%,3%,1/29,23,199,227,93,26,40,Champions Tour 2024 EMEA Stage 2_csvs
ceNder,ceNder,VIT,4321,"['Omen', 'Viper']",2,573,0.89,163.9,0.83,70%,106.1,0.59,0.37,0.08,0.13,30%,12%,6/52,31,340,408,214,44,77,Champions Tour 2024 EMEA Stage 2_csvs
TakaS,TakaS,M8,301,"['Yoru', 'Neon', 'Omen', 'Jett']",4,274,0.88,195.3,0.9,65%,127.5,0.67,0.21,0.16,0.23,24%,24%,4/17,23,184,205,57,45,64,Champions Tour 2024 EMEA Stage 2_csvs
MAGNUM,MAGNUM,KC,2173,"['Sova', 'Breach', 'Killjoy', 'Kayo']",4,245,0.88,168.2,0.81,74%,112.0,0.58,0.33,0.09,0.13,33%,23%,5/22,17,141,174,82,23,33,Champions Tour 2024 EMEA Stage 2_csvs
Famsii,Famsii,GX,16209,"['Omen', 'Raze']",2,108,0.88,171.6,0.85,71%,125.6,0.62,0.28,0.09,0.07,27%,0%,0/11,24,67,79,30,10,8,Champions Tour 2024 EMEA Stage 2_csvs
ShadoW,ShadoW,MKOI,451,"['Fade', 'Gekko', 'Sova', 'Breach']",4,262,0.87,162.1,0.86,71%,105.2,0.56,0.32,0.05,0.11,19%,17%,4/24,19,148,173,85,14,28,Champions Tour 2024 EMEA Stage 2_csvs
Mistic,Mistic,TL,1457,"['Omen', 'Sage', 'Astra']",3,168,0.83,160.5,0.76,71%,101.5,0.56,0.36,0.05,0.1,30%,23%,3/13,17,94,123,61,8,16,Champions Tour 2024 EMEA Stage 2_csvs
Jamppi,Jamppi,TL,9780,"['Yoru', 'Killjoy', 'Breach', 'Jett', 'Skye', 'Kayo', 'Chamber']",7,168,0.83,167.8,0.78,63%,108.5,0.58,0.2,0.08,0.14,32%,13%,3/24,20,98,125,34,14,24,Champions Tour 2024 EMEA Stage 2_csvs
tomaszy,tomaszy,KC,19691,"['Cypher', 'Harbor', 'Neon', 'Killjoy']",4,245,0.82,162.8,0.81,65%,109.4,0.58,0.2,0.06,0.09,33%,7%,2/28,16,143,176,49,14,22,Champions Tour 2024 EMEA Stage 2_csvs
beyAz,beyAz,M8,220,"['Breach', 'Kayo', 'Sova', 'Fade']",4,274,0.78,147.3,0.69,72%,99.4,0.48,0.43,0.04,0.08,22%,18%,6/33,15,132,190,117,10,21,Champions Tour 2024 EMEA Stage 2_csvs
reazy,reazy,BBL,10146,"['Sova', 'Fade', 'Gekko']",3,207,0.78,151.1,0.77,67%,103.2,0.53,0.27,0.06,0.03,32%,13%,3/24,15,110,142,55,12,7,Champions Tour 2024 EMEA Stage 2_csvs
Redgar,Redgar,GX,1427,"['Omen', 'Cypher', 'Sage']",3,149,0.76,144.0,0.71,67%,95.7,0.51,0.4,0.08,0.07,39%,14%,3/22,17,76,107,59,12,11,Champions Tour 2024 EMEA Stage 2_csvs
ANGE1,ANGE1,NAVI,109,"['Sova', 'Fade', 'Gekko', 'Cypher', 'Omen']",5,285,0.76,159.5,0.72,65%,107.7,0.55,0.3,0.11,0.12,31%,7%,2/28,21,157,219,86,30,34,Champions Tour 2024 EMEA Stage 2_csvs
N4RRATE,N4RRATE,KC,36245,"['Gekko', 'Fade', 'Raze', 'Kayo']",4,157,1.29,245.7,1.27,73%,163.7,0.84,0.41,0.12,0.1,26%,21%,4/19,27,132,104,65,19,16,Champions Tour 2024 Masters Madrid_csvs
Less,Less,LOUD,8447,"['Viper', 'Cypher']",2,250,1.22,213.2,1.32,80%,155.1,0.78,0.32,0.09,0.08,30%,3%,1/35,27,195,148,80,23,20,Champions Tour 2024 Masters Madrid_csvs
tuyz,tuyz,LOUD,2408,"['Harbor', 'Viper', 'Omen']",3,250,1.21,190.4,1.29,74%,128.0,0.74,0.32,0.05,0.05,30%,11%,4/37,22,186,144,80,13,12,Champions Tour 2024 Masters Madrid_csvs
RieNs,RieNs,TH,10971,"['Gekko', 'Sova', 'Breach']",3,130,1.17,230.3,1.14,78%,157.3,0.79,0.34,0.11,0.05,36%,0%,0/22,22,103,90,44,14,7,Champions Tour 2024 Masters Madrid_csvs
MiniBoo,MiniBoo,TH,18350,"['Neon', 'Yoru', 'Raze']",3,130,1.17,245.0,1.24,77%,153.6,0.88,0.28,0.17,0.14,31%,25%,3/12,25,114,92,37,22,18,Champions Tour 2024 Masters Madrid_csvs
zekken,zekken,SEN,4004,"['Raze', 'Jett']",2,421,1.15,259.5,1.21,74%,167.1,0.9,0.21,0.23,0.19,22%,17%,5/30,32,381,314,90,96,81,Champions Tour 2024 Masters Madrid_csvs
johnqt,johnqt,SEN,1265,"['Viper', 'Cypher', 'Killjoy']",3,421,1.12,198.1,1.17,79%,130.9,0.7,0.28,0.09,0.04,24%,18%,14/80,21,293,251,117,36,18,Champions Tour 2024 Masters Madrid_csvs
TenZ,TenZ,SEN,9,"['Omen', 'Gekko', 'Kayo']",3,421,1.07,208.2,1.05,77%,131.2,0.75,0.54,0.09,0.08,29%,27%,8/30,25,314,300,226,36,32,Champions Tour 2024 Masters Madrid_csvs
ZmjjKK,ZmjjKK,EDG,3520,"['Raze', 'Kayo', 'Jett']",3,154,1.07,252.0,1.08,69%,164.3,0.88,0.25,0.19,0.11,25%,14%,2/14,30,135,125,39,29,17,Champions Tour 2024 Masters Madrid_csvs
Munchkin,Munchkin,GEN,2489,"['Kayo', 'Viper']",2,328,1.07,189.6,1.09,71%,125.5,0.67,0.4,0.06,0.08,22%,13%,7/54,19,220,201,131,20,27,Champions Tour 2024 Masters Madrid_csvs
benjyfishy,benjyfishy,TH,29873,"['Killjoy', 'Cypher', 'Viper']",3,130,1.06,216.8,1.12,72%,140.4,0.78,0.23,0.11,0.09,29%,13%,2/15,24,101,90,30,14,12,Champions Tour 2024 Masters Madrid_csvs
something,something,PRX,17086,"['Gekko', 'Reyna', 'Jett']",3,366,1.06,212.6,1.08,70%,136.6,0.75,0.22,0.15,0.11,25%,14%,6/42,24,274,254,79,54,42,Champions Tour 2024 Masters Madrid_csvs
Meteor,Meteor,GEN,13039,"['Killjoy', 'Yoru', 'Jett', 'Cypher']",4,328,1.06,230.0,1.14,73%,152.0,0.82,0.19,0.12,0.13,29%,13%,3/24,22,268,236,61,40,41,Champions Tour 2024 Masters Madrid_csvs
Karon,Karon,GEN,34974,"['Viper', 'Astra', 'Omen', 'Brimstone']",4,328,1.06,207.3,1.06,74%,140.4,0.74,0.36,0.1,0.06,29%,16%,7/45,20,242,229,119,32,19,Champions Tour 2024 Masters Madrid_csvs
cauanzin,cauanzin,LOUD,6193,"['Sova', 'Breach']",2,250,1.05,223.3,1.1,74%,143.1,0.78,0.29,0.1,0.1,25%,7%,1/15,22,195,178,72,24,25,Champions Tour 2024 Masters Madrid_csvs
f0rsakeN,f0rsakeN,PRX,9801,"['Kayo', 'Harbor', 'Yoru', 'Cypher', 'Raze', 'Fade', 'Skye']",7,366,1.04,216.5,1.02,69%,140.4,0.75,0.36,0.12,0.1,30%,20%,5/25,25,273,268,132,44,38,Champions Tour 2024 Masters Madrid_csvs
MAGNUM,MAGNUM,KC,2173,"['Killjoy', 'Fade', 'Skye', 'Breach']",4,157,1.04,195.1,1.0,69%,129.3,0.68,0.29,0.1,0.08,23%,7%,1/15,18,106,106,45,15,13,Champions Tour 2024 Masters Madrid_csvs
t3xture,t3xture,GEN,9196,"['Jett', 'Raze']",2,328,1.03,224.1,1.07,71%,144.3,0.8,0.16,0.16,0.13,24%,17%,4/23,22,264,246,53,54,41,Champions Tour 2024 Masters Madrid_csvs
marteen,marteen,KC,10307,"['Jett', 'Raze', 'Yoru']",3,157,1.03,214.6,1.02,73%,138.4,0.75,0.2,0.16,0.18,24%,13%,1/8,29,118,116,32,25,29,Champions Tour 2024 Masters Madrid_csvs
Autumn,Autumn,FPX,872,"['Jett', 'Raze', 'Phoenix', 'Yoru']",4,86,1.03,231.8,0.96,69%,154.5,0.79,0.19,0.22,0.08,28%,33%,2/6,25,68,71,16,19,7,Champions Tour 2024 Masters Madrid_csvs
Smoggy,Smoggy,EDG,4742,"['Kayo', 'Raze', 'Breach']",3,154,1.02,194.4,0.99,73%,127.9,0.71,0.36,0.09,0.06,29%,11%,4/35,19,110,111,56,14,9,Champions Tour 2024 Masters Madrid_csvs
saadhak,saadhak,LOUD,727,"['Killjoy', 'Kayo', 'Sova', 'Skye']",4,250,1.01,191.3,0.99,73%,128.1,0.65,0.38,0.09,0.13,17%,17%,4/23,21,162,163,94,22,33,Champions Tour 2024 Masters Madrid_csvs
Life,Life,FPX,3028,"['Reyna', 'Chamber', 'Jett']",3,86,1.0,230.8,1.04,64%,157.6,0.83,0.12,0.15,0.15,39%,33%,3/9,25,71,68,10,13,13,Champions Tour 2024 Masters Madrid_csvs
d4v41,d4v41,PRX,9803,"['Sage', 'Fade', 'Viper', 'Skye', 'Omen']",5,366,0.98,182.3,0.9,70%,121.5,0.64,0.39,0.04,0.05,28%,13%,8/62,25,234,259,143,16,17,Champions Tour 2024 Masters Madrid_csvs
Zellsis,Zellsis,SEN,729,"['Killjoy', 'Kayo', 'Brimstone', 'Viper']",4,421,0.98,188.4,0.93,72%,121.9,0.62,0.41,0.06,0.08,19%,14%,6/43,21,263,282,172,26,34,Champions Tour 2024 Masters Madrid_csvs
sh1n,sh1n,KC,2625,"['Sage', 'Omen', 'Astra']",3,157,0.96,178.0,0.98,81%,109.9,0.64,0.36,0.06,0.06,30%,11%,3/28,21,101,103,56,9,10,Champions Tour 2024 Masters Madrid_csvs
Quick,Quick,LOUD,1575,"['Jett', 'Yoru', 'Phoenix', 'Raze']",4,250,0.94,218.5,1.03,67%,140.6,0.77,0.16,0.16,0.15,31%,19%,3/16,27,193,187,39,41,38,Champions Tour 2024 Masters Madrid_csvs
Sacy,Sacy,SEN,659,"['Fade', 'Gekko', 'Skye', 'Sova']",4,421,0.93,173.8,0.86,73%,113.6,0.59,0.4,0.06,0.09,24%,10%,5/49,23,249,289,169,25,38,Champions Tour 2024 Masters Madrid_csvs
CHICHOO,CHICHOO,EDG,15559,"['Cypher', 'Brimstone', 'Viper', 'Killjoy']",4,154,0.89,169.0,0.81,66%,119.6,0.6,0.23,0.07,0.07,29%,0%,0/23,23,93,115,36,11,11,Champions Tour 2024 Masters Madrid_csvs
nobody,nobody,EDG,3017,"['Sova', 'Skye']",2,154,0.88,173.1,0.82,66%,124.1,0.6,0.26,0.07,0.16,33%,11%,2/18,20,92,112,40,11,25,Champions Tour 2024 Masters Madrid_csvs
Monyet,Monyet,PRX,8497,"['Omen', 'Raze', 'Astra']",3,366,0.87,199.6,0.87,66%,129.9,0.68,0.3,0.12,0.17,24%,19%,7/36,24,250,289,110,45,64,Champions Tour 2024 Masters Madrid_csvs
Boo,Boo,TH,1144,"['Omen', 'Astra']",2,130,0.87,162.3,0.87,68%,104.4,0.61,0.36,0.04,0.12,32%,12%,2/17,15,79,91,47,5,16,Champions Tour 2024 Masters Madrid_csvs
mindfreak,mindfreak,PRX,9800,"['Viper', 'Brimstone', 'Omen']",3,366,0.84,162.8,0.84,66%,108.4,0.59,0.23,0.03,0.1,37%,4%,2/49,21,217,258,83,12,35,Champions Tour 2024 Masters Madrid_csvs
Haodong,Haodong,EDG,4720,"['Omen', 'Cypher', 'Viper']",3,154,0.8,152.3,0.72,69%,110.2,0.54,0.27,0.06,0.1,27%,36%,4/11,19,83,115,41,10,16,Champions Tour 2024 Masters Madrid_csvs
Lakia,Lakia,GEN,773,"['Gekko', 'Sova', 'Skye', 'Fade']",4,328,0.8,153.1,0.78,68%,104.1,0.54,0.27,0.06,0.09,24%,32%,9/28,19,177,228,87,21,31,Champions Tour 2024 Masters Madrid_csvs
Lysoar,Lysoar,FPX,37489,['Viper'],1,86,0.79,152.8,0.72,57%,110.8,0.51,0.2,0.06,0.05,30%,0%,0/17,15,44,61,17,5,4,Champions Tour 2024 Masters Madrid_csvs
paTiTek,paTiTek,TH,309,"['Viper', 'Kayo']",2,130,0.76,149.8,0.65,71%,100.1,0.47,0.48,0.09,0.08,16%,0%,0/7,14,61,94,63,12,10,Champions Tour 2024 Masters Madrid_csvs
tomaszy,tomaszy,KC,19691,"['Viper', 'Omen', 'Fade']",3,157,0.75,138.7,0.66,63%,98.5,0.46,0.29,0.04,0.09,32%,27%,4/15,15,73,110,46,7,14,Champions Tour 2024 Masters Madrid_csvs
BerLIN,BerLIN,FPX,7857,"['Omen', 'Harbor', 'Astra']",3,86,0.72,150.0,0.7,65%,99.0,0.53,0.31,0.13,0.13,36%,8%,1/12,14,46,66,27,11,11,Champions Tour 2024 Masters Madrid_csvs
AAAAY,AAAAY,FPX,19530,"['Gekko', 'Sova']",2,86,0.71,161.0,0.69,66%,112.1,0.56,0.27,0.01,0.02,31%,7%,1/14,15,48,70,23,1,2,Champions Tour 2024 Masters Madrid_csvs
Boo,Boo,TH,1144,"['Viper', 'Omen', 'Brimstone']",3,492,,177.6,1.05,,110.2,0.65,0.42,0.09,0.06,,0%,,20,320,306,207,42,30,Champions Tour 2024 Masters Shanghai_csvs
nobody,nobody,EDG,3017,"['Gekko', 'Skye']",2,78,,159.0,0.7,,102.9,0.56,0.29,0.06,0.14,,0%,,21,44,63,23,5,11,Champions Tour 2024 Masters Shanghai_csvs
Meteor,Meteor,GEN,13039,"['Killjoy', 'Yoru', 'Cypher']",3,388,,230.8,1.22,,150.8,0.84,0.13,0.11,0.09,,0%,,31,326,267,51,43,36,Champions Tour 2024 Masters Shanghai_csvs
Karon,Karon,GEN,34974,"['Viper', 'Omen', 'Astra', 'Brimstone']",4,388,,193.2,1.13,,125.9,0.7,0.45,0.06,0.07,,0%,,26,270,238,175,22,28,Champions Tour 2024 Masters Shanghai_csvs
C0M,C0M,LEV,619,"['Sova', 'Fade', 'Cypher', 'Skye']",4,162,,146.0,0.73,,96.0,0.5,0.26,0.07,0.09,,0%,,16,81,111,42,11,15,Champions Tour 2024 Masters Shanghai_csvs
tex,tex,LEV,1818,"['Killjoy', 'Cypher', 'Gekko']",3,162,,219.8,1.16,,145.7,0.77,0.23,0.07,0.07,,0%,,20,125,108,37,12,12,Champions Tour 2024 Masters Shanghai_csvs
Mazino,Mazino,LEV,7603,"['Harbor', 'Omen', 'Kayo', 'Breach', 'Brimstone']",5,162,,199.3,1.01,,135.8,0.73,0.36,0.09,0.08,,0%,,30,119,118,59,14,13,Champions Tour 2024 Masters Shanghai_csvs
aspas,aspas,LEV,8480,"['Jett', 'Raze']",2,162,,237.8,1.17,,158.0,0.85,0.17,0.21,0.12,,0%,,23,137,117,28,34,20,Champions Tour 2024 Masters Shanghai_csvs
kiNgg,kiNgg,LEV,8549,"['Viper', 'Omen']",2,162,,210.1,1.05,,140.7,0.75,0.32,0.09,0.1,,0%,,28,121,115,52,14,16,Champions Tour 2024 Masters Shanghai_csvs
Jinggg,Jinggg,PRX,7378,"['Raze', 'Reyna', 'Sage']",3,171,,217.5,0.99,,151.7,0.77,0.21,0.09,0.1,,0%,,24,132,134,36,15,17,Champions Tour 2024 Masters Shanghai_csvs
mindfreak,mindfreak,PRX,9800,"['Omen', 'Brimstone', 'Viper']",3,171,,180.4,0.91,,120.7,0.64,0.32,0.06,0.05,,0%,,23,110,121,55,11,8,Champions Tour 2024 Masters Shanghai_csvs
f0rsakeN,f0rsakeN,PRX,9801,"['Skye', 'Breach', 'Harbor', 'Kayo']",4,171,,189.0,0.89,,122.0,0.67,0.43,0.08,0.13,,0%,,29,114,128,74,13,22,Champions Tour 2024 Masters Shanghai_csvs
d4v41,d4v41,PRX,9803,"['Viper', 'Skye', 'Sage', 'Sova', 'Killjoy']",5,171,,182.5,1.03,,128.4,0.68,0.32,0.05,0.06,,0%,,20,117,114,55,8,10,Champions Tour 2024 Masters Shanghai_csvs
something,something,PRX,17086,"['Jett', 'Gekko', 'Reyna']",3,171,,237.8,1.12,,152.2,0.81,0.29,0.2,0.19,,0%,,25,138,123,49,34,33,Champions Tour 2024 Masters Shanghai_csvs
ZmjjKK,ZmjjKK,EDG,3520,['Raze'],1,78,,243.0,0.91,,154.1,0.81,0.15,0.17,0.17,,0%,,20,63,69,12,13,13,Champions Tour 2024 Masters Shanghai_csvs
Munchkin,Munchkin,GEN,2489,"['Kayo', 'Viper']",2,388,,177.6,0.98,,119.5,0.62,0.39,0.06,0.09,,0%,,21,239,244,151,23,35,Champions Tour 2024 Masters Shanghai_csvs
Haodong,Haodong,EDG,4720,"['Cypher', 'Gekko']",2,78,,136.0,0.54,,83.6,0.45,0.21,0.12,0.12,,0%,,14,35,65,16,9,9,Champions Tour 2024 Masters Shanghai_csvs
Smoggy,Smoggy,EDG,4742,['Omen'],1,78,,237.0,1.1,,156.4,0.82,0.26,0.09,0.04,,0%,,25,64,58,20,7,3,Champions Tour 2024 Masters Shanghai_csvs
CHICHOO,CHICHOO,EDG,15559,"['Astra', 'Viper']",2,78,,186.5,0.88,,122.4,0.65,0.26,0.05,0.05,,0%,,15,51,58,20,4,4,Champions Tour 2024 Masters Shanghai_csvs
Asuna,Asuna,100T,601,"['Gekko', 'Raze', 'Kayo']",3,188,,202.8,0.98,,135.3,0.7,0.3,0.12,0.15,,0%,,24,131,134,57,22,28,Champions Tour 2024 Masters Shanghai_csvs
Boostio,Boostio,100T,604,"['Killjoy', 'Gekko', 'Cypher']",3,188,,183.0,0.91,,125.1,0.66,0.2,0.1,0.12,,0%,,22,125,137,37,19,22,Champions Tour 2024 Masters Shanghai_csvs
eeiu,eeiu,100T,796,"['Sova', 'Fade']",2,188,,188.9,1.0,,124.5,0.66,0.25,0.05,0.05,,0%,,16,124,124,47,10,10,Champions Tour 2024 Masters Shanghai_csvs
bang,bang,100T,3880,"['Viper', 'Omen']",2,188,,200.2,1.01,,133.8,0.7,0.25,0.1,0.06,,0%,,23,131,130,47,18,11,Champions Tour 2024 Masters Shanghai_csvs
Cryocells,Cryocells,100T,4147,"['Jett', 'Brimstone', 'Gekko']",3,188,,219.2,1.07,,140.2,0.78,0.26,0.12,0.14,,0%,,32,146,137,48,22,26,Champions Tour 2024 Masters Shanghai_csvs
Boaster,Boaster,FNC,438,"['Omen', 'Brimstone', 'Viper']",3,125,,137.0,0.65,,95.4,0.47,0.31,0.08,0.11,,0%,,17,59,91,39,10,14,Champions Tour 2024 Masters Shanghai_csvs
Chronicle,Chronicle,FNC,458,"['Viper', 'Skye', 'Kayo', 'Cypher']",4,125,,172.5,0.81,,118.1,0.59,0.33,0.06,0.11,,0%,,19,74,91,41,8,14,Champions Tour 2024 Masters Shanghai_csvs
Leo,Leo,FNC,1380,"['Fade', 'Gekko', 'Sova', 'Breach']",4,125,,186.3,1.01,,124.6,0.65,0.36,0.03,0.05,,0%,,19,81,80,45,4,6,Champions Tour 2024 Masters Shanghai_csvs
Derke,Derke,FNC,5022,"['Raze', 'Yoru', 'Jett']",3,125,,258.5,1.17,,165.3,0.86,0.23,0.18,0.12,,0%,,26,108,92,29,22,15,Champions Tour 2024 Masters Shanghai_csvs
t3xture,t3xture,GEN,9196,"['Jett', 'Raze']",2,388,,241.2,1.21,,148.2,0.85,0.14,0.22,0.17,,0%,,28,328,272,55,84,67,Champions Tour 2024 Masters Shanghai_csvs
Lakia,Lakia,GEN,773,"['Gekko', 'Fade', 'Sova', 'Skye']",4,388,,188.9,1.05,,126.3,0.66,0.34,0.08,0.05,,0%,,19,256,243,131,31,19,Champions Tour 2024 Masters Shanghai_csvs
RieNs,RieNs,TH,10971,"['Sova', 'Breach', 'Skye', 'Gekko', 'Fade']",5,492,,207.8,1.14,,137.5,0.74,0.39,0.06,0.04,,0%,,25,362,317,191,31,22,Champions Tour 2024 Masters Shanghai_csvs
Lysoar,Lysoar,FPX,37489,"['Omen', 'Killjoy']",2,211,,148.4,0.75,,104.1,0.52,0.22,0.06,0.09,,0%,,26,109,145,47,13,18,Champions Tour 2024 Masters Shanghai_csvs
paTiTek,paTiTek,TH,309,"['Kayo', 'Fade', 'Skye', 'Raze', 'Viper']",5,492,,198.6,1.05,,131.4,0.69,0.41,0.09,0.07,,0%,,20,338,323,201,44,34,Champions Tour 2024 Masters Shanghai_csvs
Wo0t,Wo0t,TH,21328,"['Jett', 'Raze', 'Viper']",3,492,,248.0,1.21,,158.5,0.87,0.17,0.24,0.16,,0%,,37,427,352,85,118,79,Champions Tour 2024 Masters Shanghai_csvs
benjyfishy,benjyfishy,TH,29873,"['Killjoy', 'Cypher', 'Viper']",3,492,,196.0,1.11,,131.2,0.72,0.2,0.09,0.09,,0%,,28,353,319,99,46,46,Champions Tour 2024 Masters Shanghai_csvs
vo0kashu,vo0kashu,DRG,3741,"['Killjoy', 'Cypher']",2,85,,223.5,1.0,,156.2,0.74,0.31,0.06,0.08,,0%,,21,63,63,26,5,7,Champions Tour 2024 Masters Shanghai_csvs
nizhaoTZH,nizhaoTZH,DRG,4880,"['Viper', 'Omen', 'Brimstone']",3,85,,209.3,1.05,,141.0,0.79,0.25,0.07,0.06,,0%,,25,67,64,21,6,5,Champions Tour 2024 Masters Shanghai_csvs
TvirusLuke,TvirusLuke,DRG,7841,"['Jett', 'Raze']",2,85,,202.0,0.74,,154.6,0.65,0.18,0.18,0.2,,0%,,23,55,74,15,15,17,Champions Tour 2024 Masters Shanghai_csvs
Nicc,Nicc,DRG,11524,"['Sova', 'Kayo', 'Skye']",3,85,,183.0,0.79,,121.1,0.59,0.28,0.06,0.11,,0%,,20,50,63,24,5,9,Champions Tour 2024 Masters Shanghai_csvs
Shion7,Shion7,DRG,41774,"['Harbor', 'Gekko', 'Sova']",3,85,,122.5,0.55,,93.7,0.42,0.21,0.04,0.15,,0%,,14,36,65,18,3,13,Champions Tour 2024 Masters Shanghai_csvs
Autumn,Autumn,FPX,872,"['Cypher', 'Viper', 'Kayo']",3,211,,193.6,0.99,,130.8,0.66,0.34,0.06,0.08,,0%,,21,140,142,72,12,16,Champions Tour 2024 Masters Shanghai_csvs
Life,Life,FPX,3028,"['Yoru', 'Raze', 'Clove']",3,211,,239.2,1.01,,154.5,0.82,0.21,0.16,0.22,,0%,,30,174,173,45,34,46,Champions Tour 2024 Masters Shanghai_csvs
BerLIN,BerLIN,FPX,7857,"['Harbor', 'Astra', 'Omen']",3,211,,212.0,1.02,,141.9,0.73,0.33,0.14,0.1,,0%,,28,153,150,70,30,21,Champions Tour 2024 Masters Shanghai_csvs
AAAAY,AAAAY,FPX,19530,"['Fade', 'Gekko']",2,211,,191.2,1.09,,130.1,0.74,0.19,0.08,0.02,,0%,,30,156,143,40,16,5,Champions Tour 2024 Masters Shanghai_csvs
cNed,cNed,FUT,573,"['Raze', 'Jett', 'Chamber']",3,305,,216.0,1.01,,148.4,0.77,0.2,0.15,0.16,,0%,,29,235,233,60,45,50,Champions Tour 2024 Masters Shanghai_csvs
carpe,carpe,T1,31207,"['Sova', 'Fade', 'Omen']",3,103,,196.2,1.03,,131.9,0.71,0.28,0.08,0.1,,0%,,26,73,71,29,8,10,Champions Tour 2024 Masters Shanghai_csvs
qRaxs,qRaxs,FUT,1139,"['Gekko', 'Breach', 'Kayo', 'Raze']",4,305,,181.2,0.89,,118.4,0.65,0.38,0.06,0.06,,0%,,29,198,222,115,18,17,Champions Tour 2024 Masters Shanghai_csvs
AtaKaptan,AtaKaptan,FUT,6510,"['Omen', 'Viper']",2,305,,192.5,0.91,,120.8,0.69,0.34,0.07,0.14,,0%,,23,209,229,105,22,42,Champions Tour 2024 Masters Shanghai_csvs
MrFaliN,MrFaliN,FUT,8044,"['Breach', 'Omen', 'Sova', 'Skye', 'Gekko']",5,305,,173.9,0.84,,116.5,0.61,0.41,0.06,0.1,,0%,,21,186,222,126,19,30,Champions Tour 2024 Masters Shanghai_csvs
yetujey,yetujey,FUT,8369,"['Cypher', 'Killjoy', 'Viper']",3,305,,189.4,1.0,,127.2,0.67,0.21,0.1,0.11,,0%,,18,205,206,63,29,34,Champions Tour 2024 Masters Shanghai_csvs
valyn,valyn,G2,3885,"['Astra', 'Harbor', 'Omen', 'Brimstone', 'Sage']",5,344,,178.4,0.92,,117.1,0.65,0.36,0.06,0.1,,0%,,20,222,241,124,20,33,Champions Tour 2024 Masters Shanghai_csvs
JonahP,JonahP,G2,4581,"['Viper', 'Skye', 'Breach', 'Kayo']",4,344,,203.3,1.0,,128.9,0.72,0.35,0.07,0.12,,0%,,28,246,245,121,25,41,Champions Tour 2024 Masters Shanghai_csvs
leaf,leaf,G2,7873,"['Cypher', 'Killjoy', 'Viper']",3,344,,208.2,0.98,,140.3,0.72,0.23,0.11,0.13,,0%,,28,248,254,79,37,45,Champions Tour 2024 Masters Shanghai_csvs
icy,icy,G2,8402,"['Yoru', 'Gekko', 'Raze', 'Jett']",4,344,,196.1,0.9,,131.5,0.67,0.24,0.16,0.11,,0%,,22,232,258,84,55,39,Champions Tour 2024 Masters Shanghai_csvs
trent,trent,G2,15500,"['Sova', 'Fade', 'Gekko']",3,344,,184.1,0.85,,120.0,0.62,0.32,0.09,0.05,,0%,,27,212,248,111,31,18,Champions Tour 2024 Masters Shanghai_csvs
Rossy,Rossy,T1,1129,"['Viper', 'Breach']",2,103,,217.6,1.15,,130.8,0.75,0.27,0.06,0.06,,0%,,20,77,67,28,6,6,Champions Tour 2024 Masters Shanghai_csvs
Sayaplayer,Sayaplayer,T1,4545,"['Jett', 'Sage', 'Raze', 'Gekko']",4,103,,173.6,0.83,,121.3,0.62,0.17,0.07,0.14,,0%,,19,64,77,17,7,14,Champions Tour 2024 Masters Shanghai_csvs
xccurate,xccurate,T1,10816,"['Harbor', 'Chamber', 'Sage']",3,103,,180.2,0.88,,114.9,0.67,0.18,0.09,0.12,,0%,,18,69,78,19,9,12,Champions Tour 2024 Masters Shanghai_csvs
iZu,iZu,T1,29833,"['Yoru', 'Reyna', 'Omen', 'Raze']",4,103,,210.8,0.83,,134.0,0.72,0.29,0.17,0.13,,0%,,19,74,89,30,18,13,Champions Tour 2024 Masters Shanghai_csvs
Alfajer,Alfajer,FNC,9810,"['Killjoy', 'Viper', 'Cypher', 'Raze']",4,125,,221.5,1.1,,150.3,0.78,0.22,0.12,0.14,,0%,,26,98,89,28,15,17,Champions Tour 2024 Masters Shanghai_csvs
JitBoyS,JitBoyS,TLN,13788,"['Viper', 'Killjoy', 'Cypher']",3,122,1.2,228.5,1.25,75%,152.0,0.83,0.16,0.06,0.07,36%,29%,6/21,26,101,81,20,7,8,Champions Tour 2024 Pacific Kickoff_csvs
invy,invy,TS,8504,"['Kayo', 'Viper', 'Sage']",3,225,1.2,211.7,1.26,76%,144.7,0.8,0.37,0.07,0.06,29%,5%,1/21,28,181,144,84,16,13,Champions Tour 2024 Pacific Kickoff_csvs
t3xture,t3xture,GEN,9196,"['Jett', 'Raze']",2,429,1.18,250.8,1.29,73%,164.3,0.9,0.16,0.16,0.14,29%,22%,9/41,33,388,301,69,70,62,Champions Tour 2024 Pacific Kickoff_csvs
Jremy,Jremy,TS,7405,"['Jett', 'Raze']",2,225,1.17,256.6,1.24,75%,163.3,0.9,0.19,0.25,0.17,28%,15%,2/13,27,202,163,42,56,38,Champions Tour 2024 Pacific Kickoff_csvs
MaKo,MaKo,DRX,4462,"['Omen', 'Viper', 'Brimstone']",3,133,1.17,207.8,1.16,84%,141.6,0.74,0.41,0.1,0.02,31%,6%,1/16,21,99,85,55,13,3,Champions Tour 2024 Pacific Kickoff_csvs
Karon,Karon,GEN,34974,"['Viper', 'Astra', 'Omen', 'Brimstone']",4,429,1.14,199.2,1.12,77%,132.3,0.71,0.39,0.08,0.05,36%,19%,12/63,23,304,272,168,33,23,Champions Tour 2024 Pacific Kickoff_csvs
Sayaplayer,Sayaplayer,T1,4545,"['Jett', 'Raze']",2,163,1.14,215.1,1.29,74%,143.2,0.82,0.08,0.21,0.13,29%,15%,2/13,36,134,104,13,34,22,Champions Tour 2024 Pacific Kickoff_csvs
something,something,PRX,17086,"['Yoru', 'Jett', 'Gekko', 'Reyna']",4,191,1.14,224.7,1.12,77%,143.6,0.8,0.25,0.17,0.11,22%,6%,1/16,23,153,137,47,33,21,Champions Tour 2024 Pacific Kickoff_csvs
Meiy,Meiy,DFM,6672,"['Raze', 'Yoru']",2,86,1.12,253.5,1.1,70%,163.4,0.87,0.17,0.21,0.16,26%,20%,2/10,21,75,68,15,18,14,Champions Tour 2024 Pacific Kickoff_csvs
xccurate,xccurate,T1,10816,"['Harbor', 'Chamber', 'Cypher', 'Astra']",4,163,1.12,233.6,1.23,74%,149.8,0.83,0.21,0.08,0.04,29%,0%,0/20,29,135,110,35,13,6,Champions Tour 2024 Pacific Kickoff_csvs
Jemkin,Jemkin,RRQ,24895,"['Jett', 'Raze']",2,136,1.1,236.3,1.17,68%,146.6,0.87,0.13,0.13,0.12,30%,15%,2/13,25,118,101,17,18,16,Champions Tour 2024 Pacific Kickoff_csvs
Rossy,Rossy,T1,1129,['Viper'],1,163,1.09,213.4,1.14,79%,129.5,0.72,0.29,0.07,0.06,19%,24%,6/25,23,117,103,48,12,9,Champions Tour 2024 Pacific Kickoff_csvs
Governor,Governor,TLN,3980,"['Neon', 'Jett', 'Raze']",3,122,1.08,247.0,1.16,70%,153.3,0.84,0.23,0.19,0.21,17%,20%,2/10,25,103,89,28,23,26,Champions Tour 2024 Pacific Kickoff_csvs
d4v41,d4v41,PRX,9803,"['Viper', 'Skye', 'Sage', 'Omen', 'Fade']",5,191,1.07,195.9,0.99,73%,138.0,0.68,0.45,0.05,0.07,31%,23%,7/30,21,130,131,85,9,13,Champions Tour 2024 Pacific Kickoff_csvs
Flashback,Flashback,DRX,35013,"['Killjoy', 'Cypher']",2,133,1.06,200.3,1.2,68%,139.5,0.77,0.16,0.07,0.13,36%,9%,1/11,21,102,85,21,9,17,Champions Tour 2024 Pacific Kickoff_csvs
mindfreak,mindfreak,PRX,9800,"['Sova', 'Omen', 'Viper', 'Brimstone']",4,191,1.06,189.4,1.04,69%,129.4,0.69,0.25,0.04,0.04,28%,29%,10/35,29,132,127,48,7,8,Champions Tour 2024 Pacific Kickoff_csvs
Meteor,Meteor,GEN,13039,"['Killjoy', 'Jett', 'Cypher']",3,429,1.06,222.0,1.15,72%,146.6,0.8,0.14,0.11,0.09,28%,9%,5/53,24,345,299,60,49,37,Champions Tour 2024 Pacific Kickoff_csvs
Egoist,Egoist,BLD,2362,"['Skye', 'Killjoy', 'Cypher']",3,122,1.06,208.4,1.07,75%,132.2,0.75,0.23,0.08,0.06,26%,24%,4/17,27,91,85,28,10,7,Champions Tour 2024 Pacific Kickoff_csvs
sScary,sScary,BLD,4382,"['Viper', 'Omen']",2,122,1.06,177.8,1.05,77%,123.9,0.63,0.39,0.08,0.08,24%,21%,7/34,28,77,73,47,10,10,Champions Tour 2024 Pacific Kickoff_csvs
Dep,Dep,ZETA,424,"['Raze', 'Jett']",2,212,1.05,245.0,1.16,67%,154.0,0.87,0.12,0.22,0.18,27%,5%,1/19,27,184,159,26,46,39,Champions Tour 2024 Pacific Kickoff_csvs
iZu,iZu,T1,29833,"['Yoru', 'Omen', 'Raze']",3,163,1.05,203.1,1.07,74%,134.7,0.72,0.38,0.1,0.11,30%,13%,2/16,27,117,109,62,17,18,Champions Tour 2024 Pacific Kickoff_csvs
JessieVash,JessieVash,TS,2334,"['Sova', 'Skye']",2,225,1.04,186.7,1.05,74%,125.8,0.64,0.36,0.06,0.08,26%,18%,6/34,18,144,137,81,14,17,Champions Tour 2024 Pacific Kickoff_csvs
BuZz,BuZz,DRX,804,"['Raze', 'Yoru', 'Jett']",3,133,1.03,234.7,1.01,79%,148.6,0.79,0.29,0.17,0.09,23%,14%,1/7,22,105,104,38,23,12,Champions Tour 2024 Pacific Kickoff_csvs
stax,stax,DRX,485,"['Fade', 'Sova', 'Breach', 'Gekko']",4,133,1.03,174.3,1.09,70%,115.6,0.66,0.29,0.08,0.05,32%,12%,2/17,22,88,81,39,10,7,Champions Tour 2024 Pacific Kickoff_csvs
xffero,xffero,RRQ,4871,"['Viper', 'Astra', 'Harbor', 'Omen']",4,136,1.02,200.3,0.96,72%,128.8,0.71,0.37,0.08,0.08,30%,26%,5/19,22,96,100,50,11,11,Champions Tour 2024 Pacific Kickoff_csvs
BORKUM,BORKUM,TS,2333,"['Viper', 'Omen']",2,225,1.02,191.3,0.99,72%,123.1,0.66,0.47,0.11,0.07,21%,10%,2/21,24,148,149,106,24,16,Champions Tour 2024 Pacific Kickoff_csvs
f0rsakeN,f0rsakeN,PRX,9801,"['Harbor', 'Cypher', 'Kayo', 'Yoru', 'Fade']",5,191,1.01,220.3,1.05,73%,139.9,0.79,0.27,0.13,0.12,29%,10%,1/10,33,151,144,51,24,23,Champions Tour 2024 Pacific Kickoff_csvs
NDG,NDG,TS,12322,"['Cypher', 'Killjoy']",2,225,1.01,178.6,1.04,78%,125.9,0.64,0.22,0.05,0.09,21%,22%,5/23,23,143,138,49,11,20,Champions Tour 2024 Pacific Kickoff_csvs
Foxy9,Foxy9,DRX,11600,"['Viper', 'Jett', 'Kayo']",3,133,1.0,200.7,1.08,74%,122.4,0.72,0.23,0.16,0.14,31%,8%,1/12,21,96,89,30,21,18,Champions Tour 2024 Pacific Kickoff_csvs
Deryeon,Deryeon,BLD,9152,"['Harbor', 'Raze']",2,122,0.98,222.4,0.98,72%,145.1,0.76,0.22,0.17,0.13,21%,18%,2/11,29,93,95,27,21,16,Champions Tour 2024 Pacific Kickoff_csvs
Munchkin,Munchkin,GEN,2489,"['Kayo', 'Viper']",2,429,0.98,187.5,0.98,72%,124.7,0.66,0.38,0.09,0.1,21%,13%,5/40,27,283,288,164,38,43,Champions Tour 2024 Pacific Kickoff_csvs
blaZek1ng,blaZek1ng,GE,1743,"['Gekko', 'Sova', 'Fade']",3,149,0.97,187.9,0.97,68%,129.2,0.65,0.22,0.05,0.09,29%,7%,2/28,24,97,100,33,8,13,Champions Tour 2024 Pacific Kickoff_csvs
yuran,yuran,ZETA,29840,"['Viper', 'Sova', 'Breach']",3,212,0.96,192.5,0.91,72%,128.8,0.66,0.32,0.09,0.08,27%,5%,1/22,20,139,153,68,19,17,Champions Tour 2024 Pacific Kickoff_csvs
Estrella,Estrella,RRQ,25025,"['Sova', 'Skye', 'Fade']",3,136,0.96,176.3,0.89,67%,114.2,0.61,0.3,0.05,0.08,30%,0%,0/23,19,83,93,41,7,11,Champions Tour 2024 Pacific Kickoff_csvs
hiroronn,hiroronn,ZETA,10588,"['Skye', 'Sova', 'Kayo', 'Fade']",4,212,0.95,179.2,0.91,67%,122.2,0.64,0.32,0.08,0.11,30%,16%,4/25,18,135,148,68,16,24,Champions Tour 2024 Pacific Kickoff_csvs
ban,ban,TLN,5129,"['Yoru', 'Kayo', 'Skye']",3,122,0.93,195.5,0.91,73%,119.9,0.66,0.34,0.12,0.09,26%,14%,2/14,22,80,88,42,15,11,Champions Tour 2024 Pacific Kickoff_csvs
Laz,Laz,ZETA,999,"['Cypher', 'Killjoy']",2,212,0.92,180.5,0.93,67%,123.1,0.65,0.16,0.08,0.07,25%,9%,3/34,16,137,147,34,17,15,Champions Tour 2024 Pacific Kickoff_csvs
SSeeS,SSeeS,DFM,21438,"['Omen', 'Viper']",2,86,0.92,169.5,0.84,71%,106.7,0.62,0.34,0.03,0.08,36%,33%,4/12,17,53,63,29,3,7,Champions Tour 2024 Pacific Kickoff_csvs
SugarZ3ro,SugarZ3ro,ZETA,6668,"['Brimstone', 'Harbor', 'Omen']",3,212,0.92,156.2,0.84,67%,105.4,0.56,0.4,0.01,0.08,28%,9%,2/22,19,118,140,84,3,16,Champions Tour 2024 Pacific Kickoff_csvs
Benkai,Benkai,GE,9802,"['Cypher', 'Killjoy', 'Viper']",3,149,0.9,171.6,0.88,63%,113.9,0.6,0.13,0.03,0.1,25%,17%,4/23,26,89,101,20,4,15,Champions Tour 2024 Pacific Kickoff_csvs
Medusa,Medusa,DFM,993,"['Killjoy', 'Cypher']",2,86,0.88,177.0,0.84,60%,122.7,0.63,0.1,0.12,0.08,39%,7%,1/14,19,54,64,9,10,7,Champions Tour 2024 Pacific Kickoff_csvs
carpe,carpe,T1,31207,"['Sova', 'Fade', 'Skye']",3,163,0.85,180.3,0.81,76%,119.0,0.6,0.32,0.09,0.1,22%,31%,4/13,23,97,120,52,15,17,Champions Tour 2024 Pacific Kickoff_csvs
Lakia,Lakia,GEN,773,"['Gekko', 'Skye', 'Fade', 'Sova']",4,429,0.85,173.9,0.83,74%,115.0,0.59,0.34,0.07,0.1,27%,35%,13/37,20,254,306,148,30,44,Champions Tour 2024 Pacific Kickoff_csvs
fl1pzjder,fl1pzjder,RRQ,7045,"['Gekko', 'Viper', 'Omen', 'Yoru']",4,136,0.84,164.5,0.78,69%,103.4,0.57,0.28,0.06,0.1,28%,18%,3/17,18,77,99,38,8,13,Champions Tour 2024 Pacific Kickoff_csvs
lenne,lenne,TLN,8137,['Sova'],1,122,0.84,162.2,0.72,72%,108.8,0.5,0.34,0.06,0.07,17%,7%,1/15,17,61,85,41,7,9,Champions Tour 2024 Pacific Kickoff_csvs
Russ,Russ,GE,1162,"['Kayo', 'Gekko', 'Breach']",3,149,0.83,163.4,0.79,66%,102.0,0.56,0.33,0.07,0.09,32%,11%,2/18,17,84,107,49,11,14,Champions Tour 2024 Pacific Kickoff_csvs
Lmemore,Lmemore,RRQ,7764,"['Killjoy', 'Cypher', 'Chamber']",3,136,0.81,184.5,0.83,64%,123.7,0.65,0.13,0.1,0.2,33%,13%,1/8,20,89,107,18,14,27,Champions Tour 2024 Pacific Kickoff_csvs
neth,neth,DFM,1970,"['Viper', 'Harbor']",2,86,0.81,171.8,0.75,62%,114.9,0.58,0.22,0.05,0.12,27%,7%,1/15,14,50,67,19,4,10,Champions Tour 2024 Pacific Kickoff_csvs
Polvi,Polvi,GE,1839,"['Raze', 'Jett']",2,149,0.8,197.3,0.78,63%,136.0,0.63,0.14,0.23,0.2,21%,0%,0/6,16,94,121,21,35,30,Champions Tour 2024 Pacific Kickoff_csvs
Monyet,Monyet,PRX,8497,"['Omen', 'Raze']",2,191,0.78,175.8,0.75,70%,120.4,0.6,0.26,0.1,0.18,21%,16%,3/19,20,114,152,50,19,34,Champions Tour 2024 Pacific Kickoff_csvs
Lightningfast,Lightningfast,GE,3626,"['Viper', 'Omen']",2,149,0.78,153.4,0.73,64%,104.5,0.54,0.22,0.06,0.06,38%,13%,2/15,14,80,110,33,9,9,Champions Tour 2024 Pacific Kickoff_csvs
yay,yay,BLD,881,"['Neon', 'Skye', 'Viper', 'Jett']",4,122,0.77,167.8,0.8,67%,115.0,0.6,0.25,0.08,0.13,28%,14%,1/7,27,73,91,30,10,16,Champions Tour 2024 Pacific Kickoff_csvs
crazyguy,crazyguy,BLD,1430,"['Sova', 'Breach', 'Skye']",3,122,0.74,175.0,0.73,61%,113.5,0.54,0.28,0.09,0.1,31%,0%,0/5,17,66,91,34,11,12,Champions Tour 2024 Pacific Kickoff_csvs
Anthem,Anthem,DFM,6700,"['Skye', 'Sova']",2,86,0.71,138.5,0.57,67%,102.2,0.44,0.47,0.06,0.09,28%,20%,2/10,13,38,67,40,5,8,Champions Tour 2024 Pacific Kickoff_csvs
Crws,Crws,TLN,3977,"['Harbor', 'Omen', 'Astra']",3,122,0.69,129.2,0.68,67%,86.9,0.47,0.29,0.03,0.1,23%,9%,1/11,13,57,84,35,4,12,Champions Tour 2024 Pacific Kickoff_csvs
Jemkin,Jemkin,RRQ,24895,"['Jett', 'Raze']",2,244,1.17,236.4,1.26,75%,151.5,0.85,0.13,0.14,0.16,33%,13%,3/23,26,208,165,31,33,39,Champions Tour 2024 Pacific Stage 1_csvs
MaKo,MaKo,DRX,4462,"['Viper', 'Omen']",2,372,1.16,216.8,1.19,76%,147.2,0.76,0.35,0.09,0.09,31%,15%,5/33,21,281,237,130,34,35,Champions Tour 2024 Pacific Stage 1_csvs
BeYN,BeYN,DRX,4678,"['Omen', 'Sova', 'Yoru', 'Brimstone', 'Astra', 'Gekko']",6,372,1.15,199.7,1.16,79%,132.2,0.73,0.39,0.05,0.06,29%,19%,8/43,25,270,233,144,20,22,Champions Tour 2024 Pacific Stage 1_csvs
Laz,Laz,ZETA,999,"['Chamber', 'Killjoy', 'Viper']",3,299,1.14,212.8,1.16,71%,142.0,0.76,0.15,0.15,0.08,26%,4%,2/50,22,227,196,46,44,24,Champions Tour 2024 Pacific Stage 1_csvs
t3xture,t3xture,GEN,9196,"['Raze', 'Jett', 'Omen']",3,627,1.14,235.3,1.2,72%,153.7,0.84,0.17,0.21,0.13,27%,17%,10/59,28,526,437,107,130,84,Champions Tour 2024 Pacific Stage 1_csvs
something,something,PRX,17086,"['Jett', 'Reyna', 'Gekko']",3,494,1.14,229.9,1.22,76%,145.5,0.82,0.22,0.2,0.12,27%,13%,4/30,25,406,334,109,99,61,Champions Tour 2024 Pacific Stage 1_csvs
d4v41,d4v41,PRX,9803,"['Skye', 'Killjoy', 'Omen', 'Sage', 'Kayo', 'Viper']",6,494,1.13,210.8,1.17,81%,136.3,0.74,0.42,0.09,0.06,31%,10%,5/50,22,364,311,206,43,29,Champions Tour 2024 Pacific Stage 1_csvs
invy,invy,TS,8504,"['Breach', 'Viper', 'Kayo', 'Fade']",4,382,1.12,206.8,1.05,77%,137.2,0.74,0.49,0.06,0.05,34%,13%,5/39,25,282,268,188,24,18,Champions Tour 2024 Pacific Stage 1_csvs
sScary,sScary,BLD,4382,"['Omen', 'Brimstone', 'Harbor', 'Viper']",4,294,1.12,220.4,1.11,75%,143.3,0.78,0.33,0.09,0.07,25%,11%,5/45,26,228,206,96,27,21,Champions Tour 2024 Pacific Stage 1_csvs
JitBoyS,JitBoyS,TLN,13788,"['Omen', 'Harbor', 'Viper']",3,339,1.1,199.4,1.09,73%,134.3,0.73,0.34,0.08,0.08,37%,22%,11/49,29,246,226,114,28,27,Champions Tour 2024 Pacific Stage 1_csvs
Jinggg,Jinggg,PRX,7378,"['Raze', 'Sage']",2,494,1.1,234.3,1.17,77%,154.4,0.81,0.24,0.13,0.09,21%,18%,7/38,24,402,345,119,65,45,Champions Tour 2024 Pacific Stage 1_csvs
Dep,Dep,ZETA,424,"['Phoenix', 'Jett', 'Neon', 'Yoru', 'Raze']",5,299,1.08,234.6,1.1,72%,152.4,0.82,0.22,0.15,0.15,28%,25%,5/20,29,245,222,66,44,46,Champions Tour 2024 Pacific Stage 1_csvs
Jremy,Jremy,TS,7405,"['Raze', 'Jett']",2,382,1.08,247.3,1.12,75%,158.0,0.82,0.2,0.23,0.24,22%,20%,7/35,30,315,282,78,89,92,Champions Tour 2024 Pacific Stage 1_csvs
Foxy9,Foxy9,DRX,11600,"['Cypher', 'Killjoy']",2,372,1.08,191.4,1.17,74%,126.4,0.72,0.21,0.07,0.08,32%,22%,13/60,24,269,229,77,27,29,Champions Tour 2024 Pacific Stage 1_csvs
Lmemore,Lmemore,RRQ,7764,"['Sova', 'Skye', 'Fade']",3,244,1.07,221.6,1.05,67%,149.3,0.79,0.23,0.11,0.11,35%,14%,3/22,30,192,183,56,26,27,Champions Tour 2024 Pacific Stage 1_csvs
mindfreak,mindfreak,PRX,9800,"['Omen', 'Brimstone', 'Viper']",3,494,1.06,193.3,1.12,77%,126.3,0.7,0.37,0.05,0.06,32%,10%,7/73,26,347,309,181,27,31,Champions Tour 2024 Pacific Stage 1_csvs
f0rsakeN,f0rsakeN,PRX,9801,"['Cypher', 'Harbor', 'Kayo', 'Breach', 'Sova', 'Skye']",6,494,1.06,195.5,1.11,78%,131.1,0.72,0.35,0.08,0.11,32%,17%,7/42,25,354,319,174,39,56,Champions Tour 2024 Pacific Stage 1_csvs
Munchkin,Munchkin,GEN,2489,"['Viper', 'Kayo', 'Skye']",3,627,1.06,195.5,1.02,74%,129.5,0.66,0.44,0.07,0.1,25%,23%,18/78,22,411,402,278,41,61,Champions Tour 2024 Pacific Stage 1_csvs
Rossy,Rossy,T1,1129,"['Viper', 'Kayo', 'Skye', 'Breach', 'Sage']",5,531,1.06,201.2,1.0,74%,132.2,0.69,0.4,0.07,0.08,26%,17%,13/75,22,369,370,215,39,40,Champions Tour 2024 Pacific Stage 1_csvs
Lightningfast,Lightningfast,GE,3626,"['Omen', 'Sage', 'Viper']",3,302,1.05,209.1,1.01,72%,137.1,0.72,0.37,0.09,0.08,33%,15%,4/27,24,217,214,113,26,24,Champions Tour 2024 Pacific Stage 1_csvs
Karon,Karon,GEN,34974,"['Omen', 'Viper', 'Brimstone', 'Astra']",4,627,1.04,188.6,1.02,73%,119.5,0.67,0.42,0.07,0.08,30%,14%,9/65,25,420,412,263,42,49,Champions Tour 2024 Pacific Stage 1_csvs
SugarZ3ro,SugarZ3ro,ZETA,6668,"['Omen', 'Viper', 'Astra', 'Brimstone']",4,299,1.03,194.3,1.01,77%,121.9,0.69,0.43,0.05,0.07,33%,15%,4/27,24,205,202,130,16,22,Champions Tour 2024 Pacific Stage 1_csvs
yuran,yuran,ZETA,29840,"['Viper', 'Gekko', 'Sova']",3,299,1.03,202.7,1.0,68%,138.6,0.68,0.32,0.07,0.09,27%,17%,6/36,19,204,204,95,20,27,Champions Tour 2024 Pacific Stage 1_csvs
BuZz,BuZz,DRX,804,"['Raze', 'Jett']",2,372,1.02,230.8,1.07,73%,147.4,0.78,0.15,0.18,0.19,23%,14%,3/22,25,290,271,54,67,70,Champions Tour 2024 Pacific Stage 1_csvs
Meiy,Meiy,DFM,6672,"['Raze', 'Yoru']",2,284,1.02,238.3,1.04,67%,155.2,0.83,0.16,0.19,0.18,26%,8%,1/12,29,236,227,45,54,52,Champions Tour 2024 Pacific Stage 1_csvs
BORKUM,BORKUM,TS,2333,"['Omen', 'Viper']",2,382,1.01,186.8,0.97,72%,120.6,0.66,0.32,0.08,0.05,23%,21%,9/43,19,251,258,124,29,21,Champions Tour 2024 Pacific Stage 1_csvs
xffero,xffero,RRQ,4871,"['Cypher', 'Killjoy']",2,244,0.99,200.6,1.05,70%,127.8,0.71,0.14,0.09,0.08,31%,15%,4/26,23,174,166,33,23,19,Champions Tour 2024 Pacific Stage 1_csvs
JessieVash,JessieVash,TS,2334,"['Sova', 'Skye', 'Breach', 'Fade']",4,382,0.99,191.2,0.99,70%,128.7,0.68,0.31,0.07,0.06,27%,14%,6/43,26,259,262,119,26,24,Champions Tour 2024 Pacific Stage 1_csvs
blaZek1ng,blaZek1ng,GE,1743,"['Sova', 'Viper', 'Omen']",3,302,0.98,194.2,0.96,71%,131.1,0.66,0.28,0.12,0.07,30%,11%,5/45,22,200,208,84,36,21,Champions Tour 2024 Pacific Stage 1_csvs
ban,ban,TLN,5129,"['Viper', 'Skye', 'Kayo', 'Killjoy', 'Yoru', 'Chamber', 'Cypher']",7,339,0.98,207.8,1.05,66%,137.0,0.75,0.24,0.13,0.12,33%,7%,2/30,26,254,243,81,43,40,Champions Tour 2024 Pacific Stage 1_csvs
Polvi,Polvi,GE,1839,"['Raze', 'Jett', 'Gekko']",3,302,0.98,211.8,0.98,70%,141.1,0.73,0.2,0.18,0.17,22%,13%,3/23,22,220,224,59,55,51,Champions Tour 2024 Pacific Stage 1_csvs
Russ,Russ,GE,1162,"['Gekko', 'Kayo', 'Fade']",4,302,0.98,192.3,0.99,72%,124.1,0.7,0.31,0.08,0.09,41%,24%,7/29,21,210,212,95,25,27,Champions Tour 2024 Pacific Stage 1_csvs
Meteor,Meteor,GEN,13039,"['Killjoy', 'Cypher', 'Jett', 'Yoru']",4,627,0.97,210.7,1.02,68%,141.0,0.74,0.17,0.13,0.09,32%,9%,6/69,24,467,456,105,82,55,Champions Tour 2024 Pacific Stage 1_csvs
stax,stax,DRX,485,"['Fade', 'Kayo', 'Sova', 'Skye', 'Breach']",5,372,0.96,173.9,0.88,73%,109.1,0.58,0.48,0.08,0.1,26%,11%,3/28,17,216,246,180,30,38,Champions Tour 2024 Pacific Stage 1_csvs
xccurate,xccurate,T1,10816,"['Chamber', 'Harbor', 'Killjoy', 'Cypher', 'Omen']",5,531,0.96,186.3,1.0,70%,123.3,0.7,0.17,0.08,0.09,27%,10%,7/69,21,372,371,91,41,47,Champions Tour 2024 Pacific Stage 1_csvs
Governor,Governor,TLN,3980,"['Raze', 'Jett', 'Neon']",3,339,0.95,199.2,1.0,68%,133.3,0.71,0.15,0.16,0.17,24%,20%,6/30,22,239,240,52,55,56,Champions Tour 2024 Pacific Stage 1_csvs
lenne,lenne,TLN,8137,"['Sova', 'Gekko', 'Fade']",3,91,0.95,177.3,0.83,75%,112.4,0.57,0.45,0.09,0.07,18%,6%,1/16,15,52,63,41,8,6,Champions Tour 2024 Pacific Stage 1_csvs
Sayaplayer,Sayaplayer,T1,4545,"['Raze', 'Jett', 'Neon', 'Reyna']",4,531,0.94,209.7,0.96,70%,139.0,0.73,0.17,0.17,0.16,26%,14%,8/56,25,390,407,90,92,86,Champions Tour 2024 Pacific Stage 1_csvs
Zest,Zest,BLD,772,"['Fade', 'Gekko', 'Sova', 'Skye']",4,294,0.94,175.6,0.9,69%,116.6,0.62,0.26,0.05,0.07,26%,11%,4/36,24,181,202,76,16,21,Champions Tour 2024 Pacific Stage 1_csvs
Lakia,Lakia,GEN,773,"['Fade', 'Sova', 'Gekko', 'Skye', 'Viper']",5,627,0.92,169.1,0.86,73%,116.7,0.58,0.36,0.05,0.08,26%,13%,9/67,19,361,419,227,33,49,Champions Tour 2024 Pacific Stage 1_csvs
Surf,Surf,TLN,23062,"['Killjoy', 'Viper', 'Cypher']",3,248,0.92,169.6,0.9,68%,119.2,0.59,0.19,0.08,0.07,38%,10%,2/20,23,146,163,46,20,17,Champions Tour 2024 Pacific Stage 1_csvs
iZu,iZu,T1,29833,"['Omen', 'Skye', 'Yoru', 'Raze', 'Viper']",5,531,0.91,184.7,0.88,70%,121.3,0.65,0.34,0.09,0.12,27%,24%,13/55,26,347,395,180,49,64,Champions Tour 2024 Pacific Stage 1_csvs
Crws,Crws,TLN,3977,"['Fade', 'Gekko', 'Kayo', 'Sova', 'Viper', 'Breach']",6,339,0.9,159.4,0.86,69%,108.0,0.56,0.27,0.04,0.07,26%,16%,6/37,23,190,221,92,15,23,Champions Tour 2024 Pacific Stage 1_csvs
NDG,NDG,TS,12322,"['Cypher', 'Killjoy']",2,382,0.9,186.4,0.92,70%,122.7,0.66,0.23,0.1,0.05,24%,7%,4/55,22,254,277,87,37,21,Champions Tour 2024 Pacific Stage 1_csvs
Anthem,Anthem,DFM,6700,"['Kayo', 'Fade', 'Gekko', 'Skye', 'Sova']",5,284,0.9,159.0,0.81,69%,109.3,0.56,0.36,0.04,0.08,25%,13%,5/38,20,160,197,101,12,22,Champions Tour 2024 Pacific Stage 1_csvs
Medusa,Medusa,DFM,993,"['Viper', 'Omen']",2,284,0.9,187.2,0.87,71%,122.2,0.63,0.27,0.1,0.13,31%,8%,3/39,19,178,204,78,29,38,Champions Tour 2024 Pacific Stage 1_csvs
carpe,carpe,T1,31207,"['Fade', 'Gekko', 'Sova', 'Skye']",4,531,0.89,169.4,0.85,72%,112.5,0.61,0.33,0.06,0.08,26%,8%,4/53,24,322,380,173,33,40,Champions Tour 2024 Pacific Stage 1_csvs
Benkai,Benkai,GE,9802,"['Viper', 'Killjoy', 'Cypher']",3,302,0.89,166.4,0.89,69%,118.4,0.59,0.16,0.06,0.07,24%,2%,1/47,20,177,200,49,17,20,Champions Tour 2024 Pacific Stage 1_csvs
Retla,Retla,BLD,2361,"['Viper', 'Cypher', 'Killjoy']",3,294,0.87,163.9,0.89,73%,108.1,0.57,0.2,0.05,0.07,25%,14%,5/37,16,169,189,60,16,22,Champions Tour 2024 Pacific Stage 1_csvs
SSeeS,SSeeS,DFM,21438,"['Omen', 'Viper']",2,284,0.86,151.1,0.78,70%,97.5,0.55,0.34,0.05,0.06,31%,10%,4/39,18,155,198,97,13,17,Champions Tour 2024 Pacific Stage 1_csvs
Estrella,Estrella,RRQ,25025,"['Viper', 'Omen']",2,204,0.84,157.4,0.79,75%,105.8,0.54,0.39,0.05,0.07,27%,9%,3/32,15,110,140,79,11,14,Champions Tour 2024 Pacific Stage 1_csvs
Deryeon,Deryeon,BLD,9152,"['Killjoy', 'Breach', 'Kayo', 'Jett', 'Gekko']",5,294,0.84,170.2,0.8,72%,112.2,0.59,0.27,0.08,0.09,30%,3%,1/37,18,173,217,80,24,27,Champions Tour 2024 Pacific Stage 1_csvs
yay,yay,BLD,881,"['Raze', 'Jett', 'Yoru']",3,294,0.83,190.4,0.83,67%,126.2,0.64,0.17,0.19,0.22,23%,25%,4/16,20,187,225,49,55,66,Champions Tour 2024 Pacific Stage 1_csvs
neth,neth,DFM,1970,"['Cypher', 'Killjoy']",2,284,0.82,160.9,0.79,66%,108.5,0.57,0.2,0.06,0.11,24%,12%,5/41,23,162,204,56,16,32,Champions Tour 2024 Pacific Stage 1_csvs
hiroronn,hiroronn,ZETA,10588,"['Sova', 'Kayo', 'Gekko', 'Breach', 'Skye']",5,299,0.81,164.6,0.76,73%,104.1,0.56,0.39,0.06,0.12,32%,16%,5/31,20,167,220,116,19,37,Champions Tour 2024 Pacific Stage 1_csvs
fl1pzjder,fl1pzjder,RRQ,7045,"['Yoru', 'Viper', 'Gekko', 'Kayo']",4,244,0.8,156.2,0.74,66%,108.0,0.54,0.29,0.08,0.12,27%,22%,6/27,23,132,178,70,20,29,Champions Tour 2024 Pacific Stage 1_csvs
2GE,2GE,RRQ,9735,"['Omen', 'Viper']",2,40,0.69,122.0,0.7,68%,81.6,0.48,0.1,0.0,0.08,29%,0%,0/6,10,19,27,4,0,3,Champions Tour 2024 Pacific Stage 1_csvs
Karon,Karon,GEN,34974,"['Omen', 'Viper', 'Brimstone']",3,480,1.21,207.5,1.24,79%,134.0,0.78,0.43,0.09,0.05,36%,15%,10/65,28,372,299,204,44,24,Champions Tour 2024 Pacific Stage 2_csvs
Sayaplayer,Sayaplayer,T1,4545,"['Chamber', 'Sage', 'Jett', 'Gekko']",4,268,1.18,227.2,1.37,75%,145.5,0.85,0.12,0.18,0.11,27%,11%,4/36,24,228,167,32,48,29,Champions Tour 2024 Pacific Stage 2_csvs
d4v41,d4v41,PRX,9803,"['Killjoy', 'Sage', 'Viper', 'Fade', 'Sova', 'Kayo', 'Skye']",7,436,1.18,212.6,1.22,78%,141.4,0.75,0.36,0.08,0.06,27%,18%,9/50,25,326,267,157,37,28,Champions Tour 2024 Pacific Stage 2_csvs
invy,invy,TS,8504,"['Kayo', 'Breach', 'Viper', 'Sova']",4,290,1.15,200.9,1.1,75%,133.1,0.71,0.5,0.07,0.06,27%,11%,4/37,24,207,189,145,21,17,Champions Tour 2024 Pacific Stage 2_csvs
f0rsakeN,f0rsakeN,PRX,9801,"['Kayo', 'Breach', 'Skye', 'Yoru', 'Cypher', 'Fade', 'Harbor', 'Neon']",8,436,1.15,228.3,1.18,78%,147.0,0.8,0.47,0.1,0.09,29%,7%,2/30,22,349,296,203,42,39,Champions Tour 2024 Pacific Stage 2_csvs
primmie,primmie,TLN,25255,"['Clove', 'Jett', 'Iso', 'Cypher']",4,118,1.12,254.5,1.06,69%,174.1,0.91,0.2,0.16,0.13,45%,27%,4/15,28,107,101,24,19,15,Champions Tour 2024 Pacific Stage 2_csvs
Meiy,Meiy,DFM,6672,"['Jett', 'Raze', 'Neon']",3,250,1.12,252.9,1.12,72%,165.3,0.91,0.14,0.22,0.18,25%,10%,2/21,32,227,203,34,56,45,Champions Tour 2024 Pacific Stage 2_csvs
Jemkin,Jemkin,RRQ,24895,"['Gekko', 'Jett', 'Raze', 'Chamber', 'Yoru']",5,328,1.11,218.3,1.22,78%,144.0,0.8,0.18,0.13,0.13,30%,27%,7/26,27,261,214,60,41,41,Champions Tour 2024 Pacific Stage 2_csvs
BuZz,BuZz,DRX,804,"['Jett', 'Raze', 'Neon']",3,590,1.1,241.5,1.15,69%,153.2,0.84,0.15,0.17,0.16,21%,29%,14/49,33,498,434,87,98,95,Champions Tour 2024 Pacific Stage 2_csvs
sScary,sScary,BLD,4382,"['Omen', 'Viper', 'Brimstone']",3,236,1.1,206.4,1.08,78%,132.8,0.72,0.44,0.06,0.04,27%,8%,3/36,21,170,158,104,15,9,Champions Tour 2024 Pacific Stage 2_csvs
Rossy,Rossy,T1,1129,"['Viper', 'Gekko', 'Sova']",3,136,1.09,205.7,1.15,73%,138.7,0.72,0.25,0.07,0.07,33%,13%,2/15,29,98,85,34,10,10,Champions Tour 2024 Pacific Stage 2_csvs
Munchkin,Munchkin,GEN,2489,"['Viper', 'Kayo']",2,480,1.09,193.0,1.01,78%,126.5,0.63,0.55,0.09,0.09,20%,10%,5/49,34,302,298,264,42,41,Champions Tour 2024 Pacific Stage 2_csvs
xffero,xffero,RRQ,4871,"['Killjoy', 'Omen', 'Viper', 'Cypher']",4,328,1.09,220.1,1.13,74%,145.8,0.77,0.26,0.08,0.09,31%,20%,10/49,30,253,224,86,27,29,Champions Tour 2024 Pacific Stage 2_csvs
t3xture,t3xture,GEN,9196,"['Raze', 'Jett']",2,480,1.09,229.6,1.2,70%,148.3,0.82,0.16,0.21,0.14,27%,14%,3/22,27,394,329,79,99,69,Champions Tour 2024 Pacific Stage 2_csvs
2GE,2GE,TS,9735,"['Omen', 'Viper']",2,290,1.08,196.2,1.08,73%,126.0,0.7,0.34,0.08,0.08,30%,25%,9/36,20,202,187,100,24,22,Champions Tour 2024 Pacific Stage 2_csvs
Flashback,Flashback,DRX,35013,"['Clove', 'Kayo', 'Astra', 'Omen', 'Cypher', 'Killjoy', 'Chamber', 'Viper']",8,590,1.08,220.5,1.09,70%,141.9,0.77,0.25,0.11,0.08,29%,20%,19/94,25,455,418,148,63,46,Champions Tour 2024 Pacific Stage 2_csvs
stax,stax,T1,485,"['Skye', 'Fade', 'Breach', 'Kayo']",4,268,1.08,197.6,1.07,78%,125.4,0.68,0.54,0.03,0.05,30%,13%,5/39,20,181,169,146,9,14,Champions Tour 2024 Pacific Stage 2_csvs
iZu,iZu,T1,29833,"['Raze', 'Cypher', 'Iso', 'Jett', 'Killjoy']",5,268,1.08,253.8,1.2,75%,167.5,0.88,0.19,0.16,0.14,23%,6%,1/16,26,236,196,51,44,38,Champions Tour 2024 Pacific Stage 2_csvs
Wild0reoo,Wild0reoo,TS,9740,"['Killjoy', 'Cypher', 'Skye', 'Gekko']",4,290,1.06,199.7,1.08,74%,132.4,0.73,0.31,0.08,0.07,34%,18%,5/28,25,213,197,90,22,21,Champions Tour 2024 Pacific Stage 2_csvs
Meteor,Meteor,GEN,13039,"['Cypher', 'Killjoy']",2,480,1.06,207.1,1.15,72%,135.5,0.75,0.19,0.1,0.08,29%,7%,4/56,27,358,311,92,47,40,Champions Tour 2024 Pacific Stage 2_csvs
Laz,Laz,ZETA,999,"['Killjoy', 'Cypher', 'Skye', 'Gekko', 'Sova', 'Fade']",6,284,1.06,199.8,1.05,66%,133.5,0.72,0.29,0.08,0.1,37%,16%,7/43,23,205,196,83,23,28,Champions Tour 2024 Pacific Stage 2_csvs
JitBoyS,JitBoyS,TLN,13788,"['Viper', 'Omen', 'Astra', 'Harbor', 'Clove']",5,398,1.05,200.6,1.01,72%,131.7,0.71,0.33,0.07,0.08,38%,7%,4/58,24,283,281,130,28,32,Champions Tour 2024 Pacific Stage 2_csvs
something,something,PRX,17086,"['Jett', 'Gekko', 'Fade', 'Reyna', 'Breach']",5,436,1.04,207.2,1.11,72%,134.1,0.75,0.19,0.16,0.11,29%,15%,8/55,20,329,296,84,69,50,Champions Tour 2024 Pacific Stage 2_csvs
SugarZ3ro,SugarZ3ro,ZETA,6668,"['Viper', 'Omen']",2,284,1.04,203.4,1.01,73%,133.5,0.73,0.32,0.04,0.07,37%,5%,2/43,21,207,205,92,11,19,Champions Tour 2024 Pacific Stage 2_csvs
Jinggg,Jinggg,PRX,7378,"['Sage', 'Raze', 'Iso', 'Neon', 'Clove', 'Phoenix']",6,436,1.04,224.4,1.1,73%,144.8,0.78,0.29,0.15,0.12,21%,13%,3/23,28,339,308,125,65,52,Champions Tour 2024 Pacific Stage 2_csvs
Lakia,Lakia,GEN,773,"['Skye', 'Fade', 'Sova', 'Gekko']",4,480,1.02,183.0,1.03,74%,123.9,0.64,0.35,0.08,0.08,26%,21%,9/43,24,305,295,167,36,39,Champions Tour 2024 Pacific Stage 2_csvs
Estrella,Estrella,RRQ,25025,"['Kayo', 'Breach', 'Omen']",3,328,1.01,166.8,0.97,77%,108.3,0.59,0.48,0.05,0.06,31%,7%,3/41,23,192,198,159,18,21,Champions Tour 2024 Pacific Stage 2_csvs
Monyet,Monyet,RRQ,8497,"['Viper', 'Omen', 'Neon', 'Raze']",4,328,1.01,211.5,0.98,73%,141.5,0.73,0.38,0.12,0.13,31%,20%,6/30,28,240,245,125,38,44,Champions Tour 2024 Pacific Stage 2_csvs
Jremy,Jremy,TS,7405,"['Jett', 'Raze', 'Neon']",3,290,1.0,218.8,1.03,72%,144.2,0.73,0.2,0.2,0.2,25%,0%,0/14,23,213,206,57,57,58,Champions Tour 2024 Pacific Stage 2_csvs
Lmemore,Lmemore,RRQ,7764,"['Sova', 'Chamber', 'Skye', 'Gekko', 'Deadlock']",5,328,1.0,199.9,1.0,68%,134.5,0.7,0.24,0.09,0.12,33%,19%,6/31,33,229,228,78,30,39,Champions Tour 2024 Pacific Stage 2_csvs
Benkai,Benkai,GE,9802,"['Sova', 'Breach', 'Killjoy']",3,180,0.98,161.0,0.81,72%,115.7,0.54,0.36,0.02,0.05,28%,17%,6/35,17,97,120,64,3,9,Champions Tour 2024 Pacific Stage 2_csvs
blaZek1ng,blaZek1ng,GE,1743,"['Cypher', 'Killjoy', 'Viper']",3,180,0.98,184.1,0.92,66%,122.9,0.67,0.16,0.06,0.07,33%,15%,6/39,18,120,131,28,11,13,Champions Tour 2024 Pacific Stage 2_csvs
JessieVash,JessieVash,TS,2334,"['Sova', 'Cypher', 'Killjoy']",3,290,0.98,187.5,0.99,70%,125.3,0.64,0.23,0.09,0.09,25%,18%,7/40,19,187,188,67,25,25,Champions Tour 2024 Pacific Stage 2_csvs
MaKo,MaKo,DRX,4462,"['Viper', 'Omen', 'Breach', 'Brimstone']",4,590,0.97,190.6,0.93,71%,125.4,0.65,0.38,0.08,0.1,29%,17%,12/70,21,382,410,225,47,61,Champions Tour 2024 Pacific Stage 2_csvs
mindfreak,mindfreak,PRX,9800,"['Viper', 'Omen']",2,436,0.97,167.7,1.03,75%,108.4,0.62,0.33,0.06,0.06,37%,13%,7/52,20,270,261,144,26,28,Champions Tour 2024 Pacific Stage 2_csvs
Polvi,Polvi,GE,1839,"['Jett', 'Neon']",2,180,0.96,230.0,0.96,67%,153.2,0.79,0.23,0.21,0.22,26%,20%,2/10,22,143,149,42,38,40,Champions Tour 2024 Pacific Stage 2_csvs
carpe,carpe,T1,31207,"['Gekko', 'Viper', 'Sova']",3,132,0.94,195.3,0.97,80%,125.8,0.68,0.43,0.12,0.08,25%,8%,1/12,20,90,93,57,16,11,Champions Tour 2024 Pacific Stage 2_csvs
SSeeS,SSeeS,DFM,21438,"['Viper', 'Omen']",2,250,0.94,177.3,0.86,68%,114.3,0.61,0.39,0.07,0.09,38%,13%,6/45,21,153,178,98,17,22,Champions Tour 2024 Pacific Stage 2_csvs
Retla,Retla,BLD,2361,"['Killjoy', 'Cypher']",2,236,0.94,188.0,0.96,66%,126.0,0.69,0.18,0.05,0.05,27%,21%,4/19,22,164,171,42,12,12,Champions Tour 2024 Pacific Stage 2_csvs
Dep,Dep,ZETA,424,"['Omen', 'Raze', 'Jett', 'Neon']",4,284,0.93,219.4,0.94,69%,145.8,0.74,0.19,0.22,0.17,27%,9%,2/23,24,211,224,55,62,47,Champions Tour 2024 Pacific Stage 2_csvs
hiroronn,hiroronn,ZETA,10588,"['Gekko', 'Sova', 'Cypher', 'Killjoy']",4,284,0.92,176.2,0.85,69%,121.2,0.61,0.24,0.09,0.1,28%,21%,7/33,20,172,202,67,25,28,Champions Tour 2024 Pacific Stage 2_csvs
Deryeon,Deryeon,BLD,9152,"['Jett', 'Raze', 'Neon']",3,236,0.91,210.1,0.94,66%,136.3,0.74,0.15,0.2,0.22,28%,15%,3/20,24,174,185,35,47,53,Champions Tour 2024 Pacific Stage 2_csvs
Surf,Surf,TLN,23062,"['Jett', 'Gekko', 'Breach', 'Killjoy', 'Cypher', 'Sage', 'Phoenix']",7,280,0.91,171.9,0.91,69%,111.1,0.61,0.2,0.05,0.07,36%,0%,0/28,19,170,186,56,15,19,Champions Tour 2024 Pacific Stage 2_csvs
ban,ban,TLN,5129,"['Killjoy', 'Cypher', 'Jett', 'Iso', 'Breach', 'Phoenix', 'Sage', 'Deadlock']",8,398,0.9,183.1,0.88,65%,126.5,0.65,0.19,0.11,0.11,35%,9%,4/46,23,260,297,76,44,44,Champions Tour 2024 Pacific Stage 2_csvs
Governor,Governor,TLN,3980,"['Kayo', 'Raze', 'Neon', 'Clove', 'Sova']",5,398,0.9,193.5,0.89,70%,126.9,0.69,0.23,0.17,0.16,25%,21%,5/24,26,275,308,93,68,65,Champions Tour 2024 Pacific Stage 2_csvs
Medusa,Medusa,DFM,993,"['Killjoy', 'Cypher']",2,250,0.9,180.4,0.92,68%,124.6,0.65,0.14,0.08,0.11,26%,19%,7/37,22,162,177,36,21,27,Champions Tour 2024 Pacific Stage 2_csvs
neth,neth,DFM,1970,"['Harbor', 'Kayo', 'Breach']",3,250,0.89,171.6,0.8,74%,110.0,0.58,0.44,0.04,0.06,27%,16%,4/25,18,144,180,109,9,16,Champions Tour 2024 Pacific Stage 2_csvs
Zest,Zest,BLD,772,"['Kayo', 'Deadlock', 'Viper', 'Skye', 'Breach']",5,236,0.89,167.5,0.85,69%,106.3,0.59,0.34,0.08,0.1,34%,13%,4/31,20,139,163,80,20,24,Champions Tour 2024 Pacific Stage 2_csvs
Crws,Crws,TLN,3977,"['Gekko', 'Breach', 'Sova', 'Fade']",4,398,0.88,168.9,0.83,68%,117.9,0.56,0.28,0.04,0.08,21%,11%,6/56,21,224,270,110,16,31,Champions Tour 2024 Pacific Stage 2_csvs
Russ,Russ,GE,1162,"['Kayo', 'Fade']",2,180,0.87,177.0,0.75,72%,116.7,0.59,0.52,0.12,0.1,34%,19%,3/16,20,107,143,94,22,18,Champions Tour 2024 Pacific Stage 2_csvs
BeYN,BeYN,DRX,4678,"['Kayo', 'Gekko', 'Sova', 'Skye', 'Fade']",5,590,0.86,161.6,0.79,71%,109.5,0.55,0.27,0.06,0.08,26%,24%,16/68,27,322,407,159,34,47,Champions Tour 2024 Pacific Stage 2_csvs
Foxy9,Foxy9,DRX,11600,"['Killjoy', 'Cypher', 'Kayo', 'Breach', 'Brimstone', 'Gekko']",6,590,0.85,165.0,0.82,70%,110.7,0.58,0.35,0.07,0.09,32%,12%,7/57,21,340,416,209,42,56,Champions Tour 2024 Pacific Stage 2_csvs
crazyguy,crazyguy,BLD,1430,"['Sova', 'Fade', 'Deadlock']",3,236,0.82,166.1,0.71,68%,116.2,0.53,0.33,0.07,0.12,21%,10%,3/30,19,125,177,77,16,28,Champions Tour 2024 Pacific Stage 2_csvs
xccurate,xccurate,T1,10816,"['Omen', 'Viper', 'Brimstone']",3,268,0.8,160.5,0.79,73%,106.9,0.55,0.4,0.04,0.1,22%,24%,5/21,20,148,188,108,12,27,Champions Tour 2024 Pacific Stage 2_csvs
yuran,yuran,ZETA,29840,"['Kayo', 'Breach', 'Viper']",3,284,0.8,153.5,0.67,71%,101.7,0.5,0.52,0.05,0.1,25%,4%,1/25,20,142,211,148,14,27,Champions Tour 2024 Pacific Stage 2_csvs
Lightningfast,Lightningfast,GE,3626,"['Omen', 'Sage']",2,180,0.79,151.9,0.74,69%,92.4,0.57,0.33,0.07,0.07,30%,17%,3/18,18,102,138,59,13,13,Champions Tour 2024 Pacific Stage 2_csvs
Anthem,Anthem,DFM,6700,"['Sova', 'Gekko', 'Deadlock']",3,250,0.79,160.3,0.74,73%,105.4,0.56,0.21,0.05,0.1,23%,8%,2/25,20,140,189,53,12,25,Champions Tour 2024 Pacific Stage 2_csvs
penny,penny,FUR,7716,"['Jett', 'Raze']",2,38,1.37,266.0,1.68,82%,165.9,0.97,0.21,0.18,0.11,24%,25%,1/4,22,37,22,8,7,4,VCT 2025 Americas Kickoff_csvs
mada,mada,NRG,5132,"['Raze', 'Jett', 'Yoru', 'Neon']",4,183,1.29,277.3,1.37,75%,173.6,0.97,0.19,0.2,0.21,22%,26%,5/19,30,178,130,35,37,39,VCT 2025 Americas Kickoff_csvs
bdog,bdog,FUR,844,['Breach'],1,38,1.28,212.5,1.33,79%,125.5,0.74,0.55,0.05,0.0,35%,0%,0/8,16,28,21,21,2,0,VCT 2025 Americas Kickoff_csvs
aspas,aspas,MIBR,8480,"['Raze', 'Jett']",2,373,1.26,248.8,1.38,77%,163.4,0.89,0.13,0.2,0.12,23%,7%,3/42,37,332,241,48,73,45,VCT 2025 Americas Kickoff_csvs
trent,trent,G2,15500,"['Tejo', 'Sova']",2,221,1.26,217.2,1.42,75%,150.7,0.81,0.21,0.1,0.07,28%,26%,7/27,23,179,126,47,21,16,VCT 2025 Americas Kickoff_csvs
Shyy,Shyy,KRÜ,24007,"['Cypher', 'Viper', 'Vyse']",3,246,1.2,213.1,1.22,77%,141.9,0.76,0.23,0.08,0.04,28%,24%,9/38,25,188,154,56,19,9,VCT 2025 Americas Kickoff_csvs
leaf,leaf,G2,7873,"['Viper', 'Chamber', 'Vyse']",3,221,1.19,230.0,1.27,71%,151.6,0.84,0.2,0.15,0.09,27%,22%,7/32,24,186,146,44,34,19,VCT 2025 Americas Kickoff_csvs
dgzin,dgzin,LOUD,8873,"['Raze', 'Jett']",2,204,1.19,238.9,1.35,70%,156.1,0.86,0.12,0.21,0.12,26%,13%,2/16,28,175,130,25,42,24,VCT 2025 Americas Kickoff_csvs
jakee,jakee,FUR,8742,"['Clove', 'Omen']",2,38,1.16,221.0,1.16,82%,141.7,0.76,0.47,0.03,0.11,25%,0%,,19,29,25,18,1,4,VCT 2025 Americas Kickoff_csvs
gobera,gobera,2G,14950,"['Vyse', 'Jett', 'Omen']",3,69,1.16,239.5,1.07,75%,157.2,0.84,0.29,0.1,0.06,32%,6%,1/18,23,58,54,20,7,4,VCT 2025 Americas Kickoff_csvs
Cryocells,Cryocells,100T,4147,"['Clove', 'Brimstone', 'Sage', 'Jett']",4,170,1.15,233.9,1.2,81%,154.1,0.81,0.24,0.14,0.08,29%,20%,4/20,24,138,115,41,23,13,VCT 2025 Americas Kickoff_csvs
Melser,Melser,KRÜ,1311,"['Omen', 'Astra', 'Brimstone']",3,246,1.14,204.0,1.23,78%,125.7,0.74,0.36,0.1,0.07,33%,26%,7/27,26,182,148,88,24,16,VCT 2025 Americas Kickoff_csvs
s0m,s0m,NRG,4164,"['Brimstone', 'Viper', 'Omen', 'Astra', 'Harbor']",5,183,1.11,215.0,1.1,81%,134.1,0.75,0.44,0.1,0.08,24%,11%,2/18,30,138,125,81,19,14,VCT 2025 Americas Kickoff_csvs
Khalil,Khalil,FUR,1711,"['Omen', 'Brimstone']",2,80,1.1,211.3,1.07,79%,137.1,0.78,0.26,0.09,0.04,39%,7%,1/14,19,62,58,21,7,3,VCT 2025 Americas Kickoff_csvs
eeiu,eeiu,100T,796,"['Fade', 'Tejo']",2,170,1.09,198.1,1.21,78%,129.0,0.76,0.32,0.06,0.05,41%,17%,4/23,26,129,107,55,10,8,VCT 2025 Americas Kickoff_csvs
johnqt,johnqt,SEN,1265,"['Tejo', 'Sova', 'Viper']",3,370,1.09,186.5,1.05,74%,127.9,0.65,0.27,0.06,0.05,27%,10%,4/40,27,242,231,100,24,18,VCT 2025 Americas Kickoff_csvs
kiNgg,kiNgg,LEV,8549,"['Omen', 'Astra', 'Breach']",3,148,1.09,216.0,1.08,80%,138.4,0.76,0.39,0.09,0.09,32%,16%,3/19,20,112,104,57,14,13,VCT 2025 Americas Kickoff_csvs
pANcada,pANcada,LOUD,683,"['Astra', 'Omen', 'Brimstone']",3,204,1.08,193.4,1.08,75%,129.0,0.7,0.31,0.08,0.05,39%,5%,2/38,20,142,131,63,17,11,VCT 2025 Americas Kickoff_csvs
stellar,stellar,FUR,733,['Tejo'],1,38,1.08,204.5,1.21,76%,143.3,0.76,0.29,0.11,0.16,19%,100%,2/2,15,29,24,11,4,6,VCT 2025 Americas Kickoff_csvs
JonahP,JonahP,G2,4581,"['Breach', 'Vyse']",2,221,1.05,178.9,1.04,78%,113.7,0.65,0.51,0.05,0.06,24%,18%,4/22,18,144,138,113,12,13,VCT 2025 Americas Kickoff_csvs
nataNk,nataNk,LEV,5004,"['Breach', 'Skye', 'Fade', 'Raze', 'Phoenix']",5,148,1.05,207.1,1.07,76%,136.9,0.7,0.38,0.13,0.14,25%,27%,4/15,20,104,97,56,19,21,VCT 2025 Americas Kickoff_csvs
Asuna,Asuna,100T,601,"['Neon', 'Raze', 'Kayo']",3,170,1.04,234.3,1.08,71%,149.7,0.78,0.28,0.19,0.16,22%,43%,6/14,23,132,122,47,33,27,VCT 2025 Americas Kickoff_csvs
zekken,zekken,SEN,4004,"['Yoru', 'Raze', 'Jett']",3,370,1.04,219.7,1.1,72%,144.3,0.79,0.22,0.19,0.18,23%,14%,5/37,32,291,264,81,71,68,VCT 2025 Americas Kickoff_csvs
xenom,xenom,MIBR,20240,"['Omen', 'Brimstone', 'Astra']",3,373,1.04,182.6,1.03,76%,118.2,0.66,0.42,0.06,0.06,31%,17%,9/53,33,247,240,155,21,24,VCT 2025 Americas Kickoff_csvs
keznit,keznit,KRÜ,2462,"['Jett', 'Raze']",2,246,1.03,214.6,1.1,73%,137.9,0.74,0.16,0.17,0.16,22%,17%,3/18,24,183,167,40,43,39,VCT 2025 Americas Kickoff_csvs
tex,tex,LEV,1818,"['Cypher', 'Vyse', 'Killjoy']",3,148,1.03,186.6,1.09,70%,123.3,0.7,0.09,0.06,0.11,36%,30%,6/20,17,104,95,14,9,16,VCT 2025 Americas Kickoff_csvs
valyn,valyn,G2,3885,"['Omen', 'Astra', 'Brimstone']",3,221,1.03,187.5,1.03,72%,122.8,0.66,0.4,0.06,0.07,20%,29%,5/17,20,145,141,89,14,16,VCT 2025 Americas Kickoff_csvs
supamen,supamen,EG,826,"['Omen', 'Astra', 'Brimstone']",3,128,1.01,190.0,1.01,70%,123.2,0.69,0.29,0.09,0.08,35%,29%,5/17,25,88,87,37,11,10,VCT 2025 Americas Kickoff_csvs
Zellsis,Zellsis,SEN,729,"['Viper', 'Brimstone', 'Vyse', 'Kayo', 'Cypher']",5,370,1.01,200.2,0.97,70%,129.9,0.69,0.35,0.08,0.11,24%,11%,6/54,31,254,261,129,29,40,VCT 2025 Americas Kickoff_csvs
Ethan,Ethan,NRG,11225,"['Breach', 'Omen', 'Tejo', 'Kayo']",4,183,1.01,188.0,0.94,72%,123.4,0.62,0.44,0.04,0.08,27%,25%,5/20,24,114,121,81,8,15,VCT 2025 Americas Kickoff_csvs
N4RRATE,N4RRATE,SEN,36245,"['Breach', 'Gekko', 'Fade', 'Omen', 'Iso']",5,370,1.0,193.5,0.95,74%,124.8,0.66,0.38,0.07,0.08,23%,28%,9/32,21,244,258,140,27,28,VCT 2025 Americas Kickoff_csvs
bang,bang,SEN,3880,"['Omen', 'Viper', 'Astra', 'Brimstone']",4,370,1.0,189.4,0.96,76%,123.8,0.65,0.41,0.08,0.09,34%,15%,5/33,24,242,252,152,31,34,VCT 2025 Americas Kickoff_csvs
v1c,v1c,C9,17433,"['Brimstone', 'Omen', 'Astra']",3,152,0.97,174.0,0.91,72%,115.2,0.61,0.39,0.07,0.05,24%,26%,8/31,21,92,101,60,10,7,VCT 2025 Americas Kickoff_csvs
yay,yay,EG,881,"['Chamber', 'Phoenix', 'Astra', 'Killjoy']",4,128,0.97,193.7,0.96,62%,129.3,0.66,0.2,0.16,0.1,30%,27%,3/11,18,85,89,25,20,13,VCT 2025 Americas Kickoff_csvs
jawgemo,jawgemo,G2,3993,"['Yoru', 'Raze']",2,221,0.97,217.3,0.99,72%,136.7,0.76,0.3,0.19,0.15,18%,17%,2/12,21,167,169,66,43,33,VCT 2025 Americas Kickoff_csvs
Xeppaa,Xeppaa,C9,7871,"['Clove', 'Tejo', 'Sova', 'Fade']",4,152,0.96,194.6,0.93,71%,131.4,0.7,0.27,0.07,0.05,21%,17%,4/23,28,107,115,41,11,8,VCT 2025 Americas Kickoff_csvs
NaturE,NaturE,EG,4927,"['Viper', 'Vyse', 'Breach']",3,128,0.95,171.7,0.9,69%,117.3,0.6,0.28,0.04,0.07,25%,21%,3/14,18,77,86,36,5,9,VCT 2025 Americas Kickoff_csvs
adverso,adverso,KRÜ,3826,"['Sova', 'Viper']",2,246,0.94,186.3,0.93,71%,122.3,0.64,0.31,0.08,0.1,19%,29%,7/24,21,157,169,77,19,24,VCT 2025 Americas Kickoff_csvs
C0M,C0M,LEV,619,"['Sova', 'Viper', 'Tejo']",3,148,0.94,195.9,0.97,74%,132.2,0.7,0.26,0.06,0.07,21%,17%,3/18,27,103,106,38,9,11,VCT 2025 Americas Kickoff_csvs
icy,icy,EG,8402,"['Raze', 'Jett']",2,128,0.94,216.5,0.96,66%,141.0,0.74,0.16,0.14,0.2,21%,6%,1/16,19,95,99,20,18,25,VCT 2025 Americas Kickoff_csvs
cauanzin,cauanzin,LOUD,6193,"['Tejo', 'Sova', 'Fade', 'Skye']",4,204,0.94,211.4,0.93,65%,138.0,0.7,0.24,0.13,0.13,28%,13%,1/8,22,142,153,49,26,27,VCT 2025 Americas Kickoff_csvs
Verno,Verno,NRG,21668,"['Sova', 'Fade', 'Vyse']",3,183,0.94,172.1,0.97,77%,114.4,0.63,0.23,0.06,0.07,33%,9%,2/23,24,116,120,42,11,12,VCT 2025 Americas Kickoff_csvs
nzr,nzr,MIBR,725,"['Breach', 'Skye', 'Fade', 'Sova']",4,373,0.93,172.3,0.86,69%,118.8,0.58,0.33,0.04,0.03,27%,8%,4/49,23,216,250,122,14,13,VCT 2025 Americas Kickoff_csvs
Demon1,Demon1,LEV,26171,"['Jett', 'Raze', 'Yoru', 'Brimstone']",4,148,0.9,198.1,0.93,70%,137.2,0.7,0.3,0.08,0.16,26%,0%,0/9,23,103,111,44,12,23,VCT 2025 Americas Kickoff_csvs
Add3r,Add3r,FUR,4931,"['Cypher', 'Vyse']",2,38,0.89,194.5,1.0,66%,126.2,0.74,0.08,0.11,0.16,33%,0%,0/1,18,28,28,3,4,6,VCT 2025 Americas Kickoff_csvs
Mazino,Mazino,KRÜ,7603,"['Breach', 'Skye', 'Kayo']",3,246,0.89,182.5,0.89,72%,118.3,0.65,0.45,0.09,0.13,27%,10%,2/20,21,159,178,110,22,31,VCT 2025 Americas Kickoff_csvs
zander,zander,100T,8082,"['Omen', 'Viper', 'Astra']",3,170,0.89,171.6,0.88,74%,106.7,0.59,0.33,0.11,0.1,25%,21%,4/19,19,100,113,56,18,17,VCT 2025 Americas Kickoff_csvs
tuyz,tuyz,LOUD,2408,"['Cypher', 'Deadlock']",2,204,0.88,158.6,0.84,70%,103.0,0.55,0.25,0.08,0.08,31%,35%,6/17,16,113,134,50,17,17,VCT 2025 Americas Kickoff_csvs
v1nny,v1nny,LOUD,1586,"['Breach', 'Kayo']",2,204,0.88,153.8,0.82,72%,108.2,0.54,0.39,0.03,0.08,34%,12%,3/25,20,111,135,79,7,16,VCT 2025 Americas Kickoff_csvs
OXY,OXY,C9,18796,"['Raze', 'Jett', 'Yoru']",3,152,0.88,222.0,0.93,66%,145.7,0.78,0.2,0.16,0.22,23%,17%,1/6,24,118,127,30,25,33,VCT 2025 Americas Kickoff_csvs
mwzera,mwzera,FUR,939,"['Sova', 'Skye', 'Breach']",3,80,0.87,166.3,0.8,66%,111.6,0.55,0.29,0.09,0.09,18%,0%,0/8,16,44,55,23,7,7,VCT 2025 Americas Kickoff_csvs
cortezia,cortezia,MIBR,5395,"['Killjoy', 'Cypher', 'Vyse', 'Viper']",4,373,0.86,184.4,0.92,67%,125.6,0.66,0.18,0.08,0.08,34%,6%,2/33,29,245,267,67,31,30,VCT 2025 Americas Kickoff_csvs
havoc,havoc,FUR,8706,"['Jett', 'Raze']",2,80,0.86,220.0,0.86,70%,146.8,0.71,0.23,0.18,0.16,24%,0%,0/6,15,57,66,18,14,13,VCT 2025 Americas Kickoff_csvs
artzin,artzin,MIBR,5957,"['Tejo', 'Deadlock', 'Viper', 'Kayo', 'Raze', 'Breach', 'Yoru']",7,373,0.85,192.8,0.84,68%,126.4,0.65,0.3,0.13,0.19,18%,18%,4/22,28,243,288,112,49,71,VCT 2025 Americas Kickoff_csvs
Derrek,Derrek,EG,1533,"['Skye', 'Sova', 'Tejo']",3,128,0.85,174.8,0.83,73%,115.3,0.61,0.34,0.04,0.09,35%,5%,1/19,20,78,94,44,5,12,VCT 2025 Americas Kickoff_csvs
neT,neT,C9,6582,"['Killjoy', 'Deadlock', 'Astra', 'Cypher']",4,152,0.83,174.7,0.86,68%,116.2,0.63,0.23,0.09,0.1,40%,10%,2/20,18,95,110,35,13,15,VCT 2025 Americas Kickoff_csvs
mitch,mitch,C9,612,"['Tejo', 'Breach', 'Kayo']",3,152,0.8,163.0,0.71,67%,103.2,0.52,0.47,0.08,0.12,20%,14%,2/14,17,79,111,71,12,18,VCT 2025 Americas Kickoff_csvs
lz,lz,2G,6195,"['Omen', 'Astra', 'Tejo']",3,69,0.8,171.3,0.74,61%,118.0,0.61,0.26,0.12,0.17,44%,20%,2/10,14,42,57,18,8,12,VCT 2025 Americas Kickoff_csvs
FiNESSE,FiNESSE,NRG,817,"['Killjoy', 'Vyse', 'Breach', 'Viper', 'Cypher']",5,183,0.79,145.1,0.68,68%,99.6,0.47,0.32,0.05,0.1,18%,5%,1/20,16,86,126,59,9,18,VCT 2025 Americas Kickoff_csvs
heat,heat,FUR,8673,"['Cypher', 'Viper']",2,80,0.79,172.5,0.83,61%,116.1,0.61,0.09,0.09,0.13,41%,11%,1/9,16,49,59,7,7,10,VCT 2025 Americas Kickoff_csvs
silentzz,silentzz,2G,11921,"['Yoru', 'Raze']",2,69,0.75,188.5,0.71,65%,122.1,0.64,0.16,0.22,0.16,40%,0%,0/9,16,44,62,11,15,11,VCT 2025 Americas Kickoff_csvs
pryze,pryze,2G,662,"['Breach', 'Sova', 'Viper']",3,69,0.7,149.5,0.62,71%,96.0,0.46,0.3,0.03,0.01,23%,0%,0/11,13,32,52,21,2,1,VCT 2025 Americas Kickoff_csvs
Boostio,Boostio,100T,604,"['Breach', 'Gekko', 'Killjoy', 'Vyse']",4,170,0.69,138.0,0.68,69%,85.7,0.48,0.33,0.05,0.07,23%,7%,1/14,14,81,119,56,9,12,VCT 2025 Americas Kickoff_csvs
raafa,raafa,FUR,25743,"['Breach', 'Sage', 'Kayo']",3,80,0.6,136.3,0.56,55%,93.7,0.44,0.25,0.03,0.13,21%,8%,1/12,12,35,63,20,2,10,VCT 2025 Americas Kickoff_csvs
Zap,Zap,2G,3169,"['Tejo', 'Omen', 'Breach']",3,69,0.51,128.3,0.49,62%,92.8,0.41,0.25,0.03,0.1,19%,0%,0/4,9,28,57,17,2,7,VCT 2025 Americas Kickoff_csvs
trent,trent,G2,15500,['Tejo'],1,663,1.24,212.6,1.29,79%,145.8,0.76,0.33,0.07,0.06,26%,27%,28/102,28,505,391,222,49,38,VCT 2025 Americas Stage 1_csvs
lukxo,lukxo,LOUD,28716,"['Cypher', 'Killjoy', 'Viper', 'Vyse']",4,203,1.23,270.4,1.34,67%,172.8,0.96,0.23,0.17,0.09,31%,31%,5/16,27,195,145,46,35,18,VCT 2025 Americas Stage 1_csvs
Cryocells,Cryocells,100T,4147,"['Yoru', 'Iso', 'Sage', 'Chamber', 'Jett']",5,408,1.23,235.4,1.31,74%,157.9,0.89,0.23,0.11,0.1,27%,15%,7/47,30,363,277,94,45,42,VCT 2025 Americas Stage 1_csvs
aspas,aspas,MIBR,8480,"['Jett', 'Waylay', 'Neon']",3,500,1.19,241.4,1.35,74%,152.3,0.87,0.14,0.19,0.15,27%,29%,12/41,30,436,323,69,97,74,VCT 2025 Americas Stage 1_csvs
Verno,Verno,MIBR,21668,"['Tejo', 'Sova']",2,500,1.18,201.0,1.26,77%,136.7,0.71,0.29,0.05,0.05,25%,22%,16/73,22,355,281,146,26,24,VCT 2025 Americas Stage 1_csvs
johnqt,johnqt,SEN,1265,"['Tejo', 'Sova', 'Viper', 'Kayo', 'Breach']",5,475,1.15,191.0,1.19,78%,128.1,0.69,0.42,0.04,0.05,25%,8%,6/76,22,327,275,199,21,22,VCT 2025 Americas Stage 1_csvs
zekken,zekken,SEN,4004,"['Yoru', 'Raze', 'Jett', 'Neon', 'Omen']",5,475,1.15,243.1,1.23,73%,150.9,0.86,0.24,0.2,0.17,28%,24%,8/34,26,409,332,113,97,81,VCT 2025 Americas Stage 1_csvs
v1c,v1c,C9,17433,"['Omen', 'Brimstone', 'Astra', 'Viper']",4,367,1.15,203.4,1.14,77%,129.9,0.73,0.43,0.08,0.08,34%,16%,10/64,27,267,234,158,28,30,VCT 2025 Americas Stage 1_csvs
pANcada,pANcada,LOUD,683,"['Brimstone', 'Omen', 'Astra', 'Viper']",4,307,1.15,214.9,1.14,75%,147.9,0.77,0.35,0.09,0.07,32%,8%,4/53,34,235,207,107,28,20,VCT 2025 Americas Stage 1_csvs
leaf,leaf,G2,7873,"['Viper', 'Vyse', 'Cypher', 'Killjoy']",4,663,1.14,236.0,1.19,74%,153.6,0.83,0.29,0.13,0.1,23%,11%,7/66,29,547,460,195,88,65,VCT 2025 Americas Stage 1_csvs
bang,bang,SEN,3880,"['Astra', 'Omen', 'Viper']",3,475,1.13,212.7,1.18,76%,131.9,0.76,0.4,0.11,0.08,35%,29%,10/34,22,359,305,189,50,39,VCT 2025 Americas Stage 1_csvs
mada,mada,NRG,5132,"['Neon', 'Raze', 'Jett', 'Reyna']",4,275,1.11,239.6,1.11,69%,159.6,0.82,0.22,0.23,0.2,25%,5%,1/20,26,225,202,61,64,54,VCT 2025 Americas Stage 1_csvs
keznit,keznit,KRÜ,2462,"['Raze', 'Yoru', 'Jett', 'Neon']",4,323,1.11,238.9,1.12,71%,153.4,0.84,0.25,0.24,0.15,23%,19%,5/27,25,271,242,80,76,50,VCT 2025 Americas Stage 1_csvs
Shyy,Shyy,KRÜ,24007,"['Vyse', 'Cypher', 'Viper', 'Killjoy', 'Chamber']",5,323,1.1,190.3,1.2,72%,130.2,0.73,0.19,0.07,0.06,25%,15%,7/48,26,236,197,62,23,19,VCT 2025 Americas Stage 1_csvs
s0m,s0m,NRG,4164,"['Omen', 'Brimstone', 'Astra', 'Viper']",4,275,1.09,202.8,1.08,80%,136.3,0.72,0.45,0.08,0.09,30%,11%,4/35,25,199,184,125,21,24,VCT 2025 Americas Stage 1_csvs
eeiu,eeiu,100T,796,"['Fade', 'Sova', 'Tejo']",3,408,1.08,189.8,1.03,76%,128.0,0.67,0.27,0.03,0.05,30%,15%,12/82,23,273,264,110,14,19,VCT 2025 Americas Stage 1_csvs
Zap,Zap,2G,3169,['Sova'],1,45,1.07,205.0,1.1,71%,135.3,0.76,0.2,0.04,0.02,22%,22%,2/9,17,34,31,9,2,1,VCT 2025 Americas Stage 1_csvs
Ethan,Ethan,NRG,11225,"['Breach', 'Yoru', 'Kayo', 'Harbor']",4,275,1.07,200.4,1.01,77%,128.3,0.69,0.37,0.08,0.07,22%,17%,3/18,24,191,189,103,23,18,VCT 2025 Americas Stage 1_csvs
N4RRATE,N4RRATE,SEN,36245,"['Fade', 'Iso', 'Breach', 'Sova', 'Tejo', 'Gekko']",6,475,1.07,205.4,1.03,76%,137.2,0.69,0.43,0.08,0.07,23%,14%,6/42,25,327,316,204,40,32,VCT 2025 Americas Stage 1_csvs
Xeppaa,Xeppaa,C9,7871,"['Tejo', 'Yoru', 'Vyse', 'Sova']",4,367,1.07,206.4,1.09,73%,136.8,0.72,0.26,0.08,0.07,27%,26%,11/43,22,265,243,96,29,26,VCT 2025 Americas Stage 1_csvs
Demon1,Demon1,LEV,26171,"['Omen', 'Viper', 'Astra', 'Neon', 'Brimstone', 'Jett']",6,229,1.05,209.2,1.06,72%,139.4,0.76,0.29,0.12,0.11,38%,11%,4/36,22,175,165,66,27,25,VCT 2025 Americas Stage 1_csvs
valyn,valyn,G2,3885,"['Omen', 'Astra', 'Brimstone', 'Harbor']",4,663,1.05,200.9,1.08,76%,128.4,0.74,0.35,0.08,0.09,24%,17%,11/65,24,488,450,230,53,59,VCT 2025 Americas Stage 1_csvs
Mazino,Mazino,KRÜ,7603,"['Breach', 'Harbor', 'Deadlock', 'Vyse']",4,323,1.05,212.8,1.01,77%,138.9,0.75,0.35,0.08,0.09,27%,12%,4/33,23,243,241,114,25,28,VCT 2025 Americas Stage 1_csvs
jawgemo,jawgemo,G2,3993,"['Yoru', 'Waylay', 'Gekko']",3,663,1.04,221.8,1.09,72%,138.8,0.78,0.23,0.17,0.15,23%,15%,6/41,27,514,471,150,116,102,VCT 2025 Americas Stage 1_csvs
yay,yay,EG,881,"['Cypher', 'Clove', 'Killjoy', 'Yoru', 'Jett', 'Astra']",6,401,1.02,224.2,1.04,68%,147.3,0.82,0.16,0.18,0.13,34%,15%,6/40,27,327,314,64,71,53,VCT 2025 Americas Stage 1_csvs
mitch,mitch,C9,612,"['Breach', 'Sova', 'Harbor']",3,367,1.01,188.4,0.95,74%,127.5,0.66,0.41,0.06,0.08,22%,30%,12/40,25,242,255,152,21,28,VCT 2025 Americas Stage 1_csvs
zander,zander,100T,8082,"['Astra', 'Omen', 'Brimstone', 'Viper']",4,408,1.0,185.1,0.93,76%,121.1,0.64,0.44,0.09,0.1,23%,17%,7/41,28,262,283,179,37,39,VCT 2025 Americas Stage 1_csvs
supamen,supamen,EG,826,"['Omen', 'Viper', 'Brimstone', 'Astra']",4,401,1.0,196.3,1.0,69%,127.9,0.7,0.28,0.06,0.08,37%,18%,12/65,23,280,281,114,25,32,VCT 2025 Americas Stage 1_csvs
brawk,brawk,NRG,2172,"['Tejo', 'Sova', 'Gekko']",3,275,0.99,185.0,0.98,75%,126.7,0.67,0.31,0.04,0.07,19%,6%,2/35,19,183,186,84,12,18,VCT 2025 Americas Stage 1_csvs
OXY,OXY,C9,18796,"['Raze', 'Neon', 'Jett', 'Yoru']",4,367,0.99,236.4,1.01,71%,150.8,0.82,0.19,0.21,0.19,27%,21%,3/14,27,300,297,69,78,70,VCT 2025 Americas Stage 1_csvs
xenom,xenom,MIBR,20240,"['Astra', 'Viper', 'Omen']",3,500,0.99,183.1,1.07,73%,119.6,0.68,0.31,0.06,0.09,32%,16%,10/61,22,340,319,155,31,43,VCT 2025 Americas Stage 1_csvs
icy,icy,EG,8402,"['Waylay', 'Raze', 'Jett', 'Yoru', 'Killjoy']",5,401,0.99,220.3,1.03,72%,146.6,0.79,0.16,0.16,0.17,26%,23%,9/40,28,316,308,63,64,67,VCT 2025 Americas Stage 1_csvs
cortezia,cortezia,MIBR,5395,"['Cypher', 'Killjoy', 'Vyse', 'Omen']",4,500,0.98,196.4,1.05,71%,129.2,0.72,0.23,0.1,0.09,35%,14%,6/43,22,359,343,113,49,43,VCT 2025 Americas Stage 1_csvs
Derrek,Derrek,EG,1533,"['Sova', 'Tejo']",2,401,0.98,182.6,0.95,73%,128.6,0.64,0.26,0.04,0.05,30%,17%,10/59,22,256,269,103,17,20,VCT 2025 Americas Stage 1_csvs
Melser,Melser,KRÜ,1311,"['Brimstone', 'Omen', 'Viper', 'Astra']",4,323,0.96,177.9,0.89,76%,117.9,0.62,0.36,0.08,0.09,25%,11%,5/44,18,199,223,117,27,29,VCT 2025 Americas Stage 1_csvs
dgzin,dgzin,LOUD,8873,"['Neon', 'Jett', 'Raze', 'Yoru', 'Reyna']",5,307,0.95,215.1,1.0,68%,136.0,0.75,0.19,0.19,0.17,30%,5%,1/19,32,230,230,59,59,52,VCT 2025 Americas Stage 1_csvs
tex,tex,LEV,1818,"['Viper', 'Killjoy', 'Cypher', 'Vyse']",4,229,0.95,198.5,0.98,70%,132.1,0.69,0.18,0.11,0.1,38%,13%,4/31,23,159,163,41,26,24,VCT 2025 Americas Stage 1_csvs
lz,lz,2G,6195,"['Omen', 'Astra', 'Viper']",3,234,0.94,193.4,0.96,75%,120.4,0.71,0.38,0.09,0.11,40%,25%,8/32,25,165,171,90,21,25,VCT 2025 Americas Stage 1_csvs
C0M,C0M,LEV,619,"['Tejo', 'Sova', 'Fade']",3,229,0.93,170.4,0.86,76%,117.9,0.59,0.28,0.04,0.05,25%,16%,5/31,21,135,157,65,10,11,VCT 2025 Americas Stage 1_csvs
Askia,Askia,2G,20238,"['Yoru', 'Raze', 'Jett']",3,234,0.92,194.0,0.94,65%,134.0,0.69,0.15,0.15,0.16,32%,17%,4/24,20,161,171,35,35,37,VCT 2025 Americas Stage 1_csvs
JonahP,JonahP,G2,4581,"['Breach', 'Kayo', 'Fade', 'Viper']",4,663,0.92,162.3,0.82,75%,103.3,0.54,0.52,0.07,0.07,19%,11%,8/75,19,359,440,345,45,48,VCT 2025 Americas Stage 1_csvs
Asuna,Asuna,100T,601,"['Neon', 'Raze', 'Gekko', 'Tejo']",4,408,0.92,201.7,0.87,71%,135.2,0.68,0.29,0.17,0.18,24%,23%,5/22,21,278,318,119,69,74,VCT 2025 Americas Stage 1_csvs
NaturE,NaturE,EG,4927,"['Breach', 'Fade', 'Vyse', 'Kayo']",4,401,0.91,182.0,0.86,73%,118.1,0.62,0.41,0.05,0.07,23%,28%,11/39,20,250,292,166,22,30,VCT 2025 Americas Stage 1_csvs
cauanzin,cauanzin,LOUD,6193,"['Tejo', 'Sova', 'Fade']",3,307,0.9,178.3,0.87,68%,122.2,0.6,0.23,0.06,0.11,23%,22%,5/23,18,184,212,71,17,35,VCT 2025 Americas Stage 1_csvs
kiNgg,kiNgg,LEV,8549,"['Yoru', 'Waylay', 'Omen', 'Neon', 'Viper']",5,229,0.89,189.1,0.89,69%,123.0,0.65,0.24,0.14,0.17,28%,16%,3/19,22,148,167,56,31,38,VCT 2025 Americas Stage 1_csvs
pryze,pryze,FUR,662,"['Fade', 'Sova', 'Tejo']",3,236,0.89,168.3,0.83,67%,114.6,0.59,0.22,0.03,0.07,27%,23%,9/40,23,140,168,52,7,16,VCT 2025 Americas Stage 1_csvs
tuyz,tuyz,LOUD,2408,"['Cypher', 'Viper', 'Vyse', 'Breach', 'Fade']",5,243,0.88,161.1,0.85,71%,110.7,0.56,0.35,0.05,0.05,30%,12%,6/50,16,137,162,85,11,13,VCT 2025 Americas Stage 1_csvs
adverso,adverso,KRÜ,3826,"['Tejo', 'Sova']",2,323,0.88,166.8,0.82,70%,116.8,0.56,0.26,0.06,0.08,20%,19%,5/26,18,181,220,85,19,27,VCT 2025 Americas Stage 1_csvs
Rossy,Rossy,LEV,1129,"['Breach', 'Tejo', 'Deadlock', 'Kayo']",4,229,0.87,174.6,0.83,71%,115.1,0.62,0.37,0.06,0.1,29%,14%,3/22,19,143,173,85,13,23,VCT 2025 Americas Stage 1_csvs
Khalil,Khalil,FUR,1711,"['Omen', 'Astra', 'Brimstone', 'Viper']",4,236,0.87,175.8,0.84,68%,116.4,0.62,0.21,0.06,0.1,27%,14%,5/35,23,147,176,50,15,24,VCT 2025 Americas Stage 1_csvs
Zellsis,Zellsis,SEN,729,"['Vyse', 'Cypher', 'Viper', 'Killjoy']",4,475,0.87,173.3,0.87,67%,114.5,0.59,0.26,0.08,0.11,24%,15%,7/48,21,281,322,122,40,54,VCT 2025 Americas Stage 1_csvs
gobera,gobera,2G,14950,"['Cypher', 'Tejo']",2,234,0.86,177.7,0.86,66%,126.0,0.62,0.18,0.07,0.1,28%,3%,1/36,21,146,170,43,17,23,VCT 2025 Americas Stage 1_csvs
neT,neT,C9,6582,"['Deadlock', 'Cypher', 'Viper', 'Killjoy']",4,367,0.85,169.6,0.88,70%,107.3,0.61,0.19,0.08,0.08,29%,10%,4/41,23,223,252,68,28,28,VCT 2025 Americas Stage 1_csvs
PxS,PxS,2G,13823,"['Breach', 'Fade', 'Kayo', 'Sova']",4,189,0.81,164.4,0.75,75%,105.9,0.56,0.4,0.08,0.11,28%,24%,7/29,16,106,141,76,15,21,VCT 2025 Americas Stage 1_csvs
silentzz,silentzz,2G,11921,"['Iso', 'Vyse', 'Killjoy']",3,234,0.81,188.5,0.82,66%,127.2,0.65,0.17,0.07,0.09,37%,9%,2/23,21,152,185,39,17,20,VCT 2025 Americas Stage 1_csvs
artzin,artzin,MIBR,5957,"['Breach', 'Harbor', 'Kayo']",3,500,0.8,182.5,0.78,69%,118.6,0.6,0.39,0.1,0.12,23%,13%,4/32,22,299,383,197,52,61,VCT 2025 Americas Stage 1_csvs
heat,heat,FUR,8673,"['Clove', 'Vyse', 'Cypher', 'Killjoy', 'Viper']",5,236,0.8,166.4,0.81,61%,116.2,0.62,0.16,0.06,0.08,41%,12%,5/43,23,146,180,38,15,19,VCT 2025 Americas Stage 1_csvs
FiNESSE,FiNESSE,NRG,817,"['Vyse', 'Cypher', 'Killjoy']",3,275,0.77,150.7,0.69,67%,104.4,0.49,0.28,0.07,0.09,19%,8%,4/49,15,135,196,78,18,24,VCT 2025 Americas Stage 1_csvs
Boostio,Boostio,100T,604,"['Vyse', 'Cypher', 'Breach', 'Killjoy']",4,408,0.75,152.4,0.68,65%,103.7,0.52,0.27,0.08,0.09,30%,5%,2/41,24,211,309,111,31,38,VCT 2025 Americas Stage 1_csvs
havoc,havoc,FUR,8706,"['Neon', 'Yoru', 'Raze', 'Jett']",4,236,0.73,184.6,0.78,60%,121.2,0.66,0.14,0.23,0.22,33%,0%,0/11,24,156,200,32,54,51,VCT 2025 Americas Stage 1_csvs
raafa,raafa,FUR,25743,"['Breach', 'Kayo', 'Tejo']",3,236,0.66,136.0,0.6,66%,91.0,0.45,0.36,0.04,0.11,20%,8%,2/26,18,106,178,86,9,26,VCT 2025 Americas Stage 1_csvs
v1nny,v1nny,LOUD,1586,"['Breach', 'Kayo', 'Tejo']",3,168,0.65,129.3,0.57,72%,85.8,0.44,0.45,0.02,0.09,28%,7%,1/15,15,74,130,76,4,15,VCT 2025 Americas Stage 1_csvs
OXY,OXY,C9,18796,"['Jett', 'Raze', 'Neon', 'Yoru']",4,442,1.17,254.6,1.25,76%,160.0,0.91,0.17,0.19,0.16,27%,20%,6/30,27,404,324,75,85,70,VCT 2025 Americas Stage 2_csvs
valyn,valyn,G2,3885,"['Omen', 'Brimstone']",2,452,1.14,213.7,1.23,76%,135.6,0.79,0.39,0.08,0.07,27%,18%,5/28,26,357,290,175,37,31,VCT 2025 Americas Stage 2_csvs
N4RRATE,N4RRATE,SEN,36245,"['Fade', 'Sova', 'Yoru']",3,426,1.14,225.2,1.17,76%,144.0,0.78,0.33,0.14,0.08,26%,17%,4/24,27,332,283,141,58,36,VCT 2025 Americas Stage 2_csvs
Cryocells,Cryocells,100T,4147,"['Yoru', 'Chamber', 'Jett']",3,372,1.14,221.0,1.23,78%,145.9,0.83,0.21,0.15,0.09,30%,18%,7/40,35,310,252,79,56,33,VCT 2025 Americas Stage 2_csvs
JonahP,JonahP,G2,4581,"['Viper', 'Vyse', 'Fade', 'Sage']",4,452,1.13,206.4,1.2,77%,129.3,0.74,0.33,0.1,0.08,23%,27%,15/55,23,333,278,150,46,34,VCT 2025 Americas Stage 2_csvs
brawk,brawk,NRG,2172,"['Fade', 'Sova', 'Vyse']",3,568,1.13,213.7,1.15,74%,139.2,0.72,0.32,0.07,0.04,19%,10%,8/80,25,411,356,179,41,22,VCT 2025 Americas Stage 2_csvs
Sato,Sato,LEV,21659,"['Yoru', 'Jett', 'Raze', 'Neon']",4,463,1.12,254.0,1.2,71%,163.7,0.9,0.17,0.19,0.18,33%,13%,2/15,35,418,349,79,86,85,VCT 2025 Americas Stage 2_csvs
aspas,aspas,MIBR,8480,"['Raze', 'Jett', 'Yoru', 'Neon']",4,242,1.12,227.4,1.22,74%,147.3,0.8,0.16,0.19,0.09,26%,17%,4/23,24,194,159,39,46,21,VCT 2025 Americas Stage 2_csvs
keznit,keznit,KRÜ,2462,"['Omen', 'Yoru', 'Iso', 'Skye', 'Raze']",5,334,1.12,234.1,1.15,72%,151.3,0.8,0.28,0.12,0.12,23%,16%,5/31,22,268,234,93,41,41,VCT 2025 Americas Stage 2_csvs
johnqt,johnqt,SEN,1265,"['Viper', 'Cypher', 'Sage', 'Fade']",4,426,1.11,184.2,1.18,80%,119.8,0.65,0.4,0.06,0.03,25%,10%,7/68,20,276,234,171,25,14,VCT 2025 Americas Stage 2_csvs
zekken,zekken,SEN,4004,"['Neon', 'Yoru', 'Raze', 'Jett']",4,426,1.09,234.0,1.18,71%,148.9,0.83,0.18,0.22,0.18,24%,18%,4/22,27,355,300,76,94,75,VCT 2025 Americas Stage 2_csvs
trent,trent,G2,15500,"['Sova', 'Tejo', 'Fade']",3,452,1.08,192.1,1.14,75%,126.1,0.69,0.33,0.07,0.07,26%,19%,10/54,21,310,273,147,30,31,VCT 2025 Americas Stage 2_csvs
kiNgg,kiNgg,LEV,8549,"['Viper', 'Omen', 'Vyse']",3,463,1.08,194.4,1.04,73%,126.4,0.67,0.33,0.08,0.07,27%,17%,11/64,25,308,297,154,35,33,VCT 2025 Americas Stage 2_csvs
leaf,leaf,G2,7873,"['Deadlock', 'Chamber', 'Viper']",3,111,1.07,211.4,1.11,66%,139.5,0.75,0.2,0.14,0.11,26%,23%,3/13,20,83,75,22,16,12,VCT 2025 Americas Stage 2_csvs
skuba,skuba,NRG,11118,"['Viper', 'Killjoy', 'Omen', 'Cypher', 'Vyse']",5,568,1.07,189.8,1.14,75%,126.7,0.7,0.28,0.06,0.07,25%,14%,13/91,26,397,347,161,35,41,VCT 2025 Americas Stage 2_csvs
Derrek,Derrek,EG,1533,"['Sova', 'Chamber', 'Tejo', 'Omen', 'Gekko']",5,289,1.07,210.1,1.0,70%,147.9,0.73,0.29,0.07,0.04,31%,8%,4/50,30,210,209,84,20,13,VCT 2025 Americas Stage 2_csvs
silentzz,silentzz,2G,11921,"['Cypher', 'Jett', 'Iso', 'Vyse', 'Raze', 'Viper']",6,252,1.07,198.5,1.14,69%,134.6,0.75,0.14,0.12,0.1,37%,9%,3/34,26,189,166,36,29,26,VCT 2025 Americas Stage 2_csvs
eeiu,eeiu,100T,796,"['Fade', 'Sova']",2,372,1.06,194.4,1.11,74%,127.9,0.72,0.28,0.06,0.07,31%,6%,3/47,26,266,239,103,24,26,VCT 2025 Americas Stage 2_csvs
cortezia,cortezia,MIBR,5395,"['Vyse', 'Killjoy', 'Cypher', 'Viper']",4,242,1.06,202.7,1.11,69%,138.9,0.75,0.2,0.07,0.09,33%,21%,7/34,28,182,164,49,16,21,VCT 2025 Americas Stage 2_csvs
v1c,v1c,C9,17433,"['Omen', 'Brimstone', 'Iso']",3,442,1.06,199.9,1.08,78%,129.4,0.71,0.38,0.09,0.07,30%,16%,7/43,22,315,292,169,40,32,VCT 2025 Americas Stage 2_csvs
jawgemo,jawgemo,G2,3993,"['Yoru', 'Neon', 'Waylay']",3,452,1.05,227.5,1.14,74%,142.2,0.81,0.24,0.16,0.13,23%,16%,4/25,25,364,318,109,72,59,VCT 2025 Americas Stage 2_csvs
bang,bang,SEN,3880,"['Omen', 'Viper']",2,426,1.05,194.6,1.09,76%,118.8,0.68,0.38,0.08,0.08,29%,14%,5/35,20,289,265,160,32,33,VCT 2025 Americas Stage 2_csvs
s0m,s0m,NRG,4164,"['Brimstone', 'Deadlock', 'Viper', 'Omen', 'Killjoy', 'Cypher']",6,568,1.04,197.0,1.03,74%,128.5,0.69,0.4,0.09,0.11,26%,23%,11/47,22,393,380,229,50,61,VCT 2025 Americas Stage 2_csvs
mada,mada,NRG,5132,"['Raze', 'Neon', 'Waylay', 'Jett']",4,568,1.04,222.9,1.11,70%,142.0,0.78,0.17,0.22,0.2,26%,12%,2/17,26,442,400,97,124,111,VCT 2025 Americas Stage 2_csvs
lukxo,lukxo,LOUD,28716,"['Viper', 'Cypher', 'Omen']",3,276,1.03,211.4,1.06,68%,139.5,0.76,0.18,0.14,0.08,34%,8%,3/39,28,209,198,49,40,23,VCT 2025 Americas Stage 2_csvs
BABYBAY,BABYBAY,G2,2170,"['Vyse', 'Chamber', 'Viper', 'Deadlock']",4,341,1.02,197.5,1.09,76%,128.7,0.69,0.25,0.13,0.11,22%,15%,6/40,23,234,215,84,45,39,VCT 2025 Americas Stage 2_csvs
Okeanos,Okeanos,LEV,8373,"['Brimstone', 'Kayo', 'Harbor', 'Omen', 'Neon', 'Sage']",6,463,1.02,200.8,1.02,75%,132.7,0.71,0.38,0.09,0.09,33%,11%,5/44,30,331,326,176,42,41,VCT 2025 Americas Stage 2_csvs
Ethan,Ethan,NRG,11225,"['Kayo', 'Omen', 'Fade', 'Harbor', 'Breach']",5,568,1.02,195.0,0.96,75%,124.1,0.65,0.45,0.07,0.07,23%,13%,6/48,23,367,384,257,41,42,VCT 2025 Americas Stage 2_csvs
Asuna,Asuna,100T,601,"['Raze', 'Neon', 'Yoru', 'Omen', 'Sage']",5,372,1.01,207.3,1.0,74%,135.4,0.68,0.29,0.13,0.15,21%,18%,5/28,24,253,253,107,48,54,VCT 2025 Americas Stage 2_csvs
Virtyy,Virtyy,LOUD,3983,"['Raze', 'Jett', 'Neon']",3,276,1.01,214.0,1.03,68%,133.2,0.74,0.18,0.19,0.22,25%,9%,2/22,25,203,198,49,53,60,VCT 2025 Americas Stage 2_csvs
Zellsis,Zellsis,SEN,729,"['Vyse', 'Deadlock', 'Breach', 'Killjoy', 'Brimstone']",5,426,1.01,190.0,1.04,75%,122.4,0.66,0.34,0.07,0.07,22%,15%,8/53,18,281,271,145,28,31,VCT 2025 Americas Stage 2_csvs
spike,spike,2G,21661,"['Neon', 'Kayo', 'Yoru']",3,252,0.99,232.5,1.03,66%,149.2,0.8,0.27,0.19,0.2,25%,19%,3/16,27,202,196,69,49,50,VCT 2025 Americas Stage 2_csvs
Xeppaa,Xeppaa,C9,7871,"['Killjoy', 'Vyse']",2,442,0.98,200.7,0.99,76%,132.4,0.69,0.28,0.07,0.06,23%,16%,9/57,22,306,308,123,33,26,VCT 2025 Americas Stage 2_csvs
Shyy,Shyy,KRÜ,24007,"['Vyse', 'Cypher', 'Viper']",3,334,0.97,182.9,0.96,71%,123.6,0.64,0.23,0.07,0.07,30%,12%,6/51,23,214,222,76,23,23,VCT 2025 Americas Stage 2_csvs
C0M,C0M,LEV,619,"['Fade', 'Sova']",2,463,0.96,170.5,0.93,72%,117.9,0.59,0.29,0.06,0.06,27%,14%,10/69,22,271,290,135,26,26,VCT 2025 Americas Stage 2_csvs
zander,zander,100T,8082,"['Viper', 'Omen']",2,372,0.96,198.4,0.98,72%,128.2,0.69,0.32,0.11,0.1,26%,14%,5/35,23,256,261,120,42,36,VCT 2025 Americas Stage 2_csvs
Mazino,Mazino,KRÜ,7603,"['Viper', 'Sova', 'Fade']",3,334,0.96,191.1,0.94,70%,126.9,0.65,0.31,0.07,0.08,24%,16%,7/44,22,216,230,104,25,27,VCT 2025 Americas Stage 2_csvs
yay,yay,EG,881,"['Jett', 'Clove', 'Chamber', 'Brimstone']",4,289,0.95,217.7,0.98,64%,142.2,0.77,0.19,0.17,0.21,29%,9%,2/23,29,223,228,56,48,60,VCT 2025 Americas Stage 2_csvs
xenom,xenom,MIBR,20240,"['Astra', 'Omen', 'Viper', 'Brimstone']",4,242,0.94,168.5,0.92,74%,110.9,0.6,0.34,0.07,0.04,35%,13%,4/31,20,145,157,82,17,9,VCT 2025 Americas Stage 2_csvs
Melser,Melser,KRÜ,1311,"['Fade', 'Omen', 'Brimstone']",3,334,0.93,159.2,0.9,73%,104.4,0.59,0.36,0.06,0.08,26%,9%,4/47,20,196,218,119,19,28,VCT 2025 Americas Stage 2_csvs
mitch,mitch,C9,612,"['Skye', 'Fade', 'Sova']",3,442,0.93,175.4,0.87,74%,115.5,0.57,0.4,0.06,0.11,19%,20%,9/46,18,252,291,178,25,49,VCT 2025 Americas Stage 2_csvs
cauanzin,cauanzin,LOUD,6193,"['Gekko', 'Kayo', 'Sova', 'Breach', 'Vyse']",5,276,0.92,193.8,0.91,70%,125.7,0.67,0.31,0.09,0.07,25%,10%,2/20,21,185,204,86,24,20,VCT 2025 Americas Stage 2_csvs
pryze,pryze,2G,662,"['Sova', 'Fade']",2,252,0.91,178.6,0.8,65%,124.0,0.6,0.29,0.05,0.05,22%,12%,4/33,20,152,189,74,13,12,VCT 2025 Americas Stage 2_csvs
Kess,Kess,100T,9094,"['Brimstone', 'Cypher', 'Fade', 'Killjoy', 'Vyse']",5,372,0.9,173.1,0.88,70%,112.9,0.6,0.29,0.07,0.07,28%,15%,8/52,23,224,256,107,27,26,VCT 2025 Americas Stage 2_csvs
neT,neT,C9,6582,"['Viper', 'Deadlock']",2,442,0.9,164.1,0.91,72%,108.1,0.59,0.25,0.07,0.11,31%,21%,12/56,22,261,288,112,33,49,VCT 2025 Americas Stage 2_csvs
NaturE,NaturE,EG,4927,"['Kayo', 'Fade', 'Breach', 'Sova']",4,289,0.89,180.3,0.8,74%,113.4,0.58,0.45,0.05,0.07,21%,13%,4/30,18,169,212,130,14,21,VCT 2025 Americas Stage 2_csvs
pANcada,pANcada,LOUD,683,"['Brimstone', 'Omen', 'Viper']",3,276,0.89,164.1,0.81,66%,111.9,0.56,0.34,0.04,0.05,38%,13%,6/48,28,155,192,95,12,14,VCT 2025 Americas Stage 2_csvs
Dantedeu5,Dantedeu5,KRÜ,41135,"['Neon', 'Jett', 'Yoru', 'Raze']",4,334,0.87,187.8,0.87,68%,122.3,0.64,0.26,0.13,0.19,25%,13%,2/15,24,214,247,86,45,62,VCT 2025 Americas Stage 2_csvs
heat,heat,FUR,8673,"['Viper', 'Cypher', 'Chamber']",3,196,0.87,185.1,0.77,63%,123.5,0.62,0.19,0.08,0.1,30%,6%,3/47,18,121,158,37,16,20,VCT 2025 Americas Stage 2_csvs
lz,lz,2G,6195,"['Omen', 'Brimstone']",2,252,0.86,160.9,0.79,70%,103.0,0.56,0.42,0.08,0.1,40%,16%,5/32,19,140,177,106,21,26,VCT 2025 Americas Stage 2_csvs
adverso,adverso,FUR,3826,"['Sova', 'Deadlock', 'Fade', 'Vyse']",4,196,0.85,188.3,0.76,67%,125.4,0.64,0.24,0.06,0.08,20%,17%,6/35,21,125,164,47,12,16,VCT 2025 Americas Stage 2_csvs
icy,icy,EG,8402,"['Cypher', 'Raze', 'Neon']",3,289,0.85,167.5,0.82,65%,112.4,0.6,0.19,0.09,0.14,28%,11%,3/28,22,173,211,54,27,40,VCT 2025 Americas Stage 2_csvs
tex,tex,LEV,1818,"['Gekko', 'Cypher', 'Killjoy', 'Vyse', 'Chamber']",5,463,0.83,162.1,0.85,69%,107.5,0.59,0.17,0.09,0.1,32%,12%,6/51,21,273,321,80,42,47,VCT 2025 Americas Stage 2_csvs
supamen,supamen,EG,826,"['Omen', 'Viper']",2,289,0.83,154.5,0.78,65%,102.1,0.56,0.27,0.07,0.09,35%,14%,6/43,21,161,207,79,20,26,VCT 2025 Americas Stage 2_csvs
artzin,artzin,MIBR,5957,"['Yoru', 'Kayo', 'Iso', 'Harbor', 'Viper']",5,242,0.8,179.8,0.85,66%,119.1,0.63,0.21,0.11,0.2,22%,15%,3/20,22,153,180,51,26,49,VCT 2025 Americas Stage 2_csvs
gobera,gobera,2G,14950,"['Breach', 'Cypher', 'Viper', 'Killjoy']",4,252,0.78,156.7,0.72,63%,101.4,0.53,0.31,0.05,0.06,27%,28%,10/36,21,133,185,79,12,14,VCT 2025 Americas Stage 2_csvs
RobbieBk,RobbieBk,LOUD,5893,"['Skye', 'Sova', 'Killjoy', 'Fade']",4,276,0.78,149.0,0.73,63%,103.3,0.51,0.24,0.04,0.07,35%,17%,5/29,17,142,194,65,10,20,VCT 2025 Americas Stage 2_csvs
Palla,Palla,FUR,15681,"['Neon', 'Raze', 'Waylay', 'Yoru']",4,196,0.77,199.0,0.75,60%,130.5,0.66,0.18,0.15,0.22,30%,0%,0/10,24,130,174,35,30,44,VCT 2025 Americas Stage 2_csvs
tuyz,tuyz,FUR,2408,"['Omen', 'Brimstone']",2,196,0.72,135.7,0.61,67%,93.5,0.47,0.36,0.05,0.08,28%,13%,4/31,17,93,152,71,10,16,VCT 2025 Americas Stage 2_csvs
Verno,Verno,MIBR,21668,"['Fade', 'Sova', 'Skye']",3,242,0.72,140.5,0.64,69%,96.1,0.45,0.3,0.06,0.09,27%,13%,3/23,15,110,171,73,15,22,VCT 2025 Americas Stage 2_csvs
Urango,Urango,FUR,6238,"['Killjoy', 'Skye', 'Sage', 'Breach', 'Deadlock', 'Sova']",6,196,0.59,139.9,0.55,63%,94.4,0.47,0.26,0.03,0.14,31%,13%,3/24,14,93,168,50,5,27,VCT 2025 Americas Stage 2_csvs
Rarga,Rarga,XLG,22047,"['Neon', 'Raze', 'Jett']",3,290,,242.2,1.14,,,0.85,0.13,,,,0%,,27,247,216,37,0,0,VCT 2025 China Kickoff_csvs
Autumn,Autumn,FPX,872,"['Omen', 'Vyse', 'Cypher', 'Yoru']",4,167,,204.9,1.02,,,0.69,0.24,,,,0%,,20,116,114,40,0,0,VCT 2025 China Kickoff_csvs
K1ra,K1ra,AG,46748,"['Jett', 'Raze', 'Omen', 'Brimstone']",4,89,,181.8,0.77,,,0.63,0.25,,,,0%,,17,56,73,22,0,0,VCT 2025 China Kickoff_csvs
Lsn,Lsn,AG,50080,"['Astra', 'Kayo', 'Sova', 'Breach']",4,89,,164.8,0.81,,,0.63,0.36,,,,0%,,20,56,69,32,0,0,VCT 2025 China Kickoff_csvs
SWERL,SWERL,NOVA,1209,"['Jett', 'Raze']",2,186,,219.8,1.08,,,0.76,0.18,,,,0%,,28,142,132,33,0,0,VCT 2025 China Kickoff_csvs
o0o0o,o0o0o,NOVA,4402,"['Kayo', 'Skye', 'Breach']",3,186,,143.9,0.69,,,0.49,0.44,,,,0%,,15,92,134,81,0,0,VCT 2025 China Kickoff_csvs
CB,CB,NOVA,39697,"['Sova', 'Deadlock', 'Neon', 'Killjoy']",4,186,,214.9,1.05,,,0.75,0.32,,,,0%,,24,139,133,59,0,0,VCT 2025 China Kickoff_csvs
GuanG,GuanG,NOVA,41054,"['Cypher', 'Vyse']",2,186,,225.3,1.3,,,0.84,0.15,,,,0%,,25,156,120,28,0,0,VCT 2025 China Kickoff_csvs
Ezeir,Ezeir,NOVA,46460,"['Astra', 'Brimstone']",2,186,,223.4,1.07,,,0.74,0.49,,,,0%,,21,137,128,91,0,0,VCT 2025 China Kickoff_csvs
Knight,Knight,BLG,4774,"['Sova', 'Fade', 'Cypher']",3,244,,192.2,1.0,,,0.67,0.3,,,,0%,,20,164,164,74,0,0,VCT 2025 China Kickoff_csvs
whzy,whzy,BLG,4885,"['Neon', 'Raze', 'Yoru']",3,244,,206.7,0.98,,,0.73,0.19,,,,0%,,30,179,183,46,0,0,VCT 2025 China Kickoff_csvs
nephh,nephh,BLG,10698,"['Viper', 'Omen', 'Skye', 'Kayo']",4,244,,228.5,1.06,,,0.77,0.4,,,,0%,,24,187,176,98,0,0,VCT 2025 China Kickoff_csvs
Levius,Levius,BLG,40845,"['Killjoy', 'Vyse', 'Viper']",3,244,,167.2,0.85,,,0.61,0.14,,,,0%,,19,150,177,33,0,0,VCT 2025 China Kickoff_csvs
rushia,rushia,BLG,48878,"['Omen', 'Harbor', 'Brimstone', 'Astra']",4,244,,163.2,0.86,,,0.59,0.35,,,,0%,,21,145,169,85,0,0,VCT 2025 China Kickoff_csvs
Life,Life,FPX,3028,"['Yoru', 'Phoenix', 'Raze', 'Jett']",4,167,,242.9,1.11,,,0.81,0.22,,,,0%,,23,136,122,36,0,0,VCT 2025 China Kickoff_csvs
deLb,deLb,AG,10821,"['Yoru', 'Vyse', 'Cypher']",3,89,,210.4,1.01,,,0.79,0.1,,,,0%,,23,70,69,9,0,0,VCT 2025 China Kickoff_csvs
yosemite,yosemite,FPX,6022,"['Viper', 'Clove']",2,167,,216.4,1.13,,,0.77,0.24,,,,0%,,24,129,114,40,0,0,VCT 2025 China Kickoff_csvs
BerLIN,BerLIN,FPX,7857,"['Astra', 'Kayo']",2,167,,155.1,0.75,,,0.51,0.41,,,,0%,,17,85,113,69,0,0,VCT 2025 China Kickoff_csvs
AAAAY,AAAAY,FPX,19530,"['Gekko', 'Fade', 'Sova', 'Tejo']",4,167,,192.3,1.04,,,0.7,0.17,,,,0%,,20,117,112,29,0,0,VCT 2025 China Kickoff_csvs
Biank,Biank,TE,3021,"['Sova', 'Fade']",2,233,,211.1,0.97,,,0.72,0.38,,,,0%,,28,167,173,89,0,0,VCT 2025 China Kickoff_csvs
LuoK1ng,LuoK1ng,TE,3045,"['Astra', 'Omen', 'Brimstone']",3,233,,201.4,1.13,,,0.73,0.53,,,,0%,,31,171,151,123,0,0,VCT 2025 China Kickoff_csvs
heybay,heybay,TE,4712,"['Killjoy', 'Kayo', 'Viper', 'Deadlock', 'Breach']",5,233,,197.4,1.02,,,0.69,0.35,,,,0%,,25,160,157,81,0,0,VCT 2025 China Kickoff_csvs
FengF,FengF,TE,4770,"['Yoru', 'Cypher', 'Raze', 'Killjoy', 'Vyse']",5,233,,225.7,1.13,,,0.81,0.14,,,,0%,,27,188,167,33,0,0,VCT 2025 China Kickoff_csvs
Kai,Kai,TE,37494,"['Neon', 'Jett', 'Vyse']",3,233,,207.8,1.04,,,0.75,0.23,,,,0%,,27,174,167,53,0,0,VCT 2025 China Kickoff_csvs
nobody,nobody,EDG,3017,"['Skye', 'Fade', 'Sova', 'Tejo']",4,333,,205.9,1.2,,,0.76,0.22,,,,0%,,37,252,210,74,0,0,VCT 2025 China Kickoff_csvs
ZmjjKK,ZmjjKK,EDG,3520,"['Raze', 'Neon', 'Jett']",3,333,,270.4,1.27,,,0.94,0.22,,,,0%,,29,313,247,73,0,0,VCT 2025 China Kickoff_csvs
Smoggy,Smoggy,EDG,4742,"['Omen', 'Brimstone', 'Clove', 'Astra']",4,333,,212.2,1.21,,,0.78,0.4,,,,0%,,28,261,215,132,0,0,VCT 2025 China Kickoff_csvs
S1Mon,S1Mon,EDG,13768,"['Tejo', 'Breach', 'Kayo']",3,333,,151.4,0.84,,,0.53,0.55,,,,0%,,18,176,209,184,0,0,VCT 2025 China Kickoff_csvs
CHICHOO,CHICHOO,EDG,15559,"['Viper', 'Killjoy', 'Omen', 'Vyse', 'Cypher', 'Astra']",6,333,,209.3,1.18,,,0.76,0.27,,,,0%,,28,252,213,91,0,0,VCT 2025 China Kickoff_csvs
monk,monk,AG,14431,"['Sova', 'Gekko', 'Harbor', 'Fade']",4,89,,167.0,0.63,,,0.52,0.4,,,,0%,,12,46,73,36,0,0,VCT 2025 China Kickoff_csvs
nizhaoTZH,nizhaoTZH,AG,4880,"['Omen', 'Brimstone']",2,37,,131.0,0.42,,,0.35,0.38,,,,0%,,7,13,31,14,0,0,VCT 2025 China Kickoff_csvs
happywei,happywei,XLG,37927,"['Omen', 'Cypher', 'Viper', 'Astra']",4,290,,239.4,1.32,,,0.85,0.35,,,,0%,,25,246,186,101,0,0,VCT 2025 China Kickoff_csvs
5CM,5CM,TYL,47101,"['Brimstone', 'Omen', 'Astra']",3,89,,160.8,0.71,,,0.53,0.38,,,,0%,,15,47,66,34,0,0,VCT 2025 China Kickoff_csvs
YOU,YOU,XLG,4710,"['Breach', 'Skye', 'Kayo']",3,290,,166.9,0.9,,,0.58,0.48,,,,0%,,23,168,187,139,0,0,VCT 2025 China Kickoff_csvs
coconut,coconut,XLG,12365,"['Sova', 'Omen', 'Brimstone']",3,290,,192.8,1.01,,,0.65,0.32,,,,0%,,19,189,187,92,0,0,VCT 2025 China Kickoff_csvs
Viva,Viva,XLG,36415,"['Cypher', 'Viper', 'Omen', 'Gekko', 'Killjoy']",5,290,,163.1,0.92,,,0.58,0.3,,,,0%,,20,168,183,87,0,0,VCT 2025 China Kickoff_csvs
Spring,Spring,WOL,14125,"['Raze', 'Neon', 'Jett']",3,110,,225.8,1.02,,,0.76,0.15,,,,0%,,29,84,82,17,0,0,VCT 2025 China Kickoff_csvs
Yuicaw,Yuicaw,WOL,11218,"['Breach', 'Cypher', 'Kayo']",3,110,,180.4,0.8,,,0.6,0.35,,,,0%,,22,66,82,38,0,0,VCT 2025 China Kickoff_csvs
SiuFatBB,SiuFatBB,WOL,7849,"['Fade', 'Skye', 'Tejo', 'Sova']",4,110,,152.8,0.8,,,0.55,0.25,,,,0%,,19,60,75,27,0,0,VCT 2025 China Kickoff_csvs
Lysoar,Lysoar,WOL,37489,"['Vyse', 'Killjoy', 'Cypher']",3,110,,198.6,0.8,,,0.65,0.2,,,,0%,,20,71,89,22,0,0,VCT 2025 China Kickoff_csvs
Juicy,Juicy,WOL,7426,"['Omen', 'Brimstone', 'Astra']",3,110,,186.6,0.94,,,0.66,0.41,,,,0%,,19,73,78,45,0,0,VCT 2025 China Kickoff_csvs
Ninebody,Ninebody,TYL,3547,"['Killjoy', 'Jett', 'Cypher']",3,89,,193.3,0.92,,,0.66,0.2,,,,0%,,20,59,64,18,0,0,VCT 2025 China Kickoff_csvs
zjc,zjc,TYL,7135,"['Breach', 'Sova']",2,89,,203.3,0.85,,,0.64,0.33,,,,0%,,17,57,67,29,0,0,VCT 2025 China Kickoff_csvs
Eren,Eren,TYL,14444,"['Raze', 'Yoru', 'Neon']",3,89,,165.5,0.81,,,0.62,0.24,,,,0%,,17,55,68,21,0,0,VCT 2025 China Kickoff_csvs
slowly,slowly,TYL,41739,"['Sova', 'Astra', 'Killjoy', 'Breach']",4,89,,225.8,1.19,,,0.83,0.26,,,,0%,,23,74,62,23,0,0,VCT 2025 China Kickoff_csvs
B1ack,B1ack,TEC,30526,"['Breach', 'Kayo']",2,148,,189.6,0.93,,,0.64,0.54,,,,0%,,24,94,101,80,0,0,VCT 2025 China Kickoff_csvs
SpiritZ1,SpiritZ1,DRG,31753,"['Sova', 'Deadlock', 'Fade']",3,283,,179.1,0.89,,,0.65,0.24,,,,0%,,23,185,208,69,0,0,VCT 2025 China Kickoff_csvs
Abo,Abo,TEC,5011,"['Killjoy', 'Cypher']",2,148,,188.7,0.9,,,0.69,0.11,,,,0%,,23,102,113,16,0,0,VCT 2025 China Kickoff_csvs
Rb,Rb,TEC,488,"['Fade', 'Sova', 'Tejo']",3,148,,194.0,0.94,,,0.67,0.26,,,,0%,,25,99,105,39,0,0,VCT 2025 China Kickoff_csvs
Haodong,Haodong,TEC,4720,"['Brimstone', 'Omen', 'Astra']",3,148,,198.3,1.03,,,0.69,0.51,,,,0%,,20,102,99,75,0,0,VCT 2025 China Kickoff_csvs
Dynamite,Dynamite,TEC,42235,"['Raze', 'Jett', 'Neon']",3,148,,179.3,0.82,,,0.64,0.16,,,,0%,,22,94,114,24,0,0,VCT 2025 China Kickoff_csvs
stew,stew,JDG,16924,"['Jett', 'Neon', 'Raze']",3,162,,250.5,1.4,,,0.91,0.16,,,,0%,,28,148,106,26,0,0,VCT 2025 China Kickoff_csvs
jkuro,jkuro,JDG,3519,"['Yoru', 'Omen', 'Brimstone', 'Astra']",4,162,,201.6,0.89,,,0.67,0.4,,,,0%,,19,108,122,65,0,0,VCT 2025 China Kickoff_csvs
Z1yan,Z1yan,JDG,41029,"['Astra', 'Cypher', 'Vyse', 'Killjoy']",4,162,,225.1,1.23,,,0.81,0.23,,,,0%,,30,132,107,37,0,0,VCT 2025 China Kickoff_csvs
MrCANI,MrCANI,JDG,37674,"['Omen', 'Breach', 'Skye', 'Kayo']",4,162,,131.3,0.61,,,0.46,0.29,,,,0%,,15,75,123,47,0,0,VCT 2025 China Kickoff_csvs
Babyblue,Babyblue,JDG,15302,"['Sova', 'Deadlock', 'Tejo', 'Fade']",4,162,,185.3,0.91,,,0.66,0.21,,,,0%,,19,107,118,34,0,0,VCT 2025 China Kickoff_csvs
vo0kashu,vo0kashu,DRG,3741,"['Omen', 'Cypher', 'Vyse', 'Killjoy']",4,283,,210.3,1.1,,,0.75,0.24,,,,0%,,26,212,193,68,0,0,VCT 2025 China Kickoff_csvs
Flex1n,Flex1n,DRG,4705,"['Astra', 'Omen', 'Brimstone']",3,283,,195.9,1.03,,,0.7,0.39,,,,0%,,20,199,193,111,0,0,VCT 2025 China Kickoff_csvs
TvirusLuke,TvirusLuke,DRG,7841,"['Jett', 'Raze']",2,283,,192.5,0.88,,,0.7,0.16,,,,0%,,23,198,224,46,0,0,VCT 2025 China Kickoff_csvs
Nicc,Nicc,DRG,11524,"['Kayo', 'Breach']",2,283,,193.8,0.98,,,0.67,0.58,,,,0%,,20,191,195,165,0,0,VCT 2025 China Kickoff_csvs
bunt,bunt,AG,25949,"['Vyse', 'Raze', 'Neon']",3,52,,121.7,0.49,,,0.38,0.29,,,,0%,,9,20,41,15,0,0,VCT 2025 China Kickoff_csvs
slowly,slowly,TYL,41739,"['Breach', 'Tejo', 'Kayo', 'Fade', 'Sova']",5,281,1.37,250.4,1.32,79%,164.8,0.89,0.35,0.08,0.05,30%,0%,,28,249,188,99,14,10,VCT 2025 China Stage 1_csvs
Rarga,Rarga,XLG,22047,"['Yoru', 'Waylay', 'Neon', 'Jett', 'Chamber']",5,509,1.25,260.0,1.29,73%,168.8,0.91,0.17,0.21,0.18,33%,0%,,35,465,360,89,76,65,VCT 2025 China Stage 1_csvs
whzy,whzy,BLG,4885,"['Neon', 'Jett', 'Yoru']",3,577,1.21,264.4,1.28,73%,166.9,0.93,0.23,0.2,0.14,26%,0%,,29,538,421,130,97,66,VCT 2025 China Stage 1_csvs
Smoggy,Smoggy,EDG,4742,"['Brimstone', 'Omen', 'Viper', 'Astra']",4,424,1.19,203.1,1.15,74%,132.1,0.72,0.41,0.06,0.04,33%,0%,,27,307,267,175,20,14,VCT 2025 China Stage 1_csvs
vo0kashu,vo0kashu,DRG,3741,"['Cypher', 'Viper', 'Vyse', 'Iso']",4,409,1.17,236.6,1.29,72%,151.1,0.87,0.23,0.08,0.08,31%,0%,,30,356,277,94,30,30,VCT 2025 China Stage 1_csvs
Kai,Kai,TE,37494,"['Neon', 'Yoru', 'Jett']",3,349,1.17,244.6,1.24,73%,154.7,0.88,0.19,0.25,0.12,27%,0%,,34,308,249,68,52,24,VCT 2025 China Stage 1_csvs
rushia,rushia,BLG,48878,"['Astra', 'Harbor', 'Brimstone', 'Omen']",4,577,1.13,200.0,1.07,78%,129.1,0.71,0.48,0.11,0.09,24%,0%,,28,410,383,275,55,45,VCT 2025 China Stage 1_csvs
Scales,Scales,TYL,39485,"['Breach', 'Viper']",2,63,1.12,210.3,1.18,76%,142.9,0.75,0.46,0.14,0.17,42%,0%,,22,47,40,29,9,11,VCT 2025 China Stage 1_csvs
CHICHOO,CHICHOO,EDG,15559,"['Cypher', 'Vyse', 'Killjoy', 'Viper']",4,424,1.11,207.8,1.11,74%,141.8,0.74,0.22,0.07,0.05,29%,0%,,28,313,283,94,23,16,VCT 2025 China Stage 1_csvs
Knight,Knight,BLG,4774,"['Tejo', 'Sova', 'Fade']",3,577,1.09,196.1,1.06,75%,136.1,0.68,0.3,0.07,0.09,22%,0%,,26,395,373,175,35,42,VCT 2025 China Stage 1_csvs
Rb,Rb,TEC,488,"['Tejo', 'Neon', 'Fade', 'Omen', 'Breach', 'Kayo']",6,382,1.08,197.9,1.03,71%,131.8,0.73,0.28,0.07,0.06,29%,0%,,29,277,269,108,23,18,VCT 2025 China Stage 1_csvs
stew,stew,JDG,16924,"['Yoru', 'Iso', 'Waylay', 'Raze', 'Neon', 'Jett']",6,257,1.08,217.9,1.05,72%,140.4,0.77,0.23,0.18,0.18,28%,0%,,24,198,188,59,31,31,VCT 2025 China Stage 1_csvs
Viva,Viva,XLG,36415,"['Tejo', 'Sova']",2,509,1.08,182.6,1.09,73%,124.4,0.64,0.24,0.05,0.06,25%,0%,,20,328,301,120,17,22,VCT 2025 China Stage 1_csvs
nephh,nephh,BLG,10698,"['Kayo', 'Viper', 'Breach', 'Tejo']",4,577,1.07,195.6,1.05,78%,124.0,0.68,0.43,0.07,0.08,27%,0%,,21,394,377,249,33,37,VCT 2025 China Stage 1_csvs
Yuicaw,Yuicaw,WOL,11218,"['Chamber', 'Breach', 'Kayo', 'Gekko', 'Cypher']",5,464,1.07,201.3,1.07,74%,131.2,0.72,0.36,0.09,0.09,34%,0%,,27,336,313,166,28,30,VCT 2025 China Stage 1_csvs
yosemite,yosemite,FPX,6022,"['Viper', 'Vyse']",2,224,1.06,233.1,1.28,67%,136.1,0.83,0.27,0.1,0.08,36%,0%,,22,185,145,61,11,9,VCT 2025 China Stage 1_csvs
ZmjjKK,ZmjjKK,EDG,3520,"['Waylay', 'Jett', 'Yoru', 'Chamber', 'Neon', 'Iso']",6,424,1.06,258.4,1.16,72%,159.8,0.91,0.24,0.19,0.18,25%,0%,,29,386,332,102,62,59,VCT 2025 China Stage 1_csvs
Ezeir,Ezeir,NOVA,46460,"['Tejo', 'Astra', 'Omen', 'Viper']",4,302,1.06,213.1,1.03,72%,132.0,0.75,0.37,0.07,0.11,23%,0%,,25,228,221,112,12,20,VCT 2025 China Stage 1_csvs
Flex1n,Flex1n,DRG,4705,"['Brimstone', 'Omen', 'Astra']",3,409,1.06,214.9,1.04,73%,132.2,0.74,0.47,0.08,0.09,27%,0%,,27,303,291,191,29,32,VCT 2025 China Stage 1_csvs
coconut,coconut,XLG,12365,"['Vyse', 'Gekko', 'Breach', 'Omen', 'Astra']",5,509,1.05,176.2,0.98,78%,118.6,0.63,0.38,0.04,0.07,31%,0%,,26,322,327,191,13,26,VCT 2025 China Stage 1_csvs
YOU,YOU,XLG,4710,"['Fade', 'Killjoy', 'Brimstone', 'Vyse', 'Breach', 'Deadlock']",6,509,1.05,186.3,1.01,76%,120.0,0.65,0.4,0.07,0.06,28%,0%,,23,331,327,202,26,22,VCT 2025 China Stage 1_csvs
Lysoar,Lysoar,WOL,37489,"['Deadlock', 'Cypher', 'Killjoy', 'Omen', 'Vyse']",5,464,1.05,194.2,0.97,74%,140.9,0.7,0.27,0.1,0.07,31%,0%,,23,323,333,123,33,23,VCT 2025 China Stage 1_csvs
Ninebody,Ninebody,TYL,3547,"['Waylay', 'Cypher', 'Yoru', 'Neon', 'Jett']",5,281,1.04,206.3,0.99,71%,139.2,0.72,0.2,0.14,0.18,24%,0%,,30,203,205,57,26,33,VCT 2025 China Stage 1_csvs
happywei,happywei,XLG,37927,"['Astra', 'Viper', 'Vyse', 'Cypher', 'Omen', 'Yoru']",6,509,1.02,223.4,1.08,72%,139.8,0.76,0.31,0.14,0.12,32%,0%,,25,386,358,157,49,43,VCT 2025 China Stage 1_csvs
K1ra,K1ra,AG,46748,"['Astra', 'Omen', 'Brimstone']",3,242,1.01,214.8,0.98,75%,129.0,0.75,0.36,0.07,0.07,25%,0%,,24,182,186,88,7,7,VCT 2025 China Stage 1_csvs
Coco,Coco,TEC,47629,"['Gekko', 'Sova', 'Breach', 'Tejo']",4,382,1.01,208.3,1.03,74%,134.8,0.71,0.33,0.04,0.05,32%,0%,,24,272,263,125,12,14,VCT 2025 China Stage 1_csvs
Autumn,Autumn,FPX,872,"['Vyse', 'Viper', 'Cypher', 'Tejo']",4,224,1.0,196.4,0.98,68%,138.9,0.69,0.22,0.14,0.08,34%,0%,,32,155,158,50,15,9,VCT 2025 China Stage 1_csvs
heybay,heybay,TE,4712,"['Killjoy', 'Viper', 'Vyse', 'Cypher', 'Breach', 'Kayo']",6,349,1.0,211.8,1.15,73%,128.6,0.74,0.28,0.07,0.08,23%,0%,,28,260,227,97,15,16,VCT 2025 China Stage 1_csvs
Abo,Abo,TEC,5011,"['Deadlock', 'Vyse', 'Cypher']",3,382,0.99,191.3,0.98,68%,126.3,0.69,0.28,0.11,0.11,37%,0%,,24,262,267,106,33,34,VCT 2025 China Stage 1_csvs
Z1yan,Z1yan,JDG,41029,"['Vyse', 'Cypher', 'Viper']",3,257,0.98,190.2,0.96,68%,136.9,0.67,0.16,0.07,0.1,37%,0%,,22,173,180,41,12,16,VCT 2025 China Stage 1_csvs
Levius,Levius,BLG,40845,"['Vyse', 'Killjoy', 'Cypher', 'Viper']",4,577,0.98,179.4,1.02,69%,114.2,0.64,0.24,0.08,0.07,24%,0%,,22,368,361,140,37,34,VCT 2025 China Stage 1_csvs
Juicy,Juicy,WOL,7426,"['Yoru', 'Raze', 'Reyna', 'Neon', 'Omen', 'Jett']",6,464,0.98,223.6,1.01,67%,142.4,0.77,0.26,0.17,0.19,29%,0%,,26,359,355,119,55,62,VCT 2025 China Stage 1_csvs
GuanG,GuanG,NOVA,41054,"['Cypher', 'Raze', 'Killjoy', 'Jett', 'Vyse']",5,302,0.97,195.3,0.91,71%,131.4,0.71,0.2,0.08,0.12,29%,0%,,22,214,234,60,15,22,VCT 2025 China Stage 1_csvs
TvirusLuke,TvirusLuke,TEC,7841,"['Waylay', 'Raze', 'Jett', 'Reyna']",4,382,0.97,227.2,1.02,68%,145.6,0.77,0.14,0.26,0.19,26%,0%,,25,296,289,53,81,60,VCT 2025 China Stage 1_csvs
Babyblue,Babyblue,JDG,15302,"['Tejo', 'Yoru', 'Fade']",3,257,0.97,207.7,1.0,69%,133.6,0.72,0.25,0.12,0.12,34%,0%,,21,185,185,63,20,20,VCT 2025 China Stage 1_csvs
Spring,Spring,WOL,14125,"['Astra', 'Omen', 'Brimstone', 'Viper', 'Neon']",5,464,0.96,213.1,1.05,69%,134.7,0.74,0.39,0.1,0.1,28%,0%,,27,345,330,180,32,32,VCT 2025 China Stage 1_csvs
LuoK1ng,LuoK1ng,TE,3045,"['Astra', 'Omen', 'Brimstone']",3,349,0.95,202.9,1.13,72%,122.7,0.74,0.41,0.08,0.08,30%,0%,,23,260,231,142,16,16,VCT 2025 China Stage 1_csvs
AAAAY,AAAAY,FPX,19530,"['Gekko', 'Omen', 'Astra', 'Brimstone']",4,224,0.94,197.0,1.08,68%,126.1,0.72,0.32,0.06,0.05,34%,0%,,20,162,150,72,7,5,VCT 2025 China Stage 1_csvs
jkuro,jkuro,JDG,3519,"['Astra', 'Omen', 'Viper', 'Brimstone']",4,257,0.94,185.2,0.91,73%,117.9,0.64,0.38,0.08,0.08,29%,0%,,19,165,182,98,14,13,VCT 2025 China Stage 1_csvs
Nicc,Nicc,DRG,11524,"['Breach', 'Kayo', 'Fade', 'Sova']",4,409,0.93,181.0,0.81,76%,118.7,0.59,0.55,0.05,0.06,27%,0%,,21,240,295,223,17,23,VCT 2025 China Stage 1_csvs
CB,CB,NOVA,39697,"['Neon', 'Deadlock', 'Tejo', 'Raze']",4,302,0.93,205.3,0.94,67%,135.8,0.72,0.19,0.13,0.16,22%,0%,,25,218,232,56,23,29,VCT 2025 China Stage 1_csvs
MrCANI,MrCANI,JDG,37674,"['Fade', 'Sova', 'Gekko', 'Breach', 'Omen']",5,257,0.92,159.3,0.82,71%,104.3,0.57,0.3,0.04,0.03,43%,0%,,21,147,180,76,6,5,VCT 2025 China Stage 1_csvs
Haodong,Haodong,TEC,4720,"['Viper', 'Omen', 'Brimstone']",3,382,0.92,190.8,0.92,72%,119.5,0.63,0.41,0.05,0.06,27%,0%,,20,240,260,155,14,19,VCT 2025 China Stage 1_csvs
zjc,zjc,TYL,7135,"['Tejo', 'Sova', 'Fade', 'Gekko', 'Brimstone', 'Omen', 'Raze', 'Cypher']",8,281,0.92,172.6,0.86,68%,124.3,0.62,0.23,0.11,0.09,28%,0%,,20,174,203,64,20,17,VCT 2025 China Stage 1_csvs
SpiritZ1,SpiritZ1,DRG,31753,"['Yoru', 'Jett', 'Raze']",3,409,0.91,212.5,0.98,71%,139.4,0.76,0.17,0.19,0.2,35%,0%,,34,312,318,71,69,74,VCT 2025 China Stage 1_csvs
FengF,FengF,TE,4770,"['Yoru', 'Tejo', 'Vyse']",3,224,0.9,178.3,0.88,74%,115.0,0.62,0.25,0.09,0.08,26%,0%,,19,139,158,57,10,9,VCT 2025 China Stage 1_csvs
Bai,Bai,AG,52101,"['Yoru', 'Neon']",2,102,0.9,196.8,0.8,65%,137.9,0.66,0.14,0.13,0.27,30%,0%,,20,67,84,14,8,17,VCT 2025 China Stage 1_csvs
Biank,Biank,TE,3021,"['Tejo', 'Breach', 'Cypher', 'Vyse']",4,349,0.89,169.1,0.83,67%,109.1,0.58,0.37,0.06,0.11,26%,0%,,19,203,246,129,13,22,VCT 2025 China Stage 1_csvs
waituu,waituu,TYL,47102,"['Brimstone', 'Omen', 'Astra', 'Viper', 'Breach']",5,281,0.89,166.2,0.8,75%,102.9,0.58,0.34,0.06,0.03,24%,0%,,17,164,204,96,11,6,VCT 2025 China Stage 1_csvs
Midi,Midi,TE,37017,['Tejo'],1,125,0.88,163.7,0.86,68%,119.4,0.58,0.24,0.05,0.06,32%,0%,,15,73,85,30,5,6,VCT 2025 China Stage 1_csvs
nobody,nobody,EDG,3017,"['Tejo', 'Sova', 'Fade']",3,424,0.88,177.5,0.9,71%,116.5,0.62,0.25,0.1,0.09,26%,0%,,21,263,293,105,32,28,VCT 2025 China Stage 1_csvs
OBONE,OBONE,NOVA,36670,"['Brimstone', 'Vyse', 'Yoru', 'Killjoy', 'Deadlock']",5,302,0.88,166.2,0.84,66%,115.0,0.6,0.25,0.07,0.13,23%,0%,,23,182,217,75,12,23,VCT 2025 China Stage 1_csvs
SiuFatBB,SiuFatBB,WOL,7849,"['Fade', 'Tejo', 'Sova']",3,464,0.85,159.7,0.86,68%,106.8,0.56,0.25,0.03,0.08,25%,0%,,22,259,300,115,11,25,VCT 2025 China Stage 1_csvs
Jieni7,Jieni7,EDG,51244,"['Kayo', 'Deadlock', 'Yoru', 'Breach', 'Neon']",5,340,0.83,177.1,0.82,72%,114.2,0.63,0.36,0.1,0.11,27%,0%,,21,213,259,124,32,35,VCT 2025 China Stage 1_csvs
XII,XII,FPX,13781,"['Kayo', 'Tejo']",2,42,0.83,195.5,0.94,67%,131.0,0.69,0.21,0.05,0.05,29%,0%,,16,29,31,9,2,2,VCT 2025 China Stage 1_csvs
5CM,5CM,TYL,47101,"['Vyse', 'Neon', 'Killjoy', 'Cypher', 'Viper']",5,218,0.83,164.7,0.73,69%,121.7,0.55,0.23,0.11,0.11,20%,0%,,21,119,164,50,14,14,VCT 2025 China Stage 1_csvs
Cangshu,Cangshu,DRG,46527,"['Fade', 'Tejo', 'Killjoy', 'Viper', 'Cypher']",5,409,0.82,158.0,0.79,69%,111.4,0.55,0.3,0.07,0.1,27%,0%,,23,226,286,124,25,38,VCT 2025 China Stage 1_csvs
Shr1mp,Shr1mp,FPX,25494,"['Tejo', 'Fade', 'Breach']",3,182,0.81,167.7,0.87,68%,98.6,0.6,0.24,0.09,0.01,31%,0%,,19,109,126,43,6,1,VCT 2025 China Stage 1_csvs
o0o0o,o0o0o,NOVA,4402,"['Breach', 'Kayo', 'Skye']",3,302,0.73,144.0,0.62,66%,90.5,0.48,0.4,0.06,0.07,28%,0%,,17,145,235,120,10,12,VCT 2025 China Stage 1_csvs
Lsn,Lsn,AG,50080,"['Sova', 'Tejo', 'Breach']",3,242,0.73,165.8,0.73,66%,111.9,0.57,0.29,0.07,0.14,28%,0%,,20,137,187,70,7,14,VCT 2025 China Stage 1_csvs
player,player,AG,46749,"['Yoru', 'Breach']",2,140,0.7,170.0,0.74,66%,107.6,0.6,0.32,0.06,0.06,28%,0%,,18,84,113,45,2,2,VCT 2025 China Stage 1_csvs
HanChe,HanChe,AG,42537,"['Neon', 'Waylay', 'Killjoy', 'Cypher', 'Vyse', 'Viper']",6,242,0.69,155.9,0.72,60%,100.8,0.56,0.2,0.05,0.05,40%,0%,,19,135,188,49,5,5,VCT 2025 China Stage 1_csvs
Life,Life,FPX,3028,"['Jett', 'Neon', 'Yoru']",3,224,0.68,197.8,0.93,59%,101.5,0.7,0.21,0.15,0.24,31%,0%,,25,156,168,48,17,27,VCT 2025 China Stage 1_csvs
deLb,deLb,AG,10821,"['Killjoy', 'Viper', 'Cypher', 'Neon', 'Deadlock', 'Yoru', 'Fade', 'Tejo']",8,242,0.66,181.9,0.89,60%,97.5,0.69,0.17,0.08,0.16,31%,0%,,22,166,186,40,8,16,VCT 2025 China Stage 1_csvs
S1Mon,S1Mon,EDG,13768,"['Breach', 'Kayo']",2,84,,183.5,1.0,,,0.68,0.57,,,,0%,,25,57,57,48,0,0,VCT 2025 China Stage 1_csvs
stew,stew,JDG,16924,"['Omen', 'Raze', 'Neon', 'Yoru', 'Jett']",5,308,1.2,262.4,1.22,74%,169.1,0.93,0.18,0.22,0.15,36%,0%,,35,286,234,54,68,47,VCT 2025 China Stage 2_csvs
slowly,slowly,TYL,41739,"['Yoru', 'Raze', 'Omen', 'Killjoy', 'Jett']",5,345,1.2,231.2,1.24,70%,151.7,0.83,0.24,0.17,0.15,32%,0%,,31,286,230,83,60,51,VCT 2025 China Stage 2_csvs
Ezeir,Ezeir,NOVA,46460,"['Omen', 'Viper', 'Brimstone']",3,299,1.19,226.1,1.1,74%,143.0,0.76,0.42,0.1,0.07,20%,0%,,26,228,207,127,29,21,VCT 2025 China Stage 2_csvs
whzy,whzy,BLG,4885,"['Raze', 'Neon', 'Jett']",3,543,1.18,251.8,1.24,71%,160.4,0.9,0.2,0.19,0.17,29%,0%,,30,491,395,110,102,92,VCT 2025 China Stage 2_csvs
rushia,rushia,BLG,48878,"['Brimstone', 'Viper', 'Omen', 'Harbor']",4,543,1.17,213.2,1.15,77%,138.7,0.74,0.41,0.08,0.1,23%,0%,,25,400,348,224,46,55,VCT 2025 China Stage 2_csvs
happywei,happywei,XLG,37927,"['Cypher', 'Viper', 'Vyse', 'Sage']",4,397,1.15,248.8,1.23,75%,161.9,0.84,0.28,0.12,0.1,29%,0%,,24,333,270,113,36,29,VCT 2025 China Stage 2_csvs
Shr1mp,Shr1mp,AG,25494,"['Omen', 'Kayo', 'Fade', 'Sova']",4,411,1.15,205.9,1.14,75%,135.5,0.74,0.31,0.07,0.06,26%,0%,,23,304,266,129,24,21,VCT 2025 China Stage 2_csvs
nephh,nephh,BLG,10698,"['Kayo', 'Omen', 'Viper', 'Breach', 'Deadlock']",5,543,1.15,199.2,1.08,78%,125.1,0.69,0.55,0.08,0.07,21%,0%,,29,374,346,296,43,39,VCT 2025 China Stage 2_csvs
Kai,Kai,TE,37494,"['Jett', 'Yoru', 'Chamber', 'Vyse', 'Neon', 'Killjoy']",6,333,1.14,251.2,1.23,67%,156.3,0.9,0.17,0.2,0.13,27%,0%,,29,299,244,55,65,43,VCT 2025 China Stage 2_csvs
Life,Life,FPX,3028,"['Jett', 'Raze', 'Waylay', 'Neon']",4,312,1.12,229.6,1.17,70%,146.8,0.81,0.15,0.2,0.2,30%,0%,,24,252,215,46,53,52,VCT 2025 China Stage 2_csvs
Knight,Knight,BLG,4774,"['Fade', 'Sova']",2,543,1.12,204.3,1.18,73%,129.6,0.73,0.23,0.08,0.06,27%,0%,,27,397,336,125,43,35,VCT 2025 China Stage 2_csvs
vo0kashu,vo0kashu,DRG,3741,"['Cypher', 'Killjoy', 'Vyse', 'Iso']",4,578,1.11,214.2,1.18,77%,142.3,0.77,0.22,0.08,0.05,31%,0%,,25,444,376,126,45,31,VCT 2025 China Stage 2_csvs
Rarga,Rarga,XLG,22047,"['Neon', 'Yoru', 'Sage', 'Waylay', 'Jett']",5,397,1.11,228.5,1.09,72%,153.0,0.8,0.23,0.16,0.12,34%,0%,,27,316,289,93,49,35,VCT 2025 China Stage 2_csvs
Scales,Scales,TYL,39485,"['Viper', 'Iso', 'Omen', 'Sova']",4,345,1.08,220.4,1.12,70%,138.9,0.75,0.19,0.11,0.09,36%,0%,,22,260,233,67,39,31,VCT 2025 China Stage 2_csvs
ZmjjKK,ZmjjKK,EDG,3520,"['Neon', 'Raze', 'Jett', 'Yoru']",4,546,1.07,238.3,1.12,68%,151.2,0.84,0.21,0.17,0.18,23%,0%,,31,457,408,115,95,101,VCT 2025 China Stage 2_csvs
K1ra,K1ra,AG,46748,"['Viper', 'Omen', 'Raze']",3,411,1.07,210.4,1.1,76%,136.0,0.72,0.3,0.13,0.11,26%,0%,,26,295,267,125,48,39,VCT 2025 China Stage 2_csvs
AAAAY,AAAAY,FPX,19530,"['Sova', 'Fade', 'Skye', 'Omen']",3,312,1.07,183.3,1.06,75%,125.9,0.66,0.22,0.06,0.06,41%,0%,,24,205,193,69,17,16,VCT 2025 China Stage 2_csvs
Flex1n,Flex1n,DRG,4705,"['Omen', 'Harbor', 'Astra']",3,578,1.06,190.5,1.03,77%,118.7,0.68,0.47,0.06,0.09,28%,0%,,21,391,378,269,37,50,VCT 2025 China Stage 2_csvs
MarT1n,MarT1n,TE,36668,"['Killjoy', 'Deadlock', 'Vyse', 'Viper']",4,333,1.04,193.4,1.08,71%,123.7,0.7,0.22,0.07,0.07,32%,0%,,26,233,216,74,23,23,VCT 2025 China Stage 2_csvs
Autumn,Autumn,FPX,872,"['Yoru', 'Chamber', 'Cypher', 'Phoenix', 'Deadlock', 'Viper', 'Killjoy']",7,312,1.04,195.7,1.02,71%,132.2,0.7,0.22,0.08,0.09,31%,0%,,24,218,213,70,20,24,VCT 2025 China Stage 2_csvs
yosemite,yosemite,FPX,6022,"['Cypher', 'Vyse', 'Omen', 'Killjoy', 'Viper']",5,312,1.03,195.4,1.0,72%,130.3,0.67,0.24,0.09,0.05,24%,0%,,23,209,208,74,23,14,VCT 2025 China Stage 2_csvs
nobody,nobody,EDG,3017,"['Fade', 'Gekko', 'Brimstone', 'Omen', 'Sova', 'Yoru']",6,546,1.03,204.1,1.07,70%,137.3,0.73,0.23,0.1,0.1,34%,0%,,26,400,375,127,52,57,VCT 2025 China Stage 2_csvs
Jieni7,Jieni7,EDG,51244,"['Omen', 'Kayo', 'Breach', 'Neon', 'Raze']",5,444,1.02,210.5,1.03,71%,132.8,0.73,0.33,0.11,0.08,29%,0%,,24,324,315,148,49,36,VCT 2025 China Stage 2_csvs
Viva,Viva,XLG,36415,"['Sova', 'Fade', 'Brimstone']",3,397,1.02,175.2,1.01,79%,121.6,0.62,0.31,0.04,0.06,29%,0%,,24,247,244,122,13,17,VCT 2025 China Stage 2_csvs
Nicc,Nicc,DRG,11524,"['Breach', 'Gekko', 'Fade', 'Sova']",4,578,1.02,191.3,0.98,75%,130.8,0.67,0.38,0.04,0.05,35%,0%,,23,389,397,220,26,29,VCT 2025 China Stage 2_csvs
NoMan,NoMan,XLG,11527,"['Breach', 'Raze', 'Chamber', 'Killjoy', 'Deadlock', 'Skye', 'Vyse']",7,397,1.01,190.2,1.03,70%,129.5,0.68,0.17,0.13,0.13,33%,0%,,23,269,261,68,38,38,VCT 2025 China Stage 2_csvs
Smoggy,Smoggy,EDG,4742,"['Omen', 'Deadlock', 'Viper', 'Fade', 'Killjoy', 'Brimstone']",6,546,1.01,192.2,0.99,74%,125.1,0.68,0.32,0.06,0.05,31%,0%,,24,371,373,174,34,26,VCT 2025 China Stage 2_csvs
Spitfires,Spitfires,AG,4881,"['Neon', 'Raze', 'Jett', 'Yoru']",4,411,1.0,226.3,1.11,69%,141.7,0.8,0.18,0.16,0.15,28%,0%,,28,330,298,75,58,54,VCT 2025 China Stage 2_csvs
Haodong,Haodong,TEC,4720,"['Omen', 'Astra']",2,232,1.0,187.1,0.98,71%,121.6,0.67,0.32,0.08,0.09,33%,0%,,22,155,158,75,18,20,VCT 2025 China Stage 2_csvs
Spring,Spring,WOL,14125,"['Omen', 'Viper', 'Brimstone', 'Raze', 'Jett', 'Iso', 'Neon']",7,258,1.0,206.0,0.9,66%,136.9,0.69,0.29,0.11,0.14,28%,0%,,25,178,198,75,29,35,VCT 2025 China Stage 2_csvs
SpiritZ1,SpiritZ1,DRG,31753,"['Yoru', 'Reyna']",2,578,0.98,225.4,1.02,66%,147.8,0.78,0.23,0.18,0.17,34%,0%,,29,450,442,134,104,96,VCT 2025 China Stage 2_csvs
Abo,Abo,TEC,5011,"['Deadlock', 'Astra', 'Cypher', 'Vyse', 'Viper', 'Killjoy']",6,232,0.98,190.8,0.99,68%,127.0,0.71,0.19,0.08,0.09,37%,0%,,23,164,165,45,19,22,VCT 2025 China Stage 2_csvs
Coco,Coco,TEC,47629,"['Breach', 'Gekko', 'Viper', 'Kayo']",4,232,0.97,199.1,0.92,69%,134.3,0.68,0.3,0.08,0.06,34%,0%,,20,158,172,69,19,13,VCT 2025 China Stage 2_csvs
GuanG,GuanG,NOVA,41054,"['Waylay', 'Killjoy', 'Vyse', 'Chamber', 'Breach']",4,299,0.97,204.2,1.03,72%,131.7,0.72,0.13,0.09,0.06,25%,0%,,23,216,209,38,28,19,VCT 2025 China Stage 2_csvs
CB,CB,NOVA,39697,"['Fade', 'Gekko', 'Sova', 'Waylay', 'Phoenix', 'Deadlock']",6,299,0.97,189.4,0.94,71%,127.3,0.67,0.26,0.11,0.13,28%,0%,,34,201,214,79,34,40,VCT 2025 China Stage 2_csvs
HanChe,HanChe,AG,42537,"['Viper', 'Killjoy', 'Cypher']",3,359,0.96,174.6,0.94,70%,123.6,0.6,0.25,0.09,0.08,26%,0%,,25,216,231,91,32,29,VCT 2025 China Stage 2_csvs
CHICHOO,CHICHOO,EDG,15559,"['Cypher', 'Viper', 'Killjoy', 'Vyse']",4,546,0.96,176.2,0.99,71%,118.5,0.63,0.21,0.07,0.08,28%,0%,,24,344,349,113,36,45,VCT 2025 China Stage 2_csvs
BerLIN,BerLIN,FPX,7857,"['Omen', 'Breach', 'Brimstone']",3,312,0.96,166.9,0.85,72%,106.9,0.57,0.36,0.06,0.11,28%,0%,,19,178,209,112,17,29,VCT 2025 China Stage 2_csvs
Ninebody,Ninebody,TYL,3547,"['Neon', 'Vyse', 'Cypher', 'Jett', 'Killjoy', 'Raze']",6,345,0.96,200.5,0.99,67%,131.3,0.69,0.21,0.12,0.1,28%,0%,,20,237,240,71,42,34,VCT 2025 China Stage 2_csvs
lucas,lucas,TEC,19677,"['Fade', 'Sova']",2,232,0.96,182.8,0.91,69%,121.4,0.64,0.24,0.11,0.09,28%,0%,,21,148,162,55,25,20,VCT 2025 China Stage 2_csvs
Lysoar,Lysoar,WOL,37489,"['Cypher', 'Omen', 'Vyse', 'Killjoy', 'Viper']",5,258,0.96,200.4,0.95,70%,130.4,0.72,0.23,0.06,0.06,27%,0%,,25,187,197,60,15,15,VCT 2025 China Stage 2_csvs
FengF,FengF,TE,4770,"['Viper', 'Cypher', 'Yoru', 'Raze']",4,333,0.95,183.5,0.92,70%,120.4,0.64,0.23,0.11,0.12,28%,0%,,21,213,232,75,38,41,VCT 2025 China Stage 2_csvs
jkuro,jkuro,JDG,3519,"['Viper', 'Omen']",2,308,0.94,183.1,0.91,69%,116.3,0.67,0.31,0.08,0.11,32%,0%,,21,205,226,95,26,34,VCT 2025 China Stage 2_csvs
coconut,coconut,XLG,12365,"['Omen', 'Gekko', 'Viper']",3,397,0.94,166.1,0.91,73%,112.2,0.59,0.44,0.06,0.08,28%,0%,,20,233,256,174,19,24,VCT 2025 China Stage 2_csvs
sword9,sword9,TYL,3049,"['Omen', 'Fade', 'Sova']",3,345,0.93,171.1,0.92,73%,115.9,0.62,0.3,0.05,0.07,26%,0%,,23,213,232,102,18,25,VCT 2025 China Stage 2_csvs
Levius,Levius,BLG,40845,"['Viper', 'Vyse', 'Cypher', 'Killjoy']",4,543,0.91,176.9,0.91,71%,119.3,0.61,0.24,0.06,0.1,24%,0%,,26,329,362,133,35,53,VCT 2025 China Stage 2_csvs
LuoK1ng,LuoK1ng,TE,3045,"['Harbor', 'Omen', 'Brimstone']",3,333,0.9,174.3,0.84,74%,108.1,0.6,0.43,0.11,0.06,31%,0%,,23,200,237,143,35,21,VCT 2025 China Stage 2_csvs
deLb,deLb,AG,10821,"['Deadlock', 'Vyse', 'Killjoy', 'Brimstone', 'Omen']",5,411,0.9,178.0,0.97,74%,112.4,0.66,0.28,0.07,0.08,36%,0%,,21,270,277,117,26,28,VCT 2025 China Stage 2_csvs
SWERL,SWERL,NOVA,1209,"['Raze', 'Jett', 'Neon']",3,299,0.89,197.1,0.94,69%,131.9,0.71,0.18,0.14,0.15,27%,0%,,24,212,226,53,42,44,VCT 2025 China Stage 2_csvs
Yoyo,Yoyo,TYL,11843,"['Fade', 'Sova', 'Raze', 'Kayo', 'Viper', 'Brimstone']",6,345,0.89,185.2,0.88,71%,125.5,0.63,0.29,0.07,0.06,27%,0%,,21,216,246,101,23,22,VCT 2025 China Stage 2_csvs
SiuFatBB,SiuFatBB,WOL,7849,"['Sova', 'Fade', 'Astra']",3,258,0.88,148.9,0.75,66%,103.4,0.52,0.32,0.02,0.09,29%,0%,,23,135,181,82,5,22,VCT 2025 China Stage 2_csvs
monk,monk,NOVA,14431,"['Vyse', 'Kayo', 'Viper']",3,124,0.87,167.7,0.72,64%,108.4,0.55,0.39,0.06,0.08,24%,0%,,15,68,94,48,8,10,VCT 2025 China Stage 2_csvs
Z1yan,Z1yan,JDG,41029,"['Sage', 'Vyse', 'Killjoy', 'Deadlock', 'Chamber', 'Omen', 'Waylay']",7,308,0.86,181.0,0.88,69%,114.8,0.64,0.21,0.09,0.09,36%,0%,,22,197,225,64,27,28,VCT 2025 China Stage 2_csvs
Akeman,Akeman,DRG,52904,"['Neon', 'Clove', 'Cypher']",3,578,0.84,193.1,0.85,66%,127.2,0.66,0.25,0.12,0.16,27%,0%,,25,380,447,146,69,91,VCT 2025 China Stage 2_csvs
Babyblue,Babyblue,JDG,15302,"['Sova', 'Fade']",2,308,0.82,154.5,0.76,69%,104.9,0.54,0.27,0.05,0.05,29%,0%,,18,165,218,83,14,15,VCT 2025 China Stage 2_csvs
TvirusLuke,TvirusLuke,TEC,7841,"['Neon', 'Jett', 'Raze']",3,232,0.81,184.7,0.84,62%,124.1,0.66,0.16,0.13,0.2,24%,0%,,26,152,180,38,30,46,VCT 2025 China Stage 2_csvs
Biank,Biank,TE,3021,"['Sova', 'Fade']",2,333,0.8,162.1,0.73,68%,109.9,0.53,0.31,0.04,0.09,21%,0%,,17,177,241,104,14,30,VCT 2025 China Stage 2_csvs
Yuicaw,Yuicaw,WOL,11218,"['Raze', 'Cypher', 'Killjoy', 'Omen', 'Harbor', 'Sova', 'Astra', 'Brimstone']",8,258,0.8,156.7,0.67,66%,109.9,0.53,0.31,0.07,0.13,32%,0%,,21,136,202,80,19,33,VCT 2025 China Stage 2_csvs
Juicy,Juicy,WOL,7426,"['Yoru', 'Waylay', 'Jett', 'Raze']",4,258,0.8,174.8,0.78,66%,112.3,0.62,0.19,0.16,0.17,24%,0%,,19,159,203,50,40,45,VCT 2025 China Stage 2_csvs
kklin,kklin,JDG,55828,"['Killjoy', 'Viper', 'Vyse', 'Cypher']",4,308,0.77,162.5,0.73,61%,110.0,0.56,0.19,0.07,0.09,28%,0%,,20,171,233,58,21,28,VCT 2025 China Stage 2_csvs
zjc,zjc,EDG,7135,"['Breach', 'Kayo', 'Fade', 'Sova']",4,102,0.76,158.8,0.68,70%,101.6,0.54,0.41,0.07,0.06,37%,0%,,14,55,81,42,7,6,VCT 2025 China Stage 2_csvs
o0o0o,o0o0o,NOVA,4402,"['Viper', 'Fade', 'Kayo', 'Skye']",4,175,0.73,138.8,0.69,73%,90.1,0.47,0.32,0.06,0.07,30%,0%,,13,83,120,56,11,13,VCT 2025 China Stage 2_csvs
XiYiJi,XiYiJi,AG,37020,"['Sova', 'Fade']",2,52,,118.0,0.62,,,0.44,0.15,,,,0%,,10,23,37,8,0,0,VCT 2025 China Stage 2_csvs
Keiko,Keiko,TL,11494,"['Brimstone', 'Omen', 'Astra', 'Raze', 'Reyna']",5,493,1.26,239.5,1.34,78%,156.3,0.88,0.3,0.11,0.06,40%,16%,9/58,28,436,325,149,53,32,VCT 2025 EMEA Kickoff_csvs
Minny,Minny,M8,23169,"['Killjoy', 'Cypher', 'Yoru', 'Breach']",4,192,1.18,219.5,1.26,71%,139.8,0.79,0.17,0.14,0.07,38%,11%,3/28,25,151,120,32,27,14,VCT 2025 EMEA Kickoff_csvs
florescent,florescent,APK,17976,"['Jett', 'Phoenix']",2,111,1.17,256.6,1.16,69%,172.9,0.91,0.15,0.2,0.14,38%,8%,1/12,26,101,87,17,22,15,VCT 2025 EMEA Kickoff_csvs
kaajak,kaajak,FNC,9554,"['Yoru', 'Raze']",2,215,1.16,245.0,1.3,69%,157.9,0.89,0.21,0.15,0.16,37%,23%,3/13,32,191,147,45,32,35,VCT 2025 EMEA Kickoff_csvs
yetujey,yetujey,FUT,8369,"['Cypher', 'Viper', 'Vyse']",3,179,1.13,230.8,1.15,75%,150.9,0.81,0.23,0.14,0.08,26%,15%,5/33,22,145,126,41,25,14,VCT 2025 EMEA Kickoff_csvs
Alfajer,Alfajer,FNC,9810,"['Tejo', 'Chamber', 'Raze', 'Iso', 'Jett']",5,215,1.12,233.5,1.15,71%,153.4,0.84,0.22,0.18,0.08,29%,13%,3/24,32,181,157,48,38,18,VCT 2025 EMEA Kickoff_csvs
Derke,Derke,VIT,5022,"['Yoru', 'Raze', 'Jett']",3,249,1.12,252.8,1.17,70%,164.9,0.87,0.18,0.24,0.21,30%,0%,0/14,32,217,185,46,61,52,VCT 2025 EMEA Kickoff_csvs
Sayf,Sayf,VIT,312,"['Iso', 'Tejo', 'Omen', 'Vyse']",4,249,1.1,214.2,1.22,71%,138.5,0.78,0.24,0.09,0.08,26%,19%,5/27,22,195,160,60,22,21,VCT 2025 EMEA Kickoff_csvs
sociablEE,sociablEE,BBL,5568,"['Fade', 'Sova', 'Chamber', 'Yoru', 'Raze', 'Sage']",6,244,1.09,228.5,1.12,73%,144.8,0.8,0.2,0.11,0.13,22%,14%,5/36,25,196,175,50,28,32,VCT 2025 EMEA Kickoff_csvs
Avez,Avez,KC,5654,"['Fade', 'Gekko', 'Tejo']",3,199,1.09,208.8,1.08,75%,135.0,0.72,0.3,0.07,0.07,36%,15%,2/13,24,144,133,59,13,13,VCT 2025 EMEA Kickoff_csvs
Wo0t,Wo0t,TH,21328,"['Astra', 'Tejo', 'Chamber']",3,189,1.08,205.1,1.03,74%,136.8,0.7,0.43,0.11,0.1,35%,14%,3/21,23,132,128,82,20,18,VCT 2025 EMEA Kickoff_csvs
Ruxic,Ruxic,NAVI,18677,"['Astra', 'Brimstone', 'Omen']",3,128,1.08,216.0,1.04,77%,136.7,0.75,0.38,0.11,0.11,26%,0%,0/14,26,96,92,49,14,14,VCT 2025 EMEA Kickoff_csvs
Less,Less,VIT,8447,"['Cypher', 'Viper', 'Astra', 'Brimstone']",4,249,1.08,196.3,1.15,72%,126.5,0.69,0.32,0.04,0.06,30%,35%,9/26,22,173,150,79,10,14,VCT 2025 EMEA Kickoff_csvs
SUYGETSU,SUYGETSU,KC,2858,"['Astra', 'Omen']",2,199,1.08,194.2,1.1,75%,122.7,0.69,0.42,0.08,0.1,42%,13%,4/30,19,137,125,84,16,19,VCT 2025 EMEA Kickoff_csvs
Shao,Shao,NAVI,384,"['Sova', 'Gekko', 'Astra', 'Kayo', 'Breach']",5,128,1.07,183.8,1.14,73%,120.7,0.7,0.3,0.09,0.05,29%,20%,4/20,23,90,79,38,11,7,VCT 2025 EMEA Kickoff_csvs
Cloud,Cloud,GX,4181,"['Fade', 'Sova', 'Vyse']",3,176,1.07,206.1,1.03,68%,139.5,0.71,0.26,0.11,0.1,30%,8%,2/25,22,125,121,45,19,18,VCT 2025 EMEA Kickoff_csvs
kamyk,kamyk,TL,1475,"['Sage', 'Sova', 'Gekko', 'Tejo', 'Astra', 'Clove']",6,493,1.07,201.9,1.1,74%,132.9,0.71,0.28,0.09,0.08,25%,15%,10/68,21,352,319,138,44,37,VCT 2025 EMEA Kickoff_csvs
Chronicle,Chronicle,FNC,458,"['Astra', 'Breach', 'Cypher', 'Killjoy']",4,215,1.06,195.8,1.1,70%,131.1,0.69,0.35,0.07,0.08,24%,6%,1/18,24,149,135,75,14,17,VCT 2025 EMEA Kickoff_csvs
RieNs,RieNs,TH,10971,"['Sova', 'Skye', 'Tejo', 'Fade']",4,189,1.06,205.4,1.02,74%,137.4,0.74,0.27,0.11,0.06,43%,9%,3/35,21,140,137,51,21,12,VCT 2025 EMEA Kickoff_csvs
PROFEK,PROFEK,BBL,5554,"['Omen', 'Astra']",2,244,1.05,200.7,1.07,68%,133.8,0.74,0.31,0.06,0.07,30%,28%,10/36,22,180,168,75,14,16,VCT 2025 EMEA Kickoff_csvs
xeus,xeus,FUT,12793,"['Yoru', 'Raze', 'Neon']",3,179,1.05,231.8,1.09,67%,148.7,0.85,0.15,0.14,0.22,38%,25%,3/12,25,153,140,26,25,40,VCT 2025 EMEA Kickoff_csvs
Kada,Kada,M8,20871,"['Astra', 'Omen', 'Cypher', 'Brimstone']",4,192,1.04,181.9,1.03,70%,113.7,0.64,0.36,0.05,0.04,36%,8%,2/24,20,122,119,70,9,8,VCT 2025 EMEA Kickoff_csvs
trexx,trexx,VIT,2168,"['Sova', 'Brimstone', 'Fade', 'Vyse']",4,249,1.03,194.2,1.01,71%,128.3,0.63,0.39,0.08,0.06,17%,18%,6/34,29,157,156,96,19,14,VCT 2025 EMEA Kickoff_csvs
Click,Click,M8,7866,"['Jett', 'Neon', 'Raze', 'Yoru']",4,192,1.02,209.6,1.12,68%,134.1,0.81,0.09,0.19,0.19,38%,25%,2/8,24,155,138,17,36,36,VCT 2025 EMEA Kickoff_csvs
Kicks,Kicks,VIT,11134,"['Omen', 'Skye', 'Breach']",3,249,1.01,194.7,1.0,78%,117.7,0.67,0.47,0.09,0.06,29%,16%,3/19,20,168,168,117,22,15,VCT 2025 EMEA Kickoff_csvs
paTiTek,paTiTek,TL,309,"['Breach', 'Kayo', 'Skye', 'Fade', 'Viper']",5,493,0.99,173.8,0.98,75%,116.2,0.61,0.37,0.09,0.07,26%,13%,6/46,22,302,309,180,42,33,VCT 2025 EMEA Kickoff_csvs
Zyppan,Zyppan,M8,11,"['Kayo', 'Breach', 'Omen', 'Brimstone']",4,192,0.98,179.6,0.91,69%,120.8,0.63,0.43,0.08,0.1,31%,12%,2/17,22,121,133,82,16,19,VCT 2025 EMEA Kickoff_csvs
kamo,kamo,TL,14681,"['Gekko', 'Jett', 'Raze', 'Yoru']",4,493,0.98,219.6,1.05,70%,143.6,0.77,0.16,0.17,0.15,27%,16%,5/31,22,381,364,77,84,74,VCT 2025 EMEA Kickoff_csvs
nAts,nAts,TL,457,"['Cypher', 'Viper', 'Vyse', 'Fade']",4,493,0.98,200.0,1.02,71%,135.0,0.71,0.26,0.11,0.09,29%,11%,5/47,19,348,340,130,52,42,VCT 2025 EMEA Kickoff_csvs
tomaszy,tomaszy,GX,19691,"['Omen', 'Astra', 'Brimstone']",3,176,0.97,182.5,0.91,72%,120.8,0.66,0.41,0.08,0.09,30%,13%,3/24,23,116,128,73,14,15,VCT 2025 EMEA Kickoff_csvs
saadhak,saadhak,KC,727,"['Harbor', 'Deadlock', 'Breach']",3,199,0.97,183.9,0.97,73%,119.2,0.64,0.34,0.07,0.11,26%,15%,3/20,18,127,131,67,14,22,VCT 2025 EMEA Kickoff_csvs
Filu,Filu,MKOI,4544,"['Yoru', 'Jett', 'Raze']",3,117,0.97,228.8,0.99,71%,149.9,0.79,0.17,0.15,0.22,28%,8%,1/13,22,92,93,20,17,26,VCT 2025 EMEA Kickoff_csvs
purp0,purp0,GX,1885,"['Raze', 'Jett']",2,176,0.97,218.5,1.02,70%,143.5,0.78,0.13,0.19,0.16,37%,0%,0/11,22,137,134,23,34,28,VCT 2025 EMEA Kickoff_csvs
Elite,Elite,KC,16459,"['Vyse', 'Killjoy', 'Cypher']",3,199,0.96,170.1,0.96,79%,117.9,0.6,0.24,0.07,0.1,40%,15%,4/27,19,120,125,47,13,19,VCT 2025 EMEA Kickoff_csvs
Boaster,Boaster,FNC,438,"['Omen', 'Brimstone', 'Astra']",3,215,0.95,169.9,0.91,73%,110.8,0.59,0.47,0.09,0.09,23%,26%,6/23,20,127,140,100,20,19,VCT 2025 EMEA Kickoff_csvs
marteen,marteen,KC,10307,['Yoru'],1,199,0.95,204.2,0.97,66%,134.6,0.72,0.19,0.17,0.18,28%,8%,1/12,26,144,148,38,34,36,VCT 2025 EMEA Kickoff_csvs
Jamppi,Jamppi,BBL,9780,"['Breach', 'Sova', 'Fade', 'Tejo']",4,244,0.94,189.0,0.88,74%,127.9,0.64,0.34,0.05,0.08,29%,23%,5/22,22,157,178,83,13,20,VCT 2025 EMEA Kickoff_csvs
MiniBoo,MiniBoo,TH,18350,"['Jett', 'Raze', 'Yoru']",3,189,0.94,197.3,0.92,63%,131.4,0.69,0.19,0.18,0.14,33%,6%,1/16,20,130,142,35,34,27,VCT 2025 EMEA Kickoff_csvs
LewN,LewN,BBL,20144,"['Raze', 'Jett', 'Yoru']",3,244,0.93,205.3,0.98,66%,132.8,0.73,0.19,0.16,0.23,36%,13%,2/16,25,179,182,46,40,56,VCT 2025 EMEA Kickoff_csvs
AvovA,AvovA,APK,1507,"['Astra', 'Omen']",2,111,0.93,175.4,0.85,75%,117.1,0.61,0.33,0.06,0.07,35%,11%,2/19,17,68,80,37,7,8,VCT 2025 EMEA Kickoff_csvs
soulcas,soulcas,MKOI,101,"['Vyse', 'Cypher', 'Viper']",3,117,0.92,184.8,0.93,72%,125.3,0.68,0.24,0.08,0.06,33%,14%,2/14,20,79,85,28,9,7,VCT 2025 EMEA Kickoff_csvs
MrFaliN,MrFaliN,FUT,8044,"['Tejo', 'Breach', 'Sova', 'Omen']",4,179,0.91,164.8,0.84,67%,109.7,0.56,0.33,0.04,0.09,23%,17%,4/24,15,101,120,59,8,16,VCT 2025 EMEA Kickoff_csvs
grubinho,grubinho,MKOI,5550,"['Brimstone', 'Astra', 'Omen']",3,117,0.91,168.3,0.89,72%,104.5,0.62,0.39,0.08,0.1,26%,21%,3/14,20,73,82,46,9,12,VCT 2025 EMEA Kickoff_csvs
qRaxs,qRaxs,FUT,1139,"['Fade', 'Kayo']",2,179,0.9,178.6,0.85,74%,117.8,0.61,0.41,0.06,0.05,26%,7%,1/14,19,110,130,74,11,9,VCT 2025 EMEA Kickoff_csvs
oderus,oderus,APK,1851,"['Fade', 'Sova']",2,46,0.9,184.5,0.91,65%,132.5,0.67,0.28,0.0,0.13,38%,40%,2/5,23,31,34,13,0,6,VCT 2025 EMEA Kickoff_csvs
RobbieBk,RobbieBk,M8,5893,"['Sova', 'Fade', 'Tejo']",3,192,0.9,154.3,0.77,71%,111.0,0.49,0.29,0.07,0.07,28%,4%,1/25,18,95,124,56,14,13,VCT 2025 EMEA Kickoff_csvs
runneR,runneR,GX,21610,"['Vyse', 'Breach', 'Kayo', 'Gekko', 'Skye']",5,176,0.9,170.6,0.81,75%,110.4,0.57,0.4,0.06,0.07,24%,14%,3/21,20,100,123,70,10,12,VCT 2025 EMEA Kickoff_csvs
AtaKaptan,AtaKaptan,FUT,6510,"['Astra', 'Brimstone', 'Viper', 'Omen']",4,179,0.89,170.8,0.79,68%,110.8,0.59,0.37,0.06,0.11,27%,30%,6/20,17,106,134,67,11,20,VCT 2025 EMEA Kickoff_csvs
crashies,crashies,FNC,4,"['Sova', 'Breach']",2,215,0.89,155.3,0.91,74%,112.0,0.55,0.23,0.05,0.06,34%,14%,5/35,21,119,131,49,10,12,VCT 2025 EMEA Kickoff_csvs
koalanoob,koalanoob,NAVI,3722,"['Jett', 'Raze', 'Sage', 'Yoru']",4,128,0.88,200.7,0.94,63%,133.8,0.72,0.17,0.16,0.17,23%,21%,3/14,24,92,98,22,21,22,VCT 2025 EMEA Kickoff_csvs
hiro,hiro,NAVI,29867,"['Omen', 'Vyse', 'Killjoy', 'Cypher']",4,128,0.87,168.7,0.86,66%,120.5,0.62,0.29,0.06,0.08,29%,6%,1/17,20,79,92,37,8,10,VCT 2025 EMEA Kickoff_csvs
Boo,Boo,TH,1144,"['Kayo', 'Astra', 'Omen']",3,189,0.86,156.3,0.76,71%,104.6,0.54,0.54,0.05,0.08,38%,0%,0/28,17,102,134,102,9,16,VCT 2025 EMEA Kickoff_csvs
MOLSI,MOLSI,APK,1281,"['Kayo', 'Breach', 'Sova']",3,111,0.85,149.6,0.7,79%,100.9,0.5,0.46,0.02,0.07,27%,15%,3/20,17,55,79,51,2,8,VCT 2025 EMEA Kickoff_csvs
sheydos,sheydos,MKOI,1428,"['Tejo', 'Sova']",2,117,0.84,154.3,0.75,66%,111.7,0.54,0.19,0.07,0.03,27%,16%,3/19,15,63,84,22,8,3,VCT 2025 EMEA Kickoff_csvs
hype,hype,APK,129,"['Killjoy', 'Cypher']",2,111,0.83,172.6,0.79,64%,116.9,0.59,0.16,0.11,0.12,29%,0%,0/10,21,66,84,18,12,13,VCT 2025 EMEA Kickoff_csvs
westside,westside,GX,34684,"['Viper', 'Killjoy']",2,176,0.83,164.4,0.78,67%,111.2,0.57,0.24,0.07,0.08,36%,5%,1/21,17,101,129,42,12,14,VCT 2025 EMEA Kickoff_csvs
benjyfishy,benjyfishy,TH,29873,"['Cypher', 'Killjoy', 'Tejo']",3,189,0.82,161.6,0.8,69%,113.5,0.58,0.21,0.05,0.12,36%,19%,3/16,22,109,136,39,9,22,VCT 2025 EMEA Kickoff_csvs
vakk,vakk,BBL,172,"['Cypher', 'Vyse', 'Sage', 'Astra']",4,244,0.78,150.5,0.77,67%,97.4,0.55,0.25,0.03,0.07,32%,16%,5/32,22,135,175,60,8,17,VCT 2025 EMEA Kickoff_csvs
flyuh,flyuh,MKOI,3685,"['Killjoy', 'Kayo', 'Breach', 'Cypher']",4,117,0.77,168.7,0.77,68%,112.5,0.6,0.25,0.09,0.14,24%,7%,1/15,18,70,91,29,10,16,VCT 2025 EMEA Kickoff_csvs
batujnax,batujnax,APK,18615,"['Sova', 'Yoru']",2,65,0.76,155.7,0.73,68%,103.0,0.58,0.26,0.09,0.18,19%,17%,1/6,27,38,52,17,6,12,VCT 2025 EMEA Kickoff_csvs
ANGE1,ANGE1,NAVI,109,"['Kayo', 'Tejo', 'Sova', 'Fade']",4,128,0.68,148.0,0.63,63%,99.5,0.47,0.3,0.08,0.09,29%,30%,3/10,13,60,95,38,10,11,VCT 2025 EMEA Kickoff_csvs
kaajak,kaajak,FNC,9554,"['Yoru', 'Neon', 'Raze', 'Sage']",4,489,1.24,249.9,1.38,76%,160.6,0.89,0.19,0.19,0.12,30%,10%,3/31,28,435,316,95,91,59,VCT 2025 EMEA Stage 1_csvs
marteen,marteen,KC,10307,"['Omen', 'Yoru', 'Jett']",3,326,1.22,245.3,1.31,74%,159.2,0.87,0.22,0.16,0.13,33%,28%,8/29,27,283,216,73,52,42,VCT 2025 EMEA Stage 1_csvs
SUYGETSU,SUYGETSU,KC,2858,"['Viper', 'Astra', 'Omen']",3,326,1.11,195.3,1.2,77%,129.7,0.73,0.32,0.08,0.09,41%,8%,4/48,26,237,198,105,25,29,VCT 2025 EMEA Stage 1_csvs
sociablEE,sociablEE,BBL,5568,"['Sova', 'Chamber', 'Tejo', 'Fade', 'Yoru', 'Sage']",6,489,1.11,212.6,1.22,72%,142.4,0.79,0.2,0.09,0.07,26%,16%,10/64,40,385,316,97,41,33,VCT 2025 EMEA Stage 1_csvs
MiniBoo,MiniBoo,TH,18350,"['Waylay', 'Raze', 'Neon', 'Yoru']",4,447,1.1,241.0,1.2,72%,151.3,0.85,0.22,0.2,0.15,34%,32%,7/22,23,379,317,99,89,68,VCT 2025 EMEA Stage 1_csvs
Keiko,Keiko,TL,11494,"['Raze', 'Omen', 'Brimstone', 'Iso', 'Jett']",5,489,1.09,213.8,1.1,72%,141.6,0.77,0.24,0.11,0.07,39%,15%,7/48,25,377,343,116,54,35,VCT 2025 EMEA Stage 1_csvs
RieNs,RieNs,TH,10971,"['Sova', 'Fade', 'Breach', 'Gekko']",4,447,1.09,207.1,1.13,78%,139.5,0.74,0.36,0.08,0.07,39%,16%,8/50,29,329,292,161,35,31,VCT 2025 EMEA Stage 1_csvs
PROFEK,PROFEK,BBL,5554,"['Clove', 'Astra', 'Omen', 'Viper', 'Brimstone']",5,489,1.09,209.8,1.08,75%,136.7,0.74,0.43,0.08,0.06,27%,4%,2/47,37,361,334,208,37,30,VCT 2025 EMEA Stage 1_csvs
crashies,crashies,FNC,4,"['Fade', 'Tejo', 'Sova']",3,489,1.09,190.6,1.14,76%,128.8,0.68,0.32,0.05,0.06,33%,24%,13/54,26,334,294,158,26,29,VCT 2025 EMEA Stage 1_csvs
nAts,nAts,TL,457,"['Viper', 'Cypher', 'Vyse']",3,489,1.08,216.0,1.15,70%,141.8,0.77,0.22,0.14,0.09,26%,12%,7/58,23,376,328,106,68,44,VCT 2025 EMEA Stage 1_csvs
Wo0t,Wo0t,TH,21328,"['Kayo', 'Iso', 'Tejo', 'Jett', 'Gekko', 'Raze']",6,447,1.08,222.0,1.16,73%,141.8,0.8,0.2,0.13,0.1,33%,22%,7/32,26,356,308,90,58,44,VCT 2025 EMEA Stage 1_csvs
CyvOph,CyvOph,VIT,13258,"['Omen', 'Iso', 'Killjoy', 'Brimstone']",4,277,1.07,209.5,1.06,71%,127.7,0.73,0.33,0.08,0.08,32%,6%,2/36,23,203,191,91,21,23,VCT 2025 EMEA Stage 1_csvs
Shao,Shao,NAVI,384,"['Astra', 'Breach', 'Sova', 'Tejo', 'Gekko']",5,423,1.07,194.7,1.07,75%,133.7,0.69,0.26,0.06,0.05,33%,18%,12/68,26,291,271,108,25,23,VCT 2025 EMEA Stage 1_csvs
florescent,florescent,APK,17976,"['Yoru', 'Waylay', 'Neon', 'Raze']",4,255,1.07,235.8,1.11,67%,151.7,0.85,0.2,0.16,0.16,35%,8%,2/24,27,216,195,51,41,40,VCT 2025 EMEA Stage 1_csvs
kamyk,kamyk,M8,1475,"['Breach', 'Kayo', 'Fade', 'Tejo']",4,285,1.07,205.2,1.04,72%,141.0,0.76,0.32,0.05,0.07,34%,11%,4/36,34,218,210,92,14,21,VCT 2025 EMEA Stage 1_csvs
Ruxic,Ruxic,NAVI,18677,"['Omen', 'Brimstone', 'Astra', 'Viper']",4,423,1.06,210.4,1.05,76%,136.6,0.73,0.34,0.1,0.1,32%,12%,6/51,29,308,292,145,44,44,VCT 2025 EMEA Stage 1_csvs
Chronicle,Chronicle,FNC,458,"['Viper', 'Breach', 'Cypher', 'Sova', 'Gekko']",5,489,1.06,203.8,1.1,76%,131.1,0.7,0.31,0.1,0.09,23%,5%,3/55,25,341,309,153,49,43,VCT 2025 EMEA Stage 1_csvs
MrFaliN,MrFaliN,FUT,8044,"['Tejo', 'Breach', 'Sova', 'Skye']",4,433,1.05,186.1,0.94,70%,126.0,0.63,0.39,0.09,0.09,23%,11%,6/57,38,273,290,171,35,36,VCT 2025 EMEA Stage 1_csvs
benjyfishy,benjyfishy,TH,29873,"['Cypher', 'Viper', 'Vyse', 'Killjoy']",4,447,1.05,197.5,1.15,74%,133.9,0.74,0.17,0.07,0.06,38%,16%,10/64,26,329,287,77,31,27,VCT 2025 EMEA Stage 1_csvs
Minny,Minny,M8,23169,"['Viper', 'Cypher', 'Killjoy', 'Vyse']",4,285,1.05,190.7,1.02,68%,131.3,0.69,0.17,0.09,0.08,35%,10%,5/48,25,198,194,48,26,22,VCT 2025 EMEA Stage 1_csvs
ara,ara,GX,11332,"['Jett', 'Neon']",2,106,1.04,229.8,1.09,77%,146.7,0.8,0.15,0.2,0.16,24%,0%,0/11,22,85,78,16,21,17,VCT 2025 EMEA Stage 1_csvs
Avez,Avez,KC,5654,"['Tejo', 'Fade', 'Phoenix', 'Raze', 'Kayo']",5,326,1.03,204.4,1.07,71%,132.9,0.7,0.26,0.07,0.12,32%,12%,3/25,25,229,215,86,22,38,VCT 2025 EMEA Stage 1_csvs
soulcas,soulcas,MKOI,101,"['Vyse', 'Tejo', 'Killjoy']",3,230,1.03,190.6,1.0,73%,127.7,0.7,0.2,0.07,0.03,35%,16%,5/31,23,160,160,45,16,7,VCT 2025 EMEA Stage 1_csvs
LewN,LewN,BBL,20144,"['Chamber', 'Yoru', 'Jett', 'Raze', 'Iso']",5,489,1.03,221.0,1.1,70%,148.4,0.79,0.18,0.2,0.18,32%,19%,6/31,42,384,349,87,92,85,VCT 2025 EMEA Stage 1_csvs
MAGNUM,MAGNUM,BBL,2173,"['Viper', 'Vyse', 'Cypher', 'Kayo', 'Killjoy', 'Fade', 'Deadlock']",7,489,1.03,197.1,1.05,74%,127.4,0.71,0.31,0.1,0.09,23%,15%,7/48,38,346,328,152,45,40,VCT 2025 EMEA Stage 1_csvs
yetujey,yetujey,FUT,8369,"['Cypher', 'Tejo', 'Viper', 'Killjoy', 'Deadlock']",5,433,1.03,189.5,1.07,69%,130.6,0.71,0.24,0.09,0.09,23%,8%,5/63,38,308,288,105,37,36,VCT 2025 EMEA Stage 1_csvs
Cloud,Cloud,GX,4181,"['Tejo', 'Fade', 'Yoru', 'Sova']",4,259,1.02,206.8,1.02,72%,137.2,0.76,0.24,0.11,0.1,28%,3%,1/35,23,198,194,61,29,26,VCT 2025 EMEA Stage 1_csvs
hiro,hiro,NAVI,29867,"['Vyse', 'Cypher', 'Raze', 'Killjoy']",4,423,1.01,202.9,1.08,68%,135.7,0.74,0.18,0.06,0.1,31%,14%,6/42,26,315,292,75,27,44,VCT 2025 EMEA Stage 1_csvs
xeus,xeus,FUT,12793,"['Yoru', 'Jett', 'Neon', 'Chamber', 'Waylay']",5,433,1.0,233.0,1.08,67%,144.6,0.83,0.15,0.2,0.18,39%,4%,1/23,33,359,333,66,82,75,VCT 2025 EMEA Stage 1_csvs
Alfajer,Alfajer,FNC,9810,"['Raze', 'Cypher', 'Killjoy', 'Iso', 'Vyse']",5,489,0.99,213.4,1.08,70%,142.7,0.77,0.16,0.12,0.1,30%,19%,8/43,26,378,350,79,61,51,VCT 2025 EMEA Stage 1_csvs
MOLSI,MOLSI,APK,1281,"['Deadlock', 'Breach', 'Viper']",3,255,0.99,194.4,0.97,72%,125.6,0.69,0.35,0.06,0.08,29%,8%,3/36,25,177,183,89,16,20,VCT 2025 EMEA Stage 1_csvs
koalanoob,koalanoob,NAVI,3722,"['Raze', 'Chamber', 'Yoru', 'Omen']",4,423,0.99,210.3,1.0,70%,133.8,0.72,0.2,0.19,0.14,21%,9%,3/35,24,306,307,86,81,59,VCT 2025 EMEA Stage 1_csvs
AtaKaptan,AtaKaptan,FUT,6510,"['Astra', 'Omen', 'Viper', 'Brimstone']",4,433,0.99,184.9,0.89,72%,120.7,0.64,0.46,0.07,0.07,31%,20%,9/44,31,276,309,200,29,28,VCT 2025 EMEA Stage 1_csvs
Jamppi,Jamppi,BBL,9780,"['Tejo', 'Sova', 'Breach', 'Kayo']",4,489,0.98,180.8,0.96,73%,115.1,0.64,0.4,0.05,0.08,23%,13%,7/54,20,313,325,195,25,37,VCT 2025 EMEA Stage 1_csvs
westside,westside,GX,34684,"['Cypher', 'Viper', 'Vyse']",3,259,0.97,192.2,0.99,66%,124.3,0.72,0.19,0.07,0.08,42%,7%,3/42,23,186,187,48,19,20,VCT 2025 EMEA Stage 1_csvs
Kicks,Kicks,VIT,11134,"['Breach', 'Omen', 'Kayo', 'Fade']",4,277,0.97,167.6,0.88,71%,110.0,0.6,0.43,0.04,0.09,23%,21%,6/29,26,165,188,118,10,24,VCT 2025 EMEA Stage 1_csvs
Boo,Boo,TH,1144,"['Omen', 'Viper', 'Astra', 'Brimstone']",4,447,0.96,163.9,0.92,76%,103.6,0.57,0.4,0.08,0.06,33%,13%,8/62,23,255,277,177,37,26,VCT 2025 EMEA Stage 1_csvs
Less,Less,VIT,8447,"['Cypher', 'Viper']",2,277,0.95,189.2,1.01,68%,123.8,0.68,0.18,0.06,0.08,32%,11%,4/37,26,188,187,50,16,23,VCT 2025 EMEA Stage 1_csvs
paTiTek,paTiTek,TL,309,"['Fade', 'Breach', 'Tejo', 'Sova', 'Kayo']",5,489,0.95,176.3,0.93,73%,116.7,0.62,0.27,0.07,0.05,25%,9%,5/53,23,303,327,134,35,24,VCT 2025 EMEA Stage 1_csvs
Elite,Elite,KC,16459,"['Killjoy', 'Vyse', 'Cypher', 'Deadlock', 'Viper']",5,326,0.95,172.2,0.91,71%,114.8,0.6,0.23,0.06,0.06,33%,14%,6/43,20,194,213,75,21,18,VCT 2025 EMEA Stage 1_csvs
kamo,kamo,TL,14681,"['Yoru', 'Jett', 'Waylay', 'Neon', 'Gekko']",5,489,0.94,209.3,1.01,69%,135.3,0.74,0.16,0.18,0.16,30%,19%,7/36,23,361,357,80,86,77,VCT 2025 EMEA Stage 1_csvs
Derke,Derke,VIT,5022,"['Yoru', 'Jett', 'Neon', 'Raze']",4,277,0.93,208.5,0.92,64%,133.4,0.69,0.22,0.21,0.24,23%,21%,4/19,20,192,209,61,59,67,VCT 2025 EMEA Stage 1_csvs
Boaster,Boaster,FNC,438,"['Astra', 'Brimstone', 'Omen', 'Viper']",4,489,0.93,161.7,0.93,72%,106.6,0.56,0.35,0.07,0.09,24%,26%,11/43,29,276,298,173,35,45,VCT 2025 EMEA Stage 1_csvs
Filu,Filu,MKOI,4544,"['Yoru', 'Iso', 'Raze', 'Jett']",4,230,0.93,206.9,0.94,64%,130.2,0.73,0.21,0.16,0.15,26%,15%,3/20,21,169,180,48,36,35,VCT 2025 EMEA Stage 1_csvs
Flickless,Flickless,GX,6959,"['Kayo', 'Breach']",2,106,0.93,172.4,0.9,74%,116.5,0.61,0.38,0.05,0.12,33%,20%,1/5,19,65,72,40,5,13,VCT 2025 EMEA Stage 1_csvs
Serial,Serial,TL,18162,"['Astra', 'Tejo', 'Killjoy', 'Deadlock']",4,489,0.92,167.0,0.89,70%,114.0,0.59,0.28,0.05,0.08,37%,14%,9/64,18,289,325,139,25,37,VCT 2025 EMEA Stage 1_csvs
sheydos,sheydos,MKOI,1428,"['Chamber', 'Tejo', 'Killjoy', 'Sova', 'Breach', 'Fade']",6,230,0.92,169.4,0.92,68%,116.1,0.61,0.15,0.04,0.07,30%,14%,5/37,21,141,153,34,10,17,VCT 2025 EMEA Stage 1_csvs
runneR,runneR,GX,21610,"['Breach', 'Vyse', 'Tejo', 'Omen']",4,195,0.92,173.7,0.79,68%,120.4,0.58,0.38,0.03,0.1,24%,28%,9/32,18,114,144,75,6,20,VCT 2025 EMEA Stage 1_csvs
qRaxs,qRaxs,FUT,1139,"['Fade', 'Kayo', 'Raze', 'Neon']",4,433,0.91,171.8,0.88,72%,113.8,0.63,0.36,0.06,0.06,26%,24%,12/50,40,273,310,156,26,26,VCT 2025 EMEA Stage 1_csvs
Kada,Kada,M8,20871,"['Omen', 'Viper', 'Brimstone', 'Astra']",4,285,0.91,177.8,0.85,73%,119.0,0.63,0.36,0.09,0.08,31%,7%,3/41,26,179,210,103,27,24,VCT 2025 EMEA Stage 1_csvs
saadhak,saadhak,KC,727,"['Kayo', 'Harbor', 'Breach', 'Sova', 'Fade']",5,326,0.89,183.1,0.82,75%,119.6,0.59,0.4,0.11,0.13,26%,20%,5/25,18,192,235,130,36,43,VCT 2025 EMEA Stage 1_csvs
AvovA,AvovA,APK,1507,"['Omen', 'Viper', 'Astra']",3,255,0.88,167.0,0.76,70%,108.3,0.54,0.39,0.06,0.05,29%,18%,8/45,19,138,182,99,15,12,VCT 2025 EMEA Stage 1_csvs
purp0,purp0,GX,1885,"['Yoru', 'Raze', 'Iso', 'Omen', 'Brimstone', 'Astra']",6,217,0.88,173.1,0.78,68%,115.6,0.6,0.35,0.06,0.13,35%,15%,3/20,17,130,166,77,14,29,VCT 2025 EMEA Stage 1_csvs
batujnax,batujnax,APK,18615,"['Cypher', 'Viper', 'Killjoy', 'Yoru']",4,255,0.87,187.8,0.86,69%,122.1,0.65,0.24,0.11,0.11,27%,3%,1/33,27,167,194,60,27,29,VCT 2025 EMEA Stage 1_csvs
Sayf,Sayf,VIT,312,"['Tejo', 'Sova', 'Yoru']",3,277,0.86,165.2,0.82,68%,114.8,0.57,0.24,0.05,0.06,23%,14%,4/29,24,159,194,67,15,18,VCT 2025 EMEA Stage 1_csvs
grubinho,grubinho,MKOI,5550,"['Astra', 'Omen', 'Viper', 'Brimstone']",4,230,0.86,153.6,0.75,69%,104.2,0.56,0.31,0.1,0.13,32%,8%,3/36,19,129,171,72,24,29,VCT 2025 EMEA Stage 1_csvs
flyuh,flyuh,MKOI,3685,"['Sova', 'Cypher', 'Vyse', 'Viper']",4,230,0.84,189.7,0.8,71%,128.3,0.63,0.27,0.1,0.13,27%,8%,1/13,21,144,181,61,22,31,VCT 2025 EMEA Stage 1_csvs
Zyppan,Zyppan,M8,11,"['Tejo', 'Sova', 'Omen']",3,285,0.78,150.5,0.74,68%,108.9,0.53,0.22,0.06,0.11,27%,6%,2/31,22,150,204,62,18,32,VCT 2025 EMEA Stage 1_csvs
ANGE1,ANGE1,NAVI,109,"['Fade', 'Vyse', 'Sova', 'Tejo', 'Deadlock']",5,423,0.74,146.8,0.71,68%,100.2,0.51,0.22,0.08,0.1,34%,20%,8/41,18,215,302,93,32,43,VCT 2025 EMEA Stage 1_csvs
Click,Click,M8,7866,"['Raze', 'Neon', 'Waylay', 'Yoru', 'Jett']",5,285,0.72,187.9,0.78,64%,115.6,0.62,0.14,0.13,0.22,36%,20%,3/15,22,178,227,40,37,64,VCT 2025 EMEA Stage 1_csvs
tomaszy,tomaszy,GX,19691,"['Omen', 'Yoru', 'Raze', 'Neon']",4,153,0.65,146.0,0.61,61%,99.3,0.5,0.27,0.09,0.17,33%,7%,1/15,16,76,124,42,14,26,VCT 2025 EMEA Stage 1_csvs
Governor,Governor,APK,3980,"['Sova', 'Tejo', 'Fade']",3,255,0.65,145.2,0.63,60%,98.0,0.48,0.2,0.08,0.13,27%,25%,5/20,17,122,195,50,20,34,VCT 2025 EMEA Stage 1_csvs
Ruxic,Ruxic,NAVI,18677,"['Viper', 'Omen']",2,472,1.23,246.4,1.36,75%,159.4,0.91,0.3,0.12,0.08,31%,15%,9/59,31,430,317,142,56,39,VCT 2025 EMEA Stage 2_csvs
Keiko,Keiko,TL,11494,"['Brimstone', 'Killjoy', 'Raze', 'Omen']",4,494,1.21,233.4,1.33,77%,148.6,0.85,0.29,0.11,0.09,32%,23%,10/43,26,422,317,141,53,44,VCT 2025 EMEA Stage 2_csvs
SUYGETSU,SUYGETSU,KC,2858,"['Astra', 'Omen', 'Viper']",3,389,1.16,214.6,1.2,76%,139.4,0.79,0.32,0.08,0.09,41%,20%,13/66,26,306,254,126,30,34,VCT 2025 EMEA Stage 2_csvs
nAts,nAts,TL,457,"['Viper', 'Vyse', 'Cypher']",3,494,1.15,231.4,1.19,77%,152.3,0.81,0.33,0.1,0.06,25%,13%,7/55,30,400,337,161,48,31,VCT 2025 EMEA Stage 2_csvs
RieNs,RieNs,TH,10971,"['Sova', 'Fade', 'Gekko']",3,334,1.15,226.8,1.15,75%,155.8,0.8,0.31,0.07,0.03,35%,24%,10/41,24,267,232,105,22,10,VCT 2025 EMEA Stage 2_csvs
hiro,hiro,NAVI,29867,"['Killjoy', 'Cypher', 'Viper', 'Omen']",4,472,1.14,220.1,1.19,74%,149.6,0.81,0.25,0.1,0.09,35%,12%,7/57,32,380,320,118,47,44,VCT 2025 EMEA Stage 2_csvs
Wo0t,Wo0t,TH,21328,"['Kayo', 'Iso', 'Waylay', 'Jett', 'Fade']",5,334,1.12,227.3,1.18,74%,149.4,0.82,0.28,0.15,0.11,38%,30%,8/27,28,274,233,92,51,37,VCT 2025 EMEA Stage 2_csvs
Derke,Derke,VIT,5022,"['Neon', 'Raze', 'Yoru', 'Jett']",4,299,1.12,244.5,1.12,71%,162.1,0.85,0.18,0.17,0.16,26%,25%,4/16,23,253,225,55,50,48,VCT 2025 EMEA Stage 2_csvs
Less,Less,VIT,8447,"['Cypher', 'Viper', 'Chamber']",3,299,1.11,205.9,1.17,75%,132.9,0.76,0.22,0.09,0.09,32%,18%,9/51,24,227,194,67,28,26,VCT 2025 EMEA Stage 2_csvs
Sayf,Sayf,VIT,312,"['Iso', 'Vyse']",2,44,1.11,176.0,0.93,70%,123.0,0.61,0.2,0.02,0.07,37%,18%,2/11,17,27,29,9,1,3,VCT 2025 EMEA Stage 2_csvs
kaajak,kaajak,FNC,9554,"['Raze', 'Jett', 'Yoru', 'Neon']",4,448,1.1,235.9,1.14,68%,150.8,0.82,0.15,0.17,0.13,35%,36%,10/28,26,368,324,69,74,59,VCT 2025 EMEA Stage 2_csvs
trexx,trexx,TL,2168,"['Gekko', 'Kayo', 'Fade', 'Sova']",4,494,1.09,203.5,1.07,74%,130.1,0.69,0.44,0.06,0.06,20%,19%,13/68,26,341,318,215,32,29,VCT 2025 EMEA Stage 2_csvs
Avez,Avez,KC,5654,"['Gekko', 'Raze', 'Sova', 'Phoenix', 'Yoru']",5,389,1.07,223.1,1.12,69%,144.3,0.78,0.23,0.11,0.11,32%,33%,10/30,28,304,272,88,44,42,VCT 2025 EMEA Stage 2_csvs
Alfajer,Alfajer,FNC,9810,"['Tejo', 'Killjoy', 'Chamber', 'Iso', 'Vyse', 'Neon']",6,448,1.06,221.9,1.15,68%,148.6,0.81,0.13,0.14,0.11,36%,14%,6/44,29,363,317,60,64,48,VCT 2025 EMEA Stage 2_csvs
ara,ara,GX,11332,"['Neon', 'Raze', 'Jett']",3,625,1.05,216.7,1.12,70%,140.3,0.77,0.15,0.18,0.13,26%,17%,11/64,31,482,431,91,111,81,VCT 2025 EMEA Stage 2_csvs
crashies,crashies,FNC,4,"['Fade', 'Sova']",2,448,1.05,191.5,1.03,75%,133.5,0.67,0.31,0.05,0.06,33%,16%,11/67,22,301,292,141,23,29,VCT 2025 EMEA Stage 2_csvs
cNed,cNed,FUT,573,"['Omen', 'Yoru']",2,247,1.05,215.8,1.05,68%,138.6,0.79,0.26,0.12,0.11,33%,11%,4/37,25,194,184,65,29,27,VCT 2025 EMEA Stage 2_csvs
PROFEK,PROFEK,BBL,5554,"['Viper', 'Omen', 'Astra', 'Brimstone']",4,519,1.04,191.5,1.03,71%,130.1,0.69,0.3,0.07,0.06,26%,16%,11/67,24,358,348,158,36,33,VCT 2025 EMEA Stage 2_csvs
marteen,marteen,KC,10307,"['Yoru', 'Omen', 'Waylay', 'Brimstone']",4,389,1.04,215.9,1.09,70%,138.7,0.78,0.25,0.15,0.15,34%,12%,4/34,26,302,277,96,58,59,VCT 2025 EMEA Stage 2_csvs
grubinho,grubinho,GX,5550,"['Omen', 'Astra', 'Viper']",3,625,1.03,202.2,1.01,72%,132.1,0.7,0.4,0.1,0.1,29%,24%,18/76,26,437,434,253,62,63,VCT 2025 EMEA Stage 2_csvs
westside,westside,GX,34684,"['Cypher', 'Deadlock', 'Killjoy', 'Viper']",4,625,1.03,196.1,1.07,68%,130.2,0.72,0.19,0.1,0.08,44%,19%,16/83,21,448,420,117,63,52,VCT 2025 EMEA Stage 2_csvs
yetujey,yetujey,FUT,8369,"['Viper', 'Cypher', 'Vyse']",3,247,1.03,202.6,1.02,70%,137.9,0.71,0.21,0.1,0.1,27%,20%,9/44,24,175,171,53,24,25,VCT 2025 EMEA Stage 2_csvs
Chronicle,Chronicle,FNC,458,"['Viper', 'Sage', 'Vyse', 'Cypher']",4,448,1.02,206.2,1.02,69%,139.7,0.71,0.28,0.09,0.1,27%,11%,8/72,28,320,314,125,39,43,VCT 2025 EMEA Stage 2_csvs
paTiTek,paTiTek,TL,309,"['Skye', 'Gekko', 'Omen', 'Kayo', 'Deadlock']",5,494,1.02,185.9,1.04,77%,122.4,0.68,0.37,0.09,0.09,25%,21%,13/62,25,334,322,185,46,46,VCT 2025 EMEA Stage 2_csvs
Minny,Minny,M8,23169,"['Viper', 'Cypher', 'Vyse', 'Killjoy', 'Deadlock']",5,306,1.01,199.1,0.99,70%,135.5,0.71,0.22,0.08,0.12,36%,20%,9/44,34,217,219,67,26,38,VCT 2025 EMEA Stage 2_csvs
MiniBoo,MiniBoo,TH,18350,"['Omen', 'Yoru', 'Neon', 'Raze']",4,334,1.0,223.9,1.06,71%,145.6,0.8,0.19,0.2,0.15,31%,17%,4/23,27,266,251,63,66,51,VCT 2025 EMEA Stage 2_csvs
alexiiik,alexiiik,NAVI,25906,"['Jett', 'Neon', 'Raze']",3,472,1.0,210.5,1.08,68%,136.7,0.77,0.14,0.16,0.17,26%,11%,3/27,25,362,334,66,75,78,VCT 2025 EMEA Stage 2_csvs
ComeBack,ComeBack,M8,40591,"['Waylay', 'Neon', 'Jett']",3,306,1.0,219.6,1.06,68%,140.2,0.78,0.17,0.16,0.17,33%,11%,3/27,29,239,225,53,48,53,VCT 2025 EMEA Stage 2_csvs
MAGNUM,MAGNUM,BBL,2173,"['Killjoy', 'Cypher', 'Viper', 'Deadlock', 'Fade', 'Vyse']",6,519,1.0,197.5,1.01,69%,127.1,0.69,0.27,0.07,0.12,30%,17%,8/48,21,359,357,139,35,60,VCT 2025 EMEA Stage 2_csvs
Shao,Shao,NAVI,384,"['Sage', 'Sova', 'Fade', 'Omen']",4,472,1.0,181.2,0.97,75%,118.4,0.62,0.32,0.08,0.06,32%,23%,15/66,22,294,302,149,36,28,VCT 2025 EMEA Stage 2_csvs
Flickless,Flickless,GX,6959,"['Breach', 'Viper', 'Kayo']",3,625,1.0,192.2,0.93,74%,124.7,0.65,0.46,0.08,0.08,25%,14%,9/63,26,408,437,288,47,51,VCT 2025 EMEA Stage 2_csvs
baddyG,baddyG,MKOI,2190,"['Brimstone', 'Omen', 'Viper']",3,287,0.99,192.0,0.95,72%,122.0,0.71,0.35,0.09,0.07,24%,17%,6/36,30,203,213,100,26,19,VCT 2025 EMEA Stage 2_csvs
benjyfishy,benjyfishy,TH,29873,"['Killjoy', 'Cypher', 'Vyse', 'Viper']",4,334,0.99,199.1,1.02,68%,127.7,0.71,0.25,0.08,0.08,37%,11%,5/46,24,237,232,83,28,26,VCT 2025 EMEA Stage 2_csvs
penny,penny,APK,7716,"['Jett', 'Neon', 'Yoru', 'Raze']",4,290,0.99,200.9,1.02,68%,133.6,0.73,0.18,0.16,0.19,21%,17%,4/23,24,211,207,53,47,55,VCT 2025 EMEA Stage 2_csvs
Elite,Elite,KC,16459,"['Vyse', 'Cypher', 'Killjoy']",3,236,0.99,189.5,1.0,70%,127.5,0.68,0.18,0.08,0.07,41%,11%,3/28,22,160,160,43,20,17,VCT 2025 EMEA Stage 2_csvs
kamo,kamo,TL,14681,"['Raze', 'Jett', 'Yoru']",3,494,0.98,211.5,1.03,72%,137.6,0.73,0.23,0.17,0.17,26%,18%,4/22,24,360,351,114,82,83,VCT 2025 EMEA Stage 2_csvs
LewN,LewN,BBL,20144,"['Jett', 'Neon', 'Raze', 'Phoenix', 'Yoru', 'Iso']",6,519,0.98,215.0,1.03,65%,141.1,0.77,0.14,0.16,0.17,30%,17%,7/41,26,399,386,75,83,88,VCT 2025 EMEA Stage 2_csvs
MONSTEERR,MONSTEERR,MKOI,3127,"['Viper', 'Killjoy', 'Cypher', 'Vyse']",4,287,0.98,196.4,0.98,68%,132.4,0.71,0.17,0.08,0.08,28%,15%,8/53,23,205,210,50,22,22,VCT 2025 EMEA Stage 2_csvs
Veqaj,Veqaj,M8,12928,"['Fade', 'Sova']",2,306,0.98,195.6,0.95,72%,136.2,0.7,0.31,0.07,0.1,27%,10%,4/42,28,213,224,94,20,30,VCT 2025 EMEA Stage 2_csvs
Jamppi,Jamppi,BBL,9780,"['Sova', 'Breach', 'Fade', 'Gekko', 'Kayo']",5,519,0.98,186.4,0.95,72%,122.0,0.64,0.3,0.07,0.08,27%,18%,10/57,24,332,351,156,35,43,VCT 2025 EMEA Stage 2_csvs
kamyk,kamyk,M8,1475,"['Gekko', 'Breach', 'Viper', 'Kayo']",4,306,0.98,193.6,0.98,75%,123.1,0.7,0.38,0.08,0.08,34%,9%,4/46,24,214,219,117,25,26,VCT 2025 EMEA Stage 2_csvs
qRaxs,qRaxs,FUT,1139,"['Kayo', 'Fade', 'Breach']",3,247,0.95,181.6,0.81,72%,114.7,0.62,0.53,0.04,0.06,36%,17%,5/29,21,152,187,132,10,14,VCT 2025 EMEA Stage 2_csvs
Cloud,Cloud,GX,4181,"['Sova', 'Gekko', 'Fade']",3,625,0.94,180.8,0.91,70%,123.8,0.63,0.27,0.08,0.08,30%,9%,6/68,21,395,433,170,47,48,VCT 2025 EMEA Stage 2_csvs
sociablEE,sociablEE,BBL,5568,"['Omen', 'Sova', 'Deadlock', 'Chamber', 'Tejo', 'Yoru']",6,519,0.93,197.9,0.95,67%,130.5,0.71,0.2,0.12,0.09,31%,15%,13/85,36,370,391,103,61,45,VCT 2025 EMEA Stage 2_csvs
MOLSI,MOLSI,APK,1281,"['Sova', 'Kayo', 'Fade', 'Gekko', 'Raze']",5,290,0.93,187.4,0.82,70%,127.9,0.61,0.37,0.06,0.06,27%,4%,2/45,19,177,215,106,17,16,VCT 2025 EMEA Stage 2_csvs
KovaQ,KovaQ,VIT,7987,"['Breach', 'Brimstone', 'Iso', 'Vyse', 'Kayo', 'Killjoy', 'Skye', 'Fade']",8,255,0.92,198.6,0.97,70%,123.8,0.71,0.25,0.12,0.11,33%,12%,3/26,23,182,187,64,30,28,VCT 2025 EMEA Stage 2_csvs
OLIZERA,OLIZERA,APK,8502,"['Killjoy', 'Viper', 'Vyse', 'Cypher']",4,290,0.92,194.5,0.93,69%,127.1,0.69,0.21,0.1,0.09,28%,11%,5/47,23,199,215,60,29,26,VCT 2025 EMEA Stage 2_csvs
Boo,Boo,TH,1144,"['Viper', 'Omen', 'Brimstone']",3,334,0.89,153.9,0.81,72%,99.3,0.52,0.43,0.07,0.06,30%,19%,10/53,16,174,216,144,22,21,VCT 2025 EMEA Stage 2_csvs
xeus,xeus,FUT,12793,"['Raze', 'Neon', 'Jett']",3,247,0.89,210.3,0.91,68%,132.0,0.73,0.21,0.14,0.18,29%,0%,0/11,24,180,197,53,35,44,VCT 2025 EMEA Stage 2_csvs
Kicks,Kicks,VIT,11134,"['Omen', 'Skye', 'Harbor', 'Brimstone']",4,299,0.89,166.3,0.79,72%,109.7,0.56,0.44,0.07,0.06,29%,18%,7/38,23,168,214,132,20,19,VCT 2025 EMEA Stage 2_csvs
UNFAKE,UNFAKE,VIT,4521,"['Sova', 'Gekko', 'Fade']",3,299,0.89,186.1,0.89,70%,120.6,0.65,0.26,0.07,0.08,38%,17%,5/30,21,193,218,78,22,24,VCT 2025 EMEA Stage 2_csvs
flyuh,flyuh,MKOI,3685,"['Fade', 'Sova', 'Kayo', 'Breach']",4,287,0.88,185.9,0.85,69%,127.6,0.65,0.28,0.06,0.07,26%,16%,5/32,23,187,219,80,18,19,VCT 2025 EMEA Stage 2_csvs
MrFaliN,MrFaliN,FUT,8044,"['Fade', 'Omen', 'Sova']",3,247,0.88,168.6,0.77,64%,111.4,0.57,0.37,0.07,0.09,24%,14%,5/35,25,141,182,92,18,21,VCT 2025 EMEA Stage 2_csvs
batujnax,batujnax,APK,18615,"['Omen', 'Deadlock', 'Sova', 'Yoru', 'Fade']",5,290,0.86,178.5,0.82,69%,117.7,0.62,0.26,0.09,0.14,28%,0%,0/21,25,181,220,74,26,41,VCT 2025 EMEA Stage 2_csvs
Filu,Filu,MKOI,4544,"['Raze', 'Sage', 'Waylay', 'Yoru', 'Neon', 'Chamber', 'Jett', 'Gekko']",8,287,0.85,199.7,0.84,66%,131.7,0.66,0.22,0.16,0.14,27%,4%,1/23,20,190,227,64,45,39,VCT 2025 EMEA Stage 2_csvs
Proxh,Proxh,M8,45494,"['Astra', 'Omen']",2,306,0.85,161.7,0.78,72%,107.0,0.56,0.39,0.05,0.08,25%,10%,3/30,18,171,218,119,16,24,VCT 2025 EMEA Stage 2_csvs
nataNk,nataNk,MKOI,5004,"['Gekko', 'Killjoy', 'Vyse', 'Sova', 'Iso', 'Yoru', 'Sage', 'Raze']",8,287,0.85,172.5,0.83,66%,117.4,0.61,0.22,0.11,0.16,27%,14%,5/37,22,174,210,63,32,45,VCT 2025 EMEA Stage 2_csvs
saadhak,saadhak,KC,727,"['Deadlock', 'Fade', 'Kayo', 'Sova', 'Cypher']",5,389,0.84,164.1,0.76,67%,109.9,0.54,0.36,0.07,0.11,30%,20%,8/41,21,212,278,140,27,41,VCT 2025 EMEA Stage 2_csvs
AvovA,AvovA,APK,1507,"['Viper', 'Omen', 'Brimstone']",3,290,0.83,146.7,0.73,66%,97.7,0.53,0.34,0.05,0.06,31%,16%,7/45,16,153,211,98,15,18,VCT 2025 EMEA Stage 2_csvs
pyrolll,pyrolll,KC,8808,"['Fade', 'Vyse', 'Sova']",3,153,0.82,146.8,0.77,62%,100.6,0.52,0.18,0.04,0.07,36%,11%,2/18,22,80,104,28,6,11,VCT 2025 EMEA Stage 2_csvs
Boaster,Boaster,FNC,438,"['Astra', 'Omen', 'Viper']",3,448,0.79,141.8,0.74,66%,94.3,0.5,0.31,0.05,0.11,30%,21%,9/43,19,222,298,137,21,48,VCT 2025 EMEA Stage 2_csvs
ANGE1,ANGE1,NAVI,109,"['Sova', 'Kayo', 'Breach', 'Gekko']",4,472,0.77,155.7,0.73,69%,104.8,0.53,0.37,0.06,0.09,31%,11%,5/47,21,249,342,175,26,43,VCT 2025 EMEA Stage 2_csvs
Karon,Karon,GEN,34974,"['Brimstone', 'Omen', 'Astra']",3,304,1.2,205.2,1.25,78%,135.9,0.74,0.45,0.05,0.08,32%,12%,4/33,24,224,179,138,14,24,VCT 2025 Pacific Kickoff_csvs
Jemkin,Jemkin,RRQ,24895,"['Jett', 'Brimstone', 'Raze']",3,269,1.2,257.4,1.29,75%,164.2,0.91,0.22,0.22,0.16,27%,9%,2/22,38,245,190,60,59,42,VCT 2025 Pacific Kickoff_csvs
Meiy,Meiy,DFM,6672,"['Jett', 'Yoru', 'Neon', 'Raze']",4,180,1.19,240.4,1.21,72%,161.3,0.88,0.16,0.18,0.11,31%,28%,5/18,32,159,131,29,32,20,VCT 2025 Pacific Kickoff_csvs
primmie,primmie,TLN,25255,"['Tejo', 'Deadlock', 'Clove', 'Jett']",4,217,1.19,234.8,1.3,75%,152.2,0.87,0.19,0.05,0.06,36%,13%,3/23,25,189,145,42,11,13,VCT 2025 Pacific Kickoff_csvs
free1ng,free1ng,DRX,1916,['Tejo'],1,297,1.16,222.2,1.24,75%,146.5,0.81,0.24,0.1,0.07,29%,18%,6/33,28,241,195,70,30,20,VCT 2025 Pacific Kickoff_csvs
BerserX,BerserX,BME,4874,"['Killjoy', 'Vyse', 'Cypher']",3,123,1.14,208.8,1.19,73%,145.1,0.75,0.18,0.07,0.09,25%,11%,2/19,22,92,77,22,9,11,VCT 2025 Pacific Kickoff_csvs
Kushy,Kushy,RRQ,4866,"['Sova', 'Fade']",2,269,1.14,222.2,1.14,74%,142.6,0.74,0.32,0.08,0.06,34%,17%,4/23,22,200,175,86,22,16,VCT 2025 Pacific Kickoff_csvs
MaKo,MaKo,DRX,4462,"['Omen', 'Astra', 'Brimstone']",3,297,1.12,204.8,1.09,78%,134.8,0.71,0.48,0.09,0.09,26%,27%,8/30,25,210,193,143,26,27,VCT 2025 Pacific Kickoff_csvs
f0rsakeN,f0rsakeN,PRX,9801,"['Deadlock', 'Tejo', 'Skye', 'Vyse', 'Sova', 'Killjoy']",6,140,1.12,221.6,1.1,78%,148.5,0.79,0.38,0.09,0.09,35%,0%,0/12,24,111,101,53,13,12,VCT 2025 Pacific Kickoff_csvs
Ivy,Ivy,NS,31829,"['Fade', 'Sova', 'Viper', 'Vyse', 'Tejo', 'Deadlock', 'Breach', 'Astra']",8,319,1.11,195.8,1.16,78%,124.4,0.73,0.35,0.07,0.05,30%,26%,12/47,35,232,200,112,22,16,VCT 2025 Pacific Kickoff_csvs
HYUNMIN,HYUNMIN,DRX,28400,"['Raze', 'Jett']",2,297,1.11,245.4,1.15,73%,165.5,0.86,0.16,0.22,0.13,28%,11%,2/18,29,255,221,49,65,40,VCT 2025 Pacific Kickoff_csvs
Francis,Francis,NS,31828,"['Kayo', 'Breach', 'Fade', 'Skye', 'Sova', 'Tejo']",6,319,1.1,218.8,1.07,76%,144.7,0.74,0.39,0.08,0.08,23%,11%,4/38,23,235,219,126,24,24,VCT 2025 Pacific Kickoff_csvs
Kr1stal,Kr1stal,GE,5796,"['Sova', 'Fade', 'Tejo']",3,164,1.1,207.3,1.07,72%,139.0,0.7,0.28,0.1,0.09,24%,18%,4/22,19,115,107,46,17,14,VCT 2025 Pacific Kickoff_csvs
JessieVash,JessieVash,TS,2334,"['Sova', 'Cypher', 'Fade']",3,111,1.1,217.8,1.09,68%,155.5,0.78,0.23,0.07,0.06,36%,14%,3/22,22,87,80,25,8,7,VCT 2025 Pacific Kickoff_csvs
Persia,Persia,NS,4122,"['Astra', 'Omen', 'Brimstone']",3,319,1.09,191.2,1.06,78%,125.5,0.68,0.47,0.05,0.06,27%,22%,8/37,35,216,203,151,17,19,VCT 2025 Pacific Kickoff_csvs
JitBoyS,JitBoyS,TLN,13788,"['Astra', 'Omen', 'Brimstone']",3,217,1.09,190.2,1.08,73%,125.0,0.71,0.32,0.09,0.06,34%,20%,5/25,19,154,143,69,20,14,VCT 2025 Pacific Kickoff_csvs
Estrella,Estrella,RRQ,25025,"['Kayo', 'Astra', 'Breach', 'Viper', 'Omen']",5,269,1.08,181.4,1.04,77%,122.0,0.64,0.46,0.06,0.07,31%,20%,8/41,28,173,166,125,17,18,VCT 2025 Pacific Kickoff_csvs
BuZz,BuZz,T1,804,"['Neon', 'Raze', 'Yoru']",3,483,1.07,236.6,1.08,71%,154.8,0.81,0.21,0.21,0.16,19%,20%,7/35,28,391,362,101,100,76,VCT 2025 Pacific Kickoff_csvs
Jinggg,Jinggg,PRX,7378,"['Raze', 'Cypher', 'Phoenix']",3,140,1.04,218.1,1.1,71%,143.6,0.77,0.16,0.14,0.16,20%,8%,1/12,21,108,98,23,20,22,VCT 2025 Pacific Kickoff_csvs
Dep,Dep,ZETA,424,"['Raze', 'Neon']",2,83,1.04,227.0,1.03,64%,135.2,0.78,0.19,0.14,0.19,28%,33%,2/6,21,65,63,16,12,16,VCT 2025 Pacific Kickoff_csvs
Famouz,Famouz,BME,2348,"['Neon', 'Raze']",2,123,1.04,230.5,1.07,72%,142.9,0.79,0.2,0.2,0.2,13%,15%,2/13,24,97,91,24,24,24,VCT 2025 Pacific Kickoff_csvs
Munchkin,Munchkin,GEN,2489,"['Breach', 'Viper', 'Kayo', 'Tejo']",4,304,1.03,202.4,1.03,75%,130.3,0.67,0.37,0.1,0.09,24%,6%,2/31,22,205,199,113,30,26,VCT 2025 Pacific Kickoff_csvs
carpe,carpe,T1,31207,"['Omen', 'Brimstone', 'Astra']",3,297,1.02,180.8,0.91,75%,117.9,0.63,0.54,0.06,0.05,34%,14%,6/43,19,187,206,159,19,16,VCT 2025 Pacific Kickoff_csvs
yoman,yoman,GEN,25081,"['Sova', 'Fade', 'Breach']",3,304,1.0,172.1,1.0,74%,108.5,0.61,0.31,0.06,0.06,30%,6%,2/35,22,185,185,93,18,17,VCT 2025 Pacific Kickoff_csvs
Akame,Akame,DFM,13002,"['Kayo', 'Iso', 'Breach', 'Vyse']",4,180,1.0,201.9,0.94,76%,129.5,0.68,0.32,0.11,0.08,31%,12%,2/17,24,123,131,58,19,14,VCT 2025 Pacific Kickoff_csvs
d4v41,d4v41,PRX,9803,"['Clove', 'Killjoy', 'Sage', 'Skye', 'Kayo', 'Sova']",6,140,1.0,194.0,0.99,79%,139.0,0.69,0.31,0.06,0.07,32%,13%,2/15,27,97,98,44,9,10,VCT 2025 Pacific Kickoff_csvs
dos9,dos9,BME,16215,"['Astra', 'Brimstone', 'Omen']",3,123,1.0,180.2,0.9,78%,114.6,0.63,0.41,0.07,0.04,28%,13%,3/23,20,77,86,50,9,5,VCT 2025 Pacific Kickoff_csvs
iZu,iZu,T1,29833,"['Yoru', 'Gekko', 'Raze', 'Viper', 'Tejo', 'Cypher', 'Sova']",7,483,1.0,183.5,1.02,72%,126.7,0.66,0.22,0.07,0.09,28%,10%,6/59,29,321,316,108,34,42,VCT 2025 Pacific Kickoff_csvs
Papi,Papi,GE,13219,"['Omen', 'Astra']",2,164,1.0,174.0,0.99,73%,112.8,0.63,0.32,0.08,0.04,39%,19%,5/27,16,103,104,52,13,7,VCT 2025 Pacific Kickoff_csvs
stax,stax,T1,485,"['Sova', 'Kayo', 'Breach', 'Skye', 'Fade']",5,483,0.99,169.7,0.93,72%,116.8,0.6,0.39,0.06,0.06,26%,10%,6/62,28,292,314,190,27,29,VCT 2025 Pacific Kickoff_csvs
Monyet,Monyet,RRQ,8497,"['Omen', 'Phoenix', 'Neon', 'Viper']",4,269,0.99,187.9,1.02,72%,120.3,0.67,0.32,0.07,0.12,31%,23%,3/13,27,179,175,87,18,31,VCT 2025 Pacific Kickoff_csvs
t3xture,t3xture,GEN,9196,"['Raze', 'Neon', 'Jett']",3,304,0.99,222.4,1.12,65%,141.8,0.82,0.13,0.18,0.23,24%,18%,3/17,35,248,222,41,56,69,VCT 2025 Pacific Kickoff_csvs
something,something,PRX,17086,"['Fade', 'Breach', 'Jett']",3,140,0.98,210.4,1.01,72%,131.3,0.74,0.22,0.16,0.14,22%,14%,3/22,21,103,102,31,22,20,VCT 2025 Pacific Kickoff_csvs
UdoTan,UdoTan,GE,4428,"['Jett', 'Raze', 'Deadlock']",3,164,0.98,217.9,1.0,66%,138.5,0.76,0.13,0.13,0.2,26%,0%,0/8,23,125,125,22,22,32,VCT 2025 Pacific Kickoff_csvs
Foxy9,Foxy9,GEN,11600,"['Killjoy', 'Cypher', 'Gekko']",3,304,0.97,194.5,1.03,66%,125.3,0.69,0.16,0.08,0.08,34%,21%,7/33,23,211,204,48,25,25,VCT 2025 Pacific Kickoff_csvs
xffero,xffero,RRQ,4871,"['Astra', 'Vyse', 'Killjoy']",3,269,0.97,180.6,1.02,75%,121.3,0.66,0.25,0.09,0.09,27%,11%,4/35,31,177,173,68,23,23,VCT 2025 Pacific Kickoff_csvs
margaret,margaret,NS,33576,"['Cypher', 'Killjoy', 'Vyse', 'Viper']",4,319,0.96,180.7,0.96,72%,122.0,0.65,0.23,0.13,0.08,28%,8%,3/36,31,206,215,73,43,27,VCT 2025 Pacific Kickoff_csvs
BeYN,BeYN,DRX,4678,"['Fade', 'Sova', 'Breach', 'Kayo']",4,297,0.95,159.9,0.88,75%,106.1,0.56,0.4,0.05,0.05,27%,9%,3/33,23,165,187,118,15,15,VCT 2025 Pacific Kickoff_csvs
Flashback,Flashback,DRX,35013,"['Viper', 'Killjoy', 'Cypher', 'Vyse']",4,297,0.94,183.9,0.95,74%,121.8,0.63,0.25,0.08,0.11,24%,10%,4/39,22,188,197,74,25,34,VCT 2025 Pacific Kickoff_csvs
Sylvan,Sylvan,T1,4056,"['Astra', 'Brimstone', 'Omen']",3,186,0.93,176.3,0.87,76%,118.7,0.6,0.53,0.05,0.11,26%,25%,5/20,19,111,128,98,10,20,VCT 2025 Pacific Kickoff_csvs
Meteor,Meteor,T1,13039,"['Killjoy', 'Vyse', 'Chamber', 'Cypher', 'Iso', 'Yoru']",6,483,0.93,203.2,0.97,66%,136.6,0.72,0.18,0.1,0.13,28%,9%,4/46,25,346,357,86,50,61,VCT 2025 Pacific Kickoff_csvs
Shiro,Shiro,BME,10739,"['Kayo', 'Tejo', 'Viper']",3,123,0.92,174.5,0.82,75%,114.0,0.59,0.46,0.12,0.1,20%,14%,1/7,18,72,88,57,15,12,VCT 2025 Pacific Kickoff_csvs
Jinboong,Jinboong,DFM,4052,"['Astra', 'Killjoy', 'Cypher', 'Fade']",4,180,0.92,169.6,0.92,70%,111.8,0.62,0.23,0.06,0.12,34%,13%,3/24,21,111,121,41,11,21,VCT 2025 Pacific Kickoff_csvs
gyen,gyen,DFM,48577,"['Omen', 'Astra']",2,180,0.91,168.0,0.9,66%,110.1,0.61,0.28,0.08,0.07,27%,11%,3/27,27,110,122,51,14,13,VCT 2025 Pacific Kickoff_csvs
mindfreak,mindfreak,PRX,9800,"['Brimstone', 'Omen', 'Astra']",3,140,0.9,168.6,0.83,70%,110.9,0.59,0.44,0.04,0.04,30%,13%,2/15,19,82,99,62,6,6,VCT 2025 Pacific Kickoff_csvs
invy,invy,TS,8504,"['Kayo', 'Deadlock', 'Vyse', 'Breach']",4,111,0.89,173.8,0.8,79%,117.1,0.59,0.45,0.05,0.06,32%,8%,1/12,22,66,83,50,6,7,VCT 2025 Pacific Kickoff_csvs
ban,ban,TLN,5129,"['Yoru', 'Viper', 'Deadlock', 'Gekko', 'Cypher', 'Tejo']",6,217,0.89,183.7,0.94,67%,117.4,0.64,0.2,0.1,0.12,34%,13%,4/31,19,139,148,44,22,27,VCT 2025 Pacific Kickoff_csvs
Jremy,Jremy,TS,7405,"['Jett', 'Raze']",2,111,0.89,215.3,1.0,61%,130.4,0.75,0.08,0.17,0.16,26%,14%,1/7,21,83,83,9,19,18,VCT 2025 Pacific Kickoff_csvs
Deryeon,Deryeon,GE,9152,"['Astra', 'Cypher', 'Killjoy', 'Chamber']",4,164,0.89,155.3,0.89,67%,107.4,0.58,0.18,0.07,0.12,26%,10%,2/20,18,95,107,29,11,19,VCT 2025 Pacific Kickoff_csvs
Dambi,Dambi,NS,31827,"['Neon', 'Raze']",2,319,0.87,218.5,0.88,73%,135.7,0.71,0.35,0.21,0.19,20%,20%,3/15,26,226,258,111,66,60,VCT 2025 Pacific Kickoff_csvs
Art,Art,DFM,10627,"['Sova', 'Skye', 'Tejo', 'Omen']",4,180,0.85,177.0,0.8,68%,115.6,0.58,0.3,0.08,0.12,19%,12%,2/17,16,104,130,54,14,21,VCT 2025 Pacific Kickoff_csvs
kellyS,kellyS,GE,7437,"['Kayo', 'Deadlock', 'Vyse', 'Breach']",4,164,0.85,175.1,0.79,67%,118.4,0.59,0.32,0.08,0.09,25%,0%,0/9,24,97,123,52,13,14,VCT 2025 Pacific Kickoff_csvs
2GE,2GE,TS,9735,"['Omen', 'Astra']",2,111,0.84,166.0,0.81,72%,101.6,0.57,0.33,0.12,0.14,16%,14%,2/14,18,63,78,37,13,15,VCT 2025 Pacific Kickoff_csvs
Wild0reoo,Wild0reoo,TS,9740,"['Cypher', 'Skye', 'Killjoy', 'Viper']",4,111,0.8,164.0,0.76,66%,112.8,0.53,0.14,0.09,0.07,33%,0%,0/11,17,59,78,16,10,8,VCT 2025 Pacific Kickoff_csvs
SugarZ3ro,SugarZ3ro,ZETA,6668,"['Omen', 'Brimstone']",2,83,0.8,175.8,0.72,72%,114.3,0.57,0.41,0.06,0.06,33%,17%,1/6,16,47,65,34,5,5,VCT 2025 Pacific Kickoff_csvs
CLZ,CLZ,ZETA,2615,['Breach'],1,83,0.78,142.0,0.65,70%,95.7,0.49,0.33,0.01,0.11,37%,14%,3/21,15,41,63,27,1,9,VCT 2025 Pacific Kickoff_csvs
Crws,Crws,TLN,3977,"['Breach', 'Sova', 'Fade', 'Skye']",4,217,0.75,146.1,0.71,69%,96.1,0.49,0.31,0.05,0.08,25%,14%,3/22,24,107,151,68,11,18,VCT 2025 Pacific Kickoff_csvs
Governor,Governor,TLN,3980,"['Raze', 'Neon', 'Sova']",3,217,0.75,173.6,0.77,65%,111.6,0.58,0.16,0.17,0.2,19%,6%,1/17,18,126,163,35,36,44,VCT 2025 Pacific Kickoff_csvs
SyouTa,SyouTa,ZETA,12990,"['Cypher', 'Chamber']",2,83,0.75,177.8,0.76,61%,114.1,0.64,0.11,0.11,0.13,44%,12%,2/17,15,53,70,9,9,11,VCT 2025 Pacific Kickoff_csvs
NcSlasher,NcSlasher,BME,7043,"['Fade', 'Breach']",2,123,0.73,147.5,0.71,71%,97.3,0.52,0.33,0.02,0.07,31%,0%,0/9,14,64,90,40,3,9,VCT 2025 Pacific Kickoff_csvs
Xdll,Xdll,ZETA,25221,"['Fade', 'Sova', 'Tejo']",3,83,0.7,174.0,0.7,59%,115.4,0.59,0.1,0.1,0.08,33%,0%,0/9,14,49,70,8,8,7,VCT 2025 Pacific Kickoff_csvs
invy,invy,TS,8504,"['Vyse', 'Cypher', 'Breach', 'Kayo', 'Omen']",5,271,1.26,237.2,1.27,73%,158.4,0.87,0.35,0.08,0.07,29%,10%,3/31,27,236,186,95,23,18,VCT 2025 Pacific Stage 1_csvs
Jemkin,Jemkin,RRQ,24895,"['Yoru', 'Iso', 'Jett', 'Brimstone']",4,573,1.22,253.9,1.3,73%,161.3,0.91,0.15,0.24,0.15,38%,18%,9/50,32,524,404,87,137,84,VCT 2025 Pacific Stage 1_csvs
dos9,dos9,BME,16215,"['Omen', 'Brimstone', 'Astra', 'Viper', 'Iso']",5,344,1.19,212.2,1.18,75%,136.3,0.76,0.47,0.09,0.07,26%,29%,14/48,35,261,222,160,30,24,VCT 2025 Pacific Stage 1_csvs
Jinggg,Jinggg,PRX,7378,"['Omen', 'Tejo', 'Brimstone', 'Phoenix', 'Raze']",5,536,1.14,220.9,1.18,76%,145.4,0.79,0.32,0.1,0.08,26%,11%,7/62,31,422,359,171,53,43,VCT 2025 Pacific Stage 1_csvs
Foxy9,Foxy9,GEN,11600,"['Vyse', 'Cypher', 'Killjoy', 'Viper', 'Deadlock']",5,360,1.12,207.8,1.25,78%,137.3,0.77,0.18,0.1,0.08,34%,29%,9/31,23,277,222,65,35,30,VCT 2025 Pacific Stage 1_csvs
MaKo,MaKo,DRX,4462,"['Omen', 'Viper', 'Brimstone']",3,484,1.12,209.2,1.14,75%,135.8,0.73,0.37,0.1,0.09,26%,12%,7/59,29,352,308,178,47,42,VCT 2025 Pacific Stage 1_csvs
HYUNMIN,HYUNMIN,DRX,28400,"['Jett', 'Raze', 'Yoru', 'Neon']",4,484,1.12,238.3,1.2,73%,152.0,0.86,0.14,0.18,0.12,30%,11%,4/36,32,418,348,67,85,58,VCT 2025 Pacific Stage 1_csvs
Akame,Akame,DFM,13002,"['Fade', 'Chamber', 'Kayo', 'Tejo', 'Breach']",5,225,1.11,212.9,1.01,71%,142.8,0.76,0.3,0.14,0.11,32%,6%,2/34,32,172,171,68,31,25,VCT 2025 Pacific Stage 1_csvs
primmie,primmie,TLN,25255,"['Yoru', 'Waylay', 'Iso', 'Neon', 'Jett']",5,392,1.11,229.8,1.2,72%,148.8,0.83,0.14,0.15,0.13,34%,13%,6/46,26,327,273,53,60,51,VCT 2025 Pacific Stage 1_csvs
f0rsakeN,f0rsakeN,PRX,9801,"['Yoru', 'Waylay', 'Neon', 'Fade', 'Vyse', 'Omen', 'Sova', 'Killjoy']",8,536,1.11,226.1,1.18,73%,142.9,0.8,0.31,0.15,0.15,29%,28%,10/36,26,430,364,168,78,82,VCT 2025 Pacific Stage 1_csvs
t3xture,t3xture,GEN,9196,"['Jett', 'Neon', 'Raze', 'Yoru']",4,472,1.11,244.0,1.21,70%,154.8,0.86,0.18,0.17,0.18,28%,21%,6/28,29,407,336,86,79,84,VCT 2025 Pacific Stage 1_csvs
Flashback,Flashback,DRX,35013,"['Neon', 'Killjoy', 'Yoru', 'Vyse']",4,141,1.11,215.6,1.29,76%,139.4,0.79,0.17,0.18,0.07,24%,42%,5/12,25,111,86,24,25,10,VCT 2025 Pacific Stage 1_csvs
Karon,Karon,GEN,34974,"['Omen', 'Brimstone', 'Astra', 'Viper']",4,472,1.08,207.7,1.1,75%,134.3,0.73,0.39,0.07,0.06,31%,19%,10/53,24,345,313,184,33,27,VCT 2025 Pacific Stage 1_csvs
Munchkin,Munchkin,GEN,2489,"['Kayo', 'Viper', 'Breach', 'Fade', 'Sova']",5,472,1.07,198.8,1.05,74%,130.3,0.69,0.39,0.12,0.1,24%,9%,6/65,29,324,308,183,56,49,VCT 2025 Pacific Stage 1_csvs
margaret,margaret,NS,33576,"['Cypher', 'Viper', 'Killjoy']",3,333,1.07,205.8,1.13,68%,135.5,0.74,0.17,0.11,0.09,29%,21%,8/38,27,248,220,57,35,30,VCT 2025 Pacific Stage 1_csvs
Kr1stal,Kr1stal,GE,5796,"['Tejo', 'Sova', 'Fade']",3,199,1.07,188.5,1.01,71%,127.1,0.69,0.23,0.05,0.1,24%,13%,5/40,19,138,137,45,10,19,VCT 2025 Pacific Stage 1_csvs
NcSlasher,NcSlasher,BME,7043,"['Tejo', 'Breach', 'Kayo', 'Omen', 'Deadlock']",5,344,1.05,197.4,1.03,77%,126.8,0.7,0.37,0.06,0.07,28%,8%,3/37,22,240,232,127,19,25,VCT 2025 Pacific Stage 1_csvs
Francis,Francis,NS,31828,"['Kayo', 'Tejo', 'Fade', 'Breach', 'Sova', 'Harbor']",6,333,1.05,198.8,1.03,72%,130.8,0.69,0.28,0.1,0.09,21%,8%,3/37,25,231,225,92,33,29,VCT 2025 Pacific Stage 1_csvs
UdoTan,UdoTan,GE,4428,"['Cypher', 'Killjoy', 'Iso']",3,199,1.04,215.3,1.01,70%,148.4,0.75,0.22,0.1,0.13,30%,13%,4/32,28,150,149,43,20,25,VCT 2025 Pacific Stage 1_csvs
SugarZ3ro,SugarZ3ro,ZETA,6668,"['Brimstone', 'Omen', 'Viper', 'Astra']",4,255,1.04,181.8,1.05,73%,116.4,0.7,0.31,0.06,0.05,29%,13%,4/30,27,178,170,78,15,13,VCT 2025 Pacific Stage 1_csvs
iZu,iZu,T1,29833,"['Tejo', 'Yoru', 'Cypher', 'Sova', 'Viper']",5,378,1.03,195.8,1.05,73%,126.2,0.71,0.24,0.07,0.09,30%,18%,10/57,23,268,256,90,26,35,VCT 2025 Pacific Stage 1_csvs
something,something,PRX,17086,"['Breach', 'Sova', 'Jett', 'Tejo', 'Yoru', 'Brimstone']",6,536,1.03,197.8,1.03,71%,127.4,0.7,0.26,0.15,0.13,26%,16%,9/58,23,373,361,137,78,69,VCT 2025 Pacific Stage 1_csvs
BerserX,BerserX,BME,4874,"['Killjoy', 'Cypher', 'Viper', 'Vyse']",4,344,1.01,196.0,1.05,73%,127.7,0.69,0.21,0.1,0.08,25%,25%,13/51,22,236,224,72,33,26,VCT 2025 Pacific Stage 1_csvs
Ivy,Ivy,NS,31829,"['Tejo', 'Deadlock', 'Vyse', 'Sova', 'Iso']",5,333,1.01,172.2,1.01,70%,112.7,0.65,0.22,0.07,0.07,30%,14%,6/42,18,215,212,74,22,22,VCT 2025 Pacific Stage 1_csvs
Kushy,Kushy,RRQ,4866,"['Sova', 'Tejo', 'Kayo', 'Vyse', 'Fade', 'Killjoy']",6,573,1.01,193.0,0.99,73%,131.2,0.69,0.29,0.06,0.06,32%,15%,8/53,31,393,396,166,35,36,VCT 2025 Pacific Stage 1_csvs
PatMen,PatMen,PRX,13744,"['Kayo', 'Breach', 'Fade', 'Viper', 'Skye']",5,412,1.0,193.0,0.96,75%,124.8,0.65,0.44,0.05,0.05,30%,24%,9/37,19,266,276,183,19,21,VCT 2025 Pacific Stage 1_csvs
Ash,Ash,GEN,25017,"['Tejo', 'Fade', 'Yoru', 'Sova']",4,472,1.0,173.7,1.04,72%,116.8,0.61,0.25,0.06,0.06,31%,15%,7/48,19,290,280,117,26,27,VCT 2025 Pacific Stage 1_csvs
BeYN,BeYN,DRX,4678,"['Sova', 'Omen', 'Fade', 'Tejo', 'Cypher', 'Killjoy', 'Deadlock']",7,445,0.99,178.2,0.96,71%,117.6,0.62,0.28,0.08,0.06,25%,19%,9/47,19,277,290,126,35,28,VCT 2025 Pacific Stage 1_csvs
Killua,Killua,TLN,13784,"['Fade', 'Breach', 'Yoru', 'Vyse', 'Tejo', 'Killjoy']",6,392,0.99,187.5,0.98,70%,126.7,0.67,0.26,0.09,0.07,34%,14%,6/44,18,263,268,101,36,29,VCT 2025 Pacific Stage 1_csvs
JessieVash,JessieVash,TS,2334,"['Sova', 'Tejo', 'Cypher', 'Killjoy', 'Fade']",5,271,0.99,182.5,0.94,69%,128.3,0.65,0.23,0.05,0.07,30%,16%,8/50,20,176,187,62,14,19,VCT 2025 Pacific Stage 1_csvs
Persia,Persia,NS,4122,"['Omen', 'Astra', 'Viper', 'Brimstone']",4,333,0.99,173.8,0.92,71%,113.1,0.6,0.37,0.09,0.06,26%,18%,7/39,22,200,218,123,29,19,VCT 2025 Pacific Stage 1_csvs
Famouz,Famouz,BME,2348,"['Phoenix', 'Neon', 'Jett', 'Yoru']",4,344,0.99,228.3,1.08,71%,146.7,0.82,0.21,0.19,0.19,21%,12%,3/25,29,281,261,71,66,67,VCT 2025 Pacific Stage 1_csvs
d4v41,d4v41,PRX,9803,"['Tejo', 'Kayo', 'Cypher', 'Vyse', 'Astra', 'Viper', 'Killjoy']",7,536,0.98,190.7,1.06,77%,127.1,0.69,0.28,0.08,0.06,24%,14%,10/71,24,371,350,151,43,34,VCT 2025 Pacific Stage 1_csvs
Meteor,Meteor,T1,13039,"['Vyse', 'Viper', 'Iso', 'Reyna', 'Killjoy', 'Tejo']",6,378,0.98,215.3,1.01,68%,144.2,0.75,0.2,0.13,0.15,30%,9%,4/43,24,283,279,76,51,58,VCT 2025 Pacific Stage 1_csvs
BuZz,BuZz,T1,804,"['Neon', 'Raze', 'Yoru', 'Chamber', 'Jett']",5,378,0.98,225.0,1.06,65%,145.0,0.78,0.15,0.14,0.17,27%,9%,3/35,30,294,278,57,52,64,VCT 2025 Pacific Stage 1_csvs
xffero,xffero,RRQ,4871,"['Cypher', 'Viper', 'Vyse', 'Astra', 'Killjoy']",5,573,0.97,183.8,1.03,73%,126.3,0.67,0.25,0.07,0.09,26%,19%,14/75,23,385,374,142,38,49,VCT 2025 Pacific Stage 1_csvs
free1ng,free1ng,DRX,1916,"['Cypher', 'Tejo', 'Vyse', 'Yoru', 'Killjoy']",5,484,0.97,189.6,1.01,69%,123.7,0.67,0.19,0.12,0.1,27%,14%,8/57,26,323,321,93,56,46,VCT 2025 Pacific Stage 1_csvs
CLZ,CLZ,ZETA,2615,"['Tejo', 'Sova']",2,255,0.96,178.1,0.88,68%,126.2,0.61,0.22,0.07,0.04,26%,16%,7/44,23,155,176,57,19,11,VCT 2025 Pacific Stage 1_csvs
Dambi,Dambi,NS,31827,"['Waylay', 'Neon', 'Jett', 'Yoru']",4,333,0.95,210.8,0.99,67%,133.6,0.72,0.24,0.15,0.18,24%,16%,3/19,23,240,242,81,49,61,VCT 2025 Pacific Stage 1_csvs
gyen,gyen,DFM,48577,"['Viper', 'Astra', 'Brimstone', 'Omen']",4,225,0.95,189.8,0.79,66%,125.8,0.62,0.34,0.08,0.1,37%,5%,2/38,21,139,177,76,17,22,VCT 2025 Pacific Stage 1_csvs
stax,stax,T1,485,"['Breach', 'Fade', 'Sova', 'Kayo']",4,378,0.95,175.2,0.94,70%,119.2,0.64,0.33,0.03,0.06,31%,12%,5/43,25,241,256,126,11,22,VCT 2025 Pacific Stage 1_csvs
crazyguy,crazyguy,RRQ,1430,"['Tejo', 'Breach', 'Omen']",3,573,0.94,181.8,0.92,72%,121.2,0.61,0.33,0.06,0.06,24%,14%,10/72,23,352,384,187,37,33,VCT 2025 Pacific Stage 1_csvs
Monyet,Monyet,RRQ,8497,"['Omen', 'Astra', 'Yoru', 'Neon', 'Viper', 'Raze']",6,573,0.94,181.1,0.93,71%,119.7,0.65,0.34,0.1,0.12,28%,22%,13/59,25,375,402,196,55,66,VCT 2025 Pacific Stage 1_csvs
TenTen,TenTen,ZETA,29839,"['Neon', 'Yoru']",2,103,0.94,216.4,0.96,69%,135.5,0.73,0.19,0.22,0.22,16%,25%,1/4,20,75,78,20,23,23,VCT 2025 Pacific Stage 1_csvs
Dep,Dep,ZETA,424,"['Raze', 'Yoru', 'Reyna', 'Neon']",4,152,0.94,211.1,0.98,61%,142.3,0.75,0.16,0.16,0.18,28%,14%,2/14,28,114,116,25,24,28,VCT 2025 Pacific Stage 1_csvs
Shiro,Shiro,BME,10739,"['Sova', 'Tejo', 'Kayo']",3,344,0.93,187.6,0.9,69%,128.1,0.64,0.27,0.09,0.07,27%,19%,6/32,23,220,244,94,32,24,VCT 2025 Pacific Stage 1_csvs
thyy,thyy,TLN,42901,"['Astra', 'Brimstone', 'Omen', 'Viper']",4,392,0.93,177.2,0.88,73%,113.7,0.62,0.39,0.06,0.05,33%,9%,5/53,24,242,274,153,23,20,VCT 2025 Pacific Stage 1_csvs
Sylvan,Sylvan,T1,4056,"['Brimstone', 'Omen', 'Viper', 'Astra']",4,378,0.92,179.2,0.86,71%,120.5,0.6,0.44,0.06,0.1,25%,12%,5/42,18,228,266,167,21,38,VCT 2025 Pacific Stage 1_csvs
JitBoyS,JitBoyS,TLN,13788,"['Vyse', 'Cypher', 'Deadlock', 'Killjoy', 'Harbor']",5,392,0.91,186.9,0.91,69%,125.6,0.66,0.19,0.12,0.15,36%,11%,4/37,20,258,282,74,47,57,VCT 2025 Pacific Stage 1_csvs
Meiy,Meiy,DFM,6672,"['Raze', 'Yoru', 'Jett', 'Neon']",4,225,0.9,190.3,0.89,64%,123.9,0.7,0.12,0.09,0.13,28%,18%,5/28,19,158,178,27,20,30,VCT 2025 Pacific Stage 1_csvs
Jremy,Jremy,TS,7405,"['Yoru', 'Neon', 'Waylay', 'Jett', 'Iso', 'Raze']",6,271,0.9,201.0,0.91,70%,131.7,0.71,0.21,0.14,0.18,26%,19%,4/21,27,192,211,58,37,49,VCT 2025 Pacific Stage 1_csvs
Crws,Crws,TLN,3977,"['Tejo', 'Sova', 'Deadlock', 'Fade']",4,392,0.9,174.2,0.87,65%,119.8,0.6,0.23,0.07,0.1,25%,15%,6/41,20,236,272,91,28,40,VCT 2025 Pacific Stage 1_csvs
Xdll,Xdll,ZETA,25221,"['Breach', 'Iso', 'Vyse']",3,255,0.88,200.5,0.88,68%,129.1,0.7,0.23,0.12,0.09,35%,15%,4/27,21,178,203,59,31,24,VCT 2025 Pacific Stage 1_csvs
kellyS,kellyS,GE,7437,"['Breach', 'Vyse', 'Cypher', 'Deadlock']",4,199,0.87,182.4,0.81,65%,119.7,0.62,0.33,0.06,0.09,21%,12%,2/17,19,124,153,66,11,18,VCT 2025 Pacific Stage 1_csvs
mindfreak,mindfreak,PRX,9800,"['Cypher', 'Viper', 'Vyse', 'Omen']",4,124,0.86,165.2,0.83,63%,114.1,0.57,0.21,0.06,0.07,30%,18%,3/17,17,71,86,26,7,9,VCT 2025 Pacific Stage 1_csvs
Wild0reoo,Wild0reoo,TS,9740,"['Chamber', 'Breach', 'Tejo', 'Gekko', 'Cypher', 'Raze', 'Yoru', 'Jett']",8,271,0.85,185.5,0.84,66%,123.4,0.66,0.17,0.12,0.14,26%,18%,4/22,25,179,212,45,32,37,VCT 2025 Pacific Stage 1_csvs
Estrella,Estrella,DRX,25025,"['Vyse', 'Omen', 'Killjoy', 'Cypher', 'Breach', 'Kayo', 'Viper', 'Harbor']",8,382,0.83,161.7,0.84,72%,103.9,0.56,0.32,0.06,0.08,25%,11%,4/38,22,214,255,121,22,29,VCT 2025 Pacific Stage 1_csvs
2GE,2GE,TS,9735,"['Astra', 'Brimstone', 'Omen', 'Viper']",4,271,0.81,165.3,0.74,66%,108.7,0.55,0.36,0.05,0.1,23%,5%,2/39,19,150,202,97,14,28,VCT 2025 Pacific Stage 1_csvs
Deryeon,Deryeon,GE,9152,"['Jett', 'Raze', 'Yoru']",3,78,0.81,207.5,0.74,69%,132.3,0.64,0.24,0.19,0.14,25%,0%,0/9,16,50,68,19,15,11,VCT 2025 Pacific Stage 1_csvs
Papi,Papi,GE,13219,"['Omen', 'Astra']",2,199,0.8,152.4,0.75,74%,98.8,0.55,0.32,0.05,0.09,26%,19%,4/21,15,110,147,63,10,18,VCT 2025 Pacific Stage 1_csvs
Jinboong,Jinboong,DFM,4052,"['Vyse', 'Fade', 'Viper']",3,225,0.8,157.4,0.72,62%,111.1,0.54,0.21,0.06,0.13,33%,12%,4/33,16,121,169,48,14,29,VCT 2025 Pacific Stage 1_csvs
SyouTa,SyouTa,ZETA,12990,"['Vyse', 'Viper', 'Cypher', 'Killjoy']",4,255,0.79,162.8,0.77,61%,108.1,0.58,0.19,0.1,0.07,35%,9%,3/32,18,147,190,48,26,18,VCT 2025 Pacific Stage 1_csvs
Suggest,Suggest,GEN,4559,"['Cypher', 'Killjoy', 'Vyse']",3,112,0.66,152.2,0.77,65%,110.8,0.57,0.12,0.09,0.12,30%,0%,0/8,21,64,83,13,10,13,VCT 2025 Pacific Stage 1_csvs
Art,Art,DFM,10627,"['Omen', 'Sova', 'Tejo', 'Breach']",4,225,0.61,135.7,0.52,61%,92.8,0.42,0.31,0.04,0.12,21%,0%,0/18,16,94,182,69,9,28,VCT 2025 Pacific Stage 1_csvs
yokam,yokam,GE,44259,"['Yoru', 'Jett', 'Raze']",3,121,0.55,152.7,0.56,60%,104.2,0.48,0.17,0.16,0.19,23%,13%,1/8,15,58,104,21,19,23,VCT 2025 Pacific Stage 1_csvs
Meiy,Meiy,DFM,6672,"['Yoru', 'Jett', 'Waylay', 'Neon']",4,274,1.25,266.2,1.35,74%,167.2,0.96,0.19,0.17,0.1,29%,17%,5/29,39,264,195,53,46,27,VCT 2025 Pacific Stage 2_csvs
something,something,PRX,17086,"['Yoru', 'Sova', 'Jett']",3,402,1.23,230.4,1.38,77%,149.3,0.85,0.21,0.18,0.09,26%,17%,10/59,32,340,247,86,71,38,VCT 2025 Pacific Stage 2_csvs
Jinggg,Jinggg,PRX,7378,"['Omen', 'Raze', 'Sage']",3,402,1.14,237.1,1.19,78%,154.3,0.81,0.29,0.13,0.09,24%,22%,5/23,24,325,274,116,53,38,VCT 2025 Pacific Stage 2_csvs
HYUNMIN,HYUNMIN,DRX,28400,"['Neon', 'Jett', 'Waylay', 'Raze']",4,333,1.13,242.8,1.15,74%,157.6,0.83,0.18,0.17,0.11,28%,13%,3/23,26,278,242,60,58,38,VCT 2025 Pacific Stage 2_csvs
Jemkin,Jemkin,RRQ,24895,"['Yoru', 'Waylay', 'Neon', 'Jett']",4,696,1.12,227.6,1.24,72%,141.9,0.83,0.17,0.18,0.15,35%,7%,4/54,31,579,468,115,124,105,VCT 2025 Pacific Stage 2_csvs
DH,DH,T1,43057,"['Omen', 'Brimstone']",2,442,1.1,196.8,1.07,75%,127.7,0.72,0.46,0.08,0.09,38%,26%,12/46,23,317,296,202,36,40,VCT 2025 Pacific Stage 2_csvs
primmie,primmie,TLN,25255,"['Sage', 'Deadlock', 'Yoru']",3,498,1.1,216.7,1.19,73%,136.5,0.79,0.22,0.11,0.1,39%,21%,10/48,30,394,332,110,55,52,VCT 2025 Pacific Stage 2_csvs
d4v41,d4v41,PRX,9803,"['Vyse', 'Viper', 'Sage', 'Killjoy']",4,402,1.1,199.2,1.16,74%,137.4,0.72,0.25,0.09,0.06,25%,12%,7/60,29,290,250,100,37,24,VCT 2025 Pacific Stage 2_csvs
Dep,Dep,ZETA,424,"['Viper', 'Killjoy', 'Vyse', 'Astra', 'Chamber']",5,238,1.08,218.8,1.07,71%,141.8,0.77,0.19,0.13,0.1,33%,13%,4/30,22,183,171,45,30,24,VCT 2025 Pacific Stage 2_csvs
Karon,Karon,GEN,34974,['Omen'],1,305,1.07,197.5,1.05,74%,124.5,0.71,0.47,0.1,0.06,35%,21%,7/33,23,216,206,144,29,19,VCT 2025 Pacific Stage 2_csvs
f0rsakeN,f0rsakeN,PRX,9801,"['Waylay', 'Omen', 'Brimstone', 'Sova']",4,402,1.07,213.7,1.12,75%,139.7,0.76,0.36,0.11,0.12,31%,37%,7/19,27,307,275,144,46,49,VCT 2025 Pacific Stage 2_csvs
xffero,xffero,RRQ,4871,"['Viper', 'Cypher', 'Killjoy', 'Astra', 'Omen']",5,696,1.06,190.9,1.11,70%,125.6,0.69,0.24,0.07,0.05,29%,20%,22/109,25,482,435,167,47,36,VCT 2025 Pacific Stage 2_csvs
dos9,dos9,BME,16215,"['Omen', 'Brimstone', 'Astra']",4,235,1.06,204.6,1.06,75%,126.0,0.72,0.39,0.08,0.09,29%,14%,5/37,25,169,160,92,18,20,VCT 2025 Pacific Stage 2_csvs
Dambi,Dambi,NS,31827,"['Neon', 'Jett', 'Raze', 'Waylay']",4,400,1.06,228.9,1.09,72%,141.2,0.79,0.22,0.19,0.16,24%,25%,4/16,23,314,289,89,74,65,VCT 2025 Pacific Stage 2_csvs
Flashback,Flashback,DRX,35013,"['Cypher', 'Killjoy', 'Viper', 'Vyse']",4,333,1.06,203.6,1.16,71%,134.8,0.74,0.18,0.09,0.08,33%,13%,6/47,24,247,213,61,31,27,VCT 2025 Pacific Stage 2_csvs
Monyet,Monyet,RRQ,8497,"['Omen', 'Neon', 'Viper', 'Waylay', 'Raze', 'Astra']",6,696,1.06,220.5,1.08,73%,141.3,0.75,0.35,0.13,0.14,28%,22%,11/51,24,522,485,244,89,98,VCT 2025 Pacific Stage 2_csvs
MaKo,MaKo,DRX,4462,"['Omen', 'Viper', 'Brimstone']",3,333,1.05,197.9,1.03,72%,128.4,0.67,0.36,0.09,0.12,27%,11%,4/37,22,222,216,119,31,39,VCT 2025 Pacific Stage 2_csvs
SugarZ3ro,SugarZ3ro,ZETA,6668,"['Omen', 'Viper', 'Brimstone']",3,238,1.05,204.4,0.99,70%,132.2,0.73,0.35,0.07,0.06,31%,17%,5/30,23,173,174,83,16,15,VCT 2025 Pacific Stage 2_csvs
Ash,Ash,GEN,25017,"['Sova', 'Fade']",2,305,1.05,185.3,1.1,75%,121.1,0.67,0.23,0.05,0.04,29%,17%,7/42,18,204,186,71,14,13,VCT 2025 Pacific Stage 2_csvs
Persia,Persia,NS,4122,"['Omen', 'Viper', 'Astra']",3,400,1.04,184.2,1.04,74%,116.4,0.67,0.39,0.08,0.08,29%,15%,9/60,27,266,257,157,30,31,VCT 2025 Pacific Stage 2_csvs
Meteor,Meteor,T1,13039,"['Cypher', 'Vyse', 'Astra', 'Viper']",4,442,1.04,222.0,1.06,71%,141.6,0.76,0.29,0.1,0.09,29%,6%,3/51,24,338,318,126,44,40,VCT 2025 Pacific Stage 2_csvs
UdoTan,UdoTan,GE,4428,"['Raze', 'Neon', 'Chamber']",3,241,1.04,234.5,1.1,66%,152.5,0.82,0.14,0.16,0.16,22%,22%,5/23,29,198,180,34,38,38,VCT 2025 Pacific Stage 2_csvs
gyen,gyen,DFM,48577,"['Omen', 'Viper']",2,274,1.02,190.1,1.03,69%,123.6,0.68,0.25,0.09,0.11,34%,14%,5/35,19,185,179,69,25,29,VCT 2025 Pacific Stage 2_csvs
invy,invy,TS,8504,"['Sova', 'Fade', 'Gekko', 'Chamber', 'Sage', 'Breach']",6,256,1.02,203.9,0.94,68%,136.5,0.72,0.22,0.08,0.06,30%,8%,3/38,28,184,195,56,21,15,VCT 2025 Pacific Stage 2_csvs
Kr1stal,Kr1stal,GE,5796,"['Fade', 'Deadlock', 'Tejo', 'Sova']",4,241,1.01,198.3,0.94,69%,130.4,0.68,0.23,0.09,0.09,28%,30%,6/20,21,164,174,56,22,21,VCT 2025 Pacific Stage 2_csvs
Killua,Killua,TLN,13784,"['Sova', 'Gekko', 'Fade']",3,498,1.01,199.9,1.05,74%,133.7,0.73,0.21,0.08,0.08,41%,18%,9/49,27,366,349,103,41,40,VCT 2025 Pacific Stage 2_csvs
Francis,Francis,NS,31828,"['Viper', 'Harbor', 'Fade', 'Kayo', 'Breach', 'Sova']",6,400,1.01,199.3,0.99,72%,129.4,0.69,0.36,0.08,0.1,26%,13%,5/38,27,275,278,144,30,38,VCT 2025 Pacific Stage 2_csvs
thyy,thyy,TLN,42901,"['Jett', 'Raze', 'Yoru', 'Neon', 'Omen']",5,498,1.01,222.4,1.07,71%,140.4,0.79,0.2,0.15,0.12,30%,18%,7/39,25,391,364,101,77,58,VCT 2025 Pacific Stage 2_csvs
t3xture,t3xture,GEN,9196,"['Neon', 'Jett', 'Raze']",3,305,1.0,215.4,1.05,67%,138.0,0.75,0.17,0.17,0.14,26%,16%,4/25,24,228,217,51,53,44,VCT 2025 Pacific Stage 2_csvs
Foxy9,Foxy9,GEN,11600,"['Killjoy', 'Sage', 'Deadlock']",3,305,0.99,187.1,1.05,71%,124.9,0.67,0.18,0.09,0.07,33%,10%,2/21,19,204,194,54,28,22,VCT 2025 Pacific Stage 2_csvs
Xdll,Xdll,ZETA,25221,"['Sova', 'Fade', 'Sage', 'Skye']",4,238,0.99,186.2,0.95,66%,122.1,0.69,0.23,0.08,0.09,34%,14%,4/28,26,164,173,54,18,21,VCT 2025 Pacific Stage 2_csvs
n1zzy,n1zzy,TS,14225,"['Cypher', 'Yoru', 'Viper', 'Brimstone', 'Killjoy', 'Jett', 'Neon']",7,256,0.98,189.6,0.91,67%,130.2,0.68,0.18,0.11,0.11,39%,20%,9/45,22,173,190,45,29,29,VCT 2025 Pacific Stage 2_csvs
Rb,Rb,NS,488,"['Sova', 'Kayo', 'Fade', 'Viper', 'Cypher']",5,400,0.98,187.0,0.97,68%,125.5,0.67,0.25,0.1,0.1,28%,14%,8/56,27,266,274,101,39,38,VCT 2025 Pacific Stage 2_csvs
JitBoyS,JitBoyS,TLN,13788,"['Killjoy', 'Astra', 'Cypher', 'Viper', 'Vyse', 'Omen']",6,498,0.97,184.7,1.0,72%,118.7,0.65,0.25,0.07,0.1,35%,10%,6/63,23,325,326,125,37,52,VCT 2025 Pacific Stage 2_csvs
BuZz,BuZz,T1,804,"['Yoru', 'Chamber', 'Raze']",3,442,0.97,201.6,1.02,67%,129.4,0.72,0.16,0.14,0.14,22%,7%,4/54,33,320,313,72,60,61,VCT 2025 Pacific Stage 2_csvs
free1ng,free1ng,DRX,1916,"['Sova', 'Skye', 'Fade', 'Viper']",4,333,0.96,185.4,0.96,71%,120.6,0.64,0.28,0.08,0.1,35%,21%,8/39,20,213,223,94,28,33,VCT 2025 Pacific Stage 2_csvs
Jinboong,Jinboong,DFM,4052,"['Cypher', 'Vyse', 'Killjoy', 'Fade', 'Deadlock']",5,274,0.96,186.9,0.95,69%,122.3,0.64,0.19,0.08,0.07,33%,18%,5/28,23,176,186,52,23,18,VCT 2025 Pacific Stage 2_csvs
ban,ban,GE,5129,"['Iso', 'Cypher', 'Viper', 'Clove', 'Omen']",5,241,0.95,205.8,0.98,66%,135.0,0.72,0.2,0.13,0.13,30%,9%,3/32,21,174,178,47,31,31,VCT 2025 Pacific Stage 2_csvs
Ivy,Ivy,NS,31829,"['Deadlock', 'Killjoy', 'Fade']",3,400,0.95,178.9,0.96,70%,114.7,0.64,0.21,0.07,0.07,28%,4%,2/46,23,256,267,85,26,28,VCT 2025 Pacific Stage 2_csvs
Munchkin,Munchkin,GEN,2489,"['Viper', 'Kayo']",2,305,0.94,200.9,0.97,70%,129.4,0.67,0.32,0.14,0.13,23%,6%,2/32,24,203,209,99,42,41,VCT 2025 Pacific Stage 2_csvs
crazyguy,crazyguy,RRQ,1430,"['Fade', 'Omen', 'Sova', 'Breach', 'Sage', 'Gekko', 'Tejo', 'Brimstone']",8,696,0.94,176.9,0.89,73%,115.9,0.61,0.39,0.06,0.07,28%,11%,10/93,24,423,473,270,45,50,VCT 2025 Pacific Stage 2_csvs
PatMen,PatMen,PRX,13744,"['Fade', 'Viper', 'Sova']",3,402,0.93,172.0,0.95,72%,116.4,0.63,0.29,0.05,0.06,31%,10%,4/40,25,253,267,118,21,25,VCT 2025 Pacific Stage 2_csvs
iZu,iZu,T1,29833,"['Neon', 'Yoru', 'Gekko']",3,442,0.92,212.4,0.98,65%,136.6,0.72,0.24,0.13,0.14,25%,13%,4/32,29,319,326,104,56,63,VCT 2025 Pacific Stage 2_csvs
Akame,Akame,DFM,13002,"['Iso', 'Raze', 'Harbor', 'Yoru', 'Omen', 'Kayo']",6,274,0.92,203.5,0.93,72%,133.2,0.69,0.25,0.11,0.12,29%,20%,4/20,23,188,203,68,31,34,VCT 2025 Pacific Stage 2_csvs
BerserX,BerserX,BME,4874,"['Cypher', 'Deadlock', 'Viper', 'Killjoy', 'Vyse']",5,235,0.92,186.5,0.94,68%,118.3,0.66,0.14,0.12,0.1,23%,7%,3/44,24,155,165,34,28,23,VCT 2025 Pacific Stage 2_csvs
Shiro,Shiro,BME,10739,"['Sova', 'Viper', 'Kayo']",3,235,0.91,187.5,0.86,71%,127.3,0.64,0.31,0.11,0.11,25%,14%,3/22,21,151,176,72,27,26,VCT 2025 Pacific Stage 2_csvs
Crws,Crws,TLN,3977,"['Viper', 'Fade', 'Omen', 'Deadlock', 'Brimstone']",5,498,0.9,164.6,0.86,73%,109.9,0.55,0.33,0.08,0.09,24%,17%,10/58,28,276,320,162,42,43,VCT 2025 Pacific Stage 2_csvs
kellyS,kellyS,TS,7437,"['Breach', 'Deadlock', 'Raze', 'Kayo', 'Vyse', 'Killjoy', 'Cypher']",7,256,0.9,187.2,0.83,68%,125.6,0.64,0.22,0.08,0.13,19%,4%,1/28,25,163,197,56,21,33,VCT 2025 Pacific Stage 2_csvs
Kushy,Kushy,RRQ,4866,"['Vyse', 'Sova', 'Deadlock', 'Fade', 'Killjoy']",5,696,0.89,168.8,0.85,71%,111.9,0.57,0.25,0.06,0.08,32%,16%,11/67,23,396,467,177,44,58,VCT 2025 Pacific Stage 2_csvs
Papi,Papi,GE,13219,"['Astra', 'Omen', 'Brimstone', 'Viper']",4,241,0.88,170.8,0.86,71%,113.6,0.58,0.29,0.06,0.06,27%,6%,2/33,17,140,163,71,14,14,VCT 2025 Pacific Stage 2_csvs
stax,stax,T1,485,"['Sova', 'Fade', 'Kayo']",3,442,0.88,158.6,0.84,68%,107.9,0.56,0.24,0.03,0.06,29%,16%,10/64,21,246,292,108,15,27,VCT 2025 Pacific Stage 2_csvs
CLZ,CLZ,ZETA,2615,"['Killjoy', 'Vyse', 'Sova', 'Omen', 'Deadlock', 'Cypher', 'Kayo']",7,238,0.85,161.3,0.81,68%,108.3,0.58,0.23,0.06,0.06,35%,24%,9/37,22,138,171,54,15,14,VCT 2025 Pacific Stage 2_csvs
TenTen,TenTen,ZETA,29839,"['Neon', 'Raze', 'Omen', 'Jett', 'Yoru']",5,238,0.84,194.9,0.85,64%,130.8,0.66,0.21,0.13,0.23,17%,10%,2/20,22,157,185,51,30,55,VCT 2025 Pacific Stage 2_csvs
yoman,yoman,GE,25081,"['Sage', 'Sova', 'Skye', 'Fade', 'Vyse', 'Deadlock']",6,241,0.83,157.9,0.8,71%,104.0,0.57,0.3,0.07,0.06,27%,18%,7/38,22,137,171,72,18,14,VCT 2025 Pacific Stage 2_csvs
Famouz,Famouz,BME,2348,"['Yoru', 'Neon', 'Raze', 'Jett']",4,235,0.82,197.4,0.84,64%,126.7,0.66,0.15,0.12,0.12,18%,5%,1/22,18,156,185,35,29,29,VCT 2025 Pacific Stage 2_csvs
Estrella,Estrella,DRX,25025,"['Viper', 'Sage', 'Gekko', 'Fade', 'Kayo']",5,333,0.81,152.2,0.74,71%,99.4,0.49,0.39,0.05,0.1,27%,19%,5/26,18,164,223,131,15,33,VCT 2025 Pacific Stage 2_csvs
NcSlasher,NcSlasher,BME,7043,"['Deadlock', 'Sova', 'Fade', 'Kayo']",5,235,0.78,159.9,0.75,65%,106.1,0.56,0.3,0.06,0.09,24%,4%,1/24,19,132,175,71,15,20,VCT 2025 Pacific Stage 2_csvs
ZesBeeW,ZesBeeW,TS,2380,"['Neon', 'Omen', 'Viper']",3,195,0.76,151.4,0.72,64%,101.2,0.55,0.31,0.08,0.17,24%,20%,5/25,28,107,148,61,16,34,VCT 2025 Pacific Stage 2_csvs
Wild0reoo,Wild0reoo,TS,9740,"['Omen', 'Cypher', 'Skye', 'Viper', 'Neon']",5,256,0.76,162.9,0.7,63%,107.5,0.55,0.27,0.06,0.15,34%,26%,6/23,23,140,199,70,15,39,VCT 2025 Pacific Stage 2_csvs
JessieVash,JessieVash,TS,2334,['Sova'],1,61,0.75,141.7,0.7,59%,103.7,0.49,0.16,0.03,0.03,32%,0%,0/11,16,30,43,10,2,2,VCT 2025 Pacific Stage 2_csvs
SSeeS,SSeeS,DFM,21438,"['Sova', 'Fade', 'Omen']",3,274,0.66,122.5,0.64,63%,81.5,0.43,0.2,0.05,0.1,25%,15%,6/41,12,117,182,54,13,28,VCT 2025 Pacific Stage 2_csvs
trexx,trexx,VIT,2168,"['Sova', 'Fade']",2,151,1.23,228.0,1.24,72%,155.0,0.81,0.34,0.09,0.07,23%,14%,3/21,26,123,99,52,13,10,Valorant Champions 2024_csvs
Derke,Derke,FNC,5022,"['Raze', 'Yoru']",2,293,1.22,257.4,1.33,72%,167.0,0.92,0.18,0.17,0.14,24%,27%,6/22,30,269,202,54,51,42,Valorant Champions 2024_csvs
primmie,primmie,TLN,25255,"['Yoru', 'Sage', 'Clove', 'Raze']",4,85,1.22,243.0,1.32,74%,152.4,0.88,0.27,0.08,0.06,37%,13%,2/15,22,75,57,23,7,5,Valorant Champions 2024_csvs
Chronicle,Chronicle,FNC,458,"['Viper', 'Sova']",2,293,1.21,224.4,1.23,73%,153.8,0.77,0.29,0.13,0.07,26%,12%,4/34,25,227,185,84,38,21,Valorant Champions 2024_csvs
keznit,keznit,KRÜ,2462,"['Neon', 'Omen', 'Raze', 'Jett']",4,156,1.18,250.8,1.16,76%,170.7,0.83,0.33,0.14,0.08,23%,13%,1/8,22,130,112,51,22,13,Valorant Champions 2024_csvs
CHICHOO,CHICHOO,EDG,15559,"['Omen', 'Viper', 'Killjoy', 'Cypher', 'Astra']",5,449,1.18,221.5,1.24,76%,144.5,0.79,0.29,0.11,0.06,29%,16%,9/57,27,353,284,129,50,26,Valorant Champions 2024_csvs
Meteor,Meteor,GEN,13039,"['Killjoy', 'Yoru', 'Cypher']",3,153,1.17,241.1,1.32,71%,160.7,0.9,0.17,0.11,0.1,37%,16%,3/19,28,137,104,26,17,16,Valorant Champions 2024_csvs
RieNs,RieNs,TH,10971,"['Sova', 'Gekko', 'Viper']",3,552,1.15,214.2,1.17,75%,145.0,0.76,0.29,0.09,0.09,38%,22%,14/65,28,419,359,158,48,50,Valorant Champions 2024_csvs
Smoggy,Smoggy,EDG,4742,"['Clove', 'Brimstone', 'Viper', 'Omen']",4,449,1.14,213.1,1.21,76%,133.8,0.76,0.37,0.06,0.06,28%,15%,9/60,23,340,281,165,29,28,Valorant Champions 2024_csvs
t3xture,t3xture,GEN,9196,"['Jett', 'Raze']",2,153,1.14,242.6,1.17,69%,157.2,0.84,0.18,0.18,0.14,25%,19%,3/16,24,128,109,27,28,21,Valorant Champions 2024_csvs
aspas,aspas,LEV,8480,"['Raze', 'Jett', 'Neon']",3,407,1.14,220.5,1.19,74%,146.9,0.8,0.17,0.15,0.1,28%,16%,7/45,29,326,274,68,61,42,Valorant Champions 2024_csvs
zekken,zekken,SEN,4004,"['Jett', 'Raze', 'Neon']",3,361,1.12,252.2,1.17,71%,161.0,0.89,0.26,0.2,0.18,23%,27%,4/15,27,323,275,94,73,66,Valorant Champions 2024_csvs
TenZ,TenZ,SEN,9,"['Omen', 'Gekko', 'Kayo']",3,361,1.1,213.4,1.08,75%,139.2,0.75,0.44,0.07,0.09,25%,5%,2/37,29,271,251,158,27,33,Valorant Champions 2024_csvs
Kai,Kai,TE,37494,"['Jett', 'Cypher', 'Killjoy']",3,208,1.1,213.9,1.1,70%,145.8,0.76,0.17,0.14,0.13,29%,4%,1/26,25,158,143,36,29,26,Valorant Champions 2024_csvs
ZmjjKK,ZmjjKK,EDG,3520,"['Neon', 'Raze', 'Jett']",3,449,1.1,250.8,1.2,69%,160.6,0.88,0.21,0.23,0.19,24%,17%,4/23,28,394,329,95,105,85,Valorant Champions 2024_csvs
Alfajer,Alfajer,FNC,9810,"['Gekko', 'Killjoy', 'Breach', 'Iso']",4,293,1.09,209.7,1.11,73%,145.3,0.75,0.23,0.09,0.07,32%,19%,6/31,25,220,198,68,27,20,Valorant Champions 2024_csvs
Autumn,Autumn,FPX,872,"['Viper', 'Chamber']",2,115,1.08,211.8,1.12,71%,134.5,0.75,0.23,0.17,0.1,32%,15%,3/20,20,86,77,27,19,11,Valorant Champions 2024_csvs
Shyy,Shyy,KRÜ,24007,"['Cypher', 'Viper', 'Killjoy']",3,156,1.07,211.1,1.16,69%,139.9,0.78,0.26,0.13,0.12,27%,24%,6/25,23,121,104,40,21,18,Valorant Champions 2024_csvs
yetujey,yetujey,FUT,8369,"['Cypher', 'Viper']",2,88,1.07,231.8,1.14,69%,145.0,0.82,0.18,0.19,0.08,30%,0%,0/16,19,72,63,16,17,7,Valorant Champions 2024_csvs
mindfreak,mindfreak,PRX,9800,"['Viper', 'Omen', 'Brimstone']",3,140,1.06,210.1,1.04,78%,134.4,0.74,0.41,0.05,0.04,31%,19%,3/16,22,104,100,58,7,6,Valorant Champions 2024_csvs
Kicks,Kicks,VIT,11134,"['Kayo', 'Gekko', 'Breach']",3,151,1.05,187.1,0.92,72%,120.2,0.63,0.5,0.06,0.07,24%,22%,4/18,22,95,103,75,9,11,Valorant Champions 2024_csvs
Flashback,Flashback,DRX,35013,"['Cypher', 'Viper', 'Killjoy']",3,238,1.04,202.3,1.16,76%,133.4,0.74,0.23,0.1,0.05,30%,18%,6/34,27,177,153,54,24,12,Valorant Champions 2024_csvs
kiNgg,kiNgg,LEV,8549,"['Brimstone', 'Omen', 'Viper']",3,407,1.04,185.1,1.04,75%,120.2,0.67,0.36,0.08,0.07,32%,17%,10/58,25,271,261,148,31,29,Valorant Champions 2024_csvs
LuoK1ng,LuoK1ng,TE,3045,"['Omen', 'Brimstone', 'Astra']",3,208,1.04,201.6,1.1,74%,131.3,0.75,0.35,0.07,0.04,33%,0%,0/29,27,155,141,73,15,9,Valorant Champions 2024_csvs
heat,heat,KRÜ,8673,"['Breach', 'Sova', 'Fade', 'Gekko']",4,156,1.03,191.4,1.09,74%,123.3,0.73,0.26,0.06,0.04,33%,9%,2/23,21,114,105,40,10,7,Valorant Champions 2024_csvs
MaKo,MaKo,DRX,4462,"['Omen', 'Brimstone', 'Viper']",3,238,1.02,192.7,0.99,77%,124.9,0.66,0.4,0.07,0.08,27%,17%,4/23,21,157,158,95,16,19,Valorant Champions 2024_csvs
BuZz,BuZz,DRX,804,"['Jett', 'Raze', 'Neon']",3,238,1.01,241.3,1.11,68%,149.7,0.83,0.17,0.22,0.2,23%,17%,2/12,24,198,178,40,53,47,Valorant Champions 2024_csvs
Sacy,Sacy,SEN,659,"['Sova', 'Fade', 'Gekko']",3,361,1.01,190.1,0.9,74%,128.8,0.61,0.45,0.07,0.08,23%,21%,8/39,19,222,247,162,26,29,Valorant Champions 2024_csvs
Sayf,Sayf,VIT,312,"['Jett', 'Neon', 'Raze']",3,151,1.01,210.0,1.03,67%,139.1,0.72,0.22,0.11,0.17,27%,20%,3/15,22,109,106,33,16,25,Valorant Champions 2024_csvs
johnqt,johnqt,SEN,1265,"['Cypher', 'Deadlock', 'Viper']",3,361,1.0,162.2,1.01,74%,106.9,0.59,0.28,0.07,0.06,24%,18%,9/50,23,214,212,101,27,22,Valorant Champions 2024_csvs
valyn,valyn,G2,3885,"['Harbor', 'Omen', 'Brimstone', 'Astra']",4,200,0.99,191.2,0.99,72%,118.4,0.7,0.34,0.07,0.07,23%,18%,5/28,25,139,140,67,13,13,Valorant Champions 2024_csvs
S1Mon,S1Mon,EDG,13768,"['Breach', 'Fade', 'Kayo']",3,449,0.99,164.5,0.89,76%,109.1,0.57,0.49,0.06,0.04,29%,20%,8/40,24,256,287,220,29,16,Valorant Champions 2024_csvs
Karon,Karon,GEN,34974,"['Omen', 'Astra', 'Brimstone', 'Viper']",4,153,0.99,180.4,1.0,73%,114.8,0.67,0.42,0.07,0.07,32%,19%,3/16,23,103,103,64,11,10,Valorant Champions 2024_csvs
cNed,cNed,FUT,573,"['Jett', 'Raze']",2,88,0.99,222.3,0.99,67%,151.4,0.77,0.13,0.18,0.14,25%,0%,0/8,21,68,69,11,16,12,Valorant Champions 2024_csvs
Wo0t,Wo0t,TH,21328,"['Gekko', 'Fade', 'Omen', 'Skye', 'Kayo', 'Breach']",6,552,0.99,189.6,0.97,75%,124.2,0.66,0.39,0.07,0.09,36%,18%,9/51,25,363,376,213,39,49,Valorant Champions 2024_csvs
Zellsis,Zellsis,SEN,729,"['Breach', 'Cypher', 'Brimstone', 'Killjoy', 'Kayo']",5,361,0.98,175.1,0.93,73%,111.8,0.61,0.41,0.07,0.09,23%,14%,7/51,22,220,236,149,24,34,Valorant Champions 2024_csvs
hiro,hiro,FNC,29867,"['Fade', 'Viper', 'Cypher']",3,293,0.98,185.2,1.02,73%,118.8,0.66,0.28,0.06,0.08,28%,16%,4/25,21,193,190,83,19,24,Valorant Champions 2024_csvs
ban,ban,TLN,5129,"['Skye', 'Phoenix', 'Deadlock', 'Cypher']",4,85,0.98,184.0,1.04,72%,118.5,0.68,0.2,0.08,0.08,38%,8%,1/13,18,58,56,17,7,7,Valorant Champions 2024_csvs
C0M,C0M,LEV,619,"['Viper', 'Sova', 'Fade']",3,407,0.98,192.8,0.95,70%,136.3,0.64,0.27,0.08,0.08,25%,14%,8/56,22,260,274,109,31,31,Valorant Champions 2024_csvs
Boo,Boo,TH,1144,"['Astra', 'Brimstone', 'Fade', 'Viper', 'Omen', 'Sage']",6,552,0.98,180.2,0.95,74%,113.8,0.64,0.38,0.08,0.06,31%,14%,15/104,24,354,372,210,46,33,Valorant Champions 2024_csvs
MiniBoo,MiniBoo,TH,18350,"['Jett', 'Raze', 'Yoru', 'Neon']",4,552,0.97,206.0,0.99,69%,134.5,0.72,0.18,0.16,0.16,30%,14%,3/22,24,398,403,97,87,88,Valorant Champions 2024_csvs
leaf,leaf,G2,7873,"['Killjoy', 'Viper']",2,200,0.97,202.7,0.93,69%,138.5,0.7,0.19,0.14,0.1,21%,11%,2/19,27,140,150,37,28,20,Valorant Champions 2024_csvs
AAAAY,AAAAY,FPX,19530,"['Fade', 'Gekko']",2,115,0.97,181.8,1.05,68%,122.8,0.7,0.17,0.08,0.05,31%,6%,1/17,27,81,77,20,9,6,Valorant Champions 2024_csvs
benjyfishy,benjyfishy,TH,29873,"['Cypher', 'Viper', 'Killjoy']",3,552,0.96,190.3,1.02,69%,127.9,0.7,0.18,0.08,0.12,36%,16%,9/58,24,388,380,99,46,65,Valorant Champions 2024_csvs
BerLIN,BerLIN,FPX,7857,"['Omen', 'Astra', 'Breach']",3,115,0.96,178.6,0.92,69%,118.5,0.62,0.36,0.1,0.08,26%,7%,1/14,20,71,77,41,11,9,Valorant Champions 2024_csvs
trent,trent,G2,15500,"['Sova', 'Fade', 'Gekko']",3,200,0.96,195.9,0.89,68%,132.5,0.65,0.31,0.09,0.11,30%,10%,3/29,20,130,146,61,18,21,Valorant Champions 2024_csvs
Mazino,Mazino,LEV,7603,"['Skye', 'Deadlock', 'Breach', 'Harbor']",4,407,0.95,194.8,0.94,70%,125.6,0.69,0.36,0.09,0.09,27%,18%,6/33,24,279,298,146,36,38,Valorant Champions 2024_csvs
Munchkin,Munchkin,GEN,2489,"['Viper', 'Kayo']",2,153,0.95,191.6,0.84,78%,127.3,0.6,0.49,0.1,0.08,24%,8%,2/26,21,92,109,75,15,13,Valorant Champions 2024_csvs
f0rsakeN,f0rsakeN,PRX,9801,"['Sova', 'Kayo', 'Breach', 'Fade', 'Cypher']",5,140,0.95,181.9,0.93,68%,121.9,0.67,0.3,0.05,0.11,37%,19%,4/21,21,94,101,42,7,16,Valorant Champions 2024_csvs
FengF,FengF,TE,4770,"['Killjoy', 'Raze', 'Cypher']",3,208,0.95,203.1,1.02,67%,132.4,0.71,0.1,0.13,0.14,29%,15%,3/20,21,147,144,21,28,29,Valorant Champions 2024_csvs
BeYN,BeYN,DRX,4678,"['Sova', 'Fade']",2,238,0.95,175.6,0.97,73%,115.2,0.64,0.26,0.05,0.09,25%,28%,9/32,18,153,158,63,12,22,Valorant Champions 2024_csvs
qRaxs,qRaxs,FUT,1139,"['Breach', 'Fade', 'Gekko']",3,88,0.94,155.5,0.88,70%,101.9,0.57,0.3,0.05,0.07,29%,21%,3/14,17,50,57,26,4,6,Valorant Champions 2024_csvs
icy,icy,G2,8402,"['Gekko', 'Raze', 'Yoru']",3,200,0.93,183.2,0.88,67%,124.5,0.65,0.21,0.12,0.13,30%,19%,4/21,24,129,147,42,23,25,Valorant Champions 2024_csvs
nobody,nobody,EDG,3017,"['Fade', 'Gekko', 'Sova']",3,449,0.93,180.2,0.95,72%,118.2,0.63,0.28,0.08,0.1,33%,24%,10/42,23,282,298,126,36,45,Valorant Champions 2024_csvs
d4v41,d4v41,PRX,9803,"['Killjoy', 'Fade', 'Sage', 'Viper', 'Skye']",5,140,0.93,181.0,0.87,72%,125.0,0.64,0.27,0.05,0.07,32%,20%,4/20,19,89,102,38,7,10,Valorant Champions 2024_csvs
something,something,PRX,17086,"['Jett', 'Gekko']",2,140,0.93,205.0,0.93,69%,133.7,0.69,0.26,0.13,0.14,28%,6%,1/16,18,97,104,36,18,20,Valorant Champions 2024_csvs
Flex1n,Flex1n,BLG,4705,"['Brimstone', 'Omen', 'Viper']",3,78,0.93,182.5,0.83,73%,126.7,0.64,0.32,0.1,0.08,36%,15%,2/13,16,50,60,25,8,6,Valorant Champions 2024_csvs
Foxy9,Foxy9,DRX,11600,"['Breach', 'Kayo', 'Gekko', 'Chamber']",4,238,0.93,180.3,0.93,71%,119.6,0.64,0.41,0.05,0.09,29%,15%,4/27,23,152,164,97,11,22,Valorant Champions 2024_csvs
whzy,whzy,BLG,4885,"['Raze', 'Neon', 'Jett']",3,78,0.92,245.3,0.91,65%,150.9,0.79,0.21,0.18,0.23,22%,0%,0/3,23,62,68,16,14,18,Valorant Champions 2024_csvs
runneR,runneR,VIT,21610,"['Killjoy', 'Cypher', 'Viper']",3,151,0.91,205.1,0.88,68%,137.1,0.67,0.26,0.13,0.09,20%,0%,0/17,21,101,115,40,20,14,Valorant Champions 2024_csvs
Jinggg,Jinggg,PRX,7378,"['Sage', 'Neon', 'Raze']",3,140,0.91,209.7,0.88,69%,137.2,0.67,0.35,0.12,0.23,18%,18%,2/11,21,94,107,49,17,32,Valorant Champions 2024_csvs
Melser,Melser,KRÜ,1311,"['Omen', 'Harbor', 'Brimstone', 'Viper']",4,156,0.91,178.6,0.86,69%,114.5,0.6,0.3,0.1,0.13,31%,15%,3/20,22,94,109,47,15,21,Valorant Champions 2024_csvs
ceNder,ceNder,VIT,4321,"['Omen', 'Viper']",2,151,0.88,167.0,0.9,68%,108.4,0.64,0.32,0.07,0.15,29%,7%,1/15,19,96,107,48,10,23,Valorant Champions 2024_csvs
mta,mta,KRÜ,36169,"['Sova', 'Kayo', 'Gekko', 'Viper']",4,156,0.88,173.9,0.87,71%,115.3,0.62,0.27,0.1,0.09,32%,8%,1/12,19,97,112,42,15,14,Valorant Champions 2024_csvs
JonahP,JonahP,G2,4581,"['Viper', 'Skye']",2,200,0.88,183.8,0.83,66%,117.1,0.63,0.28,0.09,0.12,23%,13%,3/24,21,125,151,56,17,23,Valorant Champions 2024_csvs
tex,tex,LEV,1818,"['Gekko', 'Cypher', 'Killjoy']",3,407,0.88,194.5,0.91,67%,130.0,0.69,0.19,0.12,0.14,33%,16%,5/32,26,280,307,76,50,57,Valorant Champions 2024_csvs
heybay,heybay,TE,4712,"['Kayo', 'Breach', 'Deadlock', 'Viper']",4,208,0.86,163.3,0.79,74%,108.9,0.56,0.4,0.06,0.08,25%,9%,2/22,20,117,148,84,13,16,Valorant Champions 2024_csvs
Lysoar,Lysoar,FPX,37489,"['Cypher', 'Viper', 'Omen']",3,115,0.85,166.6,0.78,70%,118.7,0.57,0.37,0.04,0.04,20%,13%,1/8,21,66,85,42,5,5,Valorant Champions 2024_csvs
Biank,Biank,TE,3021,"['Sova', 'Skye', 'Fade']",3,208,0.82,165.5,0.78,64%,106.9,0.54,0.34,0.1,0.11,16%,35%,6/17,18,113,145,71,20,23,Valorant Champions 2024_csvs
Knight,Knight,BLG,4774,"['Cypher', 'Breach', 'Sage']",3,78,0.8,147.3,0.67,64%,96.5,0.51,0.42,0.03,0.06,29%,8%,1/13,14,40,60,33,2,5,Valorant Champions 2024_csvs
AtaKaptan,AtaKaptan,FUT,6510,"['Viper', 'Brimstone', 'Omen']",3,88,0.8,160.8,0.75,64%,106.3,0.53,0.34,0.05,0.1,24%,0%,0/7,15,47,63,30,4,9,Valorant Champions 2024_csvs
MrFaliN,MrFaliN,FUT,8044,"['Omen', 'Gekko', 'Breach']",3,88,0.78,172.8,0.75,70%,113.3,0.56,0.35,0.06,0.09,25%,13%,1/8,16,49,65,31,5,8,Valorant Champions 2024_csvs
nephh,nephh,BLG,10698,"['Skye', 'Fade', 'Kayo']",3,78,0.77,167.0,0.68,58%,106.0,0.54,0.32,0.05,0.12,20%,0%,0/11,13,42,62,25,4,9,Valorant Champions 2024_csvs
JitBoyS,JitBoyS,TLN,13788,"['Viper', 'Clove', 'Omen']",3,85,0.76,181.8,0.72,72%,118.0,0.59,0.22,0.14,0.07,35%,11%,1/9,18,50,69,19,12,6,Valorant Champions 2024_csvs
Governor,Governor,TLN,3980,"['Neon', 'Sova', 'Raze', 'Deadlock']",4,85,0.75,183.3,0.76,62%,120.2,0.59,0.25,0.12,0.18,20%,0%,0/12,20,50,66,21,10,15,Valorant Champions 2024_csvs
Boaster,Boaster,FNC,438,"['Astra', 'Omen']",2,293,0.71,122.2,0.68,70%,76.9,0.43,0.32,0.06,0.12,25%,14%,5/35,16,125,185,95,18,34,Valorant Champions 2024_csvs
Life,Life,FPX,3028,"['Yoru', 'Raze', 'Viper']",3,115,0.71,175.8,0.78,61%,116.3,0.6,0.14,0.13,0.22,32%,13%,1/8,18,69,89,16,15,25,Valorant Champions 2024_csvs
Lakia,Lakia,GEN,773,"['Skye', 'Sova', 'Fade', 'Gekko']",4,153,0.61,118.3,0.56,69%,79.5,0.39,0.3,0.05,0.09,23%,25%,3/12,16,60,108,46,8,14,Valorant Champions 2024_csvs
yosemite,yosemite,BLG,6022,"['Viper', 'Cypher', 'Killjoy']",3,78,0.61,127.0,0.52,55%,84.8,0.4,0.23,0.05,0.1,25%,0%,0/13,12,31,60,18,4,8,Valorant Champions 2024_csvs
Crws,Crws,TLN,3977,"['Omen', 'Kayo', 'Fade']",3,85,0.51,133.8,0.57,61%,91.2,0.45,0.24,0.05,0.14,19%,17%,1/6,11,38,67,20,4,12,Valorant Champions 2024_csvs
aspas,aspas,MIBR,8480,"['Neon', 'Waylay', 'Raze', 'Jett']",4,330,1.33,261.6,1.66,79%,164.7,0.97,0.13,0.2,0.07,26%,8%,2/26,32,319,192,44,67,23,Valorant Champions 2025_csvs
RieNs,RieNs,TH,10971,"['Fade', 'Sova']",2,256,1.17,226.1,1.14,73%,148.9,0.79,0.33,0.07,0.05,34%,20%,7/35,23,203,178,85,18,12,Valorant Champions 2025_csvs
brawk,brawk,NRG,2172,"['Sova', 'Vyse']",2,377,1.16,224.6,1.17,76%,144.7,0.73,0.34,0.07,0.06,17%,9%,4/47,28,275,236,128,26,23,Valorant Champions 2025_csvs
kaajak,kaajak,FNC,9554,"['Yoru', 'Waylay', 'Raze', 'Neon']",4,453,1.15,227.1,1.2,71%,147.9,0.82,0.2,0.21,0.13,32%,11%,3/28,30,372,311,90,95,59,Valorant Champions 2025_csvs
johnqt,johnqt,SEN,1265,"['Viper', 'Cypher', 'Sova']",3,126,1.14,187.0,1.13,79%,118.7,0.67,0.27,0.04,0.04,33%,9%,2/22,17,85,75,34,5,5,Valorant Champions 2025_csvs
Smoggy,Smoggy,EDG,4742,"['Omen', 'Brimstone']",2,119,1.13,206.0,1.09,77%,135.3,0.74,0.4,0.09,0.04,25%,17%,4/23,26,88,81,48,11,5,Valorant Champions 2025_csvs
leaf,leaf,G2,7873,"['Cypher', 'Viper', 'Deadlock', 'Chamber']",4,268,1.11,222.8,1.13,71%,151.5,0.79,0.26,0.11,0.09,21%,15%,5/33,30,213,188,69,30,24,Valorant Champions 2025_csvs
something,something,PRX,17086,"['Yoru', 'Sova']",2,356,1.1,220.4,1.17,72%,141.0,0.79,0.26,0.16,0.13,25%,13%,5/38,28,281,240,94,57,48,Valorant Champions 2025_csvs
Knight,Knight,BLG,4774,"['Sova', 'Fade']",2,95,1.1,196.8,0.97,67%,135.4,0.68,0.28,0.08,0.09,26%,12%,2/17,20,65,67,27,8,9,Valorant Champions 2025_csvs
skuba,skuba,NRG,11118,"['Vyse', 'Viper', 'Killjoy', 'Cypher']",4,377,1.09,190.1,1.17,76%,124.9,0.71,0.25,0.06,0.06,30%,21%,12/58,28,266,228,94,21,24,Valorant Champions 2025_csvs
Chronicle,Chronicle,FNC,458,"['Vyse', 'Breach', 'Viper', 'Cypher']",4,453,1.09,206.0,1.07,70%,138.9,0.72,0.28,0.09,0.08,29%,8%,5/62,31,326,304,125,42,35,Valorant Champions 2025_csvs
SpiritZ1,SpiritZ1,DRG,31753,['Yoru'],1,98,1.08,237.0,1.03,79%,155.7,0.82,0.33,0.21,0.11,30%,0%,0/2,27,80,78,32,21,11,Valorant Champions 2025_csvs
NoMan,NoMan,XLG,11527,"['Skye', 'Neon', 'Jett', 'Deadlock', 'Killjoy', 'Kayo']",6,157,1.08,221.4,1.18,73%,140.7,0.78,0.19,0.1,0.1,32%,5%,1/19,23,123,104,30,16,16,Valorant Champions 2025_csvs
cortezia,cortezia,MIBR,5395,"['Killjoy', 'Viper', 'Cypher', 'Vyse']",4,330,1.08,196.4,1.27,75%,130.2,0.72,0.21,0.11,0.07,33%,8%,3/40,25,237,186,68,35,22,Valorant Champions 2025_csvs
Cloud,Cloud,GX,4181,"['Fade', 'Sova', 'Gekko']",3,261,1.07,202.5,1.02,70%,135.2,0.69,0.33,0.07,0.06,29%,7%,3/43,23,179,176,85,18,16,Valorant Champions 2025_csvs
Alfajer,Alfajer,FNC,9810,"['Sage', 'Cypher', 'Tejo', 'Killjoy', 'Vyse', 'Neon']",6,391,1.06,211.7,1.14,69%,141.3,0.76,0.18,0.14,0.1,34%,5%,2/40,25,299,263,72,53,41,Valorant Champions 2025_csvs
jawgemo,jawgemo,G2,3993,"['Raze', 'Yoru']",2,268,1.05,230.4,1.09,68%,141.7,0.8,0.2,0.2,0.14,28%,19%,6/31,28,214,196,54,53,38,Valorant Champions 2025_csvs
Jinggg,Jinggg,PRX,7378,"['Raze', 'Sage', 'Omen']",3,356,1.05,224.3,1.1,74%,146.0,0.78,0.24,0.12,0.13,22%,12%,3/25,28,278,252,84,43,47,Valorant Champions 2025_csvs
Verno,Verno,MIBR,21668,"['Sova', 'Fade']",2,330,1.05,199.3,1.15,76%,129.3,0.67,0.33,0.1,0.06,25%,17%,4/24,22,220,191,110,32,19,Valorant Champions 2025_csvs
ZmjjKK,ZmjjKK,EDG,3520,"['Yoru', 'Neon']",2,119,1.04,237.4,1.08,62%,143.5,0.82,0.18,0.21,0.19,24%,0%,0/15,23,97,90,22,25,23,Valorant Champions 2025_csvs
iZu,iZu,T1,29833,"['Yoru', 'Waylay']",2,148,1.04,212.2,1.09,70%,124.8,0.76,0.15,0.14,0.1,26%,21%,4/19,22,113,104,22,21,15,Valorant Champions 2025_csvs
Meteor,Meteor,T1,13039,"['Vyse', 'Cypher']",2,148,1.04,219.0,0.96,68%,144.2,0.74,0.18,0.17,0.07,36%,11%,3/27,29,110,114,26,25,11,Valorant Champions 2025_csvs
Flashback,Flashback,DRX,35013,"['Yoru', 'Neon']",2,477,1.04,223.1,1.12,66%,145.1,0.8,0.16,0.17,0.16,24%,10%,3/31,26,380,338,78,80,78,Valorant Champions 2025_csvs
valyn,valyn,G2,3885,"['Omen', 'Astra', 'Brimstone']",3,268,1.03,192.3,0.97,75%,124.1,0.65,0.37,0.09,0.07,26%,14%,3/21,21,173,179,100,24,20,Valorant Champions 2025_csvs
f0rsakeN,f0rsakeN,PRX,9801,"['Brimstone', 'Omen', 'Waylay']",3,356,1.03,213.1,1.04,73%,135.5,0.75,0.42,0.09,0.12,31%,17%,5/29,28,266,257,149,31,44,Valorant Champions 2025_csvs
Wo0t,Wo0t,TH,21328,"['Viper', 'Chamber', 'Raze', 'Jett', 'Yoru']",5,256,1.03,209.9,1.05,71%,138.2,0.75,0.16,0.13,0.12,30%,26%,7/27,25,193,183,40,34,30,Valorant Champions 2025_csvs
happywei,happywei,XLG,37927,"['Viper', 'Cypher', 'Omen']",3,157,1.03,216.4,1.06,70%,145.8,0.75,0.32,0.1,0.15,39%,10%,2/21,24,118,111,50,15,23,Valorant Champions 2025_csvs
nAts,nAts,TL,457,"['Cypher', 'Viper', 'Waylay']",3,148,1.02,194.4,1.06,69%,126.7,0.69,0.18,0.11,0.11,26%,19%,4/21,27,102,96,27,16,16,Valorant Champions 2025_csvs
HYUNMIN,HYUNMIN,DRX,28400,"['Waylay', 'Raze']",2,477,1.01,211.0,1.11,68%,139.4,0.76,0.19,0.11,0.09,40%,6%,2/34,36,362,327,92,53,44,Valorant Champions 2025_csvs
MaKo,MaKo,DRX,4462,"['Omen', 'Brimstone']",2,477,1.01,171.7,1.02,72%,108.9,0.61,0.37,0.08,0.09,25%,13%,9/68,21,291,284,177,36,42,Valorant Champions 2025_csvs
d4v41,d4v41,PRX,9803,"['Viper', 'Sage', 'Vyse']",3,356,1.01,186.9,1.03,71%,127.3,0.67,0.26,0.05,0.09,27%,17%,9/54,20,238,230,93,19,31,Valorant Champions 2025_csvs
Viva,Viva,XLG,36415,"['Brimstone', 'Sova', 'Fade']",3,157,1.01,166.6,0.96,73%,119.6,0.6,0.29,0.06,0.07,34%,13%,3/24,23,94,98,46,10,11,Valorant Champions 2025_csvs
westside,westside,GX,34684,"['Vyse', 'Cypher', 'Deadlock']",3,261,1.0,187.1,1.0,66%,121.3,0.69,0.19,0.09,0.1,41%,11%,4/35,20,181,181,49,23,27,Valorant Champions 2025_csvs
mada,mada,NRG,5132,"['Yoru', 'Waylay', 'Neon', 'Raze', 'Jett']",5,377,1.0,214.2,1.06,66%,137.2,0.75,0.19,0.17,0.2,26%,15%,3/20,31,284,268,71,65,77,Valorant Champions 2025_csvs
keiko,keiko,TL,11494,"['Omen', 'Brimstone', 'Raze']",3,148,1.0,200.3,0.94,70%,131.0,0.68,0.26,0.13,0.08,35%,14%,2/14,18,101,108,38,19,12,Valorant Champions 2025_csvs
Demon1,Demon1,DRG,26171,"['Vyse', 'Cypher']",2,98,1.0,174.8,1.02,73%,117.0,0.65,0.16,0.04,0.04,38%,10%,2/21,21,64,63,16,4,4,Valorant Champions 2025_csvs
s0m,s0m,NRG,4164,"['Harbor', 'Omen', 'Viper']",3,377,0.99,197.2,0.97,75%,124.2,0.68,0.37,0.08,0.1,24%,14%,5/37,23,258,266,140,30,39,Valorant Champions 2025_csvs
nobody,nobody,EDG,3017,"['Sova', 'Fade']",2,119,0.99,171.0,0.97,69%,115.2,0.62,0.16,0.04,0.07,30%,27%,3/11,20,74,76,19,5,8,Valorant Champions 2025_csvs
artzin,artzin,MIBR,5957,"['Viper', 'Kayo', 'Yoru']",3,330,0.99,202.1,1.05,73%,127.0,0.66,0.38,0.12,0.15,24%,20%,3/15,24,219,209,124,41,50,Valorant Champions 2025_csvs
DH,DH,T1,43057,['Omen'],1,148,0.98,186.0,0.9,68%,122.4,0.64,0.39,0.07,0.11,34%,21%,4/19,27,95,106,57,10,16,Valorant Champions 2025_csvs
trent,trent,G2,15500,"['Fade', 'Tejo', 'Sova']",3,268,0.98,173.5,0.98,72%,117.6,0.62,0.24,0.03,0.08,31%,15%,6/40,21,166,170,63,7,22,Valorant Champions 2025_csvs
zekken,zekken,SEN,4004,"['Neon', 'Jett', 'Raze']",3,126,0.98,229.3,0.94,68%,157.7,0.75,0.31,0.16,0.21,26%,22%,2/9,23,94,100,39,20,26,Valorant Champions 2025_csvs
Ethan,Ethan,NRG,11225,"['Omen', 'Kayo', 'Fade', 'Breach']",4,377,0.98,175.8,0.93,72%,115.1,0.6,0.42,0.07,0.11,24%,17%,4/24,23,225,243,157,28,43,Valorant Champions 2025_csvs
ara,ara,GX,11332,"['Yoru', 'Neon', 'Jett', 'Raze']",4,261,0.97,198.7,1.01,66%,133.8,0.72,0.13,0.18,0.15,29%,14%,3/21,27,189,187,35,48,40,Valorant Champions 2025_csvs
crashies,crashies,FNC,4,"['Sova', 'Fade']",2,453,0.97,179.0,0.97,71%,120.5,0.62,0.28,0.06,0.08,31%,14%,7/49,22,283,292,129,28,35,Valorant Champions 2025_csvs
Jemkin,Jemkin,RRQ,24895,"['Yoru', 'Jett', 'Waylay']",3,137,0.97,215.7,1.06,63%,132.8,0.74,0.13,0.17,0.13,35%,8%,1/13,26,102,96,18,23,18,Valorant Champions 2025_csvs
xenom,xenom,MIBR,20240,"['Omen', 'Brimstone', 'Astra']",3,330,0.97,155.1,0.95,78%,96.1,0.55,0.53,0.05,0.06,24%,8%,3/39,18,180,190,175,18,20,Valorant Champions 2025_csvs
Rarga,Rarga,XLG,22047,"['Raze', 'Yoru', 'Sage', 'Neon', 'Waylay', 'Jett']",6,157,0.96,208.6,0.98,73%,129.8,0.73,0.21,0.17,0.1,34%,8%,1/12,21,115,117,33,27,16,Valorant Champions 2025_csvs
N4RRATE,N4RRATE,SEN,36245,"['Fade', 'Sova', 'Omen']",3,126,0.95,190.2,0.87,70%,121.2,0.63,0.39,0.06,0.1,26%,17%,3/18,19,79,91,49,8,13,Valorant Champions 2025_csvs
BeYN,BeYN,DRX,4678,"['Sova', 'Fade']",2,477,0.95,167.7,0.98,71%,112.1,0.6,0.26,0.06,0.06,28%,24%,14/58,24,288,294,126,30,27,Valorant Champions 2025_csvs
doma,doma,FNC,1369,"['Tejo', 'Killjoy']",2,62,0.94,167.3,0.9,73%,119.8,0.58,0.21,0.08,0.06,29%,14%,1/7,13,36,40,13,5,4,Valorant Champions 2025_csvs
nephh,nephh,BLG,10698,"['Breach', 'Deadlock', 'Omen']",3,95,0.94,164.0,0.88,67%,104.8,0.56,0.29,0.05,0.08,20%,10%,1/10,18,53,60,28,5,8,Valorant Champions 2025_csvs
Levius,Levius,BLG,40845,"['Cypher', 'Viper', 'Vyse']",3,95,0.93,188.0,0.99,59%,122.1,0.71,0.17,0.13,0.09,30%,6%,1/16,26,67,68,16,12,9,Valorant Champions 2025_csvs
MiniBoo,MiniBoo,TH,18350,"['Yoru', 'Raze', 'Waylay']",3,256,0.93,204.4,0.95,65%,134.9,0.71,0.16,0.19,0.17,26%,27%,3/11,23,183,192,41,48,44,Valorant Champions 2025_csvs
kamo,kamo,TL,14681,"['Jett', 'Raze', 'Yoru', 'Neon']",4,148,0.93,190.3,0.94,63%,128.4,0.68,0.12,0.14,0.24,32%,15%,2/13,22,100,106,18,21,36,Valorant Champions 2025_csvs
Flickless,Flickless,GX,6959,"['Viper', 'Breach', 'Kayo']",3,261,0.92,173.7,0.83,74%,115.8,0.56,0.47,0.06,0.07,26%,9%,3/33,17,146,175,122,15,17,Valorant Champions 2025_csvs
Monyet,Monyet,RRQ,8497,"['Omen', 'Raze', 'Neon']",3,137,0.92,174.9,0.88,69%,109.6,0.61,0.4,0.05,0.09,28%,11%,2/19,21,84,96,55,7,12,Valorant Champions 2025_csvs
JonahP,JonahP,G2,4581,"['Sage', 'Fade', 'Sova', 'Vyse']",4,268,0.91,172.8,0.84,71%,108.3,0.58,0.37,0.08,0.1,19%,21%,5/24,26,155,184,99,22,28,Valorant Champions 2025_csvs
Nicc,Nicc,DRG,11524,"['Breach', 'Fade', 'Sova']",3,98,0.91,173.5,0.94,77%,121.7,0.65,0.28,0.02,0.06,34%,0%,0/17,25,64,68,27,2,6,Valorant Champions 2025_csvs
Kushy,Kushy,RRQ,4866,"['Sova', 'Kayo', 'Fade']",3,137,0.91,178.9,0.85,66%,120.7,0.63,0.29,0.07,0.12,40%,14%,2/14,20,86,101,40,10,17,Valorant Champions 2025_csvs
benjyfishy,benjyfishy,TH,29873,"['Vyse', 'Deadlock', 'Cypher', 'Viper']",4,256,0.89,175.1,0.83,71%,115.0,0.59,0.28,0.06,0.07,27%,17%,6/35,25,152,184,71,16,17,Valorant Champions 2025_csvs
free1ng,free1ng,DRX,1916,"['Cypher', 'Viper', 'Vyse']",3,477,0.89,165.4,0.88,68%,110.7,0.57,0.2,0.09,0.09,35%,15%,8/55,23,270,308,96,43,43,Valorant Champions 2025_csvs
CHICHOO,CHICHOO,EDG,15559,"['Sage', 'Viper', 'Cypher', 'Astra']",4,119,0.89,158.2,0.9,69%,113.5,0.59,0.25,0.07,0.08,21%,15%,2/13,21,70,78,30,8,10,Valorant Champions 2025_csvs
Boaster,Boaster,FNC,438,"['Omen', 'Astra']",2,453,0.89,145.2,0.77,70%,94.0,0.49,0.38,0.04,0.08,22%,16%,5/31,24,220,285,172,18,36,Valorant Champions 2025_csvs
Boo,Boo,TH,1144,"['Astra', 'Omen', 'Brimstone']",3,256,0.88,143.7,0.74,71%,93.1,0.5,0.53,0.05,0.09,31%,17%,8/46,16,128,172,135,14,23,Valorant Champions 2025_csvs
trexx,trexx,TL,2168,"['Sova', 'Gekko', 'Fade', 'Brimstone', 'Vyse']",5,148,0.87,160.1,0.73,63%,109.7,0.51,0.26,0.04,0.07,20%,4%,1/24,17,76,104,39,6,10,Valorant Champions 2025_csvs
BuZz,BuZz,T1,804,['Neon'],1,148,0.85,190.3,0.92,69%,127.4,0.7,0.25,0.06,0.18,25%,38%,3/8,31,103,112,37,9,27,Valorant Champions 2025_csvs
xffero,xffero,RRQ,4871,"['Cypher', 'Viper']",2,137,0.85,172.0,0.88,66%,113.5,0.61,0.2,0.12,0.12,27%,8%,1/12,16,83,94,27,16,16,Valorant Champions 2025_csvs
PatMen,PatMen,PRX,13744,"['Fade', 'Viper', 'Sova']",3,356,0.84,157.8,0.83,68%,106.5,0.55,0.21,0.04,0.06,31%,5%,2/42,21,196,235,76,14,22,Valorant Champions 2025_csvs
Akeman,Akeman,DRG,52904,"['Waylay', 'Neon']",2,98,0.84,196.8,0.88,62%,124.4,0.69,0.16,0.15,0.13,25%,30%,3/10,20,68,77,16,15,13,Valorant Champions 2025_csvs
Flex1n,Flex1n,DRG,4705,['Omen'],1,98,0.84,184.8,0.85,76%,119.0,0.62,0.4,0.1,0.12,29%,0%,0/9,20,61,72,39,10,12,Valorant Champions 2025_csvs
grubinho,grubinho,GX,5550,"['Omen', 'Astra']",2,261,0.83,169.1,0.8,70%,108.0,0.6,0.39,0.11,0.1,29%,22%,4/18,17,156,196,102,30,27,Valorant Champions 2025_csvs
crazyguy,crazyguy,RRQ,1430,"['Tejo', 'Sova', 'Breach', 'Omen']",4,137,0.82,152.0,0.71,68%,109.8,0.49,0.33,0.04,0.09,24%,13%,3/24,15,67,94,45,5,12,Valorant Champions 2025_csvs
Jieni7,Jieni7,EDG,51244,"['Neon', 'Breach', 'Waylay', 'Tejo']",4,119,0.82,191.8,0.83,67%,117.9,0.65,0.23,0.12,0.08,26%,0%,0/2,21,77,93,27,14,10,Valorant Champions 2025_csvs
paTiTek,paTiTek,TL,309,"['Kayo', 'Skye', 'Omen', 'Fade']",4,148,0.81,156.9,0.74,66%,101.1,0.53,0.36,0.03,0.05,27%,9%,1/11,16,78,106,54,4,8,Valorant Champions 2025_csvs
Zellsis,Zellsis,SEN,729,"['Vyse', 'Breach', 'Killjoy', 'Kayo']",4,126,0.8,152.3,0.77,67%,99.7,0.54,0.27,0.13,0.11,20%,0%,0/13,16,68,88,34,17,14,Valorant Champions 2025_csvs
bang,bang,SEN,3880,"['Omen', 'Astra']",2,126,0.79,140.8,0.79,67%,92.4,0.53,0.29,0.06,0.09,35%,11%,1/9,15,67,85,37,7,11,Valorant Champions 2025_csvs
coconut,coconut,XLG,12365,"['Gekko', 'Omen', 'Astra']",3,157,0.77,149.6,0.71,71%,92.6,0.5,0.44,0.08,0.07,30%,0%,0/11,16,79,112,69,12,11,Valorant Champions 2025_csvs
stax,stax,T1,485,"['Fade', 'Sova']",2,148,0.75,146.5,0.69,66%,98.8,0.49,0.31,0.03,0.07,38%,10%,2/20,16,73,106,46,4,10,Valorant Champions 2025_csvs
rushia,rushia,BLG,48878,"['Omen', 'Viper', 'Harbor']",3,95,0.72,147.6,0.59,64%,102.3,0.45,0.33,0.06,0.11,19%,0%,0/12,12,43,73,31,6,10,Valorant Champions 2025_csvs
whzy,whzy,BLG,4885,"['Neon', 'Raze', 'Yoru']",3,95,0.63,154.4,0.61,64%,101.9,0.52,0.22,0.11,0.19,31%,0%,0/2,13,49,80,21,10,18,Valorant Champions 2025_csvs
CHICHOO,CHICHOO,EDG,15559,"['Viper', 'Vyse', 'Cypher', 'Omen']",4,313,1.23,235.6,1.27,71%,158.1,0.87,0.28,0.08,0.07,28%,22%,11/51,36,271,213,87,24,22,Valorant Masters Bangkok 2025_csvs
nAts,nAts,TL,457,"['Viper', 'Chamber', 'Cypher']",3,155,1.21,257.6,1.32,72%,155.1,0.91,0.19,0.09,0.12,26%,13%,3/23,25,141,107,29,14,18,Valorant Masters Bangkok 2025_csvs
trent,trent,G2,15500,"['Tejo', 'Sova']",2,360,1.21,220.0,1.21,75%,146.9,0.76,0.32,0.09,0.09,25%,29%,14/48,26,274,226,116,31,31,Valorant Masters Bangkok 2025_csvs
Derke,Derke,VIT,5022,"['Raze', 'Jett', 'Yoru']",3,225,1.18,257.2,1.2,70%,166.8,0.91,0.17,0.2,0.2,22%,31%,5/16,32,204,170,38,46,45,Valorant Masters Bangkok 2025_csvs
iZu,iZu,T1,29833,"['Tejo', 'Fade', 'Cypher', 'Yoru']",4,453,1.13,207.1,1.24,75%,130.6,0.75,0.21,0.11,0.09,30%,31%,19/61,21,341,276,96,48,40,Valorant Masters Bangkok 2025_csvs
free1ng,free1ng,DRX,1916,['Tejo'],1,149,1.1,227.3,1.16,77%,146.9,0.79,0.26,0.12,0.11,29%,7%,1/15,24,117,101,38,18,16,Valorant Masters Bangkok 2025_csvs
Keiko,Keiko,TL,11494,"['Raze', 'Astra', 'Omen', 'Brimstone']",4,155,1.09,198.9,1.09,77%,137.7,0.75,0.34,0.1,0.08,30%,10%,2/20,31,117,107,52,15,12,Valorant Masters Bangkok 2025_csvs
trexx,trexx,VIT,2168,"['Vyse', 'Brimstone', 'Sova', 'Fade']",4,225,1.09,207.3,1.02,72%,134.3,0.68,0.44,0.05,0.05,19%,9%,3/32,28,153,150,98,12,11,Valorant Masters Bangkok 2025_csvs
BeYN,BeYN,DRX,4678,"['Breach', 'Sova', 'Fade']",3,149,1.08,182.4,1.03,78%,117.3,0.64,0.44,0.06,0.07,25%,21%,4/19,17,95,92,65,9,10,Valorant Masters Bangkok 2025_csvs
BuZz,BuZz,T1,804,"['Raze', 'Yoru', 'Neon', 'Jett']",4,453,1.08,239.5,1.12,72%,150.4,0.82,0.24,0.17,0.14,17%,20%,6/30,26,370,331,107,78,62,Valorant Masters Bangkok 2025_csvs
valyn,valyn,G2,3885,"['Omen', 'Astra', 'Brimstone']",3,360,1.08,186.8,1.06,76%,122.1,0.68,0.44,0.08,0.08,23%,14%,5/37,26,244,231,158,29,27,Valorant Masters Bangkok 2025_csvs
leaf,leaf,G2,7873,"['Viper', 'Chamber', 'Vyse']",3,360,1.06,207.3,1.09,74%,137.5,0.74,0.25,0.11,0.1,24%,12%,5/41,28,267,244,91,38,36,Valorant Masters Bangkok 2025_csvs
N4RRATE,N4RRATE,SEN,36245,"['Fade', 'Breach', 'Omen', 'Skye']",4,103,1.05,202.4,0.97,76%,148.4,0.73,0.39,0.13,0.04,27%,13%,2/15,33,75,77,40,13,4,Valorant Masters Bangkok 2025_csvs
Meteor,Meteor,T1,13039,"['Vyse', 'Iso', 'Killjoy', 'Viper', 'Reyna']",5,453,1.04,229.0,1.09,71%,152.8,0.81,0.23,0.17,0.11,33%,16%,7/45,30,366,337,103,75,50,Valorant Masters Bangkok 2025_csvs
Less,Less,VIT,8447,"['Brimstone', 'Viper', 'Astra', 'Cypher']",4,225,1.03,197.1,1.03,68%,128.8,0.72,0.31,0.06,0.12,29%,20%,6/30,23,163,159,69,14,26,Valorant Masters Bangkok 2025_csvs
jawgemo,jawgemo,G2,3993,"['Yoru', 'Raze']",2,360,1.03,218.5,1.06,71%,142.9,0.77,0.29,0.13,0.18,23%,38%,9/24,29,277,262,104,47,64,Valorant Masters Bangkok 2025_csvs
Sylvan,Sylvan,T1,4056,"['Omen', 'Brimstone', 'Astra']",3,408,1.02,186.1,0.97,77%,114.6,0.64,0.64,0.08,0.04,27%,17%,7/42,25,260,267,262,31,18,Valorant Masters Bangkok 2025_csvs
ZmjjKK,ZmjjKK,EDG,3520,"['Jett', 'Yoru', 'Raze', 'Neon']",4,313,1.01,236.2,1.04,70%,151.0,0.83,0.19,0.21,0.22,23%,4%,1/27,33,260,249,59,66,70,Valorant Masters Bangkok 2025_csvs
stax,stax,T1,485,"['Breach', 'Kayo', 'Sova', 'Fade', 'Tejo']",5,453,1.01,173.6,1.01,74%,120.3,0.63,0.34,0.04,0.04,31%,17%,10/59,22,284,282,154,20,20,Valorant Masters Bangkok 2025_csvs
Smoggy,Smoggy,EDG,4742,"['Omen', 'Astra', 'Brimstone', 'Clove']",4,313,1.01,191.1,0.93,74%,124.6,0.65,0.49,0.1,0.06,30%,20%,9/45,24,203,219,152,30,20,Valorant Masters Bangkok 2025_csvs
Flashback,Flashback,DRX,35013,"['Cypher', 'Vyse']",2,149,1.0,180.4,1.0,71%,126.4,0.68,0.17,0.09,0.07,26%,8%,2/25,26,101,101,26,13,11,Valorant Masters Bangkok 2025_csvs
kamo,kamo,TL,14681,"['Yoru', 'Jett', 'Raze', 'Neon']",4,155,0.99,215.0,1.02,66%,144.5,0.75,0.15,0.18,0.17,27%,13%,2/15,34,117,115,23,28,27,Valorant Masters Bangkok 2025_csvs
JonahP,JonahP,G2,4581,"['Breach', 'Vyse', 'Skye']",3,360,0.98,187.6,0.93,78%,119.3,0.65,0.46,0.08,0.07,24%,9%,4/44,21,235,254,164,30,26,Valorant Masters Bangkok 2025_csvs
Kicks,Kicks,VIT,11134,"['Breach', 'Skye', 'Omen']",3,225,0.94,174.3,0.93,73%,115.0,0.63,0.36,0.05,0.11,27%,22%,6/27,20,142,153,82,11,25,Valorant Masters Bangkok 2025_csvs
nobody,nobody,EDG,3017,"['Tejo', 'Fade']",2,313,0.94,180.1,0.9,71%,123.9,0.62,0.23,0.09,0.09,30%,4%,1/24,25,195,216,71,27,27,Valorant Masters Bangkok 2025_csvs
bang,bang,SEN,3880,"['Omen', 'Astra', 'Viper']",3,103,0.93,186.0,0.91,68%,113.8,0.65,0.32,0.11,0.11,31%,25%,2/8,22,67,74,33,11,11,Valorant Masters Bangkok 2025_csvs
Kai,Kai,TE,37494,"['Vyse', 'Jett']",2,74,0.92,200.8,0.87,62%,128.6,0.73,0.12,0.14,0.12,31%,8%,1/13,20,54,62,9,10,9,Valorant Masters Bangkok 2025_csvs
zekken,zekken,SEN,4004,"['Raze', 'Jett']",2,103,0.92,196.6,0.99,69%,135.1,0.7,0.11,0.16,0.23,29%,14%,1/7,25,72,73,11,16,24,Valorant Masters Bangkok 2025_csvs
MaKo,MaKo,DRX,4462,"['Omen', 'Brimstone', 'Astra']",3,149,0.92,173.3,0.83,74%,118.4,0.57,0.48,0.05,0.11,24%,13%,2/15,25,85,103,72,8,16,Valorant Masters Bangkok 2025_csvs
HYUNMIN,HYUNMIN,DRX,28400,['Yoru'],1,149,0.9,205.9,0.89,71%,134.0,0.72,0.22,0.17,0.15,32%,0%,0/7,23,108,121,33,25,23,Valorant Masters Bangkok 2025_csvs
kamyk,kamyk,TL,1475,"['Astra', 'Sova', 'Tejo', 'Gekko']",4,155,0.86,180.3,0.85,74%,118.3,0.61,0.25,0.06,0.06,31%,10%,2/21,23,95,112,38,9,9,Valorant Masters Bangkok 2025_csvs
Biank,Biank,TE,3021,"['Fade', 'Sova']",2,74,0.85,166.8,0.72,59%,115.6,0.55,0.24,0.07,0.08,19%,22%,2/9,14,41,57,18,5,6,Valorant Masters Bangkok 2025_csvs
S1Mon,S1Mon,EDG,13768,"['Breach', 'Fade', 'Kayo']",3,313,0.83,151.5,0.75,71%,100.7,0.54,0.42,0.03,0.06,30%,17%,6/35,19,169,225,133,9,18,Valorant Masters Bangkok 2025_csvs
johnqt,johnqt,SEN,1265,"['Viper', 'Tejo', nan]",2,103,0.82,159.8,0.79,75%,105.3,0.59,0.25,0.04,0.06,19%,0%,0/13,18,61,77,26,4,6,Valorant Masters Bangkok 2025_csvs
Zellsis,Zellsis,SEN,729,"['Vyse', 'Kayo', 'Brimstone']",3,103,0.77,159.8,0.63,70%,109.3,0.5,0.39,0.05,0.09,19%,0%,0/20,17,51,81,40,5,9,Valorant Masters Bangkok 2025_csvs
Sayf,Sayf,VIT,312,"['Tejo', 'Omen', 'Vyse', 'Jett']",4,225,0.75,155.9,0.74,69%,100.1,0.53,0.25,0.07,0.09,22%,9%,2/22,18,119,160,56,15,20,Valorant Masters Bangkok 2025_csvs
LuoK1ng,LuoK1ng,TE,3045,"['Omen', 'Astra']",2,74,0.74,155.8,0.67,66%,105.2,0.54,0.31,0.05,0.07,34%,0%,0/16,13,40,60,23,4,5,Valorant Masters Bangkok 2025_csvs
paTiTek,paTiTek,TL,309,"['Fade', 'Vyse', 'Breach', 'Kayo', 'Skye']",5,155,0.73,144.0,0.65,70%,97.8,0.47,0.43,0.06,0.08,25%,7%,1/15,18,73,112,67,10,13,Valorant Masters Bangkok 2025_csvs
heybay,heybay,TE,4712,"['Viper', 'Kayo', 'Breach']",3,74,0.69,134.3,0.54,59%,89.7,0.42,0.3,0.07,0.09,26%,0%,0/8,12,31,57,22,5,7,Valorant Masters Bangkok 2025_csvs
carpe,carpe,T1,31207,['Brimstone'],1,45,0.63,140.5,0.57,67%,92.1,0.44,0.38,0.09,0.13,27%,25%,1/4,14,20,35,17,4,6,Valorant Masters Bangkok 2025_csvs
FengF,FengF,TE,4770,"['Raze', 'Omen', 'Cypher']",3,74,0.55,151.0,0.56,57%,104.6,0.47,0.16,0.11,0.2,21%,13%,1/8,14,35,63,12,8,15,Valorant Masters Bangkok 2025_csvs
t3xture,t3xture,GEN,9196,"['Neon', 'Jett', 'Raze']",3,255,1.23,258.2,1.44,74%,159.5,0.94,0.19,0.21,0.17,28%,37%,7/19,27,239,166,48,54,43,Valorant Masters Toronto 2025_csvs
Spring,Spring,WOL,14125,"['Viper', 'Astra', 'Omen']",3,349,1.21,244.1,1.23,74%,160.1,0.85,0.32,0.13,0.09,29%,7%,2/29,26,295,240,111,47,31,Valorant Masters Toronto 2025_csvs
Verno,Verno,MIBR,21668,['Sova'],1,71,1.18,230.5,1.02,70%,157.6,0.79,0.3,0.04,0.04,28%,14%,3/22,19,56,55,21,3,3,Valorant Masters Toronto 2025_csvs
Alfajer,Alfajer,FNC,9810,"['Iso', 'Raze', 'Cypher', 'Killjoy', 'Chamber', 'Neon']",6,419,1.17,257.9,1.3,73%,167.6,0.94,0.14,0.17,0.11,32%,12%,4/33,29,392,301,60,73,45,Valorant Masters Toronto 2025_csvs
zekken,zekken,SEN,4004,"['Yoru', 'Raze', 'Omen', 'Neon', 'Waylay']",5,249,1.17,237.5,1.21,74%,147.2,0.81,0.26,0.19,0.21,24%,17%,3/18,27,202,167,65,47,53,Valorant Masters Toronto 2025_csvs
trent,trent,G2,15500,"['Fade', 'Sova', 'Tejo']",3,198,1.17,214.2,1.22,81%,138.0,0.77,0.25,0.1,0.07,35%,13%,4/30,22,152,125,49,19,13,Valorant Masters Toronto 2025_csvs
leaf,leaf,G2,7873,"['Viper', 'Killjoy', 'Vyse']",3,198,1.15,230.3,1.21,75%,148.6,0.81,0.26,0.08,0.08,24%,29%,10/35,24,161,133,51,15,16,Valorant Masters Toronto 2025_csvs
Chronicle,Chronicle,FNC,458,"['Cypher', 'Viper', 'Vyse', 'Sage', 'Killjoy']",5,419,1.13,207.6,1.18,72%,141.1,0.72,0.3,0.08,0.06,26%,14%,7/51,27,302,257,127,35,25,Valorant Masters Toronto 2025_csvs
whzy,whzy,BLG,4885,"['Jett', 'Neon', 'Raze']",3,179,1.13,253.1,1.21,68%,155.5,0.89,0.16,0.19,0.17,28%,13%,2/16,29,160,132,29,34,31,Valorant Masters Toronto 2025_csvs
f0rsakeN,f0rsakeN,PRX,9801,"['Astra', 'Sova', 'Omen', 'Fade']",4,387,1.12,208.9,1.06,74%,137.5,0.72,0.4,0.1,0.08,26%,31%,9/29,25,280,263,156,37,31,Valorant Masters Toronto 2025_csvs
Jinggg,Jinggg,PRX,7378,"['Raze', 'Omen']",2,387,1.1,229.1,1.15,73%,151.9,0.78,0.26,0.14,0.13,23%,8%,2/25,26,303,264,100,54,50,Valorant Masters Toronto 2025_csvs
Keiko,Keiko,TL,11494,"['Harbor', 'Omen', 'Iso', 'Raze']",4,187,1.1,199.3,1.17,72%,132.9,0.76,0.17,0.09,0.07,45%,13%,4/31,29,142,121,32,16,13,Valorant Masters Toronto 2025_csvs
N4RRATE,N4RRATE,SEN,36245,"['Breach', 'Fade', 'Gekko', 'Tejo']",4,249,1.08,219.5,1.06,75%,140.1,0.74,0.34,0.06,0.09,24%,25%,5/20,21,185,174,85,16,23,Valorant Masters Toronto 2025_csvs
d4v41,d4v41,PRX,9803,"['Vyse', 'Killjoy', 'Viper', 'Sage']",4,387,1.07,189.4,1.12,73%,131.7,0.72,0.23,0.05,0.07,26%,10%,6/61,29,277,247,88,21,26,Valorant Masters Toronto 2025_csvs
happywei,happywei,XLG,37927,"['Cypher', 'Killjoy']",2,75,1.06,223.0,0.97,61%,147.0,0.76,0.17,0.16,0.15,45%,12%,2/17,20,57,59,13,12,11,Valorant Masters Toronto 2025_csvs
kaajak,kaajak,FNC,9554,"['Yoru', 'Neon', 'Raze', 'Jett']",4,419,1.06,218.3,1.13,71%,141.5,0.78,0.16,0.19,0.16,35%,18%,7/39,32,327,290,66,79,65,Valorant Masters Toronto 2025_csvs
rushia,rushia,BLG,48878,"['Harbor', 'Omen']",2,179,1.03,201.9,0.99,72%,130.6,0.7,0.38,0.12,0.08,27%,10%,2/21,23,126,127,68,22,15,Valorant Masters Toronto 2025_csvs
Karon,Karon,GEN,34974,['Omen'],1,255,1.03,189.3,1.09,76%,125.6,0.69,0.32,0.09,0.09,31%,11%,4/35,24,176,161,81,22,23,Valorant Masters Toronto 2025_csvs
crashies,crashies,FNC,4,"['Sova', 'Fade']",2,419,1.03,181.8,1.07,74%,126.4,0.65,0.29,0.05,0.03,34%,10%,5/51,26,273,254,120,20,11,Valorant Masters Toronto 2025_csvs
Ash,Ash,GEN,25017,"['Sova', 'Tejo', 'Fade']",3,255,1.02,173.9,1.05,74%,118.3,0.62,0.22,0.05,0.03,31%,15%,5/33,19,158,150,57,14,7,Valorant Masters Toronto 2025_csvs
PatMen,PatMen,PRX,13744,"['Fade', 'Viper', 'Kayo']",3,387,1.01,193.0,1.02,73%,124.2,0.68,0.32,0.06,0.08,31%,24%,10/41,22,263,257,123,24,32,Valorant Masters Toronto 2025_csvs
penny,penny,TL,7716,"['Omen', 'Phoenix', 'Jett', 'Raze']",4,121,1.0,188.4,0.98,73%,131.3,0.67,0.29,0.12,0.1,20%,22%,2/9,30,81,83,35,15,12,Valorant Masters Toronto 2025_csvs
Munchkin,Munchkin,GEN,2489,"['Viper', 'Kayo']",2,255,0.99,207.8,1.02,72%,134.1,0.68,0.35,0.1,0.1,22%,5%,1/19,21,174,170,90,25,26,Valorant Masters Toronto 2025_csvs
bang,bang,SEN,3880,"['Omen', 'Viper']",2,249,0.99,188.1,0.99,72%,112.5,0.69,0.33,0.08,0.08,34%,14%,3/21,19,171,172,83,21,19,Valorant Masters Toronto 2025_csvs
johnqt,johnqt,SEN,1265,"['Skye', 'Viper', 'Kayo', 'Breach']",4,249,0.99,166.3,0.94,77%,109.7,0.59,0.38,0.05,0.07,26%,8%,3/36,18,147,156,95,13,17,Valorant Masters Toronto 2025_csvs
Zellsis,Zellsis,SEN,729,"['Viper', 'Vyse', 'Killjoy', 'Cypher']",4,249,0.99,173.6,0.95,70%,118.2,0.61,0.28,0.07,0.09,21%,12%,4/33,20,152,160,69,17,23,Valorant Masters Toronto 2025_csvs
jawgemo,jawgemo,G2,3993,"['Yoru', 'Neon', 'Sage']",3,198,0.98,217.1,1.0,72%,143.7,0.73,0.25,0.16,0.19,23%,0%,0/11,19,144,144,50,32,38,Valorant Masters Toronto 2025_csvs
Monyet,Monyet,RRQ,8497,"['Omen', 'Viper', 'Neon']",3,100,0.97,196.4,0.89,67%,130.3,0.66,0.31,0.05,0.13,26%,0%,0/9,17,66,74,31,5,13,Valorant Masters Toronto 2025_csvs
something,something,PRX,17086,"['Yoru', 'Jett', 'Gekko', 'Sova']",4,387,0.96,192.2,1.0,73%,123.9,0.68,0.2,0.14,0.15,25%,8%,3/39,22,265,265,78,54,58,Valorant Masters Toronto 2025_csvs
kamo,kamo,TL,14681,"['Clove', 'Neon', 'Chamber', 'Yoru', 'Waylay']",5,187,0.96,210.8,0.99,70%,141.9,0.75,0.2,0.16,0.17,35%,20%,1/5,26,140,141,38,30,32,Valorant Masters Toronto 2025_csvs
Juicy,Juicy,WOL,7426,"['Raze', 'Yoru', 'Jett']",3,349,0.95,212.0,1.0,67%,139.5,0.74,0.19,0.19,0.17,25%,31%,5/16,23,260,260,65,65,61,Valorant Masters Toronto 2025_csvs
Wo0t,Wo0t,TH,21328,"['Breach', 'Gekko', 'Jett', 'Fade']",4,81,0.94,183.0,0.86,68%,118.9,0.63,0.36,0.1,0.15,34%,10%,1/10,17,51,59,29,8,12,Valorant Masters Toronto 2025_csvs
nephh,nephh,BLG,10698,"['Viper', 'Breach', 'Kayo', 'Skye']",4,179,0.93,178.6,0.87,72%,117.9,0.59,0.46,0.07,0.08,22%,17%,3/18,21,106,122,82,12,14,Valorant Masters Toronto 2025_csvs
valyn,valyn,G2,3885,['Omen'],1,198,0.93,172.1,0.86,75%,109.6,0.61,0.37,0.07,0.08,22%,6%,1/18,20,121,140,73,14,16,Valorant Masters Toronto 2025_csvs
JonahP,JonahP,G2,4581,"['Breach', 'Viper', 'Fade']",3,198,0.93,178.8,0.9,76%,113.2,0.61,0.39,0.04,0.14,24%,8%,1/13,20,120,133,77,8,27,Valorant Masters Toronto 2025_csvs
Lysoar,Lysoar,WOL,37489,"['Omen', 'Vyse', 'Deadlock', 'Killjoy', 'Cypher']",5,349,0.91,174.5,0.88,72%,112.1,0.6,0.33,0.08,0.06,25%,13%,5/38,19,211,241,115,28,22,Valorant Masters Toronto 2025_csvs
SiuFatBB,SiuFatBB,WOL,7849,"['Fade', 'Sova']",2,349,0.91,151.1,0.88,70%,99.9,0.54,0.25,0.03,0.05,28%,23%,15/65,17,190,217,88,12,16,Valorant Masters Toronto 2025_csvs
paTiTek,paTiTek,TL,309,"['Kayo', 'Sova', 'Fade']",3,187,0.91,183.1,0.88,72%,117.7,0.61,0.21,0.09,0.07,27%,8%,2/24,23,114,130,39,17,14,Valorant Masters Toronto 2025_csvs
Levius,Levius,BLG,40845,"['Killjoy', 'Cypher', 'Vyse', 'Viper']",4,179,0.9,158.1,0.94,70%,111.4,0.59,0.16,0.03,0.11,23%,0%,0/26,19,105,112,28,5,19,Valorant Masters Toronto 2025_csvs
xffero,xffero,RRQ,4871,"['Cypher', 'Killjoy', 'Viper']",3,100,0.9,175.2,0.89,65%,118.8,0.64,0.17,0.07,0.07,32%,8%,1/13,15,64,72,17,7,7,Valorant Masters Toronto 2025_csvs
Yuicaw,Yuicaw,WOL,11218,"['Cypher', 'Killjoy', 'Chamber', 'Gekko', 'Raze']",5,349,0.89,175.0,0.89,63%,117.3,0.62,0.19,0.09,0.1,27%,9%,4/47,24,218,244,68,33,34,Valorant Masters Toronto 2025_csvs
Foxy9,Foxy9,GEN,11600,"['Deadlock', 'Killjoy', 'Vyse']",3,255,0.88,179.2,0.98,71%,111.6,0.65,0.18,0.08,0.08,32%,28%,7/25,21,167,170,46,20,21,Valorant Masters Toronto 2025_csvs
Kushy,Kushy,RRQ,4866,"['Sova', 'Vyse']",2,100,0.88,174.0,0.86,70%,114.0,0.62,0.22,0.01,0.05,39%,17%,2/12,23,62,72,22,1,5,Valorant Masters Toronto 2025_csvs
nAts,nAts,TL,457,"['Viper', 'Cypher']",2,111,0.88,186.0,0.88,74%,121.2,0.64,0.2,0.08,0.05,28%,12%,2/17,18,71,81,22,9,6,Valorant Masters Toronto 2025_csvs
Rarga,Rarga,XLG,22047,"['Neon', 'Jett', 'Yoru']",3,75,0.86,217.0,0.88,64%,136.1,0.76,0.16,0.2,0.25,41%,33%,2/6,20,57,65,12,15,19,Valorant Masters Toronto 2025_csvs
RieNs,RieNs,TH,10971,"['Fade', 'Sova', 'Viper']",3,81,0.85,191.5,0.84,63%,125.0,0.63,0.25,0.09,0.12,28%,0%,0/7,17,51,61,20,7,10,Valorant Masters Toronto 2025_csvs
benjyfishy,benjyfishy,TH,29873,"['Killjoy', 'Cypher']",2,81,0.85,178.8,0.85,62%,119.9,0.63,0.11,0.12,0.06,30%,17%,2/12,18,51,60,9,10,5,Valorant Masters Toronto 2025_csvs
Jemkin,Jemkin,RRQ,24895,"['Jett', 'Raze', 'Yoru']",3,100,0.85,196.8,0.88,66%,138.2,0.69,0.14,0.21,0.16,33%,0%,0/5,19,69,78,14,21,16,Valorant Masters Toronto 2025_csvs
Boaster,Boaster,FNC,438,"['Omen', 'Astra', 'Viper']",3,419,0.84,143.4,0.76,72%,94.4,0.47,0.36,0.08,0.08,25%,9%,3/35,21,199,261,149,33,33,Valorant Masters Toronto 2025_csvs
Knight,Knight,BLG,4774,"['Sova', 'Fade', 'Cypher']",3,179,0.83,149.1,0.81,69%,105.0,0.51,0.23,0.06,0.09,26%,7%,1/15,18,92,113,42,11,16,Valorant Masters Toronto 2025_csvs
Serial,Serial,TL,18162,"['Gekko', 'Killjoy', 'Cypher', 'Astra']",4,142,0.83,155.2,0.84,66%,103.1,0.57,0.16,0.09,0.07,45%,32%,6/19,20,81,97,23,13,10,Valorant Masters Toronto 2025_csvs
Boo,Boo,TH,1144,"['Astra', 'Viper', 'Omen']",3,81,0.76,139.5,0.7,62%,86.7,0.48,0.43,0.02,0.1,38%,6%,1/17,14,39,56,35,2,8,Valorant Masters Toronto 2025_csvs
crazyguy,crazyguy,RRQ,1430,"['Kayo', 'Omen', 'Fade']",3,100,0.75,144.2,0.65,64%,90.7,0.47,0.34,0.11,0.14,25%,9%,2/22,11,47,72,34,11,14,Valorant Masters Toronto 2025_csvs
MiniBoo,MiniBoo,TH,18350,"['Yoru', 'Neon', 'Raze']",3,81,0.74,167.5,0.81,60%,105.6,0.64,0.09,0.12,0.11,31%,0%,0/8,19,52,64,7,10,9,Valorant Masters Toronto 2025_csvs
xenom,xenom,MIBR,20240,"['Omen', 'Viper']",2,71,0.71,148.3,0.65,63%,101.7,0.55,0.15,0.06,0.14,35%,0%,0/12,15,39,60,11,4,10,Valorant Masters Toronto 2025_csvs
cortezia,cortezia,MIBR,5395,"['Cypher', 'Killjoy']",2,71,0.69,164.0,0.66,59%,115.2,0.55,0.17,0.1,0.14,33%,0%,0/10,12,39,59,12,7,10,Valorant Masters Toronto 2025_csvs
Viva,Viva,XLG,36415,['Sova'],1,75,0.67,147.0,0.51,59%,107.6,0.44,0.28,0.05,0.03,27%,0%,0/16,11,33,65,21,4,2,Valorant Masters Toronto 2025_csvs
coconut,coconut,XLG,12365,"['Omen', 'Viper']",2,75,0.65,128.3,0.57,65%,82.6,0.45,0.29,0.01,0.08,26%,23%,3/13,12,34,60,22,1,6,Valorant Masters Toronto 2025_csvs
Midi,Midi,XLG,37017,"['Breach', 'Gekko']",2,75,0.59,132.0,0.58,61%,88.8,0.48,0.19,0.04,0.03,34%,0%,0/5,14,36,62,14,3,2,Valorant Masters Toronto 2025_csvs
aspas,aspas,MIBR,8480,"['Neon', 'Jett', 'Raze']",3,71,0.53,129.8,0.53,59%,88.8,0.44,0.17,0.07,0.21,18%,20%,1/5,10,31,59,12,5,15,Valorant Masters Toronto 2025_csvs
artzin,artzin,MIBR,5957,"['Breach', 'Harbor', 'Gekko']",3,71,0.51,121.5,0.52,66%,86.3,0.44,0.25,0.04,0.15,26%,0%,0/5,12,31,60,18,3,11,Valorant Masters Toronto 2025_csvs
tarik,tarik,tarik,31376,['Reyna'],1,20,,,0.94,,,0.85,0.3,,,,0%,,17,17,18,6,0,0,Valorant Masters Toronto 2025_csvs
Kyedae,Kyedae,tarik,37656,['Vyse'],1,20,,,1.0,,,0.75,0.4,,,,0%,,15,15,15,8,0,0,Valorant Masters Toronto 2025_csvs
joshseki,joshseki,tarik,55810,['Astra'],1,20,,,0.63,,,0.5,0.35,,,,0%,,10,10,16,7,0,0,Valorant Masters Toronto 2025_csvs
Vinnie,Vinnie,tarik,55809,['Sova'],1,20,,,0.87,,,0.65,0.2,,,,0%,,13,13,15,4,0,0,Valorant Masters Toronto 2025_csvs
Yvonnie,Yvonnie,tarik,35089,['Sage'],1,20,,,0.4,,,0.3,0.35,,,,0%,,6,6,15,7,0,0,Valorant Masters Toronto 2025_csvs
Disguised Toast,Disguised Toast,Team,55812,['Cypher'],1,20,,,1.0,,,0.6,0.25,,,,0%,,12,12,12,5,0,0,Valorant Masters Toronto 2025_csvs
Jacob,Jacob,Team,55811,['Gekko'],1,20,,,0.46,,,0.3,0.25,,,,0%,,6,6,13,5,0,0,Valorant Masters Toronto 2025_csvs
meL,meL,Team,3063,['Omen'],1,20,,,2.56,,,1.15,0.55,,,,0%,,23,23,9,11,0,0,Valorant Masters Toronto 2025_csvs
Sidsity,Sidsity,Team,48629,['Fade'],1,20,,,1.25,,,0.75,0.2,,,,0%,,15,15,12,4,0,0,Valorant Masters Toronto 2025_csvs
TenZ,TenZ,Team,9,['Jett'],1,20,,,1.71,,,1.2,0.2,,,,0%,,24,24,14,4,0,0,Valorant Masters Toronto 2025_csvs
